lambda E I
0.100000 -131.581974 140000
0.100000 -129.968310 130000
0.100000 -123.808708 140000
0.100000 -129.542116 140000
0.100000 -120.122545 120000
0.100000 -120.101464 130000
0.100000 -122.594496 140000
0.100000 -124.297689 140000
0.100000 -127.506048 130000
0.100000 -129.391140 130000
0.100000 -126.552735 130000
0.100000 -126.007180 130000
0.100000 -129.243090 140000
0.100000 -127.605279 130000
0.100000 -130.333926 130000
0.100000 -130.902401 140000
0.100000 -123.060044 140000
0.100000 -129.129946 150000
0.100000 -127.690722 140000
0.100000 -126.785379 140000
0.100000 -126.701457 150000
0.100000 -125.858411 130000
0.100000 -128.950742 130000
0.100000 -128.028023 130000
0.100000 -128.790185 140000
0.100000 -128.439014 140000
0.100000 -128.034551 140000
0.100000 -127.063739 140000
0.100000 -128.695945 120000
0.100000 -124.873294 140000
0.100000 -124.629573 140000
0.100000 -124.473546 140000
0.100000 -127.879495 140000
0.100000 -128.440725 150000
0.100000 -127.730817 120000
0.100000 -129.741174 150000
0.100000 -129.199718 130000
0.100000 -124.261942 140000
0.100000 -127.476702 140000
0.100000 -130.787602 140000
0.100000 -129.542116 130000
0.100000 -129.059265 130000
0.100000 -127.880673 140000
0.100000 -126.726196 140000
0.100000 -126.261971 130000
0.100000 -130.721185 130000
0.100000 -127.839344 140000
0.100000 -128.131932 140000
0.100000 -122.088240 140000
0.100000 -125.116577 130000
0.100000 -131.291894 140000
0.100000 -115.914646 130000
0.100000 -124.521003 150000
0.100000 -124.439511 140000
0.100000 -128.488846 140000
0.100000 -119.000599 150000
0.100000 -125.433504 140000
0.100000 -128.071350 150000
0.100000 -123.276404 140000
0.100000 -120.866205 140000
0.100000 -125.774849 150000
0.100000 -125.397108 130000
0.100000 -129.481686 140000
0.100000 -122.835073 140000
0.100000 -129.676838 140000
0.100000 -126.101524 150000
0.100000 -129.104925 130000
0.100000 -121.582548 140000
0.100000 -129.424337 120000
0.100000 -127.853132 140000
0.100000 -125.747947 140000
0.100000 -126.597805 140000
0.100000 -127.557754 160000
0.100000 -122.414395 130000
0.100000 -127.013297 140000
0.100000 -124.190770 130000
0.100000 -126.188497 150000
0.100000 -126.831838 140000
0.100000 -127.894651 150000
0.100000 -125.544953 140000
0.100000 -127.733674 140000
0.100000 -131.393226 140000
0.100000 -123.890828 140000
0.100000 -120.998367 140000
0.100000 -126.841409 150000
0.100000 -126.389713 130000
0.100000 -121.584784 150000
0.100000 -125.342802 150000
0.100000 -127.170381 140000
0.100000 -126.977634 160000
0.100000 -127.211823 130000
0.100000 -128.883708 130000
0.100000 -115.862377 130000
0.100000 -131.578415 120000
0.100000 -123.731153 140000
0.100000 -131.075316 130000
0.100000 -127.461300 140000
0.100000 -129.676838 140000
0.100000 -125.087190 130000
0.100000 -125.362240 150000
0.200000 -119.469616 120000
0.200000 -122.732974 130000
0.200000 -127.120312 120000
0.200000 -125.294092 130000
0.200000 -124.047998 120000
0.200000 -123.895074 130000
0.200000 -129.051119 140000
0.200000 -123.752648 120000
0.200000 -129.137553 130000
0.200000 -128.660819 130000
0.200000 -125.645368 130000
0.200000 -111.672002 120000
0.200000 -124.147319 140000
0.200000 -125.689080 130000
0.200000 -125.991828 130000
0.200000 -127.814866 120000
0.200000 -127.898297 120000
0.200000 -125.434923 120000
0.200000 -128.292266 130000
0.200000 -124.588701 130000
0.200000 -120.027910 120000
0.200000 -126.817210 140000
0.200000 -115.902255 120000
0.200000 -122.350406 130000
0.200000 -124.765603 150000
0.200000 -127.295097 120000
0.200000 -128.386155 120000
0.200000 -130.473051 130000
0.200000 -126.572123 120000
0.200000 -128.383565 140000
0.200000 -130.756170 130000
0.200000 -123.528042 140000
0.200000 -125.944836 120000
0.200000 -124.976676 120000
0.200000 -124.413083 120000
0.200000 -113.390937 130000
0.200000 -124.323011 130000
0.200000 -128.419575 120000
0.200000 -130.811713 120000
0.200000 -128.923399 130000
0.200000 -126.892283 120000
0.200000 -124.089412 120000
0.200000 -126.082402 120000
0.200000 -117.013603 120000
0.200000 -118.639242 120000
0.200000 -129.805800 120000
0.200000 -123.612840 120000
0.200000 -124.904435 130000
0.200000 -124.859220 130000
0.200000 -127.370603 130000
0.200000 -125.502765 130000
0.200000 -124.484763 120000
0.200000 -126.660038 120000
0.200000 -119.402591 130000
0.200000 -128.452764 120000
0.200000 -118.596560 130000
0.200000 -124.251121 130000
0.200000 -121.300356 130000
0.200000 -124.611858 120000
0.200000 -125.997477 130000
0.200000 -130.236444 130000
0.200000 -126.272079 110000
0.200000 -122.499237 120000
0.200000 -121.805993 130000
0.200000 -125.188876 120000
0.200000 -125.248072 130000
0.200000 -126.333038 130000
0.200000 -127.772922 130000
0.200000 -120.999982 120000
0.200000 -122.463259 120000
0.200000 -124.208492 130000
0.200000 -128.059349 120000
0.200000 -125.520522 120000
0.200000 -124.522990 120000
0.200000 -124.978784 120000
0.200000 -124.433698 130000
0.200000 -127.034434 120000
0.200000 -123.668628 120000
0.200000 -126.000362 120000
0.200000 -124.548128 130000
0.200000 -114.656203 120000
0.200000 -126.503113 150000
0.200000 -125.572264 120000
0.200000 -123.219401 120000
0.200000 -123.550458 120000
0.200000 -126.412963 120000
0.200000 -127.322812 120000
0.200000 -126.504998 120000
0.200000 -123.366731 120000
0.200000 -117.620488 120000
0.200000 -126.162076 120000
0.200000 -128.488846 120000
0.200000 -126.215766 130000
0.200000 -121.976022 120000
0.200000 -127.375662 140000
0.200000 -125.586045 120000
0.200000 -116.070795 110000
0.200000 -123.377394 120000
0.200000 -125.695995 120000
0.200000 -120.407549 120000
0.300000 -127.935713 130000
0.300000 -117.955328 120000
0.300000 -127.008050 120000
0.300000 -126.486541 120000
0.300000 -121.235944 130000
0.300000 -121.609731 120000
0.300000 -120.943858 120000
0.300000 -123.671783 140000
0.300000 -127.943634 120000
0.300000 -129.563845 140000
0.300000 -126.026289 120000
0.300000 -120.621798 110000
0.300000 -123.068106 130000
0.300000 -122.842992 130000
0.300000 -117.563258 130000
0.300000 -127.219071 130000
0.300000 -126.946744 120000
0.300000 -127.376432 130000
0.300000 -123.991769 120000
0.300000 -122.551908 150000
0.300000 -126.190376 120000
0.300000 -125.160709 120000
0.300000 -123.097512 120000
0.300000 -125.197090 120000
0.300000 -124.574381 130000
0.300000 -124.259093 120000
0.300000 -125.430217 130000
0.300000 -123.377129 130000
0.300000 -120.682216 130000
0.300000 -126.164999 120000
0.300000 -122.497584 120000
0.300000 -128.008296 120000
0.300000 -122.878861 120000
0.300000 -128.051759 120000
0.300000 -119.449595 120000
0.300000 -120.930466 120000
0.300000 -114.368233 120000
0.300000 -129.580189 120000
0.300000 -123.972406 140000
0.300000 -127.663465 120000
0.300000 -130.874393 120000
0.300000 -123.496321 130000
0.300000 -126.255038 130000
0.300000 -125.078894 120000
0.300000 -124.079685 120000
0.300000 -122.365485 120000
0.300000 -124.804890 120000
0.300000 -127.731655 120000
0.300000 -126.606839 130000
0.300000 -122.052091 140000
0.300000 -125.070017 120000
0.300000 -127.231095 120000
0.300000 -131.287688 140000
0.300000 -125.183962 130000
0.300000 -122.831202 120000
0.300000 -114.525492 140000
0.300000 -124.159771 120000
0.300000 -121.910484 120000
0.300000 -128.523005 120000
0.300000 -121.551808 120000
0.300000 -124.797789 130000
0.300000 -127.392662 150000
0.300000 -121.229565 110000
0.300000 -116.041758 120000
0.300000 -119.322667 120000
0.300000 -129.316851 120000
0.300000 -126.169837 120000
0.300000 -126.912964 120000
0.300000 -128.846264 120000
0.300000 -123.806387 120000
0.300000 -122.858052 120000
0.300000 -122.182660 120000
0.300000 -113.303026 110000
0.300000 -123.885635 130000
0.300000 -129.767571 130000
0.300000 -126.799335 120000
0.300000 -123.897867 120000
0.300000 -123.357525 120000
0.300000 -116.715071 120000
0.300000 -132.105162 140000
0.300000 -119.347425 120000
0.300000 -118.245888 110000
0.300000 -125.123910 140000
0.300000 -126.104352 120000
0.300000 -115.451256 120000
0.300000 -113.856822 120000
0.300000 -123.286398 120000
0.300000 -125.775400 120000
0.300000 -124.945971 120000
0.300000 -126.280793 120000
0.300000 -123.193028 120000
0.300000 -124.779636 120000
0.300000 -122.468849 120000
0.300000 -122.926781 120000
0.300000 -119.861281 130000
0.300000 -124.407598 120000
0.300000 -118.187783 120000
0.300000 -126.308204 120000
0.300000 -119.441440 140000
0.300000 -123.606756 120000
0.400000 -125.535266 110000
0.400000 -120.291520 120000
0.400000 -125.784123 120000
0.400000 -122.721055 130000
0.400000 -112.085777 110000
0.400000 -121.538906 110000
0.400000 -121.145935 120000
0.400000 -122.265940 130000
0.400000 -120.653884 110000
0.400000 -125.747947 120000
0.400000 -121.356837 120000
0.400000 -123.828594 120000
0.400000 -125.157474 130000
0.400000 -119.301815 120000
0.400000 -125.552084 110000
0.400000 -125.443771 110000
0.400000 -121.382686 110000
0.400000 -121.124908 120000
0.400000 -120.812239 120000
0.400000 -129.027935 130000
0.400000 -122.519487 130000
0.400000 -125.079887 130000
0.400000 -115.476522 120000
0.400000 -127.168445 130000
0.400000 -124.497018 140000
0.400000 -125.597728 110000
0.400000 -129.912931 140000
0.400000 -127.552717 130000
0.400000 -124.912009 140000
0.400000 -123.795478 120000
0.400000 -124.805742 140000
0.400000 -123.250524 110000
0.400000 -121.312257 120000
0.400000 -126.860019 130000
0.400000 -125.347570 120000
0.400000 -124.561125 120000
0.400000 -115.000747 120000
0.400000 -126.470060 120000
0.400000 -120.083353 120000
0.400000 -131.171539 130000
0.400000 -123.477695 130000
0.400000 -124.428001 120000
0.400000 -115.958019 120000
0.400000 -125.829931 120000
0.400000 -117.265318 120000
0.400000 -125.510805 120000
0.400000 -124.219058 120000
0.400000 -120.695093 120000
0.400000 -122.769197 120000
0.400000 -126.499043 140000
0.400000 -125.636432 120000
0.400000 -115.497775 130000
0.400000 -125.161482 120000
0.400000 -127.404772 110000
0.400000 -126.292717 140000
0.400000 -117.720614 120000
0.400000 -130.892791 130000
0.400000 -124.434502 120000
0.400000 -122.199693 120000
0.400000 -127.403649 120000
0.400000 -125.776767 120000
0.400000 -124.620382 120000
0.400000 -129.041834 120000
0.400000 -122.132629 130000
0.400000 -126.523389 130000
0.400000 -126.823212 110000
0.400000 -127.432085 110000
0.400000 -127.793519 120000
0.400000 -121.452400 120000
0.400000 -124.991942 130000
0.400000 -123.465435 110000
0.400000 -125.242253 120000
0.400000 -127.922453 120000
0.400000 -126.592325 110000
0.400000 -126.747525 120000
0.400000 -123.613882 120000
0.400000 -120.508898 120000
0.400000 -125.021199 130000
0.400000 -119.748197 120000
0.400000 -124.584799 120000
0.400000 -124.616858 110000
0.400000 -119.273186 120000
0.400000 -123.724292 120000
0.400000 -113.279335 120000
0.400000 -125.631693 130000
0.400000 -119.237071 120000
0.400000 -122.315627 130000
0.400000 -125.520330 130000
0.400000 -115.001828 120000
0.400000 -126.782339 120000
0.400000 -113.346377 120000
0.400000 -123.580631 140000
0.400000 -121.880950 140000
0.400000 -124.592751 120000
0.400000 -128.359268 130000
0.400000 -124.379585 120000
0.400000 -123.543051 120000
0.400000 -123.679200 130000
0.400000 -121.420890 130000
0.400000 -125.536641 120000
0.500000 -118.545813 120000
0.500000 -122.355265 120000
0.500000 -127.898126 140000
0.500000 -117.908522 110000
0.500000 -121.195122 120000
0.500000 -122.373876 120000
0.500000 -125.669234 120000
0.500000 -120.597254 130000
0.500000 -117.264387 130000
0.500000 -113.999825 120000
0.500000 -125.004781 120000
0.500000 -122.086585 130000
0.500000 -123.971480 120000
0.500000 -121.012601 130000
0.500000 -126.052713 120000
0.500000 -122.824376 130000
0.500000 -119.482467 120000
0.500000 -129.144505 120000
0.500000 -121.368171 130000
0.500000 -120.611011 120000
0.500000 -120.395668 120000
0.500000 -118.819032 130000
0.500000 -118.216980 120000
0.500000 -126.130517 120000
0.500000 -119.983705 120000
0.500000 -123.707830 120000
0.500000 -125.129208 110000
0.500000 -126.050388 120000
0.500000 -119.478384 130000
0.500000 -123.387673 120000
0.500000 -123.702061 120000
0.500000 -117.144859 130000
0.500000 -124.577026 130000
0.500000 -121.997363 130000
0.500000 -124.912892 110000
0.500000 -129.691610 120000
0.500000 -126.961904 120000
0.500000 -120.277685 120000
0.500000 -121.443999 110000
0.500000 -119.740000 120000
0.500000 -120.660871 130000
0.500000 -121.989151 120000
0.500000 -115.608148 120000
0.500000 -121.988514 120000
0.500000 -129.717054 130000
0.500000 -122.718899 110000
0.500000 -117.353472 120000
0.500000 -123.085962 120000
0.500000 -125.588998 130000
0.500000 -124.327790 130000
0.500000 -117.129440 120000
0.500000 -123.413233 120000
0.500000 -129.851153 120000
0.500000 -125.545910 140000
0.500000 -124.637014 120000
0.500000 -121.727915 120000
0.500000 -125.558886 120000
0.500000 -125.540477 120000
0.500000 -111.932808 120000
0.500000 -120.756023 110000
0.500000 -122.488442 130000
0.500000 -126.540214 130000
0.500000 -116.635865 130000
0.500000 -124.196569 130000
0.500000 -112.154237 120000
0.500000 -128.931251 120000
0.500000 -125.335621 120000
0.500000 -117.260383 120000
0.500000 -124.305787 120000
0.500000 -126.522496 160000
0.500000 -123.772969 120000
0.500000 -121.838835 120000
0.500000 -116.746958 130000
0.500000 -119.222621 130000
0.500000 -129.137553 110000
0.500000 -124.270641 120000
0.500000 -124.106974 130000
0.500000 -124.435725 130000
0.500000 -121.468496 110000
0.500000 -119.105440 120000
0.500000 -115.672113 150000
0.500000 -126.368981 130000
0.500000 -125.055389 110000
0.500000 -121.678982 150000
0.500000 -123.126948 120000
0.500000 -116.658644 130000
0.500000 -120.613765 130000
0.500000 -120.244967 130000
0.500000 -123.066545 120000
0.500000 -127.160751 120000
0.500000 -119.789491 120000
0.500000 -114.700141 120000
0.500000 -124.545316 120000
0.500000 -118.601700 130000
0.500000 -127.423917 130000
0.500000 -116.197326 130000
0.500000 -112.394001 110000
0.500000 -125.926219 120000
0.500000 -121.582462 120000
0.500000 -119.749050 130000
0.600000 -120.132907 120000
0.600000 -123.676737 120000
0.600000 -121.968357 130000
0.600000 -128.387337 120000
0.600000 -119.506556 120000
0.600000 -124.280372 120000
0.600000 -125.077902 120000
0.600000 -123.517022 120000
0.600000 -129.468836 140000
0.600000 -120.211109 110000
0.600000 -122.985661 120000
0.600000 -122.970179 130000
0.600000 -124.879716 130000
0.600000 -124.935745 120000
0.600000 -120.803346 120000
0.600000 -124.498145 130000
0.600000 -127.045291 120000
0.600000 -120.781979 110000
0.600000 -125.723923 140000
0.600000 -121.857973 120000
0.600000 -125.827684 120000
0.600000 -122.730900 140000
0.600000 -119.360711 120000
0.600000 -117.953852 140000
0.600000 -120.602191 120000
0.600000 -121.838662 120000
0.600000 -128.980574 110000
0.600000 -125.150353 110000
0.600000 -126.302970 130000
0.600000 -113.712710 130000
0.600000 -125.634940 120000
0.600000 -115.651367 110000
0.600000 -116.902497 120000
0.600000 -123.112132 110000
0.600000 -121.084938 120000
0.600000 -111.884743 120000
0.600000 -120.918170 120000
0.600000 -123.912065 130000
0.600000 -121.194365 120000
0.600000 -115.981377 120000
0.600000 -121.558805 120000
0.600000 -128.406451 130000
0.600000 -124.380699 120000
0.600000 -117.922886 120000
0.600000 -116.902872 120000
0.600000 -119.649687 120000
0.600000 -118.665273 120000
0.600000 -126.016457 120000
0.600000 -122.257116 120000
0.600000 -123.843716 120000
0.600000 -123.521082 120000
0.600000 -117.260342 120000
0.600000 -116.975225 110000
0.600000 -127.270868 130000
0.600000 -130.662310 120000
0.600000 -131.482684 130000
0.600000 -121.412860 120000
0.600000 -124.555210 130000
0.600000 -129.481686 130000
0.600000 -117.397371 110000
0.600000 -118.726291 120000
0.600000 -128.882149 150000
0.600000 -121.718519 110000
0.600000 -126.582005 110000
0.600000 -121.393207 120000
0.600000 -124.297709 130000
0.600000 -109.247894 110000
0.600000 -124.825169 120000
0.600000 -123.452898 120000
0.600000 -127.016892 130000
0.600000 -115.086287 120000
0.600000 -123.793214 110000
0.600000 -129.091910 110000
0.600000 -125.405251 120000
0.600000 -124.466570 110000
0.600000 -116.573719 120000
0.600000 -123.155327 170000
0.600000 -120.033574 120000
0.600000 -127.772922 150000
0.600000 -119.036485 110000
0.600000 -119.324510 130000
0.600000 -125.806366 120000
0.600000 -122.676628 120000
0.600000 -131.294641 120000
0.600000 -127.893038 130000
0.600000 -119.764589 120000
0.600000 -129.543547 120000
0.600000 -114.988193 110000
0.600000 -118.269956 120000
0.600000 -121.288704 120000
0.600000 -130.199689 130000
0.600000 -121.268406 110000
0.600000 -129.374048 120000
0.600000 -122.345904 120000
0.600000 -117.322817 120000
0.600000 -122.725615 110000
0.600000 -111.678651 110000
0.600000 -110.945315 120000
0.600000 -128.181188 130000
0.600000 -127.117271 130000
0.700000 -119.432362 130000
0.700000 -118.013919 120000
0.700000 -123.818526 120000
0.700000 -116.282641 120000
0.700000 -125.206519 140000
0.700000 -119.944998 110000
0.700000 -115.582607 120000
0.700000 -124.463514 120000
0.700000 -119.838060 110000
0.700000 -126.328951 120000
0.700000 -124.387472 120000
0.700000 -125.099873 150000
0.700000 -131.581974 110000
0.700000 -128.272439 120000
0.700000 -120.129360 120000
0.700000 -122.790765 130000
0.700000 -126.807141 120000
0.700000 -124.413453 120000
0.700000 -121.541326 120000
0.700000 -126.493163 130000
0.700000 -120.871453 120000
0.700000 -123.789557 140000
0.700000 -124.744946 120000
0.700000 -120.240483 120000
0.700000 -122.125854 120000
0.700000 -121.577545 120000
0.700000 -125.818689 120000
0.700000 -127.109795 150000
0.700000 -122.109556 120000
0.700000 -115.842201 120000
0.700000 -126.161772 120000
0.700000 -120.479657 140000
0.700000 -124.623954 140000
0.700000 -123.101452 120000
0.700000 -123.446538 120000
0.700000 -121.883106 120000
0.700000 -120.939015 110000
0.700000 -124.275083 120000
0.700000 -121.064514 130000
0.700000 -127.457048 120000
0.700000 -119.408103 110000
0.700000 -128.275666 120000
0.700000 -126.933952 120000
0.700000 -114.133294 110000
0.700000 -116.633400 120000
0.700000 -130.510052 120000
0.700000 -121.834302 120000
0.700000 -122.021774 120000
0.700000 -123.085268 120000
0.700000 -126.089644 110000
0.700000 -127.791547 160000
0.700000 -123.462369 120000
0.700000 -112.206880 110000
0.700000 -120.103421 120000
0.700000 -117.757651 110000
0.700000 -122.884869 110000
0.700000 -122.953958 120000
0.700000 -128.806289 130000
0.700000 -125.541943 120000
0.700000 -125.290696 120000
0.700000 -122.533719 120000
0.700000 -126.112920 110000
0.700000 -123.863487 130000
0.700000 -126.782972 120000
0.700000 -119.814594 130000
0.700000 -123.588581 120000
0.700000 -124.646096 110000
0.700000 -117.730630 120000
0.700000 -119.754498 130000
0.700000 -126.627812 130000
0.700000 -107.300954 120000
0.700000 -124.106808 120000
0.700000 -120.373148 110000
0.700000 -112.168218 110000
0.700000 -128.205079 120000
0.700000 -123.449878 120000
0.700000 -129.882488 120000
0.700000 -119.769692 120000
0.700000 -129.995609 110000
0.700000 -127.255742 130000
0.700000 -126.067758 120000
0.700000 -122.098420 120000
0.700000 -118.580330 120000
0.700000 -112.975831 120000
0.700000 -120.812971 120000
0.700000 -119.044470 130000
0.700000 -116.396900 120000
0.700000 -125.700528 120000
0.700000 -118.483478 120000
0.700000 -118.793897 120000
0.700000 -123.503625 120000
0.700000 -127.305636 130000
0.700000 -121.578558 120000
0.700000 -121.129386 110000
0.700000 -125.388799 130000
0.700000 -112.569895 120000
0.700000 -129.100184 120000
0.700000 -119.929498 130000
0.700000 -120.394106 120000
0.700000 -123.303833 120000
0.800000 -123.156930 140000
0.800000 -119.562914 120000
0.800000 -121.451332 120000
0.800000 -126.563610 120000
0.800000 -120.560196 120000
0.800000 -126.417245 120000
0.800000 -122.448855 120000
0.800000 -118.111488 120000
0.800000 -127.057640 120000
0.800000 -129.747856 130000
0.800000 -115.772676 110000
0.800000 -120.235046 120000
0.800000 -123.284461 120000
0.800000 -115.183966 110000
0.800000 -120.545468 120000
0.800000 -127.481525 130000
0.800000 -129.750824 130000
0.800000 -125.806303 120000
0.800000 -130.129921 130000
0.800000 -116.742212 130000
0.800000 -121.115134 120000
0.800000 -123.232078 120000
0.800000 -119.726934 140000
0.800000 -120.660173 110000
0.800000 -125.702327 120000
0.800000 -123.450064 120000
0.800000 -119.836880 110000
0.800000 -117.963422 120000
0.800000 -117.940488 110000
0.800000 -126.418151 120000
0.800000 -121.690513 130000
0.800000 -123.222903 130000
0.800000 -129.617005 120000
0.800000 -117.572645 120000
0.800000 -126.543322 120000
0.800000 -126.110806 120000
0.800000 -120.957811 120000
0.800000 -123.398447 130000
0.800000 -121.064463 120000
0.800000 -124.111920 120000
0.800000 -124.474605 120000
0.800000 -118.853742 120000
0.800000 -119.061145 120000
0.800000 -130.299615 120000
0.800000 -124.831881 120000
0.800000 -121.899389 110000
0.800000 -122.996059 120000
0.800000 -121.861304 110000
0.800000 -119.551239 120000
0.800000 -122.984810 120000
0.800000 -124.864937 130000
0.800000 -122.066016 110000
0.800000 -119.631728 120000
0.800000 -127.453476 120000
0.800000 -126.524272 120000
0.800000 -124.886750 110000
0.800000 -123.514478 120000
0.800000 -120.188838 120000
0.800000 -123.554390 110000
0.800000 -117.495151 120000
0.800000 -126.937257 110000
0.800000 -109.036540 120000
0.800000 -121.761069 120000
0.800000 -125.122575 120000
0.800000 -122.861418 130000
0.800000 -115.062365 120000
0.800000 -125.072633 120000
0.800000 -126.798036 110000
0.800000 -117.114607 110000
0.800000 -123.614463 120000
0.800000 -117.349619 120000
0.800000 -117.066467 120000
0.800000 -127.026198 130000
0.800000 -123.085572 120000
0.800000 -126.573018 130000
0.800000 -125.499385 120000
0.800000 -124.480959 140000
0.800000 -120.939907 150000
0.800000 -121.829045 120000
0.800000 -122.707195 120000
0.800000 -116.550314 120000
0.800000 -123.387175 140000
0.800000 -129.344177 130000
0.800000 -122.111171 140000
0.800000 -127.052856 120000
0.800000 -120.511148 120000
0.800000 -118.525598 120000
0.800000 -122.718830 110000
0.800000 -125.174091 120000
0.800000 -125.650026 130000
0.800000 -125.354418 130000
0.800000 -118.210554 120000
0.800000 -120.261204 120000
0.800000 -123.765498 120000
0.800000 -124.482988 130000
0.800000 -119.182954 120000
0.800000 -123.416792 120000
0.800000 -120.258868 120000
0.800000 -128.905313 130000
0.800000 -126.417480 120000
0.900000 -121.483765 130000
0.900000 -125.564116 130000
0.900000 -118.898156 120000
0.900000 -119.857987 110000
0.900000 -127.540470 120000
0.900000 -118.901959 130000
0.900000 -122.536958 130000
0.900000 -120.919747 120000
0.900000 -123.202987 120000
0.900000 -121.986588 120000
0.900000 -123.697383 150000
0.900000 -122.029350 130000
0.900000 -130.838659 120000
0.900000 -126.613395 120000
0.900000 -125.220072 130000
0.900000 -110.640276 110000
0.900000 -117.083192 110000
0.900000 -122.535925 120000
0.900000 -119.565010 120000
0.900000 -129.018845 130000
0.900000 -115.998070 120000
0.900000 -127.577347 130000
0.900000 -122.360264 120000
0.900000 -111.068425 110000
0.900000 -130.387117 120000
0.900000 -123.247945 120000
0.900000 -116.309408 120000
0.900000 -119.679968 120000
0.900000 -118.226172 130000
0.900000 -119.204579 120000
0.900000 -124.518952 120000
0.900000 -129.180331 110000
0.900000 -129.438433 110000
0.900000 -117.430955 120000
0.900000 -124.255653 120000
0.900000 -122.314152 130000
0.900000 -119.579815 120000
0.900000 -121.422715 120000
0.900000 -130.210291 130000
0.900000 -124.071528 140000
0.900000 -110.954505 110000
0.900000 -121.311425 120000
0.900000 -129.838025 120000
0.900000 -122.251328 130000
0.900000 -127.132866 120000
0.900000 -125.957943 150000
0.900000 -131.471428 120000
0.900000 -119.234048 130000
0.900000 -119.468081 120000
0.900000 -121.994920 140000
0.900000 -123.076340 120000
0.900000 -113.043926 120000
0.900000 -126.505933 130000
0.900000 -117.629371 120000
0.900000 -122.760993 120000
0.900000 -117.143763 120000
0.900000 -120.906329 120000
0.900000 -120.319418 130000
0.900000 -126.496408 130000
0.900000 -123.879446 140000
0.900000 -127.407585 130000
0.900000 -128.779074 120000
0.900000 -121.257964 130000
0.900000 -117.966603 110000
0.900000 -122.878553 120000
0.900000 -128.150247 130000
0.900000 -123.284050 120000
0.900000 -113.252773 120000
0.900000 -124.462956 130000
0.900000 -125.932077 120000
0.900000 -124.409435 120000
0.900000 -123.115694 120000
0.900000 -118.420501 120000
0.900000 -120.438053 120000
0.900000 -122.470625 110000
0.900000 -125.827823 120000
0.900000 -120.234299 110000
0.900000 -130.102443 120000
0.900000 -120.499478 120000
0.900000 -121.591515 120000
0.900000 -127.302987 120000
0.900000 -117.130353 110000
0.900000 -127.093867 120000
0.900000 -127.305943 140000
0.900000 -115.709874 110000
0.900000 -125.740021 130000
0.900000 -124.480432 130000
0.900000 -124.639114 120000
0.900000 -118.523883 120000
0.900000 -128.306333 120000
0.900000 -124.981162 120000
0.900000 -117.173046 120000
0.900000 -123.864904 120000
0.900000 -122.530873 120000
0.900000 -123.840535 150000
0.900000 -116.150456 120000
0.900000 -123.493851 120000
0.900000 -124.892327 120000
0.900000 -118.840456 110000
0.900000 -122.703802 120000
0.010000 -128.972038 370000
0.010000 -131.151554 300000
0.010000 -133.686913 360000
0.010000 -130.718029 390000
0.010000 -130.600956 340000
0.010000 -131.030583 370000
0.010000 -133.686913 390000
0.010000 -132.525326 390000
0.010000 -131.378650 300000
0.010000 -133.686913 390000
0.010000 -133.686913 380000
0.010000 -133.686913 390000
0.010000 -131.378650 370000
0.010000 -130.399153 330000
0.010000 -133.686913 410000
0.010000 -133.686913 350000
0.010000 -132.375519 400000
0.010000 -131.393226 410000
0.010000 -132.375519 420000
0.010000 -131.952548 400000
0.010000 -132.152313 380000
0.010000 -131.578415 340000
0.010000 -131.578415 340000
0.010000 -130.902401 380000
0.010000 -131.805026 370000
0.010000 -130.326974 350000
0.010000 -131.863558 370000
0.010000 -132.462948 330000
0.010000 -131.718755 400000
0.010000 -132.462948 310000
0.010000 -130.586896 380000
0.010000 -130.781529 400000
0.010000 -130.855537 360000
0.010000 -130.781529 360000
0.010000 -129.407133 330000
0.010000 -132.375519 410000
0.010000 -130.902401 460000
0.010000 -128.501529 370000
0.010000 -132.375519 390000
0.010000 -131.581974 400000
0.010000 -131.243420 350000
0.010000 -131.863558 380000
0.010000 -133.686913 370000
0.010000 -126.927807 430000
0.010000 -128.937654 400000
0.010000 -131.287688 470000
0.010000 -130.710735 410000
0.010000 -129.411211 370000
0.010000 -130.518869 380000
0.010000 -128.793273 320000
0.010000 -127.910545 340000
0.010000 -132.462948 320000
0.010000 -131.151554 340000
0.010000 -132.554813 370000
0.010000 -129.091679 360000
0.010000 -129.741174 400000
0.010000 -131.069633 310000
0.010000 -130.283873 410000
0.010000 -132.525326 400000
0.010000 -129.609301 400000
0.010000 -132.590675 360000
0.010000 -133.686913 380000
0.010000 -132.152313 360000
0.010000 -132.590675 350000
0.010000 -130.165453 470000
0.010000 -131.378824 430000
0.010000 -131.863558 390000
0.010000 -130.302030 400000
0.010000 -132.375519 400000
0.010000 -126.050521 350000
0.010000 -132.194089 330000
0.010000 -128.868608 350000
0.010000 -132.152313 380000
0.010000 -133.686913 410000
0.010000 -131.581974 440000
0.010000 -131.447808 360000
0.010000 -130.352145 320000
0.010000 -128.670364 260000
0.010000 -133.686913 360000
0.010000 -128.346201 360000
0.010000 -131.718755 390000
0.010000 -133.686913 400000
0.010000 -127.857684 380000
0.010000 -128.808445 300000
0.010000 -128.109734 390000
0.010000 -133.686913 420000
0.010000 -132.375519 380000
0.010000 -131.287688 240000
0.010000 -129.741174 390000
0.010000 -131.287688 400000
0.010000 -132.590675 340000
0.010000 -131.581974 340000
0.010000 -129.373312 350000
0.010000 -131.378650 350000
0.010000 -132.375519 380000
0.010000 -132.375519 400000
0.010000 -132.152313 390000
0.010000 -130.387130 390000
0.010000 -129.180527 410000
0.010000 -133.686913 380000
0.020000 -132.554813 260000
0.020000 -129.372584 250000
0.020000 -128.792245 270000
0.020000 -129.180527 250000
0.020000 -130.025820 290000
0.020000 -128.546729 210000
0.020000 -129.621790 220000
0.020000 -132.590675 250000
0.020000 -129.733104 230000
0.020000 -128.829241 200000
0.020000 -131.805686 230000
0.020000 -130.902401 270000
0.020000 -131.578415 230000
0.020000 -131.718755 250000
0.020000 -133.686913 240000
0.020000 -132.462948 210000
0.020000 -130.134687 220000
0.020000 -132.267099 280000
0.020000 -128.759971 280000
0.020000 -129.083807 250000
0.020000 -131.070928 250000
0.020000 -131.319975 220000
0.020000 -132.375519 260000
0.020000 -127.251382 270000
0.020000 -127.859669 260000
0.020000 -131.581974 250000
0.020000 -129.713380 260000
0.020000 -129.210357 240000
0.020000 -130.564743 250000
0.020000 -132.267099 240000
0.020000 -131.411203 240000
0.020000 -131.151554 210000
0.020000 -131.151554 230000
0.020000 -130.710735 250000
0.020000 -129.003138 250000
0.020000 -127.764581 260000
0.020000 -129.692042 270000
0.020000 -129.750824 260000
0.020000 -131.378824 230000
0.020000 -128.670364 200000
0.020000 -130.902401 250000
0.020000 -131.863558 270000
0.020000 -133.686913 240000
0.020000 -131.835098 180000
0.020000 -131.207710 250000
0.020000 -131.718755 260000
0.020000 -131.581974 290000
0.020000 -131.378824 270000
0.020000 -129.741174 260000
0.020000 -130.948333 270000
0.020000 -129.627204 240000
0.020000 -129.750824 260000
0.020000 -130.333926 270000
0.020000 -126.008968 200000
0.020000 -128.744738 230000
0.020000 -127.333123 240000
0.020000 -128.759971 250000
0.020000 -126.477112 270000
0.020000 -132.152313 240000
0.020000 -131.581974 230000
0.020000 -130.102476 250000
0.020000 -128.757884 260000
0.020000 -129.180527 260000
0.020000 -131.378824 260000
0.020000 -128.445648 240000
0.020000 -132.267099 190000
0.020000 -132.554813 240000
0.020000 -129.692042 280000
0.020000 -129.715057 220000
0.020000 -129.654685 250000
0.020000 -129.243090 240000
0.020000 -132.525326 250000
0.020000 -131.718755 310000
0.020000 -130.485329 190000
0.020000 -132.375519 250000
0.020000 -131.805686 250000
0.020000 -129.697874 240000
0.020000 -130.720971 240000
0.020000 -131.212602 280000
0.020000 -130.902401 250000
0.020000 -128.937654 240000
0.020000 -131.952548 250000
0.020000 -129.221439 240000
0.020000 -129.979078 240000
0.020000 -131.718755 250000
0.020000 -131.151554 220000
0.020000 -130.902401 270000
0.020000 -126.601575 270000
0.020000 -131.436443 220000
0.020000 -127.879495 260000
0.020000 -128.546729 210000
0.020000 -130.268420 250000
0.020000 -127.589130 230000
0.020000 -131.805026 250000
0.020000 -129.180527 280000
0.020000 -128.671400 250000
0.020000 -132.211094 220000
0.020000 -132.971655 220000
0.020000 -132.554813 260000
0.020000 -131.319975 220000
0.030000 -131.378650 180000
0.030000 -129.518532 160000
0.030000 -129.104925 180000
0.030000 -128.501529 210000
0.030000 -128.346201 190000
0.030000 -128.974377 190000
0.030000 -132.971655 170000
0.030000 -131.064624 190000
0.030000 -131.581974 200000
0.030000 -132.152313 190000
0.030000 -128.972038 220000
0.030000 -128.185381 210000
0.030000 -129.761014 180000
0.030000 -128.975334 200000
0.030000 -130.710735 200000
0.030000 -129.069561 210000
0.030000 -129.316851 190000
0.030000 -129.527619 200000
0.030000 -131.393226 210000
0.030000 -130.352145 190000
0.030000 -129.922285 200000
0.030000 -130.172373 190000
0.030000 -127.671094 190000
0.030000 -130.461648 210000
0.030000 -131.243420 200000
0.030000 -133.686913 220000
0.030000 -131.436443 180000
0.030000 -132.375519 210000
0.030000 -127.608287 180000
0.030000 -128.185446 170000
0.030000 -132.554813 210000
0.030000 -130.948333 200000
0.030000 -130.134687 190000
0.030000 -132.462948 180000
0.030000 -131.291894 200000
0.030000 -129.606970 160000
0.030000 -131.098342 190000
0.030000 -128.305836 220000
0.030000 -131.581974 200000
0.030000 -131.471428 190000
0.030000 -132.207415 210000
0.030000 -128.241282 200000
0.030000 -131.378650 180000
0.030000 -129.366784 190000
0.030000 -129.422903 210000
0.030000 -130.102476 210000
0.030000 -132.152313 210000
0.030000 -131.581974 210000
0.030000 -128.009327 200000
0.030000 -131.952548 210000
0.030000 -128.387191 210000
0.030000 -128.068238 170000
0.030000 -132.525326 200000
0.030000 -129.422903 200000
0.030000 -127.888507 200000
0.030000 -131.447808 180000
0.030000 -133.686913 200000
0.030000 -128.193744 220000
0.030000 -129.264031 200000
0.030000 -129.419302 230000
0.030000 -130.833385 200000
0.030000 -127.298563 200000
0.030000 -132.375519 200000
0.030000 -131.581974 210000
0.030000 -128.839879 180000
0.030000 -127.905129 200000
0.030000 -131.863558 210000
0.030000 -132.353367 190000
0.030000 -131.294641 220000
0.030000 -131.411203 180000
0.030000 -126.912964 210000
0.030000 -131.952548 200000
0.030000 -131.319975 190000
0.030000 -129.840671 170000
0.030000 -129.469511 210000
0.030000 -130.268420 190000
0.030000 -127.322475 170000
0.030000 -130.515307 180000
0.030000 -129.755955 200000
0.030000 -130.752759 210000
0.030000 -128.206752 190000
0.030000 -130.902401 190000
0.030000 -129.606970 180000
0.030000 -129.086789 200000
0.030000 -130.268420 200000
0.030000 -129.522549 170000
0.030000 -132.590675 190000
0.030000 -125.795877 200000
0.030000 -128.688885 170000
0.030000 -128.892055 210000
0.030000 -129.642994 200000
0.030000 -129.196085 190000
0.030000 -129.990537 200000
0.030000 -130.808331 200000
0.030000 -128.896831 170000
0.030000 -128.415620 200000
0.030000 -128.163796 210000
0.030000 -129.696547 170000
0.030000 -131.581974 220000
0.030000 -128.022672 210000
0.040000 -131.458576 170000
0.040000 -131.035587 180000
0.040000 -130.339328 180000
0.040000 -131.287688 180000
0.040000 -129.419302 190000
0.040000 -127.553582 180000
0.040000 -128.677241 160000
0.040000 -129.419302 190000
0.040000 -121.370331 120000
0.040000 -129.527619 180000
0.040000 -126.459164 160000
0.040000 -130.415498 180000
0.040000 -127.000973 160000
0.040000 -126.241877 150000
0.040000 -130.283873 180000
0.040000 -131.057739 180000
0.040000 -120.061576 190000
0.040000 -129.618844 160000
0.040000 -129.621790 160000
0.040000 -131.057739 170000
0.040000 -129.556441 180000
0.040000 -130.586896 180000
0.040000 -127.634906 180000
0.040000 -130.073713 150000
0.040000 -133.686913 170000
0.040000 -124.864937 160000
0.040000 -128.766535 190000
0.040000 -122.270809 190000
0.040000 -125.168166 170000
0.040000 -129.286549 180000
0.040000 -132.971655 150000
0.040000 -126.201023 160000
0.040000 -127.935713 190000
0.040000 -131.030583 180000
0.040000 -131.064624 150000
0.040000 -130.102476 190000
0.040000 -129.530210 190000
0.040000 -131.718755 180000
0.040000 -127.941697 160000
0.040000 -129.238531 180000
0.040000 -125.073942 180000
0.040000 -131.482684 160000
0.040000 -129.134746 180000
0.040000 -129.397149 180000
0.040000 -126.795707 180000
0.040000 -129.362738 180000
0.040000 -126.987819 180000
0.040000 -128.074462 150000
0.040000 -128.119779 200000
0.040000 -127.641753 180000
0.040000 -131.030583 180000
0.040000 -129.424672 190000
0.040000 -124.918632 160000
0.040000 -128.839879 180000
0.040000 -131.578415 160000
0.040000 -128.290432 170000
0.040000 -131.447808 160000
0.040000 -130.672816 170000
0.040000 -128.393154 180000
0.040000 -128.618725 200000
0.040000 -130.807377 170000
0.040000 -129.180527 180000
0.040000 -132.375519 180000
0.040000 -126.505380 180000
0.040000 -123.744226 120000
0.040000 -129.049034 180000
0.040000 -126.814981 170000
0.040000 -131.668835 170000
0.040000 -130.874393 160000
0.040000 -127.766291 150000
0.040000 -132.445297 170000
0.040000 -129.424672 190000
0.040000 -130.672816 180000
0.040000 -126.762138 190000
0.040000 -130.350640 170000
0.040000 -128.813192 180000
0.040000 -130.203338 160000
0.040000 -129.876331 180000
0.040000 -129.575048 180000
0.040000 -129.646439 180000
0.040000 -124.639359 180000
0.040000 -130.461648 170000
0.040000 -130.199689 210000
0.040000 -129.761014 160000
0.040000 -130.893114 180000
0.040000 -127.595495 190000
0.040000 -130.236444 150000
0.040000 -124.419606 160000
0.040000 -130.088877 180000
0.040000 -131.472457 180000
0.040000 -128.482371 170000
0.040000 -130.140279 160000
0.040000 -127.344505 150000
0.040000 -129.283678 190000
0.040000 -129.224003 180000
0.040000 -128.292282 150000
0.040000 -129.971979 180000
0.040000 -131.319975 170000
0.040000 -126.265903 170000
0.040000 -129.532279 190000
0.050000 -130.518869 160000
0.050000 -124.862488 170000
0.050000 -128.667701 170000
0.050000 -131.393226 160000
0.050000 -130.010860 160000
0.050000 -129.971979 160000
0.050000 -111.570727 120000
0.050000 -130.156738 150000
0.050000 -130.902401 170000
0.050000 -131.021119 190000
0.050000 -125.146218 160000
0.050000 -128.009327 150000
0.050000 -129.210357 170000
0.050000 -129.342897 170000
0.050000 -129.372287 150000
0.050000 -130.710735 160000
0.050000 -129.596690 170000
0.050000 -131.075316 170000
0.050000 -129.596690 180000
0.050000 -132.971655 160000
0.050000 -127.932298 170000
0.050000 -130.756170 150000
0.050000 -126.215422 140000
0.050000 -128.141049 150000
0.050000 -126.739845 160000
0.050000 -126.382300 170000
0.050000 -130.902401 170000
0.050000 -128.501529 180000
0.050000 -129.609301 160000
0.050000 -127.677650 160000
0.050000 -130.165453 180000
0.050000 -128.692793 160000
0.050000 -131.243420 160000
0.050000 -131.378650 160000
0.050000 -128.445648 150000
0.050000 -127.505460 170000
0.050000 -129.180527 170000
0.050000 -128.292282 150000
0.050000 -130.049719 170000
0.050000 -121.488915 150000
0.050000 -127.155701 160000
0.050000 -129.971979 170000
0.050000 -130.304343 160000
0.050000 -125.908377 140000
0.050000 -123.485704 160000
0.050000 -127.414629 160000
0.050000 -126.918267 160000
0.050000 -128.488846 170000
0.050000 -130.893114 150000
0.050000 -128.744738 150000
0.050000 -128.184956 150000
0.050000 -129.244910 180000
0.050000 -129.741174 160000
0.050000 -131.393226 160000
0.050000 -125.322375 150000
0.050000 -124.293734 150000
0.050000 -129.875380 170000
0.050000 -128.937654 160000
0.050000 -130.236444 160000
0.050000 -127.370444 170000
0.050000 -126.653483 170000
0.050000 -129.696547 150000
0.050000 -130.415498 170000
0.050000 -124.761566 160000
0.050000 -129.971979 160000
0.050000 -131.243420 180000
0.050000 -129.527619 170000
0.050000 -130.316845 160000
0.050000 -130.283873 160000
0.050000 -130.962295 150000
0.050000 -128.292282 150000
0.050000 -128.691875 150000
0.050000 -128.793351 160000
0.050000 -130.662310 170000
0.050000 -131.378824 170000
0.050000 -129.692042 170000
0.050000 -127.872933 170000
0.050000 -128.346201 160000
0.050000 -125.335070 170000
0.050000 -121.674965 150000
0.050000 -130.515307 150000
0.050000 -129.121548 170000
0.050000 -129.609301 180000
0.050000 -126.348653 160000
0.050000 -128.892614 170000
0.050000 -128.803193 160000
0.050000 -129.170601 170000
0.050000 -127.095908 170000
0.050000 -129.502242 170000
0.050000 -128.521612 170000
0.050000 -132.152313 170000
0.050000 -129.692042 170000
0.050000 -128.390449 160000
0.050000 -130.642768 170000
0.050000 -131.083950 160000
0.050000 -126.298611 170000
0.050000 -126.161783 180000
0.050000 -133.686913 160000
0.050000 -132.462948 160000
0.050000 -127.836749 180000
0.060000 -127.794754 150000
0.060000 -127.103668 140000
0.060000 -132.525326 160000
0.060000 -130.387117 150000
0.060000 -122.487122 150000
0.060000 -130.674216 140000
0.060000 -131.471428 160000
0.060000 -127.909449 140000
0.060000 -123.996160 150000
0.060000 -130.324488 160000
0.060000 -127.818718 150000
0.060000 -119.922728 150000
0.060000 -132.525326 150000
0.060000 -131.578415 150000
0.060000 -131.086467 120000
0.060000 -126.918267 150000
0.060000 -128.878733 160000
0.060000 -125.120121 160000
0.060000 -129.268610 150000
0.060000 -123.377662 150000
0.060000 -131.292839 150000
0.060000 -130.502706 150000
0.060000 -128.686915 160000
0.060000 -126.412963 170000
0.060000 -124.108095 160000
0.060000 -128.942019 150000
0.060000 -129.264031 150000
0.060000 -127.539349 140000
0.060000 -129.297922 160000
0.060000 -126.346699 150000
0.060000 -132.267099 150000
0.060000 -127.683027 150000
0.060000 -130.131723 180000
0.060000 -126.026150 170000
0.060000 -127.219146 150000
0.060000 -129.556441 160000
0.060000 -119.929350 160000
0.060000 -124.451179 160000
0.060000 -129.596690 170000
0.060000 -128.116944 150000
0.060000 -128.464591 160000
0.060000 -130.502706 150000
0.060000 -126.800199 170000
0.060000 -125.555076 160000
0.060000 -129.898483 160000
0.060000 -127.372517 160000
0.060000 -129.596690 170000
0.060000 -131.171539 170000
0.060000 -127.558312 160000
0.060000 -128.839879 150000
0.060000 -130.837136 140000
0.060000 -132.971655 150000
0.060000 -127.297763 150000
0.060000 -123.550708 150000
0.060000 -125.151264 140000
0.060000 -130.600954 150000
0.060000 -130.674216 150000
0.060000 -127.129576 150000
0.060000 -132.462948 140000
0.060000 -129.579585 140000
0.060000 -120.793779 120000
0.060000 -130.446582 160000
0.060000 -124.049589 150000
0.060000 -126.110806 150000
0.060000 -127.204922 160000
0.060000 -129.481686 150000
0.060000 -128.660819 150000
0.060000 -128.884851 150000
0.060000 -130.025820 170000
0.060000 -126.453012 160000
0.060000 -128.766535 160000
0.060000 -129.481686 150000
0.060000 -124.863134 160000
0.060000 -131.952548 160000
0.060000 -132.130161 170000
0.060000 -131.061990 150000
0.060000 -131.212602 150000
0.060000 -127.071423 160000
0.060000 -127.360187 150000
0.060000 -122.923239 140000
0.060000 -130.893114 140000
0.060000 -131.055823 150000
0.060000 -128.873050 140000
0.060000 -125.356841 150000
0.060000 -130.893114 150000
0.060000 -127.898968 150000
0.060000 -128.760266 140000
0.060000 -131.086468 160000
0.060000 -129.563777 150000
0.060000 -129.393194 150000
0.060000 -131.411203 160000
0.060000 -125.899611 160000
0.060000 -129.226952 160000
0.060000 -122.962310 160000
0.060000 -128.966656 140000
0.060000 -128.275034 140000
0.060000 -123.527515 190000
0.060000 -132.105162 150000
0.060000 -130.080502 160000
0.060000 -130.025820 150000
0.070000 -130.302030 150000
0.070000 -122.367794 150000
0.070000 -128.250280 140000
0.070000 -123.811104 150000
0.070000 -125.539455 150000
0.070000 -124.740519 150000
0.070000 -128.795218 150000
0.070000 -128.878733 140000
0.070000 -126.214836 140000
0.070000 -130.297286 160000
0.070000 -127.669255 150000
0.070000 -130.137881 130000
0.070000 -126.206691 140000
0.070000 -131.319975 140000
0.070000 -124.121493 160000
0.070000 -126.821394 160000
0.070000 -129.684082 150000
0.070000 -127.546478 140000
0.070000 -127.478653 150000
0.070000 -128.673142 160000
0.070000 -126.545551 150000
0.070000 -130.189141 140000
0.070000 -124.597101 150000
0.070000 -128.438296 150000
0.070000 -125.000479 140000
0.070000 -131.447808 130000
0.070000 -129.502242 150000
0.070000 -128.869018 160000
0.070000 -129.073837 150000
0.070000 -130.883194 140000
0.070000 -130.614387 150000
0.070000 -128.048427 160000
0.070000 -131.378650 140000
0.070000 -125.693489 160000
0.070000 -119.195394 140000
0.070000 -129.763922 160000
0.070000 -127.788319 150000
0.070000 -129.755955 150000
0.070000 -125.693489 130000
0.070000 -131.021119 150000
0.070000 -121.940109 140000
0.070000 -131.207710 160000
0.070000 -124.403586 150000
0.070000 -129.642994 150000
0.070000 -125.321303 160000
0.070000 -130.759376 150000
0.070000 -128.206752 140000
0.070000 -123.760143 150000
0.070000 -129.481686 150000
0.070000 -130.902401 150000
0.070000 -126.590017 160000
0.070000 -130.873444 150000
0.070000 -130.350640 150000
0.070000 -119.245700 150000
0.070000 -130.268420 150000
0.070000 -124.107291 160000
0.070000 -131.070928 150000
0.070000 -125.713703 150000
0.070000 -128.531104 140000
0.070000 -130.787602 140000
0.070000 -127.386006 160000
0.070000 -122.266466 150000
0.070000 -127.589371 160000
0.070000 -125.713095 150000
0.070000 -126.269812 150000
0.070000 -127.182381 150000
0.070000 -129.609301 150000
0.070000 -129.538551 150000
0.070000 -129.136115 140000
0.070000 -129.988636 150000
0.070000 -126.515128 160000
0.070000 -131.393226 150000
0.070000 -130.279103 140000
0.070000 -128.171474 150000
0.070000 -128.573604 140000
0.070000 -121.617108 150000
0.070000 -131.378650 140000
0.070000 -121.382055 130000
0.070000 -129.742017 150000
0.070000 -128.159105 140000
0.070000 -126.723554 140000
0.070000 -129.264031 150000
0.070000 -124.782410 140000
0.070000 -128.453245 140000
0.070000 -130.896022 150000
0.070000 -129.325844 150000
0.070000 -131.212602 150000
0.070000 -131.319975 140000
0.070000 -126.766308 170000
0.070000 -127.618342 150000
0.070000 -126.288195 140000
0.070000 -123.172414 140000
0.070000 -127.365664 140000
0.070000 -126.359105 170000
0.070000 -127.760018 140000
0.070000 -126.985607 150000
0.070000 -130.283873 150000
0.070000 -129.438038 160000
0.070000 -127.155701 150000
0.070000 -126.488940 150000
0.080000 -127.607984 150000
0.080000 -130.073713 140000
0.080000 -126.016013 150000
0.080000 -130.156738 140000
0.080000 -130.326974 140000
0.080000 -129.488118 140000
0.080000 -128.155221 120000
0.080000 -129.190693 150000
0.080000 -121.603475 170000
0.080000 -125.476866 140000
0.080000 -124.013716 140000
0.080000 -121.888907 140000
0.080000 -128.934307 150000
0.080000 -129.042575 150000
0.080000 -129.283678 150000
0.080000 -127.067198 140000
0.080000 -123.360478 140000
0.080000 -126.465413 140000
0.080000 -125.766527 140000
0.080000 -129.121458 140000
0.080000 -123.329966 150000
0.080000 -126.727570 160000
0.080000 -125.458149 140000
0.080000 -125.855313 140000
0.080000 -127.849505 140000
0.080000 -127.331664 140000
0.080000 -122.875156 150000
0.080000 -122.696882 150000
0.080000 -125.205755 130000
0.080000 -128.959980 140000
0.080000 -126.141830 150000
0.080000 -131.326829 140000
0.080000 -126.797865 150000
0.080000 -123.789431 140000
0.080000 -125.899189 130000
0.080000 -128.803193 140000
0.080000 -126.668740 140000
0.080000 -124.064288 150000
0.080000 -122.461146 150000
0.080000 -128.173236 150000
0.080000 -123.475057 130000
0.080000 -128.276458 150000
0.080000 -124.607125 150000
0.080000 -128.469114 140000
0.080000 -123.668682 140000
0.080000 -126.099576 150000
0.080000 -126.119232 130000
0.080000 -127.830802 140000
0.080000 -127.637136 150000
0.080000 -126.391794 140000
0.080000 -125.711150 140000
0.080000 -126.259503 150000
0.080000 -131.319975 140000
0.080000 -126.797442 140000
0.080000 -130.536736 140000
0.080000 -131.378650 140000
0.080000 -131.674116 150000
0.080000 -129.621790 140000
0.080000 -130.350640 150000
0.080000 -124.974375 140000
0.080000 -127.878627 140000
0.080000 -121.270192 120000
0.080000 -128.088568 140000
0.080000 -127.882679 140000
0.080000 -128.968849 150000
0.080000 -127.626387 140000
0.080000 -127.704034 130000
0.080000 -127.879495 150000
0.080000 -130.019455 120000
0.080000 -125.538717 140000
0.080000 -128.791039 140000
0.080000 -127.415633 140000
0.080000 -129.438846 150000
0.080000 -124.634102 140000
0.080000 -130.322621 130000
0.080000 -131.086468 130000
0.080000 -128.985695 140000
0.080000 -127.553582 140000
0.080000 -129.715057 130000
0.080000 -123.351807 130000
0.080000 -129.534996 140000
0.080000 -129.249105 140000
0.080000 -129.328608 150000
0.080000 -128.870983 140000
0.080000 -122.314306 150000
0.080000 -125.668520 150000
0.080000 -126.201023 140000
0.080000 -126.436842 140000
0.080000 -124.458499 150000
0.080000 -127.958541 150000
0.080000 -126.348653 140000
0.080000 -132.554813 150000
0.080000 -125.789308 150000
0.080000 -123.886448 120000
0.080000 -128.601005 140000
0.080000 -129.585929 150000
0.080000 -131.491485 140000
0.080000 -124.422668 150000
0.080000 -121.127407 140000
0.080000 -123.183056 140000
0.090000 -131.747690 130000
0.090000 -122.507319 140000
0.090000 -127.523893 140000
0.090000 -127.766291 130000
0.090000 -127.728914 140000
0.090000 -128.559942 170000
0.090000 -131.449275 140000
0.090000 -129.509898 150000
0.090000 -130.494130 130000
0.090000 -127.579933 130000
0.090000 -129.313355 140000
0.090000 -131.083950 130000
0.090000 -122.981882 140000
0.090000 -129.865653 140000
0.090000 -123.151669 150000
0.090000 -126.191025 140000
0.090000 -126.009833 130000
0.090000 -133.577396 150000
0.090000 -128.409766 130000
0.090000 -118.861078 140000
0.090000 -125.636766 150000
0.090000 -127.042646 150000
0.090000 -126.036751 150000
0.090000 -118.699539 130000
0.090000 -124.958682 140000
0.090000 -121.969890 140000
0.090000 -132.152313 140000
0.090000 -122.702686 140000
0.090000 -126.865296 130000
0.090000 -125.007335 150000
0.090000 -131.805026 150000
0.090000 -126.220909 140000
0.090000 -127.107459 140000
0.090000 -127.051717 130000
0.090000 -125.049100 150000
0.090000 -128.227263 140000
0.090000 -128.381984 150000
0.090000 -124.727411 130000
0.090000 -128.660819 130000
0.090000 -129.422903 150000
0.090000 -123.969697 130000
0.090000 -128.567230 140000
0.090000 -126.726605 140000
0.090000 -125.914713 140000
0.090000 -124.498781 140000
0.090000 -131.378650 150000
0.090000 -128.131932 150000
0.090000 -128.550722 130000
0.090000 -125.988821 120000
0.090000 -131.378650 130000
0.090000 -127.868454 150000
0.090000 -125.403446 140000
0.090000 -127.987952 140000
0.090000 -122.929378 140000
0.090000 -127.052331 130000
0.090000 -125.704532 140000
0.090000 -123.317446 150000
0.090000 -130.159795 130000
0.090000 -123.513409 140000
0.090000 -131.287688 160000
0.090000 -126.287345 140000
0.090000 -128.271045 140000
0.090000 -124.037818 130000
0.090000 -125.669797 150000
0.090000 -128.313775 140000
0.090000 -128.884851 140000
0.090000 -127.571783 140000
0.090000 -127.150842 130000
0.090000 -130.491712 140000
0.090000 -129.300256 130000
0.090000 -128.185741 130000
0.090000 -132.590675 140000
0.090000 -129.403506 140000
0.090000 -130.650663 160000
0.090000 -130.363206 140000
0.090000 -128.165744 130000
0.090000 -125.600664 140000
0.090000 -127.947252 140000
0.090000 -126.047341 150000
0.090000 -127.963890 140000
0.090000 -128.492093 150000
0.090000 -130.718029 150000
0.090000 -123.131759 140000
0.090000 -127.231095 140000
0.090000 -126.795707 160000
0.090000 -125.110080 140000
0.090000 -115.405821 110000
0.090000 -125.444127 140000
0.090000 -127.539301 130000
0.090000 -123.097569 140000
0.090000 -131.930395 160000
0.090000 -120.620834 140000
0.090000 -126.807762 140000
0.090000 -114.446050 140000
0.090000 -128.785930 130000
0.090000 -130.710735 140000
0.090000 -118.600893 130000
0.090000 -116.226550 120000
0.090000 -124.724922 120000
0.090000 -128.278360 150000
0.001000 -132.525326 2980000
0.001000 -132.525326 3000000
0.001000 -132.525326 2950000
0.001000 -132.152313 2690000
0.001000 -132.525326 2880000
0.001000 -133.686913 2800000
0.001000 -133.686913 2580000
0.001000 -131.447808 2300000
0.001000 -133.686913 2810000
0.001000 -130.710735 3070000
0.001000 -133.686913 2820000
0.001000 -131.378824 3150000
0.001000 -132.525326 3070000
0.001000 -133.686913 2620000
0.001000 -131.668835 2070000
0.001000 -133.686913 2450000
0.001000 -133.686913 2830000
0.001000 -132.375519 2890000
0.001000 -131.491485 2070000
0.001000 -132.590675 2040000
0.001000 -130.642768 2880000
0.001000 -132.462948 2340000
0.001000 -133.686913 2330000
0.001000 -132.525326 2960000
0.001000 -128.759971 3990000
0.001000 -131.447808 2190000
0.001000 -132.462948 2270000
0.001000 -133.686913 2730000
0.001000 -130.902401 3160000
0.001000 -133.686913 2600000
0.001000 -131.952548 2810000
0.001000 -130.283873 3030000
0.001000 -130.049719 2510000
0.001000 -129.676838 2630000
0.001000 -132.152313 2660000
0.001000 -132.590675 2180000
0.001000 -130.718029 2620000
0.001000 -132.375519 2490000
0.001000 -132.590675 2110000
0.001000 -132.525326 2980000
0.001000 -131.411203 2700000
0.001000 -130.283873 2950000
0.001000 -133.686913 2510000
0.001000 -133.686913 2750000
0.001000 -132.375519 2730000
0.001000 -133.686913 2650000
0.001000 -131.863558 2780000
0.001000 -131.805686 3070000
0.001000 -131.447808 2190000
0.001000 -133.686913 2620000
0.001000 -132.525326 2890000
0.001000 -130.902401 3020000
0.001000 -131.805686 2950000
0.001000 -132.525326 2960000
0.001000 -132.525326 2960000
0.001000 -132.375519 2750000
0.001000 -131.151554 2160000
0.001000 -130.934189 2980000
0.001000 -129.922285 2940000
0.001000 -131.287688 2910000
0.001000 -132.462948 2170000
0.001000 -130.165453 2790000
0.001000 -131.805686 3200000
0.001000 -131.581974 3060000
0.001000 -131.086467 1950000
0.001000 -133.686913 2770000
0.001000 -133.686913 2770000
0.001000 -133.686913 2700000
0.001000 -132.525326 3040000
0.001000 -132.525326 2970000
0.001000 -132.152313 2680000
0.001000 -133.686913 2750000
0.001000 -131.030583 2600000
0.001000 -131.086467 1750000
0.001000 -131.863558 2710000
0.001000 -132.375519 2670000
0.001000 -133.686913 2650000
0.001000 -132.375519 2850000
0.001000 -133.686913 2750000
0.001000 -132.375519 2770000
0.001000 -132.525326 3020000
0.001000 -132.462948 2070000
0.001000 -133.686913 2830000
0.001000 -131.805686 3010000
0.001000 -133.686913 2720000
0.001000 -133.686913 2670000
0.001000 -133.686913 2620000
0.001000 -133.686913 2890000
0.001000 -130.302030 2830000
0.001000 -131.436443 2280000
0.001000 -133.686913 3020000
0.001000 -132.525326 2900000
0.001000 -132.525326 2950000
0.001000 -130.902401 3070000
0.001000 -132.375519 2770000
0.001000 -131.668835 1790000
0.001000 -130.352145 2110000
0.001000 -132.525326 2930000
0.001000 -132.152313 2670000
0.001000 -131.805026 2640000
0.002000 -133.686913 1360000
0.002000 -133.686913 1440000
0.002000 -133.686913 1500000
0.002000 -130.302030 1620000
0.002000 -133.686913 1350000
0.002000 -131.447808 1200000
0.002000 -132.375519 1520000
0.002000 -131.805026 1320000
0.002000 -131.319975 1190000
0.002000 -132.152313 1480000
0.002000 -132.462948 1170000
0.002000 -129.642994 1370000
0.002000 -131.378824 1510000
0.002000 -133.686913 1500000
0.002000 -132.525326 1550000
0.002000 -132.525326 1510000
0.002000 -131.207710 1450000
0.002000 -132.375519 1400000
0.002000 -132.462948 1240000
0.002000 -132.375519 1530000
0.002000 -132.525326 1540000
0.002000 -131.952548 1520000
0.002000 -131.805686 1640000
0.002000 -133.686913 1350000
0.002000 -131.436443 1180000
0.002000 -133.686913 1490000
0.002000 -133.686913 1460000
0.002000 -127.303556 1450000
0.002000 -130.352145 1030000
0.002000 -131.578415 1230000
0.002000 -133.686913 1540000
0.002000 -130.283873 1500000
0.002000 -129.953011 1200000
0.002000 -130.902401 1590000
0.002000 -132.525326 1430000
0.002000 -132.590675 1020000
0.002000 -132.375519 1560000
0.002000 -128.759971 1520000
0.002000 -129.372584 1360000
0.002000 -133.686913 1420000
0.002000 -133.686913 1440000
0.002000 -132.375519 1270000
0.002000 -133.686913 1400000
0.002000 -131.952548 1470000
0.002000 -130.710471 1160000
0.002000 -131.212602 1480000
0.002000 -130.902401 1140000
0.002000 -129.527619 1480000
0.002000 -130.902401 1730000
0.002000 -133.686913 1470000
0.002000 -132.375519 1550000
0.002000 -130.446582 1580000
0.002000 -133.686913 1480000
0.002000 -132.525326 1560000
0.002000 -132.375519 1510000
0.002000 -131.447808 1140000
0.002000 -132.525326 1500000
0.002000 -132.525326 1620000
0.002000 -132.375519 1330000
0.002000 -133.686913 1420000
0.002000 -133.686913 1160000
0.002000 -133.686913 1570000
0.002000 -130.902401 1660000
0.002000 -132.375519 1500000
0.002000 -133.686913 1410000
0.002000 -131.212602 1450000
0.002000 -132.375519 1420000
0.002000 -133.664760 1320000
0.002000 -131.952548 1450000
0.002000 -132.525326 1530000
0.002000 -131.436443 1200000
0.002000 -131.319975 1190000
0.002000 -131.581974 1590000
0.002000 -133.686913 1460000
0.002000 -132.375519 1440000
0.002000 -131.491485 1110000
0.002000 -132.375519 1520000
0.002000 -133.686913 1460000
0.002000 -133.686913 1610000
0.002000 -131.863558 1470000
0.002000 -131.287688 1690000
0.002000 -133.686913 1510000
0.002000 -133.686913 1360000
0.002000 -130.807377 1390000
0.002000 -132.590675 990000
0.002000 -133.686913 1520000
0.002000 -133.686913 1450000
0.002000 -133.686913 1470000
0.002000 -133.686913 1420000
0.002000 -133.686913 1540000
0.002000 -132.375519 1510000
0.002000 -133.686913 1270000
0.002000 -129.596690 1870000
0.002000 -133.686913 1420000
0.002000 -133.686913 1390000
0.002000 -133.686913 1360000
0.002000 -132.375519 1490000
0.002000 -132.525326 1520000
0.002000 -133.686913 1370000
0.002000 -130.902401 1620000
0.003000 -129.264031 720000
0.003000 -130.710735 1050000
0.003000 -131.021119 1050000
0.003000 -133.686913 950000
0.003000 -131.055823 780000
0.003000 -132.375519 1010000
0.003000 -133.686913 950000
0.003000 -131.863558 990000
0.003000 -133.686913 840000
0.003000 -132.375519 1050000
0.003000 -131.378824 1060000
0.003000 -132.525326 1080000
0.003000 -132.525326 1030000
0.003000 -130.302030 980000
0.003000 -130.710735 1020000
0.003000 -131.952548 1020000
0.003000 -130.461648 980000
0.003000 -133.686913 990000
0.003000 -130.302030 1070000
0.003000 -131.212602 1050000
0.003000 -130.934189 1080000
0.003000 -133.686913 1050000
0.003000 -131.805686 1230000
0.003000 -130.721185 780000
0.003000 -133.686913 1150000
0.003000 -130.479554 1080000
0.003000 -132.152313 1010000
0.003000 -133.686913 930000
0.003000 -129.642994 940000
0.003000 -131.287688 1050000
0.003000 -132.375519 1010000
0.003000 -131.378650 860000
0.003000 -133.686913 960000
0.003000 -131.581974 1070000
0.003000 -132.590675 830000
0.003000 -129.676838 1020000
0.003000 -131.581974 1040000
0.003000 -132.375519 1040000
0.003000 -132.375519 1020000
0.003000 -133.686913 1050000
0.003000 -133.686913 1030000
0.003000 -129.113756 730000
0.003000 -132.375519 1090000
0.003000 -130.893114 820000
0.003000 -131.578415 810000
0.003000 -132.525326 1060000
0.003000 -131.863558 1070000
0.003000 -133.686913 990000
0.003000 -131.287688 1080000
0.003000 -132.971655 770000
0.003000 -128.944608 1080000
0.003000 -130.165453 1120000
0.003000 -130.893114 830000
0.003000 -129.922285 1060000
0.003000 -130.642768 1000000
0.003000 -133.686913 980000
0.003000 -131.070928 800000
0.003000 -131.287688 1080000
0.003000 -132.525326 1050000
0.003000 -132.525326 1030000
0.003000 -132.525326 1060000
0.003000 -130.989396 1040000
0.003000 -131.447808 910000
0.003000 -133.686913 970000
0.003000 -132.525326 1090000
0.003000 -131.952548 950000
0.003000 -130.502706 620000
0.003000 -133.686913 990000
0.003000 -132.462948 880000
0.003000 -131.581974 1120000
0.003000 -131.805686 1070000
0.003000 -132.375519 1040000
0.003000 -132.525326 390000
0.003000 -132.375519 1020000
0.003000 -131.212602 1110000
0.003000 -131.057739 1030000
0.003000 -128.796901 1100000
0.003000 -130.962295 760000
0.003000 -129.419302 1180000
0.003000 -132.152313 1000000
0.003000 -131.482684 890000
0.003000 -133.686913 920000
0.003000 -133.686913 1020000
0.003000 -128.219129 950000
0.003000 -132.152313 960000
0.003000 -131.086468 870000
0.003000 -128.482371 930000
0.003000 -133.686913 1010000
0.003000 -132.375519 950000
0.003000 -132.525326 1060000
0.003000 -130.446582 1060000
0.003000 -133.686913 1040000
0.003000 -131.718755 1060000
0.003000 -133.686913 1050000
0.003000 -131.952548 1010000
0.003000 -131.581974 1060000
0.003000 -131.021119 1170000
0.003000 -132.375519 1040000
0.003000 -132.525326 1050000
0.003000 -130.215907 1140000
0.004000 -133.686913 760000
0.004000 -128.944608 810000
0.004000 -131.863558 780000
0.004000 -132.375519 830000
0.004000 -131.411203 740000
0.004000 -132.590675 580000
0.004000 -132.525326 790000
0.004000 -132.525326 850000
0.004000 -132.525326 790000
0.004000 -130.902401 890000
0.004000 -132.353367 660000
0.004000 -130.855537 810000
0.004000 -130.302030 940000
0.004000 -133.686913 800000
0.004000 -130.341256 810000
0.004000 -131.069633 680000
0.004000 -131.581974 850000
0.004000 -132.375519 830000
0.004000 -129.596690 900000
0.004000 -128.796901 880000
0.004000 -131.952548 790000
0.004000 -132.462948 660000
0.004000 -132.462948 630000
0.004000 -130.855537 780000
0.004000 -131.291894 920000
0.004000 -133.686913 760000
0.004000 -131.436443 650000
0.004000 -131.411203 740000
0.004000 -132.375519 680000
0.004000 -133.686913 810000
0.004000 -132.375519 680000
0.004000 -130.387130 790000
0.004000 -129.003138 850000
0.004000 -132.375519 780000
0.004000 -132.375519 770000
0.004000 -130.446582 820000
0.004000 -130.902401 860000
0.004000 -129.609301 820000
0.004000 -131.952548 760000
0.004000 -133.686913 790000
0.004000 -132.462948 670000
0.004000 -133.686913 770000
0.004000 -131.086468 400000
0.004000 -130.855537 760000
0.004000 -132.375519 790000
0.004000 -130.316845 790000
0.004000 -131.057739 750000
0.004000 -132.375519 830000
0.004000 -130.302030 860000
0.004000 -132.525326 800000
0.004000 -129.750824 880000
0.004000 -131.718755 830000
0.004000 -130.215907 830000
0.004000 -127.764581 870000
0.004000 -133.686913 780000
0.004000 -128.492093 840000
0.004000 -128.340918 820000
0.004000 -131.287688 850000
0.004000 -132.525326 820000
0.004000 -131.863558 770000
0.004000 -129.180527 830000
0.004000 -131.171539 830000
0.004000 -131.287688 870000
0.004000 -132.152313 760000
0.004000 -132.462948 680000
0.004000 -133.686913 710000
0.004000 -132.462948 650000
0.004000 -129.342897 770000
0.004000 -129.484276 610000
0.004000 -130.088877 810000
0.004000 -133.686913 760000
0.004000 -133.686913 810000
0.004000 -131.436443 640000
0.004000 -130.387130 810000
0.004000 -132.267099 670000
0.004000 -129.502242 820000
0.004000 -133.686913 680000
0.004000 -129.655829 740000
0.004000 -130.718029 780000
0.004000 -129.761014 650000
0.004000 -132.375519 860000
0.004000 -131.578415 630000
0.004000 -132.152313 800000
0.004000 -131.378824 910000
0.004000 -130.165453 890000
0.004000 -129.609301 850000
0.004000 -132.375519 770000
0.004000 -130.698878 570000
0.004000 -133.686913 790000
0.004000 -132.525326 790000
0.004000 -132.590675 570000
0.004000 -131.805686 810000
0.004000 -130.025820 800000
0.004000 -130.674216 710000
0.004000 -131.064624 650000
0.004000 -129.221439 740000
0.004000 -132.375519 780000
0.004000 -132.525326 830000
0.004000 -127.612639 820000
0.004000 -131.952548 790000
0.005000 -132.375519 650000
0.005000 -129.342897 660000
0.005000 -131.668835 540000
0.005000 -131.718755 660000
0.005000 -132.375519 670000
0.005000 -131.952548 680000
0.005000 -133.686913 730000
0.005000 -132.152313 650000
0.005000 -131.447808 550000
0.005000 -131.030583 730000
0.005000 -129.525447 680000
0.005000 -129.596690 710000
0.005000 -132.152313 650000
0.005000 -132.375519 660000
0.005000 -131.021119 660000
0.005000 -131.718755 670000
0.005000 -133.686913 630000
0.005000 -131.291894 680000
0.005000 -130.473051 640000
0.005000 -131.287688 680000
0.005000 -131.378824 700000
0.005000 -132.525326 720000
0.005000 -131.151554 520000
0.005000 -131.055823 570000
0.005000 -133.686913 650000
0.005000 -131.952548 610000
0.005000 -131.030583 660000
0.005000 -131.863558 660000
0.005000 -129.542116 610000
0.005000 -130.502706 570000
0.005000 -131.805686 650000
0.005000 -132.375519 660000
0.005000 -132.525326 660000
0.005000 -131.952548 680000
0.005000 -128.937654 670000
0.005000 -131.805686 720000
0.005000 -133.686913 690000
0.005000 -131.319975 560000
0.005000 -130.710735 640000
0.005000 -132.525326 680000
0.005000 -131.319975 580000
0.005000 -132.375519 660000
0.005000 -129.294698 650000
0.005000 -128.501529 750000
0.005000 -131.581974 750000
0.005000 -131.291894 730000
0.005000 -128.975334 540000
0.005000 -129.306264 600000
0.005000 -127.340278 550000
0.005000 -132.152313 630000
0.005000 -129.679717 570000
0.005000 -129.393194 830000
0.005000 -129.922285 740000
0.005000 -133.686913 650000
0.005000 -130.387130 640000
0.005000 -133.686913 690000
0.005000 -133.686913 660000
0.005000 -133.686913 630000
0.005000 -133.686913 610000
0.005000 -133.686913 630000
0.005000 -132.525326 650000
0.005000 -133.686913 550000
0.005000 -132.375519 650000
0.005000 -130.515307 580000
0.005000 -130.322621 540000
0.005000 -132.525326 730000
0.005000 -132.525326 670000
0.005000 -129.366784 640000
0.005000 -132.375519 660000
0.005000 -130.711684 600000
0.005000 -133.686913 640000
0.005000 -132.525326 680000
0.005000 -127.677650 670000
0.005000 -129.502242 720000
0.005000 -132.462948 520000
0.005000 -131.491485 580000
0.005000 -131.581974 690000
0.005000 -129.596690 750000
0.005000 -132.375519 680000
0.005000 -130.855537 650000
0.005000 -133.686913 660000
0.005000 -132.525326 710000
0.005000 -132.590675 450000
0.005000 -130.283873 660000
0.005000 -131.212602 650000
0.005000 -131.578415 510000
0.005000 -130.165453 710000
0.005000 -132.525326 700000
0.005000 -132.462948 300000
0.005000 -130.052693 710000
0.005000 -133.686913 650000
0.005000 -133.686913 680000
0.005000 -133.686913 610000
0.005000 -133.686913 660000
0.005000 -132.525326 670000
0.005000 -133.686913 680000
0.005000 -132.971655 410000
0.005000 -129.362738 740000
0.005000 -131.436443 530000
0.005000 -133.686913 650000
0.006000 -131.436443 480000
0.006000 -133.686913 620000
0.006000 -133.686913 590000
0.006000 -129.543547 470000
0.006000 -133.686913 570000
0.006000 -132.590675 470000
0.006000 -132.375519 560000
0.006000 -133.686913 550000
0.006000 -128.346201 480000
0.006000 -131.057739 560000
0.006000 -130.893114 480000
0.006000 -132.590675 510000
0.006000 -129.469511 560000
0.006000 -132.525326 580000
0.006000 -130.541022 560000
0.006000 -133.686913 550000
0.006000 -130.731459 550000
0.006000 -132.375519 560000
0.006000 -130.025820 600000
0.006000 -128.937359 630000
0.006000 -133.686913 570000
0.006000 -133.686913 570000
0.006000 -129.820183 490000
0.006000 -129.106204 620000
0.006000 -130.586896 550000
0.006000 -130.600954 420000
0.006000 -132.375519 540000
0.006000 -132.152313 540000
0.006000 -130.893114 460000
0.006000 -131.718755 580000
0.006000 -133.686913 590000
0.006000 -131.482684 450000
0.006000 -132.462948 460000
0.006000 -131.055823 480000
0.006000 -131.378824 600000
0.006000 -131.436443 470000
0.006000 -131.863558 540000
0.006000 -132.152313 550000
0.006000 -132.152313 560000
0.006000 -131.581974 600000
0.006000 -131.086467 470000
0.006000 -130.893114 460000
0.006000 -133.686913 600000
0.006000 -129.544821 490000
0.006000 -131.952548 560000
0.006000 -131.668835 500000
0.006000 -130.934189 660000
0.006000 -131.863558 570000
0.006000 -132.152313 560000
0.006000 -130.721401 590000
0.006000 -131.471428 540000
0.006000 -131.287688 620000
0.006000 -131.212602 570000
0.006000 -131.086467 490000
0.006000 -131.718755 580000
0.006000 -129.708554 500000
0.006000 -132.525326 610000
0.006000 -129.750824 690000
0.006000 -130.720971 480000
0.006000 -130.302030 630000
0.006000 -133.664760 560000
0.006000 -130.721185 440000
0.006000 -131.287688 580000
0.006000 -130.662310 590000
0.006000 -128.445121 560000
0.006000 -133.686913 520000
0.006000 -129.755955 600000
0.006000 -130.049719 540000
0.006000 -129.820183 470000
0.006000 -131.447808 500000
0.006000 -132.590675 500000
0.006000 -133.686913 580000
0.006000 -132.525326 590000
0.006000 -131.981527 440000
0.006000 -133.686913 570000
0.006000 -131.436443 480000
0.006000 -130.446582 600000
0.006000 -131.668835 480000
0.006000 -133.686913 530000
0.006000 -131.581974 670000
0.006000 -132.207415 510000
0.006000 -133.686913 600000
0.006000 -132.375519 600000
0.006000 -129.834338 500000
0.006000 -129.922285 610000
0.006000 -131.863558 570000
0.006000 -129.621790 460000
0.006000 -132.375519 530000
0.006000 -132.375519 540000
0.006000 -132.152313 590000
0.006000 -132.267099 550000
0.006000 -133.686913 550000
0.006000 -132.590675 500000
0.006000 -132.525326 590000
0.006000 -130.446582 560000
0.006000 -131.291894 640000
0.006000 -132.525326 610000
0.006000 -131.863558 530000
0.006000 -128.287179 480000
0.006000 -133.686913 550000
0.007000 -129.481686 560000
0.007000 -129.880212 410000
0.007000 -131.747690 370000
0.007000 -131.291894 550000
0.007000 -131.863558 510000
0.007000 -129.424672 560000
0.007000 -127.680662 470000
0.007000 -132.590675 420000
0.007000 -130.446582 540000
0.007000 -131.581974 570000
0.007000 -131.411203 460000
0.007000 -128.545032 490000
0.007000 -130.172373 500000
0.007000 -130.049719 500000
0.007000 -132.590675 450000
0.007000 -129.543547 410000
0.007000 -130.662310 500000
0.007000 -131.057739 510000
0.007000 -133.686913 520000
0.007000 -132.375519 510000
0.007000 -128.721230 370000
0.007000 -133.686913 530000
0.007000 -130.876309 430000
0.007000 -132.525326 530000
0.007000 -132.525326 550000
0.007000 -133.686913 500000
0.007000 -133.686913 560000
0.007000 -133.686913 550000
0.007000 -131.436443 420000
0.007000 -130.485329 420000
0.007000 -133.555244 460000
0.007000 -130.855537 490000
0.007000 -131.805686 530000
0.007000 -130.902401 560000
0.007000 -133.555244 450000
0.007000 -132.375519 510000
0.007000 -131.291894 600000
0.007000 -129.820183 460000
0.007000 -132.462948 410000
0.007000 -132.590675 470000
0.007000 -129.221439 480000
0.007000 -133.686913 540000
0.007000 -131.291894 530000
0.007000 -133.686913 460000
0.007000 -132.152313 490000
0.007000 -129.325844 520000
0.007000 -132.462948 420000
0.007000 -132.267099 430000
0.007000 -131.319975 390000
0.007000 -127.872215 490000
0.007000 -131.952548 500000
0.007000 -133.664760 560000
0.007000 -133.686913 490000
0.007000 -132.375519 550000
0.007000 -131.668835 440000
0.007000 -131.064624 450000
0.007000 -129.180527 540000
0.007000 -131.718755 500000
0.007000 -132.462948 440000
0.007000 -131.952548 510000
0.007000 -130.855537 480000
0.007000 -127.573408 520000
0.007000 -129.210357 480000
0.007000 -131.581974 550000
0.007000 -132.525326 520000
0.007000 -132.525326 500000
0.007000 -131.952548 490000
0.007000 -133.686913 520000
0.007000 -132.375519 550000
0.007000 -129.325844 510000
0.007000 -130.989396 500000
0.007000 -132.375519 430000
0.007000 -128.975334 400000
0.007000 -130.893114 380000
0.007000 -132.152313 480000
0.007000 -130.893114 420000
0.007000 -131.668835 450000
0.007000 -131.411203 480000
0.007000 -129.750824 530000
0.007000 -132.525326 540000
0.007000 -132.353367 490000
0.007000 -132.152313 500000
0.007000 -130.322621 420000
0.007000 -131.805686 510000
0.007000 -133.686913 530000
0.007000 -131.378824 530000
0.007000 -133.686913 490000
0.007000 -131.581974 560000
0.007000 -130.502706 470000
0.007000 -129.971979 460000
0.007000 -128.340918 550000
0.007000 -131.805686 510000
0.007000 -133.686913 510000
0.007000 -131.952548 500000
0.007000 -130.341256 510000
0.007000 -131.482684 440000
0.007000 -129.609301 540000
0.007000 -132.152313 470000
0.007000 -133.686913 510000
0.007000 -131.030583 530000
0.008000 -129.880212 400000
0.008000 -131.055823 370000
0.008000 -130.541022 470000
0.008000 -131.212602 450000
0.008000 -129.424672 450000
0.008000 -128.287179 430000
0.008000 -133.686913 480000
0.008000 -131.086468 400000
0.008000 -129.069561 410000
0.008000 -129.971979 390000
0.008000 -130.165453 490000
0.008000 -129.264031 390000
0.008000 -129.596690 490000
0.008000 -131.287688 470000
0.008000 -129.773508 480000
0.008000 -129.953011 370000
0.008000 -131.436443 370000
0.008000 -131.070928 460000
0.008000 -129.180527 470000
0.008000 -131.212602 520000
0.008000 -132.590675 330000
0.008000 -131.212602 450000
0.008000 -133.686913 460000
0.008000 -132.375519 420000
0.008000 -131.411203 430000
0.008000 -129.609301 480000
0.008000 -131.057739 440000
0.008000 -131.030583 450000
0.008000 -130.319104 460000
0.008000 -129.210357 440000
0.008000 -130.095001 480000
0.008000 -129.029775 440000
0.008000 -129.424672 480000
0.008000 -132.152313 440000
0.008000 -130.165453 460000
0.008000 -128.790185 470000
0.008000 -129.596690 540000
0.008000 -133.686913 470000
0.008000 -131.057739 460000
0.008000 -128.868608 390000
0.008000 -130.446582 460000
0.008000 -133.686913 490000
0.008000 -131.030583 460000
0.008000 -128.937359 520000
0.008000 -129.971979 450000
0.008000 -130.855537 450000
0.008000 -131.952548 450000
0.008000 -129.180527 480000
0.008000 -130.892791 460000
0.008000 -129.988636 460000
0.008000 -127.366044 440000
0.008000 -129.033353 470000
0.008000 -131.030583 460000
0.008000 -127.905129 450000
0.008000 -130.302030 500000
0.008000 -131.952548 460000
0.008000 -131.378824 480000
0.008000 -130.283873 610000
0.008000 -132.525326 460000
0.008000 -130.902401 460000
0.008000 -128.997116 450000
0.008000 -130.934189 480000
0.008000 -130.586896 450000
0.008000 -132.525326 470000
0.008000 -131.863558 460000
0.008000 -130.397987 350000
0.008000 -133.686913 420000
0.008000 -129.750824 430000
0.008000 -129.971979 380000
0.008000 -127.928815 430000
0.008000 -131.151554 360000
0.008000 -132.462948 360000
0.008000 -131.805686 500000
0.008000 -131.581974 470000
0.008000 -132.462948 390000
0.008000 -131.086467 380000
0.008000 -130.718029 440000
0.008000 -132.525326 470000
0.008000 -130.898914 410000
0.008000 -132.375519 450000
0.008000 -131.581974 490000
0.008000 -133.686913 430000
0.008000 -131.447808 380000
0.008000 -132.590675 410000
0.008000 -132.525326 550000
0.008000 -131.291894 510000
0.008000 -132.375519 450000
0.008000 -132.525326 480000
0.008000 -131.668835 400000
0.008000 -129.755955 360000
0.008000 -130.718029 450000
0.008000 -130.025820 450000
0.008000 -131.458576 360000
0.008000 -131.447808 380000
0.008000 -130.989396 470000
0.008000 -133.686913 410000
0.008000 -130.792884 360000
0.008000 -130.896022 550000
0.008000 -131.805686 460000
0.008000 -132.590675 410000
0.009000 -131.030583 410000
0.009000 -131.718755 460000
0.009000 -131.212602 410000
0.009000 -129.654685 490000
0.009000 -131.472457 410000
0.009000 -126.882157 440000
0.009000 -130.731459 420000
0.009000 -128.854429 400000
0.009000 -133.686913 370000
0.009000 -130.316845 430000
0.009000 -131.287688 430000
0.009000 -129.820183 350000
0.009000 -131.212602 440000
0.009000 -130.662310 400000
0.009000 -131.148300 320000
0.009000 -133.686913 430000
0.009000 -132.590675 360000
0.009000 -130.808331 400000
0.009000 -129.953011 370000
0.009000 -129.741174 430000
0.009000 -130.873444 430000
0.009000 -130.134687 380000
0.009000 -131.952548 410000
0.009000 -132.130161 410000
0.009000 -129.820183 290000
0.009000 -129.953258 360000
0.009000 -131.482684 250000
0.009000 -132.375519 340000
0.009000 -132.375519 400000
0.009000 -131.057739 360000
0.009000 -132.525326 420000
0.009000 -129.642994 400000
0.009000 -131.064624 340000
0.009000 -131.148300 330000
0.009000 -129.761014 350000
0.009000 -133.686913 440000
0.009000 -127.530423 330000
0.009000 -128.619513 430000
0.009000 -131.805026 420000
0.009000 -132.375519 420000
0.009000 -131.491485 330000
0.009000 -130.642768 440000
0.009000 -131.447808 330000
0.009000 -131.482684 360000
0.009000 -128.760266 390000
0.009000 -133.686913 400000
0.009000 -129.596690 420000
0.009000 -129.237753 320000
0.009000 -129.419302 450000
0.009000 -131.578415 360000
0.009000 -132.462948 400000
0.009000 -131.319975 340000
0.009000 -131.436443 340000
0.009000 -132.375519 420000
0.009000 -131.805026 420000
0.009000 -133.686913 460000
0.009000 -129.593062 420000
0.009000 -132.525326 430000
0.009000 -128.193744 440000
0.009000 -128.391933 280000
0.009000 -131.581974 470000
0.009000 -132.375519 420000
0.009000 -131.863558 380000
0.009000 -131.447808 380000
0.009000 -128.393468 400000
0.009000 -131.863558 390000
0.009000 -133.686913 400000
0.009000 -130.165453 420000
0.009000 -130.855537 390000
0.009000 -131.482684 310000
0.009000 -133.686913 420000
0.009000 -132.375519 420000
0.009000 -131.805686 450000
0.009000 -131.055823 380000
0.009000 -129.403506 360000
0.009000 -133.686913 410000
0.009000 -130.902401 460000
0.009000 -131.393226 460000
0.009000 -129.750824 440000
0.009000 -130.662310 540000
0.009000 -129.926168 460000
0.009000 -131.411203 410000
0.009000 -130.387130 440000
0.009000 -132.462948 350000
0.009000 -128.239077 460000
0.009000 -132.375519 430000
0.009000 -130.165453 470000
0.009000 -130.095001 430000
0.009000 -126.251572 410000
0.009000 -133.686913 420000
0.009000 -131.581974 450000
0.009000 -131.436443 370000
0.009000 -130.902401 480000
0.009000 -132.590675 380000
0.009000 -133.686913 410000
0.009000 -132.152313 420000
0.009000 -127.731056 420000
0.009000 -130.674216 390000
0.009000 -129.820183 380000
0.009000 -133.686913 430000
0.000100 -133.686913 24560000
0.000100 -132.375519 25680000
0.000100 -131.863558 25440000
0.000100 -133.686913 25300000
0.000100 -132.375519 26960000
0.000100 -133.686913 25220000
0.000100 -132.375519 24750000
0.000100 -133.686913 26120000
0.000100 -132.525326 28090000
0.000100 -130.165453 27900000
0.000100 -133.686913 25760000
0.000100 -133.686913 25360000
0.000100 -133.686913 26260000
0.000100 -133.686913 26150000
0.000100 -133.686913 25930000
0.000100 -133.686913 25090000
0.000100 -133.686913 24710000
0.000100 -133.686913 27390000
0.000100 -132.525326 28380000
0.000100 -132.375519 26390000
0.000100 -133.686913 26090000
0.000100 -132.525326 28500000
0.000100 -133.686913 25380000
0.000100 -133.686913 25950000
0.000100 -133.686913 26660000
0.000100 -131.212602 23760000
0.000100 -133.686913 26360000
0.000100 -131.287688 28620000
0.000100 -132.525326 28190000
0.000100 -132.152313 25100000
0.000100 -132.525326 27930000
0.000100 -133.686913 26110000
0.000100 -132.525326 28730000
0.000100 -131.319975 20540000
0.000100 -132.525326 27640000
0.000100 -131.319975 20650000
0.000100 -132.525326 28140000
0.000100 -133.686913 26160000
0.000100 -132.375519 27410000
0.000100 -132.525326 27900000
0.000100 -133.686913 24500000
0.000100 -133.686913 25550000
0.000100 -132.525326 27700000
0.000100 -131.578415 19960000
0.000100 -132.152313 25220000
0.000100 -132.525326 28470000
0.000100 -133.686913 25430000
0.000100 -133.686913 26070000
0.000100 -133.686913 26070000
0.000100 -133.686913 25640000
0.000100 -132.525326 27820000
0.000100 -133.686913 24600000
0.000100 -133.686913 24950000
0.000100 -133.686913 26110000
0.000100 -132.375519 25480000
0.000100 -132.525326 28120000
0.000100 -133.686913 26600000
0.000100 -132.525326 27550000
0.000100 -132.152313 24780000
0.000100 -131.863558 25320000
0.000100 -133.686913 26040000
0.000100 -130.855537 25450000
0.000100 -133.686913 26320000
0.000100 -133.686913 25320000
0.000100 -132.525326 28270000
0.000100 -129.596690 27750000
0.000100 -130.873444 27290000
0.000100 -133.686913 25730000
0.000100 -133.686913 25310000
0.000100 -133.686913 26830000
0.000100 -131.805686 29650000
0.000100 -133.686913 26640000
0.000100 -132.375519 26020000
0.000100 -133.686913 26430000
0.000100 -133.686913 26390000
0.000100 -132.462948 21340000
0.000100 -131.863558 25920000
0.000100 -132.525326 29780000
0.000100 -133.686913 26020000
0.000100 -131.287688 28510000
0.000100 -133.686913 26590000
0.000100 -132.375519 25510000
0.000100 -132.525326 28590000
0.000100 -133.686913 30190000
0.000100 -133.686913 26560000
0.000100 -133.686913 26350000
0.000100 -133.686913 24410000
0.000100 -131.055823 18160000
0.000100 -133.686913 25680000
0.000100 -132.462948 20690000
0.000100 -132.525326 27740000
0.000100 -132.462948 20120000
0.000100 -133.686913 26340000
0.000100 -131.378824 29740000
0.000100 -133.686913 26030000
0.000100 -133.686913 25740000
0.000100 -133.686913 24980000
0.000100 -133.686913 25670000
0.000100 -132.462948 20330000
0.000100 -133.686913 25830000
0.000200 -132.525326 14470000
0.000200 -133.686913 13010000
0.000200 -133.686913 12800000
0.000200 -130.302030 14150000
0.000200 -132.525326 14050000
0.000200 -132.525326 14250000
0.000200 -133.686913 12970000
0.000200 -133.686913 13130000
0.000200 -132.375519 13040000
0.000200 -133.686913 12960000
0.000200 -133.686913 12330000
0.000200 -132.525326 13960000
0.000200 -133.686913 13100000
0.000200 -131.021119 13220000
0.000200 -133.686913 13580000
0.000200 -132.525326 13980000
0.000200 -133.686913 13240000
0.000200 -132.375519 13230000
0.000200 -133.686913 13280000
0.000200 -131.952548 13310000
0.000200 -130.302030 13870000
0.000200 -131.378650 10040000
0.000200 -133.686913 12890000
0.000200 -132.525326 14200000
0.000200 -132.152313 13040000
0.000200 -133.686913 12750000
0.000200 -133.686913 12760000
0.000200 -131.064624 10270000
0.000200 -132.462948 10290000
0.000200 -132.375519 13230000
0.000200 -133.686913 13670000
0.000200 -133.686913 13960000
0.000200 -132.525326 13750000
0.000200 -133.686913 12740000
0.000200 -131.581974 14130000
0.000200 -133.686913 12950000
0.000200 -132.462948 10540000
0.000200 -133.686913 13060000
0.000200 -131.319975 10230000
0.000200 -133.686913 13150000
0.000200 -130.893114 10110000
0.000200 -132.375519 13050000
0.000200 -133.686913 12560000
0.000200 -132.152313 12140000
0.000200 -133.686913 13380000
0.000200 -132.375519 13300000
0.000200 -133.686913 13270000
0.000200 -133.686913 13650000
0.000200 -129.596690 14320000
0.000200 -131.287688 14280000
0.000200 -132.375519 13290000
0.000200 -132.375519 13360000
0.000200 -131.805686 14320000
0.000200 -133.686913 13590000
0.000200 -132.375519 13160000
0.000200 -132.462948 10360000
0.000200 -133.686913 12610000
0.000200 -132.375519 13470000
0.000200 -132.525326 13970000
0.000200 -132.375519 13030000
0.000200 -133.686913 12810000
0.000200 -133.686913 13730000
0.000200 -131.805686 14010000
0.000200 -133.686913 12900000
0.000200 -132.525326 13460000
0.000200 -131.030583 13440000
0.000200 -133.686913 13060000
0.000200 -133.686913 13280000
0.000200 -133.686913 12820000
0.000200 -132.152313 12620000
0.000200 -132.525326 13660000
0.000200 -133.686913 13750000
0.000200 -132.525326 13680000
0.000200 -130.662310 13580000
0.000200 -133.686913 13110000
0.000200 -132.462948 10520000
0.000200 -132.525326 14410000
0.000200 -131.581974 14610000
0.000200 -133.686913 12920000
0.000200 -133.686913 12530000
0.000200 -130.893114 9470000
0.000200 -131.086467 9270000
0.000200 -131.805686 14300000
0.000200 -132.525326 14250000
0.000200 -133.686913 12790000
0.000200 -131.805686 13970000
0.000200 -131.805686 13610000
0.000200 -131.578415 9810000
0.000200 -133.686913 12970000
0.000200 -131.287688 14100000
0.000200 -132.375519 12850000
0.000200 -133.686913 12860000
0.000200 -132.375519 12990000
0.000200 -133.686913 12790000
0.000200 -133.686913 13070000
0.000200 -133.686913 13000000
0.000200 -133.686913 12860000
0.000200 -133.686913 13000000
0.000200 -133.686913 12680000
0.000200 -132.462948 10430000
0.000300 -132.525326 9860000
0.000300 -131.030583 9270000
0.000300 -133.686913 9120000
0.000300 -131.057739 8510000
0.000300 -131.411203 8410000
0.000300 -131.805686 9480000
0.000300 -131.952548 8440000
0.000300 -131.378824 9830000
0.000300 -130.902401 10000000
0.000300 -133.686913 9030000
0.000300 -132.152313 8540000
0.000300 -133.686913 8990000
0.000300 -132.462948 6670000
0.000300 -132.375519 7960000
0.000300 -132.375519 8930000
0.000300 -131.718755 9320000
0.000300 -132.375519 8800000
0.000300 -133.686913 8730000
0.000300 -132.525326 8600000
0.000300 -133.686913 7730000
0.000300 -132.152313 8550000
0.000300 -131.863558 8800000
0.000300 -129.366784 7610000
0.000300 -133.686913 9190000
0.000300 -133.686913 9000000
0.000300 -133.686913 8750000
0.000300 -131.212602 8990000
0.000300 -131.436443 6650000
0.000300 -132.525326 9840000
0.000300 -131.086467 6550000
0.000300 -133.686913 8450000
0.000300 -133.686913 8850000
0.000300 -133.686913 8430000
0.000300 -133.686913 8620000
0.000300 -130.710735 9030000
0.000300 -133.686913 8510000
0.000300 -131.952548 8920000
0.000300 -133.686913 9040000
0.000300 -132.152313 8610000
0.000300 -132.152313 8620000
0.000300 -133.686913 8990000
0.000300 -130.902401 9840000
0.000300 -131.805686 10130000
0.000300 -131.581974 9470000
0.000300 -131.863558 8850000
0.000300 -132.525326 9520000
0.000300 -133.686913 9130000
0.000300 -133.686913 8450000
0.000300 -132.375519 8960000
0.000300 -130.902401 10050000
0.000300 -132.375519 9170000
0.000300 -130.807377 8660000
0.000300 -132.375519 10080000
0.000300 -132.375519 8570000
0.000300 -130.902401 10070000
0.000300 -129.596690 9680000
0.000300 -133.686913 9060000
0.000300 -132.375519 8170000
0.000300 -129.419302 9550000
0.000300 -133.686913 9020000
0.000300 -133.686913 9010000
0.000300 -132.152313 9600000
0.000300 -132.152313 8620000
0.000300 -133.686913 8640000
0.000300 -131.863558 8670000
0.000300 -131.171539 7990000
0.000300 -132.375519 8930000
0.000300 -130.989396 8510000
0.000300 -132.525326 9290000
0.000300 -131.086467 6830000
0.000300 -133.686913 8410000
0.000300 -133.686913 8720000
0.000300 -133.686913 9090000
0.000300 -132.525326 9400000
0.000300 -131.086467 7180000
0.000300 -133.686913 8610000
0.000300 -131.805686 10430000
0.000300 -133.686913 8720000
0.000300 -132.525326 9550000
0.000300 -133.686913 8340000
0.000300 -132.525326 9590000
0.000300 -133.686913 8700000
0.000300 -131.863558 9010000
0.000300 -132.525326 9340000
0.000300 -131.378824 10230000
0.000300 -133.686913 8380000
0.000300 -132.525326 9200000
0.000300 -131.805686 10340000
0.000300 -132.375519 9790000
0.000300 -132.375519 8740000
0.000300 -131.287688 9580000
0.000300 -132.525326 9630000
0.000300 -131.319975 7190000
0.000300 -132.462948 6920000
0.000300 -131.581974 9340000
0.000300 -133.686913 8590000
0.000300 -130.855537 8610000
0.000300 -131.378824 9660000
0.000300 -132.375519 9110000
0.000300 -131.287688 9550000
0.000400 -130.302030 7360000
0.000400 -131.319975 5380000
0.000400 -131.291894 7100000
0.000400 -133.686913 6680000
0.000400 -133.686913 6670000
0.000400 -131.581974 7270000
0.000400 -133.686913 6400000
0.000400 -133.686913 6970000
0.000400 -131.952548 6710000
0.000400 -131.378650 5350000
0.000400 -133.686913 6800000
0.000400 -131.863558 6470000
0.000400 -132.525326 7130000
0.000400 -131.378824 7310000
0.000400 -133.686913 6110000
0.000400 -132.375519 7080000
0.000400 -131.378824 7920000
0.000400 -131.411203 6610000
0.000400 -131.863558 6540000
0.000400 -132.525326 7060000
0.000400 -131.805026 5610000
0.000400 -129.180527 7410000
0.000400 -131.805686 7120000
0.000400 -132.375519 6970000
0.000400 -133.686913 6900000
0.000400 -131.805686 7300000
0.000400 -133.686913 6640000
0.000400 -130.352145 5110000
0.000400 -133.686913 6450000
0.000400 -132.525326 7250000
0.000400 -133.686913 6300000
0.000400 -133.686913 6680000
0.000400 -130.283873 7110000
0.000400 -133.686913 6480000
0.000400 -133.686913 6750000
0.000400 -131.447808 5280000
0.000400 -133.686913 6740000
0.000400 -132.375519 6900000
0.000400 -133.686913 6750000
0.000400 -132.375519 6770000
0.000400 -131.718755 6800000
0.000400 -132.525326 7040000
0.000400 -133.686913 6760000
0.000400 -132.525326 7420000
0.000400 -132.375519 5540000
0.000400 -133.686913 6470000
0.000400 -132.375519 6450000
0.000400 -131.952548 6610000
0.000400 -131.030583 6840000
0.000400 -132.375519 6870000
0.000400 -132.375519 6950000
0.000400 -132.375519 6690000
0.000400 -131.482684 5490000
0.000400 -133.686913 6870000
0.000400 -133.686913 6710000
0.000400 -128.937654 6600000
0.000400 -131.378824 6560000
0.000400 -133.686913 6430000
0.000400 -132.152313 6260000
0.000400 -132.525326 7210000
0.000400 -133.686913 6930000
0.000400 -132.525326 6900000
0.000400 -133.686913 6170000
0.000400 -131.482684 4660000
0.000400 -131.378650 5090000
0.000400 -131.287688 7180000
0.000400 -129.300210 5540000
0.000400 -131.447808 5300000
0.000400 -133.686913 6560000
0.000400 -133.686913 6050000
0.000400 -132.375519 6850000
0.000400 -133.686913 6940000
0.000400 -133.686913 6370000
0.000400 -131.057739 7300000
0.000400 -133.686913 6730000
0.000400 -133.686913 6430000
0.000400 -131.581974 7610000
0.000400 -132.152313 6770000
0.000400 -132.525326 7020000
0.000400 -131.151554 4890000
0.000400 -132.375519 6770000
0.000400 -133.686913 6730000
0.000400 -131.378824 8070000
0.000400 -131.319975 5270000
0.000400 -130.781529 5620000
0.000400 -133.686913 6740000
0.000400 -132.375519 6550000
0.000400 -133.686913 6860000
0.000400 -132.525326 7010000
0.000400 -131.212602 6480000
0.000400 -130.893114 5210000
0.000400 -132.375519 6680000
0.000400 -132.525326 7300000
0.000400 -129.750824 7870000
0.000400 -133.686913 6460000
0.000400 -133.686913 7380000
0.000400 -131.055823 4740000
0.000400 -132.590675 5150000
0.000400 -130.165453 7190000
0.000400 -133.686913 6420000
0.000500 -133.686913 5480000
0.000500 -131.287688 5630000
0.000500 -133.686913 5610000
0.000500 -130.893114 4230000
0.000500 -132.525326 5700000
0.000500 -132.462948 4060000
0.000500 -131.378824 5930000
0.000500 -133.686913 5560000
0.000500 -133.686913 5120000
0.000500 -133.686913 5130000
0.000500 -131.378650 4100000
0.000500 -131.287688 5950000
0.000500 -133.686913 5330000
0.000500 -132.375519 5590000
0.000500 -132.375519 5300000
0.000500 -131.057739 5330000
0.000500 -133.686913 4680000
0.000500 -129.393194 5550000
0.000500 -130.446582 5810000
0.000500 -132.152313 5270000
0.000500 -130.302030 4790000
0.000500 -132.462948 4260000
0.000500 -130.165453 5780000
0.000500 -129.596690 5930000
0.000500 -133.686913 5420000
0.000500 -132.375519 5390000
0.000500 -130.873444 5770000
0.000500 -132.375519 5760000
0.000500 -131.319975 4170000
0.000500 -132.152313 5400000
0.000500 -132.375519 5130000
0.000500 -132.525326 5790000
0.000500 -132.152313 5110000
0.000500 -132.375519 5280000
0.000500 -131.378824 5850000
0.000500 -132.375519 5660000
0.000500 -132.375519 5370000
0.000500 -133.686913 5760000
0.000500 -131.291894 5840000
0.000500 -133.686913 5500000
0.000500 -131.378824 5860000
0.000500 -132.375519 5260000
0.000500 -132.152313 5210000
0.000500 -133.686913 5300000
0.000500 -132.375519 5170000
0.000500 -130.461648 4700000
0.000500 -130.165453 5650000
0.000500 -132.375519 5460000
0.000500 -131.482684 4430000
0.000500 -133.686913 5340000
0.000500 -131.863558 5290000
0.000500 -131.086467 4060000
0.000500 -133.686913 4990000
0.000500 -132.525326 5810000
0.000500 -133.686913 5270000
0.000500 -132.525326 6130000
0.000500 -131.070928 4040000
0.000500 -133.686913 5230000
0.000500 -131.055823 4100000
0.000500 -131.805686 6650000
0.000500 -131.378824 5570000
0.000500 -132.525326 5820000
0.000500 -132.525326 5680000
0.000500 -132.375519 4150000
0.000500 -131.291894 5780000
0.000500 -130.807377 5180000
0.000500 -132.375519 5870000
0.000500 -131.291894 5010000
0.000500 -132.375519 6240000
0.000500 -132.525326 5610000
0.000500 -129.971979 4520000
0.000500 -133.686913 5710000
0.000500 -131.055823 4280000
0.000500 -132.375519 5370000
0.000500 -133.686913 4980000
0.000500 -132.152313 5210000
0.000500 -131.718755 5770000
0.000500 -131.411203 5220000
0.000500 -133.686913 5490000
0.000500 -132.375519 5430000
0.000500 -129.988636 5530000
0.000500 -131.482684 4440000
0.000500 -133.686913 5120000
0.000500 -133.686913 5470000
0.000500 -133.686913 5350000
0.000500 -132.525326 5750000
0.000500 -132.462948 3440000
0.000500 -133.686913 5160000
0.000500 -132.375519 5570000
0.000500 -130.893114 3260000
0.000500 -132.375519 5600000
0.000500 -131.436443 4280000
0.000500 -133.686913 5360000
0.000500 -133.686913 5450000
0.000500 -133.686913 4910000
0.000500 -131.151554 4060000
0.000500 -132.525326 5540000
0.000500 -131.863558 5210000
0.000500 -133.686913 5420000
0.000500 -133.686913 5070000
0.000600 -129.527619 5040000
0.000600 -130.662310 4660000
0.000600 -132.375519 4390000
0.000600 -130.165453 4640000
0.000600 -133.686913 4510000
0.000600 -131.287688 4960000
0.000600 -128.975334 3270000
0.000600 -132.152313 4430000
0.000600 -132.375519 4750000
0.000600 -133.686913 4370000
0.000600 -132.375519 4790000
0.000600 -132.462948 3590000
0.000600 -132.525326 4840000
0.000600 -132.525326 4760000
0.000600 -133.686913 4330000
0.000600 -132.375519 4380000
0.000600 -133.686913 4420000
0.000600 -133.686913 4820000
0.000600 -132.462948 2850000
0.000600 -132.462948 3650000
0.000600 -130.873444 4790000
0.000600 -132.462948 3550000
0.000600 -132.152313 4290000
0.000600 -132.375519 4170000
0.000600 -131.581974 5020000
0.000600 -131.482684 3590000
0.000600 -133.686913 4610000
0.000600 -132.375519 4670000
0.000600 -131.057739 4800000
0.000600 -131.378824 4900000
0.000600 -132.375519 4580000
0.000600 -130.446582 4720000
0.000600 -132.525326 4710000
0.000600 -129.596690 4770000
0.000600 -133.686913 4580000
0.000600 -131.436443 3170000
0.000600 -132.152313 4230000
0.000600 -130.502706 3700000
0.000600 -128.803193 3200000
0.000600 -129.679717 3560000
0.000600 -132.462948 3500000
0.000600 -132.525326 4860000
0.000600 -133.686913 4430000
0.000600 -131.447808 3500000
0.000600 -132.525326 4850000
0.000600 -132.525326 4700000
0.000600 -133.686913 4390000
0.000600 -132.525326 4660000
0.000600 -133.686913 4410000
0.000600 -130.515307 3850000
0.000600 -132.152313 4670000
0.000600 -132.525326 4790000
0.000600 -133.686913 4210000
0.000600 -131.378650 3700000
0.000600 -133.686913 4660000
0.000600 -132.152313 4390000
0.000600 -131.378650 3430000
0.000600 -131.212602 4660000
0.000600 -133.686913 4440000
0.000600 -133.686913 4450000
0.000600 -132.525326 4800000
0.000600 -132.462948 3840000
0.000600 -133.686913 4520000
0.000600 -131.578415 3590000
0.000600 -133.686913 4040000
0.000600 -132.375519 4100000
0.000600 -131.863558 4280000
0.000600 -130.302030 5030000
0.000600 -131.952548 4300000
0.000600 -131.581974 5040000
0.000600 -131.287688 4930000
0.000600 -132.375519 4710000
0.000600 -130.902401 4920000
0.000600 -131.581974 5200000
0.000600 -131.287688 4880000
0.000600 -131.805686 4760000
0.000600 -133.686913 4350000
0.000600 -131.151554 3570000
0.000600 -131.805686 4970000
0.000600 -133.686913 4640000
0.000600 -132.462948 3650000
0.000600 -131.863558 4600000
0.000600 -132.525326 4870000
0.000600 -133.686913 4460000
0.000600 -133.686913 4740000
0.000600 -133.686913 4760000
0.000600 -133.686913 4330000
0.000600 -132.590675 3360000
0.000600 -132.152313 4280000
0.000600 -133.577396 4010000
0.000600 -132.375519 4330000
0.000600 -132.375519 4570000
0.000600 -133.686913 4640000
0.000600 -133.686913 4480000
0.000600 -133.686913 4040000
0.000600 -133.686913 4410000
0.000600 -132.375519 4430000
0.000600 -131.952548 4520000
0.000600 -133.686913 4400000
0.000600 -130.662310 6040000
0.000700 -130.893114 3070000
0.000700 -132.525326 4200000
0.000700 -130.855537 3760000
0.000700 -132.525326 4130000
0.000700 -131.581974 4230000
0.000700 -132.525326 4130000
0.000700 -131.086467 2450000
0.000700 -133.686913 3800000
0.000700 -132.525326 4030000
0.000700 -128.937654 3890000
0.000700 -132.375519 3830000
0.000700 -129.267337 2910000
0.000700 -133.686913 3720000
0.000700 -132.525326 4100000
0.000700 -131.030583 3820000
0.000700 -132.525326 4140000
0.000700 -130.902401 4250000
0.000700 -133.686913 3460000
0.000700 -131.718755 4130000
0.000700 -130.893114 3110000
0.000700 -131.030583 3590000
0.000700 -132.462948 3270000
0.000700 -131.578415 3130000
0.000700 -128.803193 2860000
0.000700 -132.375519 3710000
0.000700 -130.893114 2790000
0.000700 -133.686913 3810000
0.000700 -133.686913 3960000
0.000700 -132.525326 4230000
0.000700 -132.525326 4110000
0.000700 -127.573408 4060000
0.000700 -131.021119 4370000
0.000700 -132.525326 4130000
0.000700 -131.805686 5050000
0.000700 -129.003138 4230000
0.000700 -133.686913 3150000
0.000700 -130.446582 4020000
0.000700 -130.902401 4310000
0.000700 -131.057739 3840000
0.000700 -133.686913 3950000
0.000700 -130.934189 4250000
0.000700 -133.686913 3860000
0.000700 -131.212602 3980000
0.000700 -130.302030 4490000
0.000700 -130.855537 3910000
0.000700 -131.378650 3000000
0.000700 -133.686913 3960000
0.000700 -130.902401 4470000
0.000700 -130.088877 4150000
0.000700 -132.462948 3100000
0.000700 -133.686913 3820000
0.000700 -131.482684 3760000
0.000700 -132.462948 3120000
0.000700 -131.952548 3940000
0.000700 -131.805686 4100000
0.000700 -132.375519 3940000
0.000700 -131.952548 3780000
0.000700 -132.525326 4190000
0.000700 -131.378824 4220000
0.000700 -131.952548 3860000
0.000700 -133.686913 4020000
0.000700 -133.686913 3940000
0.000700 -133.686913 4020000
0.000700 -132.152313 3790000
0.000700 -131.378824 3910000
0.000700 -131.578415 3200000
0.000700 -130.662310 3890000
0.000700 -130.642768 4090000
0.000700 -132.375519 4080000
0.000700 -132.525326 4210000
0.000700 -133.686913 3990000
0.000700 -133.686913 3650000
0.000700 -133.686913 3740000
0.000700 -133.686913 4040000
0.000700 -133.686913 3820000
0.000700 -132.525326 4050000
0.000700 -132.525326 4090000
0.000700 -131.863558 3650000
0.000700 -132.525326 4220000
0.000700 -130.989396 3430000
0.000700 -132.554813 2700000
0.000700 -133.686913 3820000
0.000700 -131.952548 3880000
0.000700 -131.378824 4570000
0.000700 -132.525326 4220000
0.000700 -132.375519 4150000
0.000700 -132.525326 3970000
0.000700 -131.378824 4260000
0.000700 -131.057739 4080000
0.000700 -131.952548 3870000
0.000700 -132.375519 3960000
0.000700 -132.375519 4060000
0.000700 -132.525326 4210000
0.000700 -133.686913 4130000
0.000700 -132.375519 3940000
0.000700 -133.686913 3590000
0.000700 -132.375519 4000000
0.000700 -133.686913 4140000
0.000700 -131.291894 4270000
0.000700 -133.686913 3830000
0.000800 -133.686913 3150000
0.000800 -133.686913 3280000
0.000800 -130.674216 2640000
0.000800 -131.805686 3670000
0.000800 -131.581974 3780000
0.000800 -133.686913 3210000
0.000800 -133.686913 3480000
0.000800 -133.686913 3490000
0.000800 -133.686913 3380000
0.000800 -133.686913 3400000
0.000800 -131.378824 3710000
0.000800 -129.003138 3700000
0.000800 -133.686913 3520000
0.000800 -131.805686 3660000
0.000800 -131.287688 3730000
0.000800 -129.596690 3790000
0.000800 -131.057739 3460000
0.000800 -133.686913 3510000
0.000800 -131.064624 2670000
0.000800 -129.267337 2670000
0.000800 -131.436443 2730000
0.000800 -133.686913 2830000
0.000800 -130.302030 4680000
0.000800 -132.152313 3360000
0.000800 -133.686913 3460000
0.000800 -133.686913 3340000
0.000800 -131.447808 2660000
0.000800 -131.151554 2550000
0.000800 -131.057739 3410000
0.000800 -132.462948 2700000
0.000800 -132.462948 2700000
0.000800 -133.686913 3350000
0.000800 -132.152313 3260000
0.000800 -132.375519 3280000
0.000800 -133.686913 3490000
0.000800 -129.922285 3670000
0.000800 -133.686913 3160000
0.000800 -131.378650 2730000
0.000800 -132.525326 3670000
0.000800 -132.375519 3670000
0.000800 -131.287688 3770000
0.000800 -133.686913 3440000
0.000800 -129.356570 2700000
0.000800 -131.952548 3370000
0.000800 -133.686913 3200000
0.000800 -133.686913 3620000
0.000800 -133.686913 3390000
0.000800 -129.180527 3610000
0.000800 -133.686913 3120000
0.000800 -133.686913 3210000
0.000800 -131.581974 4980000
0.000800 -132.525326 3680000
0.000800 -131.378650 2700000
0.000800 -130.710735 3590000
0.000800 -132.462948 2660000
0.000800 -132.525326 3530000
0.000800 -131.212602 3470000
0.000800 -128.803193 2660000
0.000800 -131.447808 2620000
0.000800 -128.188586 3650000
0.000800 -133.686913 3470000
0.000800 -133.686913 3550000
0.000800 -131.863558 3460000
0.000800 -131.718755 3560000
0.000800 -133.686913 3560000
0.000800 -132.375519 3750000
0.000800 -132.152313 3380000
0.000800 -130.855537 3310000
0.000800 -133.686913 3160000
0.000800 -131.055823 2580000
0.000800 -132.525326 3730000
0.000800 -132.590675 2590000
0.000800 -131.287688 3820000
0.000800 -133.686913 3360000
0.000800 -130.883194 2700000
0.000800 -133.686913 3360000
0.000800 -132.375519 3280000
0.000800 -131.378824 3750000
0.000800 -132.375519 3460000
0.000800 -130.049719 3400000
0.000800 -131.378824 3740000
0.000800 -131.581974 3770000
0.000800 -132.525326 3690000
0.000800 -130.893114 2760000
0.000800 -133.686913 3540000
0.000800 -133.686913 3660000
0.000800 -131.436443 2710000
0.000800 -132.462948 2730000
0.000800 -130.165453 3550000
0.000800 -132.375519 3150000
0.000800 -133.686913 3410000
0.000800 -133.686913 3280000
0.000800 -130.902401 3720000
0.000800 -132.152313 3390000
0.000800 -133.686913 3410000
0.000800 -133.686913 3510000
0.000800 -131.378650 2770000
0.000800 -133.686913 3520000
0.000800 -132.462948 2660000
0.000800 -133.686913 3630000
0.000900 -133.686913 2610000
0.000900 -132.375519 3020000
0.000900 -130.855537 3280000
0.000900 -130.283873 3240000
0.000900 -133.686913 3000000
0.000900 -132.525326 3170000
0.000900 -131.086467 1990000
0.000900 -132.375519 3160000
0.000900 -132.375519 3230000
0.000900 -131.021119 3770000
0.000900 -130.165453 3350000
0.000900 -131.581974 3200000
0.000900 -133.686913 2740000
0.000900 -131.411203 2950000
0.000900 -131.805686 3250000
0.000900 -129.609301 3050000
0.000900 -131.805686 3180000
0.000900 -130.711684 2380000
0.000900 -132.525326 3260000
0.000900 -131.447808 2120000
0.000900 -131.030583 3080000
0.000900 -132.375519 3170000
0.000900 -131.581974 3480000
0.000900 -133.686913 3000000
0.000900 -133.686913 3080000
0.000900 -133.686913 3010000
0.000900 -130.710735 3160000
0.000900 -133.686913 3030000
0.000900 -132.375519 2930000
0.000900 -131.863558 3090000
0.000900 -131.482684 2410000
0.000900 -131.482684 2420000
0.000900 -131.952548 3070000
0.000900 -133.686913 2980000
0.000900 -133.686913 2960000
0.000900 -133.686913 3150000
0.000900 -133.686913 2750000
0.000900 -130.781529 2950000
0.000900 -128.780684 2950000
0.000900 -130.049719 2990000
0.000900 -131.863558 3080000
0.000900 -131.057739 3040000
0.000900 -133.686913 3140000
0.000900 -130.902401 3250000
0.000900 -133.686913 2890000
0.000900 -131.086467 2070000
0.000900 -132.152313 3240000
0.000900 -133.686913 3130000
0.000900 -130.902401 3220000
0.000900 -131.863558 3120000
0.000900 -132.375519 3070000
0.000900 -133.686913 3200000
0.000900 -133.686913 2980000
0.000900 -129.069561 2910000
0.000900 -133.686913 3120000
0.000900 -132.375519 3140000
0.000900 -131.668835 2230000
0.000900 -129.596690 3330000
0.000900 -129.596690 3570000
0.000900 -131.578415 2550000
0.000900 -131.805686 3210000
0.000900 -131.718755 3320000
0.000900 -131.378824 3300000
0.000900 -133.686913 3160000
0.000900 -130.934189 3050000
0.000900 -132.525326 3190000
0.000900 -128.109734 3280000
0.000900 -130.711684 2440000
0.000900 -133.686913 3110000
0.000900 -132.152313 2970000
0.000900 -132.462948 2470000
0.000900 -132.525326 3300000
0.000900 -131.581974 3080000
0.000900 -133.686913 3020000
0.000900 -132.525326 3150000
0.000900 -132.375519 2840000
0.000900 -132.375519 3150000
0.000900 -133.686913 2930000
0.000900 -130.902401 3450000
0.000900 -130.893114 2300000
0.000900 -133.686913 3110000
0.000900 -133.686913 3110000
0.000900 -131.863558 3040000
0.000900 -133.686913 3100000
0.000900 -131.805026 3020000
0.000900 -131.436443 2350000
0.000900 -133.686913 2770000
0.000900 -132.152313 3260000
0.000900 -132.525326 3230000
0.000900 -133.686913 3110000
0.000900 -129.393194 3490000
0.000900 -132.375519 2800000
0.000900 -132.152313 3050000
0.000900 -133.686913 3090000
0.000900 -131.581974 3490000
0.000900 -132.375519 2820000
0.000900 -131.436443 2530000
0.000900 -129.922285 3080000
0.000900 -131.030583 2690000
0.000900 -133.686913 2970000
0.000010 -133.686913 253240000
0.000010 -131.491485 191790000
0.000010 -133.686913 252240000
0.000010 -132.525326 269640000
0.000010 -133.686913 253990000
0.000010 -132.375519 261890000
0.000010 -133.686913 247180000
0.000010 -133.686913 255190000
0.000010 -133.686913 247410000
0.000010 -133.686913 300290000
0.000010 -133.686913 255660000
0.000010 -132.525326 275630000
0.000010 -131.378824 289290000
0.000010 -133.686913 256610000
0.000010 -132.152313 240870000
0.000010 -133.686913 253330000
0.000010 -132.525326 275600000
0.000010 -133.686913 253260000
0.000010 -133.686913 255700000
0.000010 -133.686913 255870000
0.000010 -133.686913 259220000
0.000010 -133.686913 252310000
0.000010 -133.686913 249700000
0.000010 -133.686913 251060000
0.000010 -133.686913 257330000
0.000010 -133.686913 247820000
0.000010 -133.686913 252280000
0.000010 -133.686913 250470000
0.000010 -133.686913 252840000
0.000010 -132.525326 275810000
0.000010 -132.375519 257630000
0.000010 -133.686913 254640000
0.000010 -133.686913 251870000
0.000010 -133.686913 250050000
0.000010 -133.686913 250950000
0.000010 -133.686913 245810000
0.000010 -131.805686 278440000
0.000010 -133.686913 256050000
0.000010 -133.686913 253040000
0.000010 -133.686913 254310000
0.000010 -133.686913 245970000
0.000010 -132.462948 194760000
0.000010 -133.686913 252400000
0.000010 -133.686913 255120000
0.000010 -131.805686 267390000
0.000010 -132.525326 275810000
0.000010 -131.952548 254540000
0.000010 -133.686913 253630000
0.000010 -131.378824 276760000
0.000010 -133.686913 251150000
0.000010 -133.686913 255930000
0.000010 -132.462948 193440000
0.000010 -132.375519 255520000
0.000010 -133.686913 250610000
0.000010 -132.525326 274530000
0.000010 -133.686913 236500000
0.000010 -133.686913 244930000
0.000010 -133.686913 253840000
0.000010 -132.525326 273480000
0.000010 -133.686913 250100000
0.000010 -132.525326 275980000
0.000010 -133.686913 253290000
0.000010 -133.686913 252530000
0.000010 -133.686913 243430000
0.000010 -133.686913 254290000
0.000010 -133.686913 252060000
0.000010 -131.805686 284460000
0.000010 -132.525326 275550000
0.000010 -133.686913 252520000
0.000010 -130.581061 172470000
0.000010 -133.686913 257670000
0.000010 -132.462948 197470000
0.000010 -132.525326 271260000
0.000010 -133.686913 248900000
0.000010 -133.686913 255010000
0.000010 -132.525326 272570000
0.000010 -132.525326 272990000
0.000010 -132.525326 275380000
0.000010 -133.686913 257120000
0.000010 -133.686913 245290000
0.000010 -132.525326 278740000
0.000010 -130.893114 175960000
0.000010 -133.686913 252050000
0.000010 -133.686913 248990000
0.000010 -133.686913 253950000
0.000010 -133.686913 249800000
0.000010 -133.686913 254950000
0.000010 -133.686913 250660000
0.000010 -132.525326 275430000
0.000010 -131.581974 276310000
0.000010 -133.686913 247640000
0.000010 -133.686913 248320000
0.000010 -133.686913 253220000
0.000010 -132.375519 262470000
0.000010 -133.686913 254990000
0.000010 -133.686913 255070000
0.000010 -131.952548 244130000
0.000010 -133.686913 253040000
0.000010 -133.686913 257140000
0.000010 -133.686913 255750000
0.000020 -131.151554 103020000
0.000020 -133.686913 128770000
0.000020 -132.375519 126530000
0.000020 -130.855537 124410000
0.000020 -132.462948 100320000
0.000020 -133.686913 128140000
0.000020 -133.686913 126210000
0.000020 -133.686913 129840000
0.000020 -131.805686 132280000
0.000020 -133.686913 126200000
0.000020 -133.686913 129420000
0.000020 -133.686913 125610000
0.000020 -132.525326 135820000
0.000020 -133.686913 124430000
0.000020 -133.686913 128620000
0.000020 -133.686913 126090000
0.000020 -130.049719 124560000
0.000020 -131.378824 126920000
0.000020 -132.375519 124020000
0.000020 -132.525326 137890000
0.000020 -132.375519 124260000
0.000020 -133.686913 128430000
0.000020 -132.525326 137740000
0.000020 -133.686913 121950000
0.000020 -133.686913 120080000
0.000020 -132.462948 99350000
0.000020 -133.686913 127460000
0.000020 -133.686913 127510000
0.000020 -133.686913 126690000
0.000020 -133.686913 126850000
0.000020 -132.525326 138120000
0.000020 -133.686913 128630000
0.000020 -131.378824 150450000
0.000020 -132.525326 136990000
0.000020 -131.378650 90420000
0.000020 -133.686913 127400000
0.000020 -133.686913 124910000
0.000020 -133.686913 129270000
0.000020 -133.686913 122980000
0.000020 -133.686913 126800000
0.000020 -133.686913 126180000
0.000020 -131.863558 120700000
0.000020 -133.686913 130920000
0.000020 -133.686913 122680000
0.000020 -132.525326 137590000
0.000020 -133.686913 125040000
0.000020 -131.287688 140530000
0.000020 -133.686913 125600000
0.000020 -133.686913 126520000
0.000020 -131.378824 146430000
0.000020 -133.686913 126380000
0.000020 -133.686913 129230000
0.000020 -133.686913 125820000
0.000020 -132.375519 127640000
0.000020 -131.581974 134720000
0.000020 -131.319975 99040000
0.000020 -133.686913 128880000
0.000020 -132.525326 137550000
0.000020 -132.375519 128110000
0.000020 -132.375519 128260000
0.000020 -132.375519 133050000
0.000020 -133.686913 126390000
0.000020 -133.686913 125810000
0.000020 -132.525326 137100000
0.000020 -133.686913 130840000
0.000020 -133.686913 126690000
0.000020 -133.686913 126830000
0.000020 -132.375519 128000000
0.000020 -133.686913 128900000
0.000020 -132.525326 136580000
0.000020 -133.686913 129450000
0.000020 -133.686913 128070000
0.000020 -133.686913 128460000
0.000020 -131.805686 140070000
0.000020 -133.686913 129390000
0.000020 -133.686913 126850000
0.000020 -132.525326 137120000
0.000020 -132.462948 96360000
0.000020 -133.686913 129460000
0.000020 -133.686913 127980000
0.000020 -133.686913 117200000
0.000020 -133.686913 125980000
0.000020 -133.686913 127980000
0.000020 -132.525326 138370000
0.000020 -133.686913 129190000
0.000020 -132.525326 137000000
0.000020 -133.686913 126410000
0.000020 -131.378824 144870000
0.000020 -131.378824 135570000
0.000020 -132.525326 138310000
0.000020 -133.686913 125690000
0.000020 -131.287688 138190000
0.000020 -132.462948 94040000
0.000020 -133.686913 126240000
0.000020 -133.686913 126070000
0.000020 -132.375519 126170000
0.000020 -133.686913 128310000
0.000020 -133.686913 127670000
0.000020 -133.686913 124520000
0.000020 -133.686913 129600000
0.000030 -132.525326 93460000
0.000030 -133.686913 85070000
0.000030 -132.525326 90950000
0.000030 -133.686913 84140000
0.000030 -131.805686 100130000
0.000030 -133.686913 85910000
0.000030 -133.686913 86000000
0.000030 -132.375519 84960000
0.000030 -133.686913 85810000
0.000030 -132.375519 86090000
0.000030 -132.525326 90950000
0.000030 -133.686913 86240000
0.000030 -132.462948 65360000
0.000030 -133.686913 86110000
0.000030 -133.686913 83350000
0.000030 -132.525326 91430000
0.000030 -132.525326 93100000
0.000030 -132.375519 83780000
0.000030 -133.686913 85190000
0.000030 -133.686913 85960000
0.000030 -132.525326 91730000
0.000030 -132.462948 64800000
0.000030 -133.686913 86360000
0.000030 -133.686913 85310000
0.000030 -132.375519 87470000
0.000030 -133.686913 83340000
0.000030 -132.525326 91980000
0.000030 -131.863558 85580000
0.000030 -133.686913 87120000
0.000030 -131.057739 80750000
0.000030 -133.686913 85190000
0.000030 -132.462948 65410000
0.000030 -132.525326 92510000
0.000030 -133.686913 85560000
0.000030 -133.686913 85940000
0.000030 -130.215907 84810000
0.000030 -133.686913 84440000
0.000030 -132.525326 91280000
0.000030 -133.686913 85380000
0.000030 -133.686913 83990000
0.000030 -132.525326 92880000
0.000030 -133.686913 86240000
0.000030 -133.686913 84650000
0.000030 -131.151554 66000000
0.000030 -133.686913 86800000
0.000030 -133.686913 81980000
0.000030 -133.686913 85060000
0.000030 -133.686913 85670000
0.000030 -133.686913 86390000
0.000030 -133.686913 84730000
0.000030 -133.686913 84050000
0.000030 -133.686913 84640000
0.000030 -133.686913 82500000
0.000030 -132.525326 92040000
0.000030 -132.375519 88600000
0.000030 -133.686913 83340000
0.000030 -133.686913 86190000
0.000030 -133.686913 84060000
0.000030 -132.375519 88810000
0.000030 -133.686913 82000000
0.000030 -133.686913 85610000
0.000030 -133.686913 87460000
0.000030 -133.686913 86530000
0.000030 -133.686913 88030000
0.000030 -131.805686 92960000
0.000030 -133.686913 85620000
0.000030 -132.525326 101870000
0.000030 -133.686913 85610000
0.000030 -133.686913 85170000
0.000030 -133.686913 85740000
0.000030 -131.378824 93610000
0.000030 -133.686913 87880000
0.000030 -133.686913 84790000
0.000030 -133.686913 85380000
0.000030 -133.686913 84330000
0.000030 -133.686913 87230000
0.000030 -133.686913 85240000
0.000030 -133.686913 84430000
0.000030 -133.686913 85210000
0.000030 -133.686913 85070000
0.000030 -132.462948 68120000
0.000030 -132.375519 86720000
0.000030 -133.686913 84480000
0.000030 -131.805686 91730000
0.000030 -133.686913 85070000
0.000030 -133.686913 86460000
0.000030 -133.686913 85360000
0.000030 -133.686913 83990000
0.000030 -133.686913 83760000
0.000030 -133.686913 83840000
0.000030 -133.686913 83290000
0.000030 -132.375519 85530000
0.000030 -131.805686 89740000
0.000030 -132.375519 86800000
0.000030 -133.686913 87620000
0.000030 -132.525326 92790000
0.000030 -132.375519 85270000
0.000030 -132.525326 92950000
0.000030 -133.686913 82310000
0.000030 -133.686913 85100000
0.000040 -132.152313 64260000
0.000040 -132.525326 69560000
0.000040 -133.686913 63370000
0.000040 -131.378824 77310000
0.000040 -133.686913 63960000
0.000040 -133.686913 66160000
0.000040 -133.686913 64150000
0.000040 -133.686913 64070000
0.000040 -133.686913 65070000
0.000040 -132.375519 69120000
0.000040 -133.686913 63760000
0.000040 -132.462948 48270000
0.000040 -133.686913 64100000
0.000040 -130.855537 62940000
0.000040 -133.686913 64560000
0.000040 -133.686913 62750000
0.000040 -133.686913 63950000
0.000040 -131.805686 69180000
0.000040 -132.462948 51230000
0.000040 -133.686913 62630000
0.000040 -131.057739 62570000
0.000040 -133.686913 61500000
0.000040 -133.686913 63230000
0.000040 -133.686913 64380000
0.000040 -133.686913 63480000
0.000040 -133.686913 65790000
0.000040 -133.686913 64490000
0.000040 -133.686913 62350000
0.000040 -133.686913 63240000
0.000040 -131.378650 47200000
0.000040 -131.952548 62300000
0.000040 -133.686913 63930000
0.000040 -133.686913 63340000
0.000040 -132.152313 63390000
0.000040 -133.686913 64900000
0.000040 -133.686913 64440000
0.000040 -133.686913 65850000
0.000040 -133.686913 62170000
0.000040 -133.686913 63910000
0.000040 -133.686913 65780000
0.000040 -132.375519 64700000
0.000040 -131.378824 71240000
0.000040 -133.686913 62180000
0.000040 -133.686913 65470000
0.000040 -133.686913 63290000
0.000040 -132.375519 66560000
0.000040 -133.686913 63720000
0.000040 -133.686913 63860000
0.000040 -133.686913 62580000
0.000040 -133.686913 67250000
0.000040 -133.686913 62680000
0.000040 -133.686913 63000000
0.000040 -133.686913 64210000
0.000040 -131.064624 44020000
0.000040 -133.686913 63220000
0.000040 -132.525326 68960000
0.000040 -133.686913 63790000
0.000040 -132.525326 69110000
0.000040 -133.686913 63620000
0.000040 -132.525326 69060000
0.000040 -131.030583 63910000
0.000040 -133.686913 64610000
0.000040 -132.152313 62470000
0.000040 -132.525326 69480000
0.000040 -133.686913 64590000
0.000040 -132.525326 68980000
0.000040 -132.525326 69180000
0.000040 -132.462948 50030000
0.000040 -133.686913 62470000
0.000040 -132.375519 62410000
0.000040 -133.686913 64950000
0.000040 -133.686913 64680000
0.000040 -133.686913 65320000
0.000040 -133.686913 63130000
0.000040 -133.686913 63780000
0.000040 -130.902401 71220000
0.000040 -131.581974 66420000
0.000040 -131.805686 71720000
0.000040 -132.462948 51070000
0.000040 -133.686913 65280000
0.000040 -133.686913 62840000
0.000040 -133.686913 64970000
0.000040 -132.152313 62410000
0.000040 -133.686913 65810000
0.000040 -132.375519 66330000
0.000040 -132.462948 48830000
0.000040 -132.525326 68910000
0.000040 -133.686913 63000000
0.000040 -133.686913 63370000
0.000040 -133.686913 62830000
0.000040 -132.525326 70000000
0.000040 -133.686913 63270000
0.000040 -133.686913 63160000
0.000040 -133.686913 65740000
0.000040 -133.686913 62010000
0.000040 -133.686913 63510000
0.000040 -133.686913 65020000
0.000040 -132.375519 61840000
0.000040 -133.686913 65760000
0.000040 -133.686913 63350000
0.000050 -133.686913 51330000
0.000050 -133.686913 51300000
0.000050 -131.863558 50310000
0.000050 -133.686913 52980000
0.000050 -132.525326 53180000
0.000050 -133.686913 52170000
0.000050 -133.686913 50180000
0.000050 -133.686913 51910000
0.000050 -132.375519 51190000
0.000050 -133.686913 50680000
0.000050 -132.375519 51450000
0.000050 -133.686913 49200000
0.000050 -133.686913 52020000
0.000050 -131.581974 53320000
0.000050 -132.525326 55220000
0.000050 -133.686913 52640000
0.000050 -132.525326 55830000
0.000050 -131.805686 54920000
0.000050 -133.686913 52750000
0.000050 -131.863558 49980000
0.000050 -133.686913 50590000
0.000050 -133.686913 50760000
0.000050 -133.686913 51510000
0.000050 -131.378824 54400000
0.000050 -133.686913 51350000
0.000050 -133.686913 50010000
0.000050 -133.686913 51080000
0.000050 -132.525326 55610000
0.000050 -133.686913 51200000
0.000050 -131.805686 59430000
0.000050 -133.686913 49660000
0.000050 -131.064624 35360000
0.000050 -132.525326 56090000
0.000050 -132.525326 55510000
0.000050 -133.686913 52050000
0.000050 -131.447808 36440000
0.000050 -132.525326 55000000
0.000050 -133.686913 52350000
0.000050 -132.152313 49940000
0.000050 -133.686913 51670000
0.000050 -132.375519 52160000
0.000050 -133.686913 52760000
0.000050 -133.686913 50310000
0.000050 -133.686913 50280000
0.000050 -133.686913 51660000
0.000050 -132.525326 55970000
0.000050 -133.686913 51650000
0.000050 -132.525326 54410000
0.000050 -132.525326 55210000
0.000050 -133.686913 51690000
0.000050 -132.375519 53860000
0.000050 -131.378824 56030000
0.000050 -133.686913 52560000
0.000050 -132.525326 55000000
0.000050 -133.686913 50600000
0.000050 -132.525326 57230000
0.000050 -133.686913 51700000
0.000050 -133.686913 51490000
0.000050 -133.686913 52430000
0.000050 -133.686913 51430000
0.000050 -132.375519 53370000
0.000050 -132.525326 55200000
0.000050 -133.686913 51110000
0.000050 -130.049719 51320000
0.000050 -133.686913 51430000
0.000050 -133.686913 50850000
0.000050 -131.378824 56810000
0.000050 -133.686913 49540000
0.000050 -133.686913 50400000
0.000050 -132.525326 55630000
0.000050 -133.686913 50110000
0.000050 -132.525326 55010000
0.000050 -132.525326 55340000
0.000050 -133.686913 51240000
0.000050 -133.686913 52500000
0.000050 -133.686913 53490000
0.000050 -132.525326 55120000
0.000050 -131.287688 55670000
0.000050 -133.686913 50750000
0.000050 -132.152313 49390000
0.000050 -131.581974 55680000
0.000050 -132.525326 55420000
0.000050 -133.686913 51350000
0.000050 -131.863558 50590000
0.000050 -133.686913 51500000
0.000050 -132.375519 51330000
0.000050 -133.686913 51580000
0.000050 -133.686913 51380000
0.000050 -133.686913 52760000
0.000050 -133.686913 52490000
0.000050 -132.375519 52650000
0.000050 -132.525326 54560000
0.000050 -132.525326 55220000
0.000050 -133.686913 53330000
0.000050 -133.686913 49500000
0.000050 -131.378650 38920000
0.000050 -133.686913 51940000
0.000050 -133.686913 50740000
0.000050 -133.686913 52600000
0.000050 -131.378824 69620000
0.000060 -130.446582 46490000
0.000060 -132.525326 46260000
0.000060 -133.686913 43160000
0.000060 -133.686913 43510000
0.000060 -131.863558 43910000
0.000060 -133.686913 43260000
0.000060 -133.686913 42820000
0.000060 -133.686913 41220000
0.000060 -131.151554 31600000
0.000060 -133.686913 43850000
0.000060 -132.462948 32420000
0.000060 -131.863558 43220000
0.000060 -132.462948 33220000
0.000060 -133.686913 43580000
0.000060 -131.805686 48380000
0.000060 -133.686913 42810000
0.000060 -132.525326 46140000
0.000060 -133.686913 42280000
0.000060 -131.805686 46330000
0.000060 -133.686913 42610000
0.000060 -132.462948 32890000
0.000060 -133.686913 42960000
0.000060 -133.686913 42180000
0.000060 -133.686913 42940000
0.000060 -133.686913 43440000
0.000060 -133.686913 41390000
0.000060 -132.152313 41550000
0.000060 -132.152313 41670000
0.000060 -130.855537 43340000
0.000060 -133.686913 44840000
0.000060 -133.686913 43380000
0.000060 -133.686913 40640000
0.000060 -132.525326 45440000
0.000060 -133.686913 42050000
0.000060 -133.686913 44090000
0.000060 -131.581974 47270000
0.000060 -133.686913 42620000
0.000060 -133.686913 43200000
0.000060 -133.686913 42290000
0.000060 -132.462948 32450000
0.000060 -133.686913 42940000
0.000060 -133.686913 43330000
0.000060 -131.030583 42500000
0.000060 -131.805686 45730000
0.000060 -132.462948 33540000
0.000060 -133.686913 43020000
0.000060 -133.686913 43540000
0.000060 -133.686913 43160000
0.000060 -132.375519 42830000
0.000060 -133.686913 43260000
0.000060 -131.057739 43680000
0.000060 -133.686913 43690000
0.000060 -133.686913 42370000
0.000060 -133.686913 44410000
0.000060 -133.686913 43290000
0.000060 -133.686913 43920000
0.000060 -132.525326 45440000
0.000060 -133.686913 43140000
0.000060 -133.686913 41320000
0.000060 -133.686913 42160000
0.000060 -132.525326 47120000
0.000060 -132.525326 47630000
0.000060 -133.686913 43510000
0.000060 -132.525326 45500000
0.000060 -131.021119 44830000
0.000060 -133.686913 42970000
0.000060 -132.525326 45880000
0.000060 -132.525326 46250000
0.000060 -133.686913 43160000
0.000060 -131.805686 47700000
0.000060 -132.525326 46770000
0.000060 -132.375519 43130000
0.000060 -132.152313 42300000
0.000060 -133.686913 42180000
0.000060 -132.375519 42380000
0.000060 -132.152313 41310000
0.000060 -133.686913 43490000
0.000060 -132.462948 34140000
0.000060 -133.686913 42280000
0.000060 -133.686913 43460000
0.000060 -133.686913 43310000
0.000060 -131.319975 32650000
0.000060 -132.525326 45820000
0.000060 -133.686913 43810000
0.000060 -133.686913 41670000
0.000060 -133.686913 43660000
0.000060 -133.686913 43260000
0.000060 -132.375519 43690000
0.000060 -133.686913 43010000
0.000060 -131.287688 47120000
0.000060 -132.462948 33360000
0.000060 -133.686913 42290000
0.000060 -131.805686 47440000
0.000060 -132.375519 44210000
0.000060 -133.686913 43430000
0.000060 -132.462948 32760000
0.000060 -133.686913 42960000
0.000060 -131.952548 42430000
0.000060 -133.686913 42510000
0.000060 -131.378824 47910000
0.000070 -133.686913 37790000
0.000070 -132.525326 39090000
0.000070 -132.375519 36270000
0.000070 -133.686913 36970000
0.000070 -133.686913 37190000
0.000070 -133.686913 36710000
0.000070 -133.686913 35750000
0.000070 -133.686913 36510000
0.000070 -133.686913 35740000
0.000070 -133.686913 36370000
0.000070 -133.686913 37670000
0.000070 -133.686913 37440000
0.000070 -132.152313 36050000
0.000070 -133.686913 37340000
0.000070 -133.686913 36690000
0.000070 -132.462948 28090000
0.000070 -131.805686 39030000
0.000070 -132.525326 40020000
0.000070 -132.375519 36970000
0.000070 -133.686913 35340000
0.000070 -132.525326 40210000
0.000070 -132.525326 39540000
0.000070 -133.686913 35760000
0.000070 -130.873444 37950000
0.000070 -133.686913 36230000
0.000070 -133.686913 37190000
0.000070 -131.378650 29190000
0.000070 -132.462948 28870000
0.000070 -133.686913 37200000
0.000070 -133.686913 36140000
0.000070 -131.581974 41380000
0.000070 -133.686913 36440000
0.000070 -131.378824 40050000
0.000070 -133.686913 35980000
0.000070 -133.686913 37330000
0.000070 -133.686913 36410000
0.000070 -133.686913 36500000
0.000070 -133.686913 36370000
0.000070 -131.086467 25110000
0.000070 -133.686913 37490000
0.000070 -132.525326 39550000
0.000070 -131.378824 42440000
0.000070 -133.686913 36750000
0.000070 -133.686913 37050000
0.000070 -131.581974 40590000
0.000070 -130.049719 33610000
0.000070 -133.686913 37370000
0.000070 -131.805686 40540000
0.000070 -133.686913 36890000
0.000070 -131.581974 39980000
0.000070 -131.378824 41740000
0.000070 -132.525326 38840000
0.000070 -131.578415 27520000
0.000070 -133.686913 36720000
0.000070 -133.686913 37480000
0.000070 -133.686913 35760000
0.000070 -133.686913 37400000
0.000070 -133.686913 36080000
0.000070 -133.686913 37760000
0.000070 -133.686913 39190000
0.000070 -133.686913 37390000
0.000070 -132.525326 40040000
0.000070 -131.436443 29630000
0.000070 -133.686913 36960000
0.000070 -133.686913 35920000
0.000070 -133.686913 36150000
0.000070 -132.375519 37060000
0.000070 -133.686913 36500000
0.000070 -133.686913 35620000
0.000070 -133.686913 36700000
0.000070 -132.375519 37130000
0.000070 -131.863558 36610000
0.000070 -130.893114 28190000
0.000070 -131.805686 41590000
0.000070 -133.686913 37620000
0.000070 -131.057739 34260000
0.000070 -130.302030 39700000
0.000070 -133.686913 36740000
0.000070 -132.462948 28540000
0.000070 -133.686913 36210000
0.000070 -132.152313 34930000
0.000070 -130.902401 40940000
0.000070 -133.686913 37210000
0.000070 -130.893114 28650000
0.000070 -132.375519 41300000
0.000070 -133.686913 37810000
0.000070 -130.165453 41060000
0.000070 -133.686913 36150000
0.000070 -133.686913 36900000
0.000070 -133.686913 36840000
0.000070 -132.525326 39550000
0.000070 -132.375519 38010000
0.000070 -133.686913 37340000
0.000070 -131.952548 36110000
0.000070 -133.686913 35970000
0.000070 -131.064624 27350000
0.000070 -132.525326 39150000
0.000070 -132.525326 39180000
0.000070 -133.686913 37060000
0.000070 -133.686913 36930000
0.000080 -132.462948 25940000
0.000080 -133.686913 32340000
0.000080 -132.525326 34190000
0.000080 -131.482684 25840000
0.000080 -132.375519 32020000
0.000080 -132.525326 34240000
0.000080 -131.378824 35990000
0.000080 -132.375519 32130000
0.000080 -132.375519 32460000
0.000080 -130.165453 34830000
0.000080 -132.525326 34870000
0.000080 -133.686913 31640000
0.000080 -133.686913 33240000
0.000080 -130.873444 34230000
0.000080 -131.805686 34660000
0.000080 -132.590675 22730000
0.000080 -131.863558 32500000
0.000080 -133.686913 32960000
0.000080 -131.319975 10330000
0.000080 -131.805686 34370000
0.000080 -130.049719 32480000
0.000080 -132.525326 34660000
0.000080 -133.686913 32370000
0.000080 -133.686913 33630000
0.000080 -133.686913 32510000
0.000080 -131.491485 25170000
0.000080 -133.686913 31420000
0.000080 -133.686913 32840000
0.000080 -132.462948 25160000
0.000080 -132.375519 32760000
0.000080 -133.686913 32050000
0.000080 -133.686913 33290000
0.000080 -131.863558 31810000
0.000080 -133.686913 31790000
0.000080 -132.525326 34620000
0.000080 -129.953011 24750000
0.000080 -133.686913 33680000
0.000080 -132.525326 35510000
0.000080 -133.686913 32850000
0.000080 -131.718755 32590000
0.000080 -131.378824 36340000
0.000080 -133.686913 32210000
0.000080 -131.151554 24000000
0.000080 -131.578415 23640000
0.000080 -131.805686 33170000
0.000080 -133.686913 32660000
0.000080 -133.686913 32220000
0.000080 -133.686913 31980000
0.000080 -132.525326 35240000
0.000080 -132.525326 34590000
0.000080 -132.525326 34150000
0.000080 -131.086467 22910000
0.000080 -132.375519 32050000
0.000080 -133.686913 32020000
0.000080 -133.686913 33030000
0.000080 -133.686913 32510000
0.000080 -131.581974 35520000
0.000080 -132.375519 33420000
0.000080 -133.686913 32340000
0.000080 -131.952548 32220000
0.000080 -133.686913 31630000
0.000080 -132.525326 34600000
0.000080 -132.375519 32720000
0.000080 -131.378824 37370000
0.000080 -133.686913 32290000
0.000080 -129.481686 34530000
0.000080 -133.686913 32460000
0.000080 -132.375519 32300000
0.000080 -132.375519 32750000
0.000080 -133.686913 32810000
0.000080 -131.952548 32030000
0.000080 -130.893114 15920000
0.000080 -133.686913 32980000
0.000080 -133.686913 33030000
0.000080 -131.805686 34140000
0.000080 -132.375519 32810000
0.000080 -131.378824 34790000
0.000080 -133.686913 32300000
0.000080 -131.805686 34320000
0.000080 -132.462948 25730000
0.000080 -131.952548 32020000
0.000080 -132.525326 34940000
0.000080 -131.287688 35470000
0.000080 -132.525326 35280000
0.000080 -133.686913 32410000
0.000080 -133.686913 32920000
0.000080 -131.863558 31100000
0.000080 -133.686913 32160000
0.000080 -133.686913 33560000
0.000080 -131.378824 35610000
0.000080 -133.686913 32170000
0.000080 -132.525326 34660000
0.000080 -133.686913 31570000
0.000080 -133.686913 32630000
0.000080 -132.525326 34640000
0.000080 -133.686913 31550000
0.000080 -132.152313 31120000
0.000080 -131.805686 35110000
0.000080 -133.686913 32030000
0.000080 -132.375519 34660000
0.000090 -133.686913 28940000
0.000090 -132.152313 28560000
0.000090 -130.855537 31560000
0.000090 -133.686913 29300000
0.000090 -132.375519 28590000
0.000090 -130.873444 29730000
0.000090 -133.686913 29340000
0.000090 -133.686913 27880000
0.000090 -132.375519 28810000
0.000090 -133.686913 30530000
0.000090 -133.686913 29930000
0.000090 -132.375519 28160000
0.000090 -131.805686 30560000
0.000090 -133.686913 29670000
0.000090 -131.378824 31460000
0.000090 -131.411203 25100000
0.000090 -132.525326 31200000
0.000090 -131.287688 31010000
0.000090 -132.375519 28380000
0.000090 -133.686913 28230000
0.000090 -132.525326 31170000
0.000090 -133.686913 28900000
0.000090 -133.686913 29570000
0.000090 -133.686913 28860000
0.000090 -131.021119 29820000
0.000090 -132.525326 31140000
0.000090 -132.462948 20180000
0.000090 -133.686913 29590000
0.000090 -133.686913 29300000
0.000090 -131.805686 31680000
0.000090 -132.375519 29870000
0.000090 -133.686913 28260000
0.000090 -133.686913 28140000
0.000090 -131.581974 31230000
0.000090 -131.805686 31750000
0.000090 -133.686913 28640000
0.000090 -133.686913 27730000
0.000090 -132.375519 29200000
0.000090 -131.057739 27210000
0.000090 -133.686913 28890000
0.000090 -132.462948 22230000
0.000090 -133.686913 30050000
0.000090 -131.378650 22380000
0.000090 -133.686913 29330000
0.000090 -133.686913 28370000
0.000090 -133.686913 27900000
0.000090 -133.686913 28630000
0.000090 -133.686913 28150000
0.000090 -131.952548 28710000
0.000090 -131.378824 30780000
0.000090 -133.686913 28100000
0.000090 -133.686913 28880000
0.000090 -130.893114 20900000
0.000090 -132.525326 31440000
0.000090 -132.525326 30590000
0.000090 -133.686913 29170000
0.000090 -133.686913 28780000
0.000090 -132.375519 28490000
0.000090 -133.686913 29250000
0.000090 -131.378650 22080000
0.000090 -133.686913 28600000
0.000090 -133.686913 29490000
0.000090 -133.686913 28640000
0.000090 -132.525326 30530000
0.000090 -133.686913 29230000
0.000090 -133.686913 27960000
0.000090 -133.686913 29200000
0.000090 -130.049719 28050000
0.000090 -132.375519 29960000
0.000090 -133.686913 29050000
0.000090 -133.686913 28380000
0.000090 -133.686913 29270000
0.000090 -133.686913 28690000
0.000090 -132.525326 31170000
0.000090 -132.525326 30930000
0.000090 -129.922285 30440000
0.000090 -131.086467 20900000
0.000090 -133.686913 28490000
0.000090 -133.686913 28660000
0.000090 -132.375519 24600000
0.000090 -131.378650 21950000
0.000090 -133.686913 28170000
0.000090 -133.686913 28580000
0.000090 -133.686913 29390000
0.000090 -132.462948 21440000
0.000090 -132.462948 22760000
0.000090 -133.686913 28790000
0.000090 -132.525326 30450000
0.000090 -132.525326 31470000
0.000090 -132.152313 28140000
0.000090 -133.686913 28330000
0.000090 -130.893114 22090000
0.000090 -133.686913 28700000
0.000090 -132.375519 29940000
0.000090 -133.686913 29680000
0.000090 -131.212602 24140000
0.000090 -131.805686 31090000
0.000090 -133.686913 28920000
0.000090 -129.411211 28220000
0.000090 -133.686913 28300000
0.000001 -133.686913 2466730000
0.000001 -133.686913 2485160000
0.000001 -133.686913 2478780000
0.000001 -133.686913 2479330000
0.000001 -133.686913 2474890000
0.000001 -133.686913 2479150000
0.000001 -133.577396 2498760000
0.000001 -133.686913 2421220000
0.000001 -133.686913 2461470000
0.000001 -133.686913 2483750000
0.000001 -132.525326 2682550000
0.000001 -133.686913 2505300000
0.000001 -133.686913 2480730000
0.000001 -133.686913 2502760000
0.000001 -133.686913 2426670000
0.000001 -133.686913 2469120000
0.000001 -131.491485 1813370000
0.000001 -133.686913 2459100000
0.000001 -133.686913 2473030000
0.000001 -133.686913 2440080000
0.000001 -132.375519 2496510000
0.000001 -133.686913 2432500000
0.000001 -133.686913 2442500000
0.000001 -133.686913 2520130000
0.000001 -133.686913 2482770000
0.000001 -133.686913 2485170000
0.000001 -133.686913 2480390000
0.000001 -132.525326 2663000000
0.000001 -133.686913 2462620000
0.000001 -133.686913 2472280000
0.000001 -132.525326 2707720000
0.000001 -133.686913 2459760000
0.000001 -133.686913 2509180000
0.000001 -133.686913 2438170000
0.000001 -133.686913 2484400000
0.000001 -131.411203 2372060000
0.000001 -133.686913 2447570000
0.000001 -133.686913 2457070000
0.000001 -133.686913 2482470000
0.000001 -131.151554 1780370000
0.000001 -133.686913 2401040000
0.000001 -133.686913 2423930000
0.000001 -133.686913 2410340000
0.000001 -133.686913 2503850000
0.000001 -131.291894 2528150000
0.000001 -133.686913 2439370000
0.000001 -133.686913 2459740000
0.000001 -133.686913 2407030000
0.000001 -133.686913 2456400000
0.000001 -133.686913 2454260000
0.000001 -133.686913 2436910000
0.000001 -133.686913 2499300000
0.000001 -132.525326 2748150000
0.000001 -133.686913 2511920000
0.000001 -132.462948 1804990000
0.000001 -133.686913 2455440000
0.000001 -133.686913 2442430000
0.000001 -133.686913 2470450000
0.000001 -133.686913 2465800000
0.000001 -133.686913 2486790000
0.000001 -133.686913 2448400000
0.000001 -133.686913 2487060000
0.000001 -133.686913 2417620000
0.000001 -133.686913 2449690000
0.000001 -133.686913 2435730000
0.000001 -133.686913 2427610000
0.000001 -133.686913 2411950000
0.000001 -133.686913 2455520000
0.000001 -132.525326 2712330000
0.000001 -133.686913 2492150000
0.000001 -132.462948 1844830000
0.000001 -133.686913 2479440000
0.000001 -133.686913 2481190000
0.000001 -133.686913 2452360000
0.000001 -133.686913 2483720000
0.000001 -133.686913 2465970000
0.000001 -133.686913 2428110000
0.000001 -133.686913 2462190000
0.000001 -132.462948 1871150000
0.000001 -133.686913 2451500000
0.000001 -133.686913 2486020000
0.000001 -132.525326 2688100000
0.000001 -133.686913 2357260000
0.000001 -133.686913 2436620000
0.000001 -133.686913 2485000000
0.000001 -132.525326 2714190000
0.000001 -133.686913 2506150000
0.000001 -133.686913 2474250000
0.000001 -133.686913 2477370000
0.000001 -130.855537 2388440000
0.000001 -132.525326 2687680000
0.000001 -133.686913 2468220000
0.000001 -133.686913 2478930000
0.000001 -133.686913 2484750000
0.000001 -133.686913 2491170000
0.000001 -133.686913 2412760000
0.000001 -133.686913 2413140000
0.000001 -133.686913 2465570000
0.000001 -132.375519 2504630000
0.000001 -133.686913 2506230000
0.000002 -133.686913 1243390000
0.000002 -133.686913 1247930000
0.000002 -132.525326 1361400000
0.000002 -133.686913 1252310000
0.000002 -133.686913 1244600000
0.000002 -133.686913 1242520000
0.000002 -133.686913 1248450000
0.000002 -133.686913 1256140000
0.000002 -133.686913 1213970000
0.000002 -133.686913 1257120000
0.000002 -133.686913 1247850000
0.000002 -133.686913 1254600000
0.000002 -133.686913 1276290000
0.000002 -133.686913 1231870000
0.000002 -132.525326 1343190000
0.000002 -133.686913 1230050000
0.000002 -133.686913 1219580000
0.000002 -133.686913 1261550000
0.000002 -133.686913 1199040000
0.000002 -133.686913 1244730000
0.000002 -132.525326 1335320000
0.000002 -133.686913 1248200000
0.000002 -133.686913 1225910000
0.000002 -132.971655 961060000
0.000002 -133.686913 1233940000
0.000002 -132.525326 1347430000
0.000002 -133.686913 1256480000
0.000002 -131.747690 1030620000
0.000002 -131.319975 943880000
0.000002 -133.686913 1224210000
0.000002 -133.686913 1231660000
0.000002 -132.375519 1224350000
0.000002 -133.686913 1228160000
0.000002 -133.686913 1250670000
0.000002 -131.805686 1354760000
0.000002 -133.577396 1245920000
0.000002 -133.686913 1255020000
0.000002 -133.686913 1241980000
0.000002 -132.525326 1346120000
0.000002 -133.686913 1239570000
0.000002 -133.686913 1240600000
0.000002 -133.686913 1258910000
0.000002 -133.686913 1246050000
0.000002 -133.686913 1242350000
0.000002 -133.686913 1255190000
0.000002 -133.686913 1195460000
0.000002 -132.375519 1223690000
0.000002 -133.686913 1228510000
0.000002 -133.686913 1267330000
0.000002 -133.686913 1259480000
0.000002 -133.686913 1228450000
0.000002 -133.686913 1223000000
0.000002 -133.686913 1250430000
0.000002 -132.462948 969310000
0.000002 -133.686913 1240600000
0.000002 -132.525326 1357010000
0.000002 -133.686913 1234110000
0.000002 -133.686913 1233110000
0.000002 -133.686913 1244660000
0.000002 -133.686913 1256220000
0.000002 -133.686913 1258760000
0.000002 -133.686913 1225490000
0.000002 -133.686913 1258770000
0.000002 -133.686913 1255180000
0.000002 -133.686913 1243380000
0.000002 -133.686913 1241290000
0.000002 -133.686913 1237780000
0.000002 -132.525326 1345070000
0.000002 -132.525326 1372390000
0.000002 -133.686913 1248110000
0.000002 -131.411203 1195770000
0.000002 -133.686913 1246060000
0.000002 -133.686913 1229950000
0.000002 -133.686913 1255070000
0.000002 -132.525326 1342790000
0.000002 -133.686913 1243320000
0.000002 -132.525326 1370560000
0.000002 -133.686913 1218340000
0.000002 -132.375519 1252890000
0.000002 -132.525326 1332790000
0.000002 -133.686913 1266120000
0.000002 -131.952548 1087500000
0.000002 -132.375519 1263090000
0.000002 -133.686913 1205670000
0.000002 -133.686913 1215480000
0.000002 -133.686913 1209130000
0.000002 -133.686913 1247650000
0.000002 -133.686913 1221910000
0.000002 -133.686913 1214570000
0.000002 -133.686913 1246490000
0.000002 -133.686913 1227440000
0.000002 -132.462948 952960000
0.000002 -133.686913 1225860000
0.000002 -133.686913 1232130000
0.000002 -133.686913 1258020000
0.000002 -133.686913 1212660000
0.000002 -132.525326 1363310000
0.000002 -133.686913 1222710000
0.000002 -133.686913 1236330000
0.000002 -133.686913 1292000000
0.000003 -132.375519 842130000
0.000003 -132.525326 911190000
0.000003 -132.462948 616690000
0.000003 -133.686913 836080000
0.000003 -131.436443 582140000
0.000003 -133.686913 811870000
0.000003 -133.686913 837290000
0.000003 -133.686913 834520000
0.000003 -132.375519 823230000
0.000003 -133.686913 831410000
0.000003 -133.686913 838360000
0.000003 -133.686913 828970000
0.000003 -133.686913 831590000
0.000003 -133.686913 844310000
0.000003 -133.686913 830620000
0.000003 -133.686913 824910000
0.000003 -133.686913 829660000
0.000003 -132.525326 911640000
0.000003 -133.686913 840200000
0.000003 -132.525326 902610000
0.000003 -133.686913 831590000
0.000003 -133.686913 814460000
0.000003 -132.462948 618460000
0.000003 -133.686913 816510000
0.000003 -133.686913 834210000
0.000003 -133.686913 811510000
0.000003 -133.686913 814510000
0.000003 -132.375519 839730000
0.000003 -133.686913 825960000
0.000003 -133.686913 829670000
0.000003 -133.686913 837920000
0.000003 -133.686913 829300000
0.000003 -133.686913 816380000
0.000003 -133.686913 832290000
0.000003 -133.686913 848320000
0.000003 -133.686913 836450000
0.000003 -133.686913 842190000
0.000003 -133.686913 839280000
0.000003 -133.686913 835790000
0.000003 -133.686913 826900000
0.000003 -133.686913 839350000
0.000003 -132.152313 805690000
0.000003 -133.686913 841920000
0.000003 -133.686913 837720000
0.000003 -133.686913 826190000
0.000003 -133.686913 820100000
0.000003 -133.686913 849290000
0.000003 -133.686913 823800000
0.000003 -133.686913 849390000
0.000003 -133.686913 803650000
0.000003 -133.686913 834460000
0.000003 -132.525326 907620000
0.000003 -133.686913 837000000
0.000003 -133.686913 815390000
0.000003 -133.686913 833350000
0.000003 -133.686913 842850000
0.000003 -133.686913 832170000
0.000003 -133.686913 834660000
0.000003 -133.686913 833260000
0.000003 -132.525326 915160000
0.000003 -133.686913 823820000
0.000003 -133.686913 832990000
0.000003 -133.686913 834310000
0.000003 -133.686913 823600000
0.000003 -133.686913 827630000
0.000003 -133.686913 834590000
0.000003 -133.686913 830160000
0.000003 -133.686913 829130000
0.000003 -133.686913 839590000
0.000003 -133.686913 841930000
0.000003 -133.686913 832510000
0.000003 -133.686913 816830000
0.000003 -133.686913 842280000
0.000003 -133.686913 828360000
0.000003 -133.686913 843050000
0.000003 -132.525326 910770000
0.000003 -133.686913 831190000
0.000003 -133.686913 835950000
0.000003 -132.525326 904280000
0.000003 -133.686913 832590000
0.000003 -133.686913 838630000
0.000003 -133.686913 828850000
0.000003 -133.686913 815360000
0.000003 -133.686913 833140000
0.000003 -133.686913 824060000
0.000003 -132.525326 907570000
0.000003 -133.686913 846330000
0.000003 -133.686913 843510000
0.000003 -132.525326 906490000
0.000003 -133.686913 803710000
0.000003 -133.686913 819910000
0.000003 -131.805686 854730000
0.000003 -133.686913 829610000
0.000003 -132.525326 908530000
0.000003 -133.686913 841990000
0.000003 -133.686913 784610000
0.000003 -133.686913 857300000
0.000003 -133.686913 812250000
0.000003 -131.863558 818760000
0.000003 -133.686913 848520000
0.000004 -133.686913 627140000
0.000004 -133.686913 621130000
0.000004 -133.686913 617510000
0.000004 -133.686913 625420000
0.000004 -133.686913 627620000
0.000004 -133.686913 618360000
0.000004 -133.686913 635850000
0.000004 -133.686913 619860000
0.000004 -131.287688 681260000
0.000004 -133.686913 627480000
0.000004 -133.686913 631830000
0.000004 -133.686913 625580000
0.000004 -133.686913 618580000
0.000004 -133.686913 621220000
0.000004 -133.686913 625850000
0.000004 -133.686913 629430000
0.000004 -133.686913 630900000
0.000004 -133.686913 624860000
0.000004 -133.686913 633100000
0.000004 -133.577396 612790000
0.000004 -133.686913 625250000
0.000004 -133.686913 633430000
0.000004 -133.686913 620580000
0.000004 -133.686913 626000000
0.000004 -133.686913 639400000
0.000004 -133.686913 626020000
0.000004 -133.686913 627030000
0.000004 -132.462948 466180000
0.000004 -133.686913 613150000
0.000004 -131.378650 459090000
0.000004 -133.686913 639410000
0.000004 -133.686913 640980000
0.000004 -133.686913 621530000
0.000004 -131.319975 397860000
0.000004 -133.686913 626230000
0.000004 -132.525326 672260000
0.000004 -133.686913 628690000
0.000004 -133.686913 622330000
0.000004 -132.525326 676570000
0.000004 -132.525326 679240000
0.000004 -133.686913 626990000
0.000004 -133.686913 629300000
0.000004 -133.686913 626270000
0.000004 -133.686913 627040000
0.000004 -133.686913 625120000
0.000004 -132.375519 624260000
0.000004 -133.686913 634820000
0.000004 -133.686913 627710000
0.000004 -133.686913 628100000
0.000004 -133.686913 624520000
0.000004 -132.375519 608930000
0.000004 -133.686913 605330000
0.000004 -133.686913 630210000
0.000004 -133.686913 627430000
0.000004 -133.686913 592050000
0.000004 -133.686913 626380000
0.000004 -133.686913 622160000
0.000004 -133.686913 631540000
0.000004 -131.805686 655250000
0.000004 -133.686913 637170000
0.000004 -133.686913 624840000
0.000004 -133.686913 620280000
0.000004 -131.378650 461840000
0.000004 -133.686913 594370000
0.000004 -133.686913 630560000
0.000004 -133.686913 626340000
0.000004 -133.686913 631990000
0.000004 -133.686913 634130000
0.000004 -133.686913 621150000
0.000004 -133.686913 614510000
0.000004 -133.686913 616420000
0.000004 -133.686913 629360000
0.000004 -133.686913 619670000
0.000004 -132.525326 676430000
0.000004 -133.686913 628650000
0.000004 -132.525326 669290000
0.000004 -132.375519 604740000
0.000004 -133.686913 612300000
0.000004 -133.686913 628860000
0.000004 -133.686913 627950000
0.000004 -133.686913 625360000
0.000004 -133.686913 631660000
0.000004 -133.686913 629820000
0.000004 -133.686913 628310000
0.000004 -133.686913 616510000
0.000004 -133.686913 631160000
0.000004 -132.462948 495110000
0.000004 -132.375519 628810000
0.000004 -131.378650 459540000
0.000004 -133.686913 622420000
0.000004 -133.686913 630440000
0.000004 -133.686913 621630000
0.000004 -132.525326 672320000
0.000004 -132.462948 470880000
0.000004 -133.686913 609980000
0.000004 -132.375519 636050000
0.000004 -133.686913 636880000
0.000004 -132.375519 630880000
0.000004 -132.525326 677530000
0.000004 -133.686913 624200000
0.000005 -133.686913 503240000
0.000005 -133.686913 493380000
0.000005 -133.686913 496220000
0.000005 -131.805686 554790000
0.000005 -133.686913 497430000
0.000005 -132.525326 546170000
0.000005 -133.686913 493870000
0.000005 -133.686913 496850000
0.000005 -132.525326 553160000
0.000005 -132.462948 389080000
0.000005 -132.375519 498880000
0.000005 -133.686913 512440000
0.000005 -133.686913 493310000
0.000005 -133.686913 496220000
0.000005 -133.686913 481140000
0.000005 -133.686913 484820000
0.000005 -133.686913 480030000
0.000005 -133.686913 494700000
0.000005 -133.686913 505550000
0.000005 -132.525326 545230000
0.000005 -133.686913 500360000
0.000005 -131.578415 376000000
0.000005 -133.686913 511530000
0.000005 -133.686913 494670000
0.000005 -133.686913 484220000
0.000005 -132.462948 388090000
0.000005 -132.525326 544760000
0.000005 -133.686913 503390000
0.000005 -133.686913 498830000
0.000005 -133.686913 493420000
0.000005 -133.686913 503210000
0.000005 -133.686913 481540000
0.000005 -133.686913 511810000
0.000005 -133.686913 490890000
0.000005 -132.525326 543180000
0.000005 -133.686913 502810000
0.000005 -133.686913 508660000
0.000005 -132.375519 516320000
0.000005 -133.686913 504720000
0.000005 -133.686913 496820000
0.000005 -133.686913 497360000
0.000005 -133.686913 511880000
0.000005 -133.686913 501120000
0.000005 -133.686913 504770000
0.000005 -133.686913 500360000
0.000005 -133.686913 510020000
0.000005 -132.525326 548590000
0.000005 -133.686913 500240000
0.000005 -133.686913 497250000
0.000005 -133.686913 491650000
0.000005 -131.436443 337610000
0.000005 -133.686913 505660000
0.000005 -133.686913 498990000
0.000005 -133.686913 499350000
0.000005 -132.525326 543830000
0.000005 -132.525326 543920000
0.000005 -133.686913 501970000
0.000005 -133.686913 484470000
0.000005 -133.686913 489050000
0.000005 -133.686913 504200000
0.000005 -133.686913 499600000
0.000005 -133.686913 493300000
0.000005 -133.686913 512580000
0.000005 -132.375519 494890000
0.000005 -133.686913 496140000
0.000005 -132.525326 549110000
0.000005 -132.462948 386500000
0.000005 -133.686913 508530000
0.000005 -132.525326 550750000
0.000005 -133.686913 510270000
0.000005 -133.686913 487810000
0.000005 -133.686913 507420000
0.000005 -133.686913 475580000
0.000005 -131.482684 352060000
0.000005 -133.686913 502630000
0.000005 -133.686913 500000000
0.000005 -132.525326 544010000
0.000005 -130.893114 330890000
0.000005 -132.375519 505390000
0.000005 -133.686913 492280000
0.000005 -133.686913 494740000
0.000005 -132.525326 543390000
0.000005 -133.686913 503710000
0.000005 -133.686913 500170000
0.000005 -133.686913 505430000
0.000005 -133.686913 510030000
0.000005 -133.686913 503040000
0.000005 -133.686913 504360000
0.000005 -133.686913 506190000
0.000005 -132.525326 544330000
0.000005 -133.686913 491850000
0.000005 -133.686913 502080000
0.000005 -133.686913 507790000
0.000005 -133.686913 505200000
0.000005 -133.686913 514240000
0.000005 -132.525326 548000000
0.000005 -133.686913 494310000
0.000005 -133.686913 494910000
0.000005 -133.686913 507130000
0.000005 -132.525326 544330000
0.000006 -133.686913 417930000
0.000006 -132.525326 454380000
0.000006 -133.686913 420170000
0.000006 -133.686913 424310000
0.000006 -133.686913 423090000
0.000006 -133.686913 423560000
0.000006 -133.686913 420340000
0.000006 -132.525326 457050000
0.000006 -131.151554 309330000
0.000006 -133.686913 423800000
0.000006 -131.863558 412660000
0.000006 -133.686913 416800000
0.000006 -133.686913 422630000
0.000006 -133.686913 414940000
0.000006 -132.462948 164140000
0.000006 -132.525326 451260000
0.000006 -133.686913 421610000
0.000006 -131.030583 424540000
0.000006 -132.462948 333530000
0.000006 -131.805686 439000000
0.000006 -133.686913 412940000
0.000006 -133.686913 420400000
0.000006 -132.525326 456540000
0.000006 -133.686913 412490000
0.000006 -133.686913 414600000
0.000006 -133.686913 426470000
0.000006 -133.686913 425360000
0.000006 -133.686913 420160000
0.000006 -133.686913 422140000
0.000006 -133.686913 420090000
0.000006 -132.525326 449680000
0.000006 -132.462948 329110000
0.000006 -132.525326 460380000
0.000006 -132.525326 452470000
0.000006 -132.525326 455520000
0.000006 -133.686913 420640000
0.000006 -133.686913 424250000
0.000006 -133.686913 421270000
0.000006 -132.525326 451350000
0.000006 -133.686913 425420000
0.000006 -133.686913 414110000
0.000006 -133.686913 417850000
0.000006 -131.055823 286770000
0.000006 -133.686913 421390000
0.000006 -132.525326 453850000
0.000006 -133.686913 411280000
0.000006 -133.686913 410820000
0.000006 -133.686913 418810000
0.000006 -132.525326 447690000
0.000006 -132.525326 452320000
0.000006 -131.805686 403320000
0.000006 -132.525326 454170000
0.000006 -133.686913 406710000
0.000006 -132.525326 457560000
0.000006 -133.686913 421560000
0.000006 -133.686913 413840000
0.000006 -133.686913 417620000
0.000006 -133.686913 411200000
0.000006 -133.686913 422680000
0.000006 -133.686913 412590000
0.000006 -132.525326 459780000
0.000006 -132.525326 454300000
0.000006 -133.686913 422580000
0.000006 -132.375519 429510000
0.000006 -133.686913 417260000
0.000006 -133.686913 421600000
0.000006 -133.686913 422640000
0.000006 -133.686913 423870000
0.000006 -133.686913 417910000
0.000006 -132.375519 428930000
0.000006 -133.686913 420720000
0.000006 -132.525326 461150000
0.000006 -133.686913 419150000
0.000006 -133.686913 415460000
0.000006 -133.686913 428440000
0.000006 -133.686913 421310000
0.000006 -132.462948 325600000
0.000006 -132.525326 459820000
0.000006 -131.863558 421290000
0.000006 -131.057739 420920000
0.000006 -133.686913 411540000
0.000006 -133.686913 413710000
0.000006 -133.686913 419010000
0.000006 -133.686913 415880000
0.000006 -133.686913 416770000
0.000006 -133.686913 416970000
0.000006 -133.686913 420020000
0.000006 -133.686913 420320000
0.000006 -133.686913 421370000
0.000006 -133.686913 421790000
0.000006 -133.686913 422030000
0.000006 -133.686913 424080000
0.000006 -133.686913 418110000
0.000006 -133.686913 425470000
0.000006 -133.686913 419290000
0.000006 -133.686913 422020000
0.000006 -133.686913 418660000
0.000006 -133.686913 419340000
0.000006 -132.525326 454030000
0.000006 -133.686913 412840000
0.000007 -132.462948 283640000
0.000007 -133.686913 360410000
0.000007 -132.525326 386590000
0.000007 -133.686913 363130000
0.000007 -133.686913 358720000
0.000007 -133.686913 351720000
0.000007 -133.686913 360030000
0.000007 -133.686913 356310000
0.000007 -132.525326 387480000
0.000007 -133.686913 353760000
0.000007 -133.686913 363560000
0.000007 -132.525326 394210000
0.000007 -132.462948 269390000
0.000007 -133.686913 359840000
0.000007 -132.525326 396080000
0.000007 -132.525326 386800000
0.000007 -133.686913 352470000
0.000007 -132.525326 393800000
0.000007 -133.686913 356250000
0.000007 -132.525326 395800000
0.000007 -131.805686 400240000
0.000007 -133.686913 365880000
0.000007 -132.525326 392160000
0.000007 -133.686913 363400000
0.000007 -133.686913 350950000
0.000007 -133.686913 365980000
0.000007 -133.686913 359420000
0.000007 -133.686913 360190000
0.000007 -133.686913 366310000
0.000007 -133.686913 364350000
0.000007 -133.686913 360110000
0.000007 -133.686913 363530000
0.000007 -133.686913 354890000
0.000007 -133.686913 362710000
0.000007 -132.525326 391430000
0.000007 -133.686913 356070000
0.000007 -133.686913 357610000
0.000007 -133.686913 361590000
0.000007 -133.686913 358060000
0.000007 -131.064624 244280000
0.000007 -133.686913 361750000
0.000007 -132.525326 390890000
0.000007 -132.525326 394210000
0.000007 -133.686913 361400000
0.000007 -132.525326 386030000
0.000007 -133.686913 359480000
0.000007 -133.686913 364720000
0.000007 -133.686913 361860000
0.000007 -131.668835 264720000
0.000007 -132.525326 392800000
0.000007 -132.525326 373160000
0.000007 -133.686913 364190000
0.000007 -133.686913 357090000
0.000007 -133.686913 360940000
0.000007 -133.686913 361350000
0.000007 -133.686913 363780000
0.000007 -133.686913 360650000
0.000007 -133.686913 355860000
0.000007 -133.686913 366110000
0.000007 -133.686913 358940000
0.000007 -133.686913 355230000
0.000007 -133.686913 357760000
0.000007 -133.686913 355950000
0.000007 -133.686913 361380000
0.000007 -133.686913 359760000
0.000007 -133.686913 370150000
0.000007 -132.525326 397080000
0.000007 -131.805686 388620000
0.000007 -133.686913 359320000
0.000007 -133.686913 360260000
0.000007 -133.686913 358220000
0.000007 -133.686913 354390000
0.000007 -133.686913 356340000
0.000007 -133.686913 356570000
0.000007 -133.686913 363130000
0.000007 -131.057739 360530000
0.000007 -133.686913 349880000
0.000007 -133.686913 362610000
0.000007 -133.686913 358840000
0.000007 -133.686913 362090000
0.000007 -133.686913 354140000
0.000007 -133.686913 367650000
0.000007 -133.686913 363750000
0.000007 -133.686913 358290000
0.000007 -131.805686 380810000
0.000007 -133.686913 358010000
0.000007 -133.686913 363290000
0.000007 -131.064624 229540000
0.000007 -133.686913 358650000
0.000007 -133.686913 345710000
0.000007 -133.686913 357240000
0.000007 -133.686913 352900000
0.000007 -133.686913 365290000
0.000007 -132.525326 393190000
0.000007 -133.686913 362950000
0.000007 -133.686913 356560000
0.000007 -132.462948 282730000
0.000007 -133.686913 357280000
0.000007 -131.805686 391300000
0.000007 -133.686913 359130000
0.000008 -133.686913 312060000
0.000008 -132.525326 338370000
0.000008 -133.686913 314970000
0.000008 -133.686913 313360000
0.000008 -133.686913 309890000
0.000008 -132.525326 340940000
0.000008 -131.378824 346650000
0.000008 -132.462948 235520000
0.000008 -132.525326 336540000
0.000008 -133.686913 314720000
0.000008 -133.686913 319970000
0.000008 -133.686913 313880000
0.000008 -133.686913 318820000
0.000008 -131.055823 230030000
0.000008 -133.686913 318350000
0.000008 -133.686913 319630000
0.000008 -133.686913 309360000
0.000008 -132.525326 342470000
0.000008 -132.375519 319730000
0.000008 -133.686913 313250000
0.000008 -133.686913 313090000
0.000008 -133.686913 311770000
0.000008 -132.375519 307350000
0.000008 -132.525326 344460000
0.000008 -133.686913 317500000
0.000008 -132.525326 347410000
0.000008 -132.525326 340590000
0.000008 -133.577396 308720000
0.000008 -133.686913 318060000
0.000008 -132.525326 342580000
0.000008 -132.525326 343940000
0.000008 -132.462948 241720000
0.000008 -133.686913 314770000
0.000008 -133.686913 314800000
0.000008 -133.686913 313590000
0.000008 -132.152313 307670000
0.000008 -133.577396 318590000
0.000008 -133.686913 308540000
0.000008 -133.686913 318980000
0.000008 -133.686913 307770000
0.000008 -133.686913 313870000
0.000008 -133.686913 311580000
0.000008 -133.686913 311760000
0.000008 -133.686913 315760000
0.000008 -133.686913 317440000
0.000008 -132.525326 343650000
0.000008 -133.686913 319650000
0.000008 -132.375519 333600000
0.000008 -133.686913 315410000
0.000008 -133.686913 314090000
0.000008 -133.686913 313900000
0.000008 -133.686913 336050000
0.000008 -132.525326 334790000
0.000008 -133.686913 322060000
0.000008 -130.302030 350890000
0.000008 -133.686913 321600000
0.000008 -133.686913 309170000
0.000008 -133.686913 304340000
0.000008 -132.152313 304090000
0.000008 -133.686913 314640000
0.000008 -132.525326 345180000
0.000008 -132.152313 309360000
0.000008 -133.686913 316760000
0.000008 -133.686913 307410000
0.000008 -132.375519 324350000
0.000008 -132.525326 346000000
0.000008 -133.686913 314660000
0.000008 -133.686913 330910000
0.000008 -133.686913 315730000
0.000008 -133.686913 307900000
0.000008 -133.686913 308860000
0.000008 -133.686913 317800000
0.000008 -131.411203 301770000
0.000008 -133.686913 318680000
0.000008 -133.686913 322010000
0.000008 -132.462948 243230000
0.000008 -133.686913 315630000
0.000008 -133.686913 310420000
0.000008 -131.378650 229870000
0.000008 -131.378650 230670000
0.000008 -131.805686 345510000
0.000008 -133.686913 316880000
0.000008 -131.378824 303980000
0.000008 -133.686913 311960000
0.000008 -130.893114 225260000
0.000008 -132.525326 341110000
0.000008 -133.686913 314020000
0.000008 -130.893114 233370000
0.000008 -133.686913 315700000
0.000008 -133.686913 316550000
0.000008 -132.525326 336830000
0.000008 -133.686913 318810000
0.000008 -131.287688 344660000
0.000008 -131.581974 332920000
0.000008 -132.525326 340340000
0.000008 -133.686913 313260000
0.000008 -131.863558 311380000
0.000008 -133.686913 309690000
0.000008 -133.686913 309160000
0.000008 -131.055823 227680000
0.000009 -133.686913 282440000
0.000009 -133.686913 279990000
0.000009 -133.686913 276190000
0.000009 -133.686913 282010000
0.000009 -133.686913 273250000
0.000009 -133.686913 281700000
0.000009 -133.686913 275920000
0.000009 -133.686913 279790000
0.000009 -133.686913 281530000
0.000009 -133.686913 280050000
0.000009 -133.686913 280590000
0.000009 -133.686913 283730000
0.000009 -133.686913 280860000
0.000009 -133.686913 283990000
0.000009 -133.686913 282720000
0.000009 -132.462948 200760000
0.000009 -133.686913 281740000
0.000009 -133.686913 281780000
0.000009 -133.686913 274280000
0.000009 -133.686913 286950000
0.000009 -133.686913 279120000
0.000009 -133.686913 280030000
0.000009 -133.686913 283160000
0.000009 -131.378824 327090000
0.000009 -133.686913 283710000
0.000009 -133.686913 281630000
0.000009 -133.686913 280930000
0.000009 -133.686913 279650000
0.000009 -133.686913 279400000
0.000009 -133.686913 285410000
0.000009 -133.686913 282650000
0.000009 -133.686913 285060000
0.000009 -133.686913 283880000
0.000009 -133.686913 279300000
0.000009 -132.525326 302160000
0.000009 -133.686913 282450000
0.000009 -133.686913 283530000
0.000009 -132.525326 298780000
0.000009 -132.525326 299380000
0.000009 -133.686913 283750000
0.000009 -133.577396 279900000
0.000009 -133.686913 283320000
0.000009 -131.287688 308530000
0.000009 -132.462948 213280000
0.000009 -133.686913 279760000
0.000009 -131.151554 184550000
0.000009 -133.686913 275070000
0.000009 -133.686913 279260000
0.000009 -133.686913 280360000
0.000009 -133.686913 265060000
0.000009 -132.375519 282690000
0.000009 -133.686913 277770000
0.000009 -133.686913 285320000
0.000009 -133.686913 281010000
0.000009 -133.686913 271670000
0.000009 -131.287688 306270000
0.000009 -133.686913 279860000
0.000009 -133.686913 283720000
0.000009 -133.686913 284990000
0.000009 -133.686913 277240000
0.000009 -133.686913 279730000
0.000009 -133.686913 273550000
0.000009 -133.686913 281800000
0.000009 -133.686913 269610000
0.000009 -133.686913 285300000
0.000009 -133.686913 281960000
0.000009 -132.525326 307980000
0.000009 -131.805686 291590000
0.000009 -133.686913 269530000
0.000009 -133.686913 283840000
0.000009 -133.577396 279690000
0.000009 -133.686913 275760000
0.000009 -133.686913 289150000
0.000009 -133.686913 281150000
0.000009 -133.686913 272190000
0.000009 -133.686913 275920000
0.000009 -133.686913 275080000
0.000009 -133.686913 279090000
0.000009 -133.686913 283220000
0.000009 -133.686913 284020000
0.000009 -133.686913 281050000
0.000009 -133.686913 281060000
0.000009 -133.686913 278980000
0.000009 -133.686913 271370000
0.000009 -132.525326 309070000
0.000009 -133.686913 277910000
0.000009 -133.686913 280300000
0.000009 -133.686913 289720000
0.000009 -133.686913 285220000
0.000009 -133.686913 276880000
0.000009 -133.686913 279280000
0.000009 -133.686913 285000000
0.000009 -133.686913 283360000
0.000009 -133.686913 280900000
0.000009 -133.686913 283200000
0.000009 -133.686913 282550000
0.000009 -133.686913 282000000
0.000009 -133.686913 276250000
0.000009 -132.525326 300950000
0.000009 -133.686913 283160000
0.0000001 -133.686913 23789000000
0.0000001 -133.686913 24381360000
0.0000001 -133.686913 23916090000
0.0000001 -133.686913 24158460000
0.0000001 -132.375519 20421260000
0.0000001 -133.686913 24136330000
0.0000001 -133.686913 23774670000
0.0000001 -133.686913 23434050000
0.0000001 -133.686913 23550700000
0.0000001 -133.686913 24234330000
0.0000001 -133.686913 24119430000
0.0000001 -133.686913 23700680000
0.0000001 -133.686913 24029620000
0.0000001 -132.462948 17071940000
0.0000001 -133.686913 24233860000
0.0000001 -133.686913 23509690000
0.0000001 -133.686913 23592630000
0.0000001 -132.525326 26490270000
0.0000001 -133.577396 23686520000
0.0000001 -133.686913 24047650000
0.0000001 -133.686913 24311750000
0.0000001 -133.686913 24357800000
0.0000001 -131.578415 18252700000
0.0000001 -133.686913 24142790000
0.0000001 -133.686913 23764250000
0.0000001 -133.686913 23985840000
0.0000001 -133.686913 24210940000
0.0000001 -133.686913 24325610000
0.0000001 -133.686913 24429320000
0.0000001 -133.686913 24463880000
0.0000001 -133.686913 23918840000
0.0000001 -133.686913 24093020000
0.0000001 -133.686913 24197460000
0.0000001 -133.686913 23905860000
0.0000001 -133.686913 24075320000
0.0000001 -133.686913 24512460000
0.0000001 -133.686913 24071670000
0.0000001 -133.686913 24415950000
0.0000001 -133.686913 24250530000
0.0000001 -133.686913 24381330000
0.0000001 -133.686913 24249630000
0.0000001 -133.686913 24212450000
0.0000001 -133.686913 24254660000
0.0000001 -133.686913 23843480000
0.0000001 -133.686913 24029860000
0.0000001 -133.686913 23664300000
0.0000001 -133.686913 24293560000
0.0000001 -133.686913 24315970000
0.0000001 -133.686913 24357740000
0.0000001 -133.686913 24181580000
0.0000001 -133.686913 24109290000
0.0000001 -132.375519 23761940000
0.0000001 -133.686913 24397430000
0.0000001 -133.686913 23627930000
0.0000001 -133.686913 24221550000
0.0000001 -133.686913 24216860000
0.0000001 -133.686913 23987960000
0.0000001 -133.686913 24053390000
0.0000001 -133.686913 23785250000
0.0000001 -133.686913 23950850000
0.0000001 -133.686913 23996290000
0.0000001 -131.668835 17000270000
0.0000001 -133.686913 23932580000
0.0000001 -133.686913 23807840000
0.0000001 -133.686913 24287460000
0.0000001 -133.686913 23751710000
0.0000001 -131.578415 17023610000
0.0000001 -133.686913 23957010000
0.0000001 -132.462948 18952820000
0.0000001 -133.686913 24136400000
0.0000001 -133.686913 24379980000
0.0000001 -133.686913 23565370000
0.0000001 -133.686913 24060390000
0.0000001 -133.686913 23514330000
0.0000001 -133.686913 24413450000
0.0000001 -133.686913 23892000000
0.0000001 -133.686913 24323430000
0.0000001 -133.686913 24177490000
0.0000001 -133.686913 23828180000
0.0000001 -133.686913 24048350000
0.0000001 -133.686913 24227650000
0.0000001 -133.686913 24294020000
0.0000001 -133.686913 24390290000
0.0000001 -133.686913 24195960000
0.0000001 -133.686913 24018810000
0.0000001 -133.686913 23567860000
0.0000001 -131.952548 23067390000
0.0000001 -133.686913 24095540000
0.0000001 -133.686913 23883660000
0.0000001 -133.686913 23851070000
0.0000001 -133.686913 23965690000
0.0000001 -133.686913 24085970000
0.0000001 -132.462948 17614920000
0.0000001 -133.686913 24132260000
0.0000001 -133.686913 24033300000
0.0000001 -133.686913 24080150000
0.0000001 -133.686913 24269060000
0.0000001 -133.686913 24368780000
0.0000001 -133.686913 24035570000
0.0000001 -133.686913 24032710000
0.0000002 -133.686913 12178050000
0.0000002 -133.686913 12046560000
0.0000002 -133.686913 11870680000
0.0000002 -133.686913 12395840000
0.0000002 -133.686913 12127020000
0.0000002 -133.686913 12095100000
0.0000002 -133.686913 12109040000
0.0000002 -133.686913 12197470000
0.0000002 -132.525326 13382300000
0.0000002 -133.686913 12322030000
0.0000002 -133.686913 12203930000
0.0000002 -133.686913 11984820000
0.0000002 -133.686913 12238740000
0.0000002 -133.686913 12230080000
0.0000002 -133.686913 12220010000
0.0000002 -133.686913 12155180000
0.0000002 -131.805686 13057140000
0.0000002 -132.152313 11865040000
0.0000002 -133.686913 12111470000
0.0000002 -133.686913 12230980000
0.0000002 -133.686913 12078010000
0.0000002 -131.863558 11871390000
0.0000002 -133.686913 12161980000
0.0000002 -133.686913 12246660000
0.0000002 -133.686913 12095630000
0.0000002 -133.686913 12332520000
0.0000002 -131.747690 9997710000
0.0000002 -133.686913 11928410000
0.0000002 -133.686913 12207690000
0.0000002 -131.952548 11237100000
0.0000002 -133.686913 12099570000
0.0000002 -133.686913 12159650000
0.0000002 -133.686913 12200530000
0.0000002 -133.686913 12056290000
0.0000002 -133.686913 12043430000
0.0000002 -133.686913 12253190000
0.0000002 -132.525326 13355290000
0.0000002 -133.686913 12178110000
0.0000002 -133.686913 12187330000
0.0000002 -133.686913 12238920000
0.0000002 -133.686913 12138090000
0.0000002 -133.686913 12234500000
0.0000002 -133.686913 12238580000
0.0000002 -133.686913 11995430000
0.0000002 -133.686913 12033180000
0.0000002 -133.686913 12245260000
0.0000002 -133.686913 12272900000
0.0000002 -133.686913 12269180000
0.0000002 -132.462948 8944040000
0.0000002 -133.686913 11888490000
0.0000002 -132.375519 12228980000
0.0000002 -133.686913 12382360000
0.0000002 -133.686913 12248770000
0.0000002 -133.686913 12204350000
0.0000002 -131.747690 9820380000
0.0000002 -133.686913 12320650000
0.0000002 -133.686913 12131710000
0.0000002 -133.686913 12159270000
0.0000002 -133.686913 12161570000
0.0000002 -132.462948 8653320000
0.0000002 -133.686913 11939120000
0.0000002 -133.686913 12066950000
0.0000002 -133.686913 12113740000
0.0000002 -133.686913 12054930000
0.0000002 -132.462948 8708750000
0.0000002 -133.686913 12233920000
0.0000002 -133.686913 12203810000
0.0000002 -133.686913 12149120000
0.0000002 -133.686913 12010260000
0.0000002 -133.686913 12186580000
0.0000002 -133.686913 11925550000
0.0000002 -133.686913 12283860000
0.0000002 -133.686913 12037690000
0.0000002 -133.686913 12366890000
0.0000002 -133.686913 12053590000
0.0000002 -133.686913 12153750000
0.0000002 -133.686913 12109000000
0.0000002 -133.686913 11613430000
0.0000002 -133.686913 12026280000
0.0000002 -133.686913 12075780000
0.0000002 -133.686913 12132550000
0.0000002 -133.686913 12100470000
0.0000002 -131.378824 13626030000
0.0000002 -133.686913 12074250000
0.0000002 -133.686913 11944630000
0.0000002 -133.686913 12044350000
0.0000002 -133.686913 12159070000
0.0000002 -133.686913 12144580000
0.0000002 -133.686913 11656090000
0.0000002 -132.375519 11401000000
0.0000002 -133.686913 12086150000
0.0000002 -133.686913 11942120000
0.0000002 -133.686913 12043650000
0.0000002 -133.686913 12287810000
0.0000002 -133.686913 12242900000
0.0000002 -133.686913 12037260000
0.0000002 -133.686913 12068710000
0.0000002 -133.686913 11775540000
0.0000002 -133.686913 11792490000
0.0000002 -133.686913 11534960000
0.0000003 -133.686913 8054290000
0.0000003 -133.686913 8249650000
0.0000003 -133.686913 8075710000
0.0000003 -133.686913 8069770000
0.0000003 -133.686913 8104440000
0.0000003 -133.686913 7816690000
0.0000003 -133.686913 8248930000
0.0000003 -133.686913 7953530000
0.0000003 -132.525326 8934460000
0.0000003 -133.686913 8062950000
0.0000003 -133.686913 7981530000
0.0000003 -131.805686 8959590000
0.0000003 -133.686913 7947040000
0.0000003 -133.686913 8175020000
0.0000003 -133.686913 8080950000
0.0000003 -133.686913 8285970000
0.0000003 -133.686913 8105270000
0.0000003 -133.686913 8088930000
0.0000003 -133.686913 8028510000
0.0000003 -133.686913 8139100000
0.0000003 -133.686913 8196250000
0.0000003 -132.462948 6327810000
0.0000003 -132.462948 6127380000
0.0000003 -132.525326 8937250000
0.0000003 -133.686913 8187450000
0.0000003 -132.462948 6171200000
0.0000003 -133.686913 8195490000
0.0000003 -133.686913 8050140000
0.0000003 -133.686913 8043460000
0.0000003 -133.686913 8192240000
0.0000003 -133.686913 8018250000
0.0000003 -133.686913 8137300000
0.0000003 -133.686913 8040460000
0.0000003 -133.686913 8145410000
0.0000003 -133.686913 8039650000
0.0000003 -133.686913 8149830000
0.0000003 -133.686913 8055830000
0.0000003 -133.686913 7760100000
0.0000003 -133.686913 8164250000
0.0000003 -133.686913 8109480000
0.0000003 -132.462948 5987840000
0.0000003 -132.525326 8639610000
0.0000003 -133.686913 8015300000
0.0000003 -133.686913 7786800000
0.0000003 -132.462948 5932210000
0.0000003 -133.686913 7987390000
0.0000003 -133.686913 7951110000
0.0000003 -133.686913 8235620000
0.0000003 -133.686913 8251600000
0.0000003 -133.686913 8303920000
0.0000003 -133.686913 7980140000
0.0000003 -133.686913 8086700000
0.0000003 -133.686913 7905330000
0.0000003 -133.686913 7973130000
0.0000003 -132.525326 8837970000
0.0000003 -133.686913 7974520000
0.0000003 -133.686913 8200920000
0.0000003 -133.686913 8110700000
0.0000003 -131.436443 5375410000
0.0000003 -133.686913 8026210000
0.0000003 -133.686913 7977910000
0.0000003 -133.686913 8185130000
0.0000003 -133.686913 8271110000
0.0000003 -133.686913 8158830000
0.0000003 -132.462948 5985370000
0.0000003 -133.686913 8133860000
0.0000003 -133.686913 8038100000
0.0000003 -133.686913 8246440000
0.0000003 -133.686913 8056260000
0.0000003 -133.686913 7968820000
0.0000003 -133.686913 8230710000
0.0000003 -133.686913 8068740000
0.0000003 -133.686913 8125160000
0.0000003 -133.686913 8056600000
0.0000003 -133.686913 8139490000
0.0000003 -133.686913 8063270000
0.0000003 -132.525326 8974390000
0.0000003 -133.686913 8149340000
0.0000003 -133.686913 8076990000
0.0000003 -133.686913 7921360000
0.0000003 -133.686913 8133550000
0.0000003 -133.686913 8177880000
0.0000003 -133.686913 7912280000
0.0000003 -132.462948 6107950000
0.0000003 -133.686913 8177190000
0.0000003 -133.577396 8086480000
0.0000003 -133.686913 8183550000
0.0000003 -132.525326 8909630000
0.0000003 -133.686913 8094660000
0.0000003 -133.686913 8223260000
0.0000003 -133.686913 8066900000
0.0000003 -133.686913 8108660000
0.0000003 -133.686913 7937390000
0.0000003 -133.686913 8126820000
0.0000003 -133.686913 8092760000
0.0000003 -133.686913 8159340000
0.0000003 -132.971655 6680990000
0.0000003 -132.462948 6236810000
0.0000003 -131.491485 5956740000
0.0000003 -133.686913 8157250000
0.0000004 -133.686913 6164470000
0.0000004 -133.686913 6154600000
0.0000004 -133.686913 6025720000
0.0000004 -133.686913 6082650000
0.0000004 -133.686913 6156920000
0.0000004 -133.686913 6212700000
0.0000004 -133.686913 6161820000
0.0000004 -133.686913 6202390000
0.0000004 -133.686913 6216740000
0.0000004 -133.686913 6082360000
0.0000004 -133.686913 6206140000
0.0000004 -133.686913 6073060000
0.0000004 -133.686913 6139490000
0.0000004 -132.375519 5940010000
0.0000004 -133.686913 6153460000
0.0000004 -133.686913 6111930000
0.0000004 -133.686913 6058930000
0.0000004 -133.686913 6107080000
0.0000004 -133.686913 6154830000
0.0000004 -133.686913 6181470000
0.0000004 -133.686913 6219650000
0.0000004 -132.462948 4498460000
0.0000004 -132.525326 6708730000
0.0000004 -133.686913 6093140000
0.0000004 -133.686913 6137720000
0.0000004 -133.686913 6113710000
0.0000004 -133.686913 6071820000
0.0000004 -132.462948 4537970000
0.0000004 -133.686913 6091480000
0.0000004 -133.686913 6094840000
0.0000004 -131.805686 7013800000
0.0000004 -133.686913 6149380000
0.0000004 -133.686913 6096780000
0.0000004 -133.686913 6045710000
0.0000004 -133.686913 6049050000
0.0000004 -133.686913 6074770000
0.0000004 -133.686913 6115930000
0.0000004 -133.686913 6141050000
0.0000004 -133.686913 6210120000
0.0000004 -133.686913 6020080000
0.0000004 -133.686913 6011810000
0.0000004 -133.686913 5986960000
0.0000004 -133.686913 6095060000
0.0000004 -133.686913 6140670000
0.0000004 -133.686913 6086230000
0.0000004 -133.686913 6182530000
0.0000004 -133.686913 6120390000
0.0000004 -133.686913 6035900000
0.0000004 -133.686913 6296530000
0.0000004 -131.287688 6644410000
0.0000004 -133.686913 6148820000
0.0000004 -133.686913 6022840000
0.0000004 -133.686913 6009670000
0.0000004 -133.686913 6162050000
0.0000004 -133.686913 5987070000
0.0000004 -133.686913 6006930000
0.0000004 -133.686913 6204330000
0.0000004 -133.686913 6138240000
0.0000004 -133.686913 6384910000
0.0000004 -133.686913 6095070000
0.0000004 -133.686913 6111810000
0.0000004 -133.686913 6031320000
0.0000004 -133.686913 6165920000
0.0000004 -133.686913 6102050000
0.0000004 -133.686913 5945900000
0.0000004 -132.525326 6758350000
0.0000004 -133.686913 6094040000
0.0000004 -133.686913 6551260000
0.0000004 -133.686913 6125040000
0.0000004 -133.686913 5954680000
0.0000004 -133.686913 6167700000
0.0000004 -132.462948 4424120000
0.0000004 -133.686913 6113880000
0.0000004 -133.686913 6109000000
0.0000004 -132.462948 4634830000
0.0000004 -133.686913 6142650000
0.0000004 -131.863558 5997230000
0.0000004 -133.686913 6091480000
0.0000004 -133.686913 6051850000
0.0000004 -132.152313 5875290000
0.0000004 -133.686913 6069390000
0.0000004 -133.686913 6198100000
0.0000004 -133.686913 6000960000
0.0000004 -133.686913 6118730000
0.0000004 -133.686913 6136690000
0.0000004 -133.686913 6063510000
0.0000004 -133.686913 6199670000
0.0000004 -133.686913 6147550000
0.0000004 -133.686913 6063030000
0.0000004 -133.686913 5935960000
0.0000004 -133.686913 6095490000
0.0000004 -133.686913 6163250000
0.0000004 -133.686913 6124230000
0.0000004 -133.686913 6125410000
0.0000004 -133.686913 6057770000
0.0000004 -133.686913 6042500000
0.0000004 -133.686913 6075380000
0.0000004 -131.378824 6684520000
0.0000004 -133.686913 6057770000
0.0000004 -133.686913 6165500000
0.0000005 -133.686913 4876750000
0.0000005 -133.686913 4955610000
0.0000005 -133.686913 4928400000
0.0000005 -133.686913 4794230000
0.0000005 -132.375519 4853630000
0.0000005 -133.686913 4923290000
0.0000005 -133.686913 4944500000
0.0000005 -133.686913 4866140000
0.0000005 -133.686913 4910030000
0.0000005 -133.686913 4919220000
0.0000005 -133.686913 4913790000
0.0000005 -133.686913 4952960000
0.0000005 -133.686913 4875940000
0.0000005 -133.686913 4781570000
0.0000005 -133.686913 4942200000
0.0000005 -132.525326 5386010000
0.0000005 -133.686913 4802120000
0.0000005 -133.686913 4934980000
0.0000005 -132.971655 4063410000
0.0000005 -133.686913 4821460000
0.0000005 -133.686913 4944830000
0.0000005 -132.462948 3649190000
0.0000005 -133.686913 4924540000
0.0000005 -133.686913 4944930000
0.0000005 -133.686913 4939610000
0.0000005 -133.686913 4993110000
0.0000005 -133.686913 4918700000
0.0000005 -133.686913 4946340000
0.0000005 -132.525326 5383650000
0.0000005 -132.375519 4930750000
0.0000005 -133.686913 4856010000
0.0000005 -133.686913 4824140000
0.0000005 -132.462948 3659960000
0.0000005 -133.686913 4730090000
0.0000005 -132.462948 3640730000
0.0000005 -133.686913 4943250000
0.0000005 -132.375519 5038340000
0.0000005 -133.686913 4803380000
0.0000005 -133.686913 4963940000
0.0000005 -133.686913 4986220000
0.0000005 -133.686913 4861260000
0.0000005 -133.686913 4860100000
0.0000005 -133.686913 5091760000
0.0000005 -132.525326 5392140000
0.0000005 -133.686913 4913490000
0.0000005 -133.686913 5216380000
0.0000005 -133.686913 4948520000
0.0000005 -133.686913 4977450000
0.0000005 -132.525326 5381850000
0.0000005 -133.686913 4791060000
0.0000005 -133.686913 4913850000
0.0000005 -133.686913 4883580000
0.0000005 -133.686913 4898000000
0.0000005 -132.525326 5371570000
0.0000005 -133.686913 4852410000
0.0000005 -132.462948 3878680000
0.0000005 -132.152313 4854110000
0.0000005 -133.686913 4917750000
0.0000005 -133.686913 4960800000
0.0000005 -133.686913 4807230000
0.0000005 -133.686913 4913110000
0.0000005 -133.686913 4853530000
0.0000005 -133.686913 4858380000
0.0000005 -133.686913 4894800000
0.0000005 -133.686913 4945970000
0.0000005 -131.952548 4688070000
0.0000005 -133.686913 4866870000
0.0000005 -133.686913 4963770000
0.0000005 -133.686913 4951260000
0.0000005 -133.686913 4891570000
0.0000005 -133.686913 4917780000
0.0000005 -133.686913 4775330000
0.0000005 -133.686913 4943570000
0.0000005 -133.686913 4802000000
0.0000005 -133.686913 4881350000
0.0000005 -133.686913 4814330000
0.0000005 -133.686913 4886800000
0.0000005 -133.686913 4909440000
0.0000005 -133.686913 4943380000
0.0000005 -132.462948 3568810000
0.0000005 -133.686913 4878180000
0.0000005 -133.686913 4834130000
0.0000005 -133.686913 4872300000
0.0000005 -133.686913 4932700000
0.0000005 -133.686913 4763800000
0.0000005 -133.686913 4942780000
0.0000005 -133.686913 4863240000
0.0000005 -133.686913 4976920000
0.0000005 -133.686913 4904670000
0.0000005 -133.686913 4912340000
0.0000005 -132.525326 5349740000
0.0000005 -133.686913 5000490000
0.0000005 -133.686913 4924790000
0.0000005 -133.686913 4939340000
0.0000005 -133.686913 4907390000
0.0000005 -133.686913 4954150000
0.0000005 -133.686913 4873150000
0.0000005 -133.686913 4889070000
0.0000005 -133.686913 4798420000
0.0000005 -133.686913 4914730000
0.0000006 -133.686913 4107780000
0.0000006 -133.686913 4082290000
0.0000006 -133.686913 4129410000
0.0000006 -133.686913 4090660000
0.0000006 -133.686913 4078300000
0.0000006 -133.686913 4127830000
0.0000006 -133.686913 4093970000
0.0000006 -133.686913 4152130000
0.0000006 -132.525326 4514500000
0.0000006 -133.686913 3989080000
0.0000006 -133.686913 4105530000
0.0000006 -133.686913 4094740000
0.0000006 -133.686913 4085210000
0.0000006 -133.686913 4107600000
0.0000006 -133.686913 3924160000
0.0000006 -133.686913 4128690000
0.0000006 -133.686913 4147520000
0.0000006 -133.686913 4111260000
0.0000006 -133.686913 4134010000
0.0000006 -133.686913 4041690000
0.0000006 -133.686913 4094860000
0.0000006 -133.686913 4083120000
0.0000006 -132.462948 3038670000
0.0000006 -133.686913 4087440000
0.0000006 -133.686913 3987810000
0.0000006 -133.686913 4131550000
0.0000006 -133.686913 4066370000
0.0000006 -133.686913 4180960000
0.0000006 -133.686913 4140980000
0.0000006 -133.686913 3983290000
0.0000006 -133.686913 3985810000
0.0000006 -133.686913 4104390000
0.0000006 -133.686913 4044600000
0.0000006 -132.462948 3030770000
0.0000006 -133.686913 4080120000
0.0000006 -133.686913 4127950000
0.0000006 -133.686913 4146070000
0.0000006 -131.578415 2993500000
0.0000006 -133.686913 4048060000
0.0000006 -133.686913 4113540000
0.0000006 -133.686913 4013080000
0.0000006 -132.525326 4491670000
0.0000006 -132.525326 4518520000
0.0000006 -133.686913 4047080000
0.0000006 -131.805686 4445980000
0.0000006 -133.686913 4054330000
0.0000006 -133.686913 4119150000
0.0000006 -133.686913 4145660000
0.0000006 -133.686913 4121690000
0.0000006 -133.686913 4268380000
0.0000006 -133.686913 4131440000
0.0000006 -133.686913 3981540000
0.0000006 -133.686913 4061450000
0.0000006 -133.686913 4044980000
0.0000006 -133.686913 4065910000
0.0000006 -133.686913 4075000000
0.0000006 -132.375519 4054120000
0.0000006 -133.686913 4131220000
0.0000006 -133.686913 4137780000
0.0000006 -133.686913 4125350000
0.0000006 -133.686913 4090500000
0.0000006 -133.686913 3830560000
0.0000006 -133.686913 3922500000
0.0000006 -133.686913 4155610000
0.0000006 -133.686913 4010440000
0.0000006 -133.686913 4121460000
0.0000006 -131.805686 4404010000
0.0000006 -133.686913 4140030000
0.0000006 -132.525326 4483310000
0.0000006 -133.686913 4053440000
0.0000006 -133.686913 4114910000
0.0000006 -132.375519 4180340000
0.0000006 -133.686913 3995110000
0.0000006 -133.686913 4093440000
0.0000006 -132.525326 4497960000
0.0000006 -133.686913 4124870000
0.0000006 -131.668835 2849320000
0.0000006 -133.686913 4090870000
0.0000006 -133.686913 4056430000
0.0000006 -133.686913 4155470000
0.0000006 -133.686913 4069740000
0.0000006 -133.686913 4082620000
0.0000006 -133.686913 4137370000
0.0000006 -133.686913 4027970000
0.0000006 -133.686913 3999320000
0.0000006 -133.686913 4057050000
0.0000006 -133.686913 4129640000
0.0000006 -132.525326 4485200000
0.0000006 -133.686913 4062060000
0.0000006 -133.686913 4051180000
0.0000006 -133.686913 4083510000
0.0000006 -133.686913 4038180000
0.0000006 -133.686913 4120660000
0.0000006 -133.686913 4137910000
0.0000006 -132.375519 4088860000
0.0000006 -133.686913 4079160000
0.0000006 -133.686913 4129370000
0.0000006 -133.686913 3967270000
0.0000006 -132.375519 4086880000
0.0000006 -133.686913 4135920000
0.0000007 -133.686913 3469840000
0.0000007 -133.686913 3496720000
0.0000007 -133.686913 3482950000
0.0000007 -132.525326 3865990000
0.0000007 -133.686913 3451670000
0.0000007 -133.686913 3461190000
0.0000007 -133.686913 3408430000
0.0000007 -133.686913 3541720000
0.0000007 -133.686913 3527760000
0.0000007 -133.686913 3595410000
0.0000007 -132.525326 3883950000
0.0000007 -133.686913 3510740000
0.0000007 -132.525326 3693050000
0.0000007 -133.686913 3544580000
0.0000007 -133.686913 3440750000
0.0000007 -133.686913 3476470000
0.0000007 -133.686913 3545630000
0.0000007 -133.686913 3570970000
0.0000007 -133.686913 3445010000
0.0000007 -132.525326 3818730000
0.0000007 -133.686913 3465210000
0.0000007 -133.686913 3419130000
0.0000007 -133.686913 3506930000
0.0000007 -133.686913 3505990000
0.0000007 -133.686913 3441790000
0.0000007 -132.462948 2608710000
0.0000007 -133.686913 3487840000
0.0000007 -133.686913 3468200000
0.0000007 -133.686913 3555110000
0.0000007 -133.686913 3483270000
0.0000007 -133.686913 3498970000
0.0000007 -131.863558 3446210000
0.0000007 -133.686913 3502650000
0.0000007 -133.686913 3382940000
0.0000007 -133.686913 3506190000
0.0000007 -133.686913 3557350000
0.0000007 -133.686913 3536530000
0.0000007 -133.686913 3604800000
0.0000007 -133.686913 3376260000
0.0000007 -133.686913 3524540000
0.0000007 -132.375519 3557520000
0.0000007 -133.686913 3457950000
0.0000007 -133.686913 3461620000
0.0000007 -133.686913 3538650000
0.0000007 -133.686913 3419410000
0.0000007 -133.686913 3512030000
0.0000007 -133.686913 3531800000
0.0000007 -133.686913 3494720000
0.0000007 -133.686913 3478460000
0.0000007 -133.686913 3533120000
0.0000007 -133.686913 3469370000
0.0000007 -133.686913 3402800000
0.0000007 -132.525326 3844120000
0.0000007 -133.686913 3483220000
0.0000007 -133.686913 3423560000
0.0000007 -133.686913 3438570000
0.0000007 -133.686913 3516860000
0.0000007 -132.525326 3776990000
0.0000007 -133.686913 3568700000
0.0000007 -133.686913 3477410000
0.0000007 -133.686913 3557520000
0.0000007 -133.686913 3515190000
0.0000007 -133.686913 3515390000
0.0000007 -133.686913 3440710000
0.0000007 -132.375519 3544200000
0.0000007 -133.686913 3474820000
0.0000007 -133.686913 3521740000
0.0000007 -133.686913 3518580000
0.0000007 -133.686913 3517250000
0.0000007 -133.686913 3573360000
0.0000007 -133.686913 3482410000
0.0000007 -133.686913 3429920000
0.0000007 -133.686913 3437200000
0.0000007 -133.686913 3549120000
0.0000007 -133.686913 3538960000
