lambda E I
0.1 24383.126755 253500 
0.1 23482.281728 268100 
0.1 24001.934464 252500 
0.1 21681.316190 272300 
0.1 22539.148283 254600 
0.1 23551.857113 260900 
0.1 21934.570388 264000 
0.1 24230.343134 273100 
0.1 22407.913387 260200 
0.1 21091.675783 253900 
0.1 24773.134981 260800 
0.1 21914.311858 264100 
0.1 24019.133308 262000 
0.1 20320.621395 262500 
0.1 23118.673066 263700 
0.1 22144.459368 260100 
0.1 24700.243397 255100 
0.1 25025.571461 262400 
0.1 22036.204496 254100 
0.1 25254.564740 254200 
0.1 25447.650988 262400 
0.1 22047.644119 253600 
0.1 20330.339039 259300 
0.1 22894.058043 264700 
0.1 21464.944291 268200 
0.1 20660.121506 264400 
0.1 22388.295791 260900 
0.1 24418.168063 262600 
0.1 24403.934336 261100 
0.1 24619.889017 263300 
0.1 23944.450075 261000 
0.1 23101.906598 258100 
0.1 22659.272105 253000 
0.1 23119.183370 267100 
0.1 24311.592709 267000 
0.1 23455.091647 256900 
0.1 22064.922587 258800 
0.1 24816.995113 267300 
0.1 21682.138834 251400 
0.1 19930.826962 254500 
0.1 19810.432451 256900 
0.1 24156.068695 266600 
0.1 20996.747916 282300 
0.1 23313.489801 254200 
0.1 24814.345407 260500 
0.1 22690.978442 259100 
0.1 24634.692594 267000 
0.1 22785.000094 261700 
0.1 20554.635000 253800 
0.1 24701.546199 260800 
0.1 21100.003525 257100 
0.1 22010.889176 252800 
0.1 22095.495885 258600 
0.1 21856.127387 251500 
0.1 23478.933565 263700 
0.1 21939.544828 264700 
0.1 23074.262337 258400 
0.1 22059.346248 262100 
0.1 22449.419510 253100 
0.1 25484.393838 263000 
0.1 20946.680934 253700 
0.1 21853.035489 259700 
0.1 22358.557719 264800 
0.1 23389.039821 260800 
0.1 21205.433532 278000 
0.1 21183.400718 262600 
0.1 20336.522052 261400 
0.1 22539.243001 260100 
0.1 22587.191045 261500 
0.1 23530.227886 257200 
0.1 22004.386485 268200 
0.1 27705.156925 260100 
0.1 24804.992833 257600 
0.1 22104.509555 260100 
0.1 21999.825520 266900 
0.1 21227.492892 258500 
0.1 22087.806870 256100 
0.1 23476.853393 254900 
0.1 23992.334308 259900 
0.1 22364.051410 256900 
0.1 25222.284253 262600 
0.1 25779.592139 264600 
0.1 22408.408153 246500 
0.1 24704.769176 274000 
0.1 22479.928170 263500 
0.1 22792.613006 263700 
0.1 23927.979710 258500 
0.1 22544.343262 264100 
0.1 26439.487848 271800 
0.1 20528.503014 261600 
0.1 24259.432158 258800 
0.1 21879.661779 251300 
0.1 24088.147812 268800 
0.1 25191.396278 260500 
0.1 22698.875333 261400 
0.1 21861.919937 256400 
0.1 23428.302983 260300 
0.1 22649.723877 273200 
0.1 21032.613247 263200 
0.1 26535.758798 264200 
0.15 23894.161964 243900 
0.15 22151.174975 243000 
0.15 23179.771867 247300 
0.15 25487.847095 241500 
0.15 23351.635553 245800 
0.15 23576.926125 239800 
0.15 26726.042137 242100 
0.15 25757.407583 248300 
0.15 22057.355484 242600 
0.15 21386.721049 244600 
0.15 27811.732854 244000 
0.15 24383.722809 252900 
0.15 25933.364892 245500 
0.15 22477.007378 256300 
0.15 24266.942858 254600 
0.15 20463.378400 246300 
0.15 21694.837000 238900 
0.15 23298.569718 249900 
0.15 22882.276192 243500 
0.15 24333.109929 251200 
0.15 22711.271796 245000 
0.15 23698.822985 247000 
0.15 21438.035523 243100 
0.15 24638.076243 246500 
0.15 25166.456029 239000 
0.15 21965.754388 241800 
0.15 22017.103311 243800 
0.15 23518.108695 243600 
0.15 27341.190040 248700 
0.15 22535.763242 233500 
0.15 22675.942707 247700 
0.15 26934.058865 249600 
0.15 22281.454179 243000 
0.15 23822.428427 250600 
0.15 22938.270397 246600 
0.15 22361.560037 249500 
0.15 21188.742999 241700 
0.15 24227.012598 243600 
0.15 27160.196437 248200 
0.15 24134.809224 246600 
0.15 21291.194766 243200 
0.15 24136.540537 241600 
0.15 24635.344607 247100 
0.15 25245.059578 249400 
0.15 26201.294268 242600 
0.15 22513.976740 249900 
0.15 20884.164023 246400 
0.15 29357.148250 243200 
0.15 26583.668528 243000 
0.15 26220.694799 240000 
0.15 24753.380445 252800 
0.15 26444.911198 244400 
0.15 23873.176427 245600 
0.15 24107.272666 244800 
0.15 24002.362294 250900 
0.15 23813.155543 252200 
0.15 19797.426014 247000 
0.15 22726.300977 244600 
0.15 25585.214574 242300 
0.15 23928.373230 246600 
0.15 24038.220039 243500 
0.15 24475.613496 245800 
0.15 24383.832240 239900 
0.15 23118.242833 238400 
0.15 24232.792937 244000 
0.15 23516.409125 241300 
0.15 22507.651875 246800 
0.15 26694.352288 243500 
0.15 28036.379779 251000 
0.15 21963.428063 241600 
0.15 23654.525040 247900 
0.15 21103.832400 252400 
0.15 20230.226355 252400 
0.15 25350.372070 244300 
0.15 22203.040384 240300 
0.15 25525.368610 239700 
0.15 25577.884777 241500 
0.15 27973.835494 262200 
0.15 22261.586011 246000 
0.15 22327.059232 240700 
0.15 24479.415676 245300 
0.15 20287.157388 248800 
0.15 22840.092635 245100 
0.15 22307.577033 245100 
0.15 23001.941046 248400 
0.15 23062.718781 242200 
0.15 30345.875609 239400 
0.15 27193.887732 243100 
0.15 22635.364454 244800 
0.15 26620.655336 247900 
0.15 23618.412040 247200 
0.15 20734.753347 248300 
0.15 25598.774277 245200 
0.15 27005.945465 250300 
0.15 26418.851559 243500 
0.15 23679.629111 249600 
0.15 22575.131980 249400 
0.15 23039.434908 251100 
0.15 27771.526734 255900 
0.15 27013.890650 247500 
0.2 21390.193479 239600 
0.2 22303.507822 245000 
0.2 23721.379833 237000 
0.2 22979.124257 240400 
0.2 26803.114497 232800 
0.2 23519.263411 241400 
0.2 26199.846280 242900 
0.2 21247.431908 242400 
0.2 22544.421945 241400 
0.2 25506.659893 234800 
0.2 24422.566539 223200 
0.2 26087.832801 237200 
0.2 31911.933697 223700 
0.2 26870.689378 239800 
0.2 27271.077017 241300 
0.2 22911.185829 241600 
0.2 26226.058593 245600 
0.2 23752.441527 238300 
0.2 25722.404728 235100 
0.2 24898.407931 240800 
0.2 33800.368798 210100 
0.2 28412.979997 239400 
0.2 23516.380809 243400 
0.2 26819.510737 237800 
0.2 20002.356071 237200 
0.2 20844.654648 236600 
0.2 27348.088308 240800 
0.2 25013.500628 245500 
0.2 26150.487995 238000 
0.2 22077.911701 238300 
0.2 21972.629459 237200 
0.2 22591.393536 230300 
0.2 23911.291795 241500 
0.2 23400.386240 237700 
0.2 25978.062302 241800 
0.2 24642.211907 241800 
0.2 23046.632627 235100 
0.2 33828.971057 216800 
0.2 27060.770824 242500 
0.2 23657.447174 237600 
0.2 24917.368442 240000 
0.2 26089.716571 235500 
0.2 24097.922904 242100 
0.2 24863.505216 228100 
0.2 23642.674408 235500 
0.2 26401.464275 234600 
0.2 25806.235712 240500 
0.2 23841.601820 241500 
0.2 27179.651533 231700 
0.2 27506.946743 241500 
0.2 20016.505929 239700 
0.2 26607.423768 242600 
0.2 31084.888408 234600 
0.2 22659.947912 238000 
0.2 27186.734875 246300 
0.2 23990.543854 239000 
0.2 21334.250718 241400 
0.2 27148.910076 244300 
0.2 22267.545690 240200 
0.2 26403.639581 235900 
0.2 25615.240151 246800 
0.2 22254.672418 243200 
0.2 22068.082674 240000 
0.2 23073.824423 238700 
0.2 22743.122982 244600 
0.2 25209.266932 243200 
0.2 24187.400497 240300 
0.2 22805.410791 239500 
0.2 27700.867914 241100 
0.2 25948.483605 234600 
0.2 24176.730921 239800 
0.2 24804.294898 234500 
0.2 23148.266764 243800 
0.2 24431.537720 238500 
0.2 24534.805616 234600 
0.2 30051.150317 231600 
0.2 24550.017218 237000 
0.2 21404.951903 236700 
0.2 24012.004036 240900 
0.2 24828.389107 240300 
0.2 24479.498434 234700 
0.2 23716.854491 236500 
0.2 29061.746623 243000 
0.2 26818.256993 237600 
0.2 22639.877415 238700 
0.2 22082.810859 237100 
0.2 28434.420831 238800 
0.2 25747.902610 239900 
0.2 24662.996092 238400 
0.2 19677.535323 238400 
0.2 22655.599278 240100 
0.2 22678.583813 238000 
0.2 26955.252499 234600 
0.2 22779.129950 243000 
0.2 25400.599594 240200 
0.2 25163.117088 238300 
0.2 22473.988026 223700 
0.2 22103.445466 239200 
0.2 27049.187402 244300 
0.2 26666.280735 247300 
0.25 26614.612344 232100 
0.25 24578.692887 236900 
0.25 23970.291982 234800 
0.25 26535.005461 235000 
0.25 25241.349217 227100 
0.25 26181.697063 237300 
0.25 22467.459000 235100 
0.25 26528.197705 239700 
0.25 25012.533453 236000 
0.25 23401.719856 231300 
0.25 22672.669907 226800 
0.25 21733.723841 237300 
0.25 27635.721855 238700 
0.25 26985.205270 238600 
0.25 28345.986875 233400 
0.25 24473.164206 230300 
0.25 23000.816108 233400 
0.25 25835.491724 239300 
0.25 24820.309378 238900 
0.25 20861.216922 229800 
0.25 21269.438013 238100 
0.25 25194.276026 231000 
0.25 25475.638441 232400 
0.25 26732.064994 237500 
0.25 22298.015018 236700 
0.25 25226.381245 231800 
0.25 27753.715970 236900 
0.25 25133.178276 231200 
0.25 27503.548524 233800 
0.25 23860.655276 236800 
0.25 26775.098383 236000 
0.25 26860.249828 236000 
0.25 22273.735336 235000 
0.25 27737.396506 232500 
0.25 24865.049734 237500 
0.25 28294.783143 235100 
0.25 23368.199207 237900 
0.25 24326.378397 235100 
0.25 23569.971992 233500 
0.25 24397.905923 232100 
0.25 24925.794243 221400 
0.25 24771.867885 233500 
0.25 28819.396474 233800 
0.25 24005.954206 234300 
0.25 23271.222910 232100 
0.25 25298.282750 241100 
0.25 25734.132171 234200 
0.25 24909.406280 235400 
0.25 27270.649212 234800 
0.25 28708.556944 234600 
0.25 28127.795738 228500 
0.25 26090.103404 235100 
0.25 22687.779301 237200 
0.25 25359.391821 236200 
0.25 24909.169175 227400 
0.25 27435.571241 224500 
0.25 25030.158289 236800 
0.25 26536.116050 244200 
0.25 20218.086225 237800 
0.25 21344.292439 233900 
0.25 19777.051462 232100 
0.25 24985.582891 223700 
0.25 27440.618351 233300 
0.25 30296.829847 217700 
0.25 26783.877195 237400 
0.25 26371.229231 223900 
0.25 24583.925979 234000 
0.25 26989.440087 235500 
0.25 24911.302008 223700 
0.25 27445.434725 233000 
0.25 29248.850732 235800 
0.25 23581.452481 242600 
0.25 25893.626164 234100 
0.25 32639.801226 212600 
0.25 26163.020733 234300 
0.25 23600.573629 234000 
0.25 22427.989657 234900 
0.25 24572.356488 233200 
0.25 25141.658317 232700 
0.25 23642.428553 235800 
0.25 23418.533193 238600 
0.25 26431.024899 231400 
0.25 25530.492943 235500 
0.25 30241.607735 235400 
0.25 24259.908810 239500 
0.25 26601.968679 224700 
0.25 27924.682906 234800 
0.25 23927.909690 236000 
0.25 29277.795138 234000 
0.25 23307.039894 232800 
0.25 23037.169212 235200 
0.25 26281.800716 231800 
0.25 25276.227736 240000 
0.25 26685.834385 219300 
0.25 28851.092736 230400 
0.25 23577.224707 235900 
0.25 21723.092356 234000 
0.25 22148.290698 235500 
0.25 23428.799584 234200 
0.25 22045.829770 233600 
0.3 23477.588695 238200 
0.3 24243.926791 220100 
0.3 25633.470532 230300 
0.3 25367.594894 231200 
0.3 32065.279212 223500 
0.3 21912.276000 233500 
0.3 24706.434326 232800 
0.3 23934.060067 223000 
0.3 22560.759058 223200 
0.3 23914.942139 231100 
0.3 26061.277370 230100 
0.3 25344.610962 235400 
0.3 24758.049885 223400 
0.3 25404.075521 231800 
0.3 28203.653069 220800 
0.3 27782.767138 221900 
0.3 28407.889479 239700 
0.3 23937.891139 222700 
0.3 29038.216653 233400 
0.3 24900.686749 236700 
0.3 25679.208537 230400 
0.3 25766.391544 231100 
0.3 24141.269785 234800 
0.3 24999.589579 227500 
0.3 24119.289096 233500 
0.3 27373.914227 233600 
0.3 24573.608702 235200 
0.3 24573.913390 232100 
0.3 23934.472653 223200 
0.3 26101.888399 234000 
0.3 24482.981319 229300 
0.3 22535.985894 232600 
0.3 28559.571301 231900 
0.3 25401.514204 235500 
0.3 24406.999082 234900 
0.3 24505.237893 234600 
0.3 24619.134736 225500 
0.3 26588.612471 226600 
0.3 26130.094036 234500 
0.3 25173.475532 234800 
0.3 26422.109723 234300 
0.3 31364.982435 217600 
0.3 25586.571711 231000 
0.3 30735.310223 236600 
0.3 26153.784167 232400 
0.3 23819.188943 229600 
0.3 23303.174146 225300 
0.3 26579.207127 228400 
0.3 27183.959242 226100 
0.3 27941.519987 218600 
0.3 23687.800069 232500 
0.3 31191.932251 234200 
0.3 27522.629286 241000 
0.3 27583.979023 236200 
0.3 27739.740029 229900 
0.3 22117.538160 231500 
0.3 24674.249259 225000 
0.3 25843.078180 232100 
0.3 28063.697709 237200 
0.3 19369.335745 235600 
0.3 27945.945301 233000 
0.3 30754.177661 232500 
0.3 23277.371685 231000 
0.3 25125.434127 234100 
0.3 23344.796504 238900 
0.3 24600.636239 231700 
0.3 22821.149227 233100 
0.3 31668.367800 235400 
0.3 27732.748472 227300 
0.3 24663.158848 228800 
0.3 23970.097825 224800 
0.3 27208.600966 225900 
0.3 23574.395661 229400 
0.3 29145.781529 238100 
0.3 25220.044050 232400 
0.3 24685.110074 226300 
0.3 29484.868245 237800 
0.3 24744.584918 225300 
0.3 25907.897878 223300 
0.3 26550.479010 237700 
0.3 26919.350073 230500 
0.3 24823.810084 228300 
0.3 26645.280200 229300 
0.3 22855.263042 234200 
0.3 23436.849258 234500 
0.3 27134.743627 233600 
0.3 23581.465549 232500 
0.3 23140.167172 230000 
0.3 25615.627255 230900 
0.3 23706.968973 231700 
0.3 27706.667213 232600 
0.3 21021.595845 232700 
0.3 28916.518151 225500 
0.3 22933.068078 230900 
0.3 28727.919376 230300 
0.3 26960.135640 223500 
0.3 24946.498012 233600 
0.3 23402.688545 225800 
0.3 24430.781256 226200 
0.3 30406.367708 231200 
0.35 28174.335765 224000 
0.35 26821.152719 231100 
0.35 30752.186691 230500 
0.35 28509.336383 218800 
0.35 25094.002978 225600 
0.35 27285.557364 230400 
0.35 26524.586093 231200 
0.35 25849.255483 231200 
0.35 26069.212326 224300 
0.35 26499.260071 236000 
0.35 27989.724258 228900 
0.35 22321.935981 234200 
0.35 30307.721964 228800 
0.35 25676.121767 230300 
0.35 27029.637950 231600 
0.35 24566.573368 233000 
0.35 25296.610195 221000 
0.35 26750.868009 232000 
0.35 27037.732374 223700 
0.35 29758.453495 214000 
0.35 22931.597447 227400 
0.35 24970.445271 232900 
0.35 23875.296343 221800 
0.35 27796.280432 221800 
0.35 26506.741412 231300 
0.35 23969.662950 234500 
0.35 29791.512502 231000 
0.35 23254.894603 230600 
0.35 26642.927255 221300 
0.35 21626.013227 227700 
0.35 26350.530084 230900 
0.35 31970.839317 233300 
0.35 19782.790137 232300 
0.35 25299.179604 221300 
0.35 25814.270370 220200 
0.35 22962.980012 226600 
0.35 26648.383904 219200 
0.35 23604.158477 223200 
0.35 24872.982949 224200 
0.35 26416.722676 226000 
0.35 27898.973672 228300 
0.35 30799.895785 229400 
0.35 26213.395096 219300 
0.35 25069.788470 233300 
0.35 25889.007486 233300 
0.35 24734.980783 218900 
0.35 24140.702362 236500 
0.35 24938.320439 232100 
0.35 28706.001664 224200 
0.35 25430.039677 222500 
0.35 23301.790473 226300 
0.35 24708.148394 231200 
0.35 27646.564925 221100 
0.35 28876.121783 234800 
0.35 24456.000138 224500 
0.35 26127.693533 220700 
0.35 25632.577499 233300 
0.35 26561.685725 236400 
0.35 24017.047650 228300 
0.35 22543.992756 229200 
0.35 26654.063208 222600 
0.35 23177.714542 227400 
0.35 25109.283502 232400 
0.35 28272.534669 227100 
0.35 26125.334559 229200 
0.35 27533.912535 230000 
0.35 26478.191604 231500 
0.35 32504.548949 234400 
0.35 23851.228409 228500 
0.35 27577.232411 231300 
0.35 26363.672280 229100 
0.35 25431.105520 223800 
0.35 27681.507938 233200 
0.35 24217.342457 230900 
0.35 26412.247896 235600 
0.35 27633.423425 220800 
0.35 29211.854425 215600 
0.35 27938.928082 222100 
0.35 26554.791752 230900 
0.35 26833.758858 220600 
0.35 28409.842587 225500 
0.35 26482.720050 228600 
0.35 27963.646652 229500 
0.35 24390.644499 229900 
0.35 24614.680671 231500 
0.35 31484.871593 232900 
0.35 26082.356474 232100 
0.35 25018.206170 229100 
0.35 26903.365505 233900 
0.35 26591.135645 219500 
0.35 26376.026624 219900 
0.35 24632.664673 221300 
0.35 27389.970102 231800 
0.35 24916.108851 232000 
0.35 25979.482675 232200 
0.35 26840.701386 224400 
0.35 32040.153478 233000 
0.35 28733.303610 223600 
0.35 21470.271859 226800 
0.35 30696.508017 229200 
0.4 22395.382244 229100 
0.4 28417.445584 223400 
0.4 25006.136031 225300 
0.4 23377.659891 232700 
0.4 25764.145268 227200 
0.4 29887.921956 231000 
0.4 26187.958141 225500 
0.4 25344.080582 229200 
0.4 26481.762300 217300 
0.4 24165.682148 230600 
0.4 28376.651048 221700 
0.4 23299.275669 228900 
0.4 28026.051977 229500 
0.4 24653.952124 227200 
0.4 21929.223304 227400 
0.4 26684.385555 226100 
0.4 30207.021337 222100 
0.4 24696.073658 232100 
0.4 29510.779551 220600 
0.4 27253.641059 225700 
0.4 26754.636870 220000 
0.4 30156.693357 216100 
0.4 25845.577810 230100 
0.4 25925.268374 230600 
0.4 29209.908489 218900 
0.4 26423.992637 231100 
0.4 27386.791084 221200 
0.4 22541.376522 230800 
0.4 24094.270814 224200 
0.4 21639.752666 228000 
0.4 26759.582536 216400 
0.4 27883.926218 229600 
0.4 27359.190780 221500 
0.4 24612.306340 225400 
0.4 26146.224291 222000 
0.4 28227.141333 218700 
0.4 23077.794828 223900 
0.4 24761.626743 224400 
0.4 23708.047944 220400 
0.4 23981.295371 233000 
0.4 24507.290327 219900 
0.4 29356.279440 226000 
0.4 26478.782917 226400 
0.4 26910.225044 231900 
0.4 23306.705208 226200 
0.4 29565.418474 230500 
0.4 27731.849543 222600 
0.4 25381.073766 226000 
0.4 25692.893988 223000 
0.4 24013.430845 220000 
0.4 28920.659100 222000 
0.4 34784.170085 230800 
0.4 22649.698876 221400 
0.4 27058.109720 224000 
0.4 28394.047266 231900 
0.4 24909.179073 222500 
0.4 25885.636975 232500 
0.4 26118.479540 226000 
0.4 28956.838794 221500 
0.4 28132.928758 222000 
0.4 26368.260562 230000 
0.4 29906.183439 215600 
0.4 28893.021840 228000 
0.4 26796.427352 218700 
0.4 28854.406876 235400 
0.4 23543.660895 228200 
0.4 21904.054341 223100 
0.4 27844.910501 229300 
0.4 26747.027011 226400 
0.4 25916.588957 228000 
0.4 24351.598235 218800 
0.4 21804.157919 219400 
0.4 24616.362723 224100 
0.4 31074.959475 211900 
0.4 30613.059554 228000 
0.4 26442.261466 219800 
0.4 25666.449317 229900 
0.4 23566.845454 229100 
0.4 27672.249865 223400 
0.4 24982.023573 223900 
0.4 28048.440611 221300 
0.4 21788.421034 231900 
0.4 25742.462916 225000 
0.4 29744.476237 224800 
0.4 27010.652514 225300 
0.4 25671.411226 226100 
0.4 24486.095457 222400 
0.4 27620.230940 230500 
0.4 25243.489781 228600 
0.4 27639.464741 225200 
0.4 27502.230608 231600 
0.4 27893.326089 229400 
0.4 26407.123062 223800 
0.4 25306.357113 222300 
0.4 26485.709422 221600 
0.4 27959.705328 217400 
0.4 29535.983738 222600 
0.4 26980.162322 218500 
0.4 28355.690718 219200 
0.4 25127.322514 219100 
0.45 24385.215948 223100 
0.45 27719.218295 226500 
0.45 26218.649757 225800 
0.45 24891.354477 224200 
0.45 24758.607898 219700 
0.45 26207.461338 230900 
0.45 28160.303969 215900 
0.45 31941.373727 211900 
0.45 23903.968043 226000 
0.45 23971.303093 226500 
0.45 26633.749435 215600 
0.45 25504.476556 231100 
0.45 26844.505862 221100 
0.45 26579.566504 220600 
0.45 21457.293875 223400 
0.45 30243.982606 218100 
0.45 27725.265525 226700 
0.45 24991.380153 236500 
0.45 23326.228240 224200 
0.45 30711.521797 225400 
0.45 25540.654773 219800 
0.45 29808.401585 223900 
0.45 22168.258658 231200 
0.45 23290.590555 220600 
0.45 26572.228493 221700 
0.45 30831.701289 219000 
0.45 26973.422325 226200 
0.45 28606.674910 220600 
0.45 24607.165530 219000 
0.45 28346.210402 224500 
0.45 24553.227952 228000 
0.45 25727.974503 226900 
0.45 31945.729602 221700 
0.45 26023.733447 218900 
0.45 28769.193128 220800 
0.45 29801.695760 228700 
0.45 27385.553255 232600 
0.45 28386.732478 222700 
0.45 25407.089799 225800 
0.45 26678.218037 224700 
0.45 29400.296511 219600 
0.45 24312.780568 223400 
0.45 22935.446562 222400 
0.45 29438.526149 224300 
0.45 22454.984919 223700 
0.45 32384.261073 215400 
0.45 32718.178418 213200 
0.45 25726.465248 222600 
0.45 24924.562417 223200 
0.45 27674.892675 222900 
0.45 24269.640348 232700 
0.45 26964.870162 223000 
0.45 23327.134455 226300 
0.45 27190.159311 229700 
0.45 26208.294558 216900 
0.45 28513.215859 220500 
0.45 26011.671162 224400 
0.45 29420.652910 230600 
0.45 28778.578662 221000 
0.45 26629.255297 221800 
0.45 26009.872849 214600 
0.45 25879.505791 222600 
0.45 28548.056154 221900 
0.45 26467.429903 229100 
0.45 28798.527609 222700 
0.45 26490.541255 228000 
0.45 27724.700740 221900 
0.45 28645.259906 231700 
0.45 25878.182903 223100 
0.45 29248.890130 227800 
0.45 26795.939260 223700 
0.45 26943.168476 221200 
0.45 28382.472231 221300 
0.45 26218.329254 225300 
0.45 23587.932710 218800 
0.45 24234.505337 226400 
0.45 26350.916671 229800 
0.45 26575.481126 228600 
0.45 30902.237795 223100 
0.45 27025.723987 219700 
0.45 27501.586289 224900 
0.45 27473.805751 227700 
0.45 24857.940618 223600 
0.45 26220.780155 216400 
0.45 24442.217706 223100 
0.45 23597.686136 228200 
0.45 26898.214920 225400 
0.45 27068.620052 220500 
0.45 26491.925020 219400 
0.45 21787.673161 226200 
0.45 28236.131045 220700 
0.45 25244.582401 230300 
0.45 24393.974706 221100 
0.45 30640.174066 222500 
0.45 28102.293795 227800 
0.45 27967.218048 221200 
0.45 24943.747053 222700 
0.45 28144.700728 226100 
0.45 23347.952774 229400 
0.45 26424.659086 229600 
0.5 27214.408999 218400 
0.5 25112.410389 220000 
0.5 24375.222585 223000 
0.5 25513.520345 224600 
0.5 27076.418915 230000 
0.5 26202.585165 223600 
0.5 23147.102861 222700 
0.5 26431.226228 225500 
0.5 24227.831956 218900 
0.5 25059.634009 228900 
0.5 24835.704939 222800 
0.5 30321.070739 215100 
0.5 29365.384595 219200 
0.5 26229.530429 219900 
0.5 31362.044398 214500 
0.5 28215.366169 221000 
0.5 27816.462754 228800 
0.5 22884.533945 221700 
0.5 26860.646666 224900 
0.5 31760.298274 222600 
0.5 25759.829428 221100 
0.5 28444.566989 223200 
0.5 32648.251839 223400 
0.5 25312.031170 225800 
0.5 30293.337688 228300 
0.5 28264.366557 217400 
0.5 28593.163400 215000 
0.5 27860.410799 225800 
0.5 26289.064534 220900 
0.5 24074.342497 225100 
0.5 31094.177470 225400 
0.5 23415.697337 224000 
0.5 31198.867513 212300 
0.5 27290.361020 216100 
0.5 27661.634598 217000 
0.5 30425.655874 221600 
0.5 26402.554803 216400 
0.5 24034.529594 220800 
0.5 24678.739795 220900 
0.5 29626.261764 216500 
0.5 27489.202946 223200 
0.5 26024.410198 225800 
0.5 30208.341460 210700 
0.5 28794.880635 219100 
0.5 29899.782807 230000 
0.5 28471.449315 224900 
0.5 26884.158964 226600 
0.5 23516.820327 225300 
0.5 25655.208684 217200 
0.5 30085.482862 218600 
0.5 31799.236476 223100 
0.5 30778.118933 212200 
0.5 28414.577134 227400 
0.5 31733.456729 219600 
0.5 27094.223618 227700 
0.5 26249.193180 220600 
0.5 27523.910805 222200 
0.5 29073.231463 227300 
0.5 27982.094412 220200 
0.5 24403.968488 223600 
0.5 32628.391251 221300 
0.5 23771.964756 229700 
0.5 24443.424855 223300 
0.5 26833.734707 230100 
0.5 27782.232609 226200 
0.5 28421.252876 216000 
0.5 28741.841667 220700 
0.5 24039.257971 220600 
0.5 25310.746990 229300 
0.5 26041.952711 221100 
0.5 27486.744790 219400 
0.5 27739.554530 224400 
0.5 30626.164255 216400 
0.5 25676.365331 222200 
0.5 30295.204832 223500 
0.5 28045.682802 229200 
0.5 24554.093356 218700 
0.5 27232.936088 222400 
0.5 27081.177052 219200 
0.5 25466.781698 220200 
0.5 25441.154114 226200 
0.5 26849.387277 221900 
0.5 30749.188283 216500 
0.5 26414.118497 221800 
0.5 23632.340066 228600 
0.5 29278.114085 219500 
0.5 24938.190658 229300 
0.5 27673.252085 223300 
0.5 25054.966135 225400 
0.5 24340.982667 229300 
0.5 31725.489836 217300 
0.5 34529.649667 218900 
0.5 25195.745051 218800 
0.5 23197.876764 223700 
0.5 23106.565689 219700 
0.5 30171.065559 217700 
0.5 28332.981312 216900 
0.5 23573.452516 224300 
0.5 30379.704497 219400 
0.5 23406.940418 220900 
0.55 26753.221768 226400 
0.55 30397.834686 220400 
0.55 30911.318331 220900 
0.55 28516.983132 216500 
0.55 28250.370016 221800 
0.55 30412.040759 214000 
0.55 28089.927595 214600 
0.55 29223.316201 216600 
0.55 25274.982173 221100 
0.55 29516.837220 222000 
0.55 27236.886350 223700 
0.55 29278.720170 217200 
0.55 31955.590719 224700 
0.55 29499.282859 223700 
0.55 25286.535366 216000 
0.55 25977.059714 226800 
0.55 28802.925379 220200 
0.55 25409.994335 224100 
0.55 28021.714054 214600 
0.55 25874.864894 219100 
0.55 27592.454277 226400 
0.55 27226.998968 220900 
0.55 26343.334943 229300 
0.55 30097.366304 227500 
0.55 28849.464351 219100 
0.55 27205.530479 216800 
0.55 31028.794811 217800 
0.55 27546.788861 223700 
0.55 26281.924971 224400 
0.55 22990.425931 226300 
0.55 30900.498882 215300 
0.55 27486.829534 222100 
0.55 24748.738728 221000 
0.55 25701.292630 218900 
0.55 33195.147866 224500 
0.55 29357.943934 218200 
0.55 28440.133352 220400 
0.55 29467.961833 219400 
0.55 24892.870908 226200 
0.55 28744.322225 215700 
0.55 25243.926141 220500 
0.55 29931.477169 227500 
0.55 28910.967609 215000 
0.55 27810.982125 215300 
0.55 29106.184781 220300 
0.55 26716.451851 219500 
0.55 29966.512243 228000 
0.55 24626.292042 220600 
0.55 26014.567516 216400 
0.55 26686.645030 224800 
0.55 28905.807532 219600 
0.55 29146.781942 216600 
0.55 26557.026240 228300 
0.55 29809.602095 224100 
0.55 27138.691371 222900 
0.55 30012.908824 227700 
0.55 29012.882145 218100 
0.55 26052.560698 220800 
0.55 23666.546097 226700 
0.55 27683.365246 219100 
0.55 26924.141636 222700 
0.55 26029.676956 229200 
0.55 27098.373023 224600 
0.55 24264.987643 219700 
0.55 26627.754321 218600 
0.55 30493.350094 218300 
0.55 27419.995137 218400 
0.55 26816.320805 219400 
0.55 27684.583292 215400 
0.55 30101.630804 222800 
0.55 29217.001241 219100 
0.55 28357.347613 217800 
0.55 24737.600837 224300 
0.55 23890.842964 230300 
0.55 26859.627454 227100 
0.55 21406.048029 219900 
0.55 30058.831653 220800 
0.55 27809.673571 223200 
0.55 26649.737991 225100 
0.55 26189.471212 220400 
0.55 28185.857443 225400 
0.55 26031.088026 217400 
0.55 31866.839363 228200 
0.55 33101.697112 219600 
0.55 27035.952117 222900 
0.55 26895.043189 214400 
0.55 28986.748724 225700 
0.55 26437.322033 213500 
0.55 33478.672774 217100 
0.55 29943.798993 222700 
0.55 27929.175107 217500 
0.55 28488.209279 222000 
0.55 28721.103902 219900 
0.55 28761.378691 225400 
0.55 23004.068654 220500 
0.55 26439.093634 227000 
0.55 36673.752179 216200 
0.55 28285.038482 225000 
0.55 26332.685545 222300 
0.55 25975.179597 215700 
0.6 22293.451955 223500 
0.6 29536.930639 217600 
0.6 27111.917071 213700 
0.6 30653.192686 217600 
0.6 24790.494383 219200 
0.6 26844.937467 221100 
0.6 28154.441904 211800 
0.6 30073.990916 214600 
0.6 29560.165286 217900 
0.6 30074.696533 220100 
0.6 30758.340033 213800 
0.6 25782.696556 220100 
0.6 31411.902881 217100 
0.6 26600.790791 225800 
0.6 32570.728006 218500 
0.6 27681.022908 220200 
0.6 25058.375150 223700 
0.6 27642.358604 217900 
0.6 29589.844199 217100 
0.6 25794.223320 220200 
0.6 23821.164935 220100 
0.6 26418.365735 214500 
0.6 29562.160955 217100 
0.6 25058.551865 223500 
0.6 28095.936320 220900 
0.6 26948.830477 221900 
0.6 24643.867397 217100 
0.6 26948.374482 219100 
0.6 28556.279618 218800 
0.6 24458.333088 218400 
0.6 28002.539950 219500 
0.6 25723.127772 225400 
0.6 26291.576698 219000 
0.6 25311.704114 223000 
0.6 26194.989246 215300 
0.6 30361.755379 213400 
0.6 23307.464532 216700 
0.6 32271.421219 219200 
0.6 25983.552959 216800 
0.6 26427.174039 221100 
0.6 26039.406531 220400 
0.6 30939.251140 220100 
0.6 32556.426430 219000 
0.6 29547.361652 217100 
0.6 25801.899874 221400 
0.6 25778.547088 225700 
0.6 29929.499228 226900 
0.6 30811.498231 220600 
0.6 28305.175695 224100 
0.6 27834.376890 217000 
0.6 26834.636959 233500 
0.6 28536.689893 215000 
0.6 29950.003585 219300 
0.6 27615.287968 220300 
0.6 24832.615917 212200 
0.6 28756.073672 217100 
0.6 25140.759458 223700 
0.6 25326.115959 220500 
0.6 28844.046283 218400 
0.6 25584.762961 217900 
0.6 28210.556548 217500 
0.6 27542.430733 217700 
0.6 32634.590351 214300 
0.6 20673.801230 227400 
0.6 24478.139220 220400 
0.6 26346.862465 220000 
0.6 25307.183652 218700 
0.6 26740.416632 223100 
0.6 28341.009977 221000 
0.6 28884.202298 220400 
0.6 26157.381521 214700 
0.6 27371.666566 221300 
0.6 28451.109187 218300 
0.6 29709.322513 215400 
0.6 30945.956281 220100 
0.6 27024.518557 224300 
0.6 25258.702411 221700 
0.6 26808.954042 221400 
0.6 29066.600495 225600 
0.6 28109.193941 218500 
0.6 29531.007437 220100 
0.6 26717.393388 224400 
0.6 26185.655683 219900 
0.6 23769.651354 225200 
0.6 26746.172857 221700 
0.6 26152.204283 228300 
0.6 32030.488657 214900 
0.6 29546.615807 220200 
0.6 29550.229042 217800 
0.6 29194.877050 216200 
0.6 28066.018908 216100 
0.6 28862.070409 228600 
0.6 28629.736173 220800 
0.6 26356.408585 218600 
0.6 25061.813155 226100 
0.6 26230.397614 223500 
0.6 30445.637974 220900 
0.6 25380.912054 216800 
0.6 27057.941957 214600 
0.6 32367.237374 216100 
0.65 25531.998140 218400 
0.65 27470.007581 226400 
0.65 26949.396894 222200 
0.65 29918.558530 218600 
0.65 26559.797576 222800 
0.65 23572.869364 224500 
0.65 28542.601218 223300 
0.65 28070.240555 219200 
0.65 26562.457789 219000 
0.65 28479.667684 218900 
0.65 26835.591420 218600 
0.65 26662.643542 217200 
0.65 28408.544345 223900 
0.65 30180.023396 217900 
0.65 28430.003982 220600 
0.65 25414.157132 220700 
0.65 26918.889699 216900 
0.65 24424.342024 220400 
0.65 37407.882433 209900 
0.65 30630.199810 214900 
0.65 23636.937371 220600 
0.65 28000.344876 217800 
0.65 27024.870856 221500 
0.65 26983.498832 220800 
0.65 31597.658198 220800 
0.65 28555.701315 218900 
0.65 25108.955118 220600 
0.65 28116.096363 219000 
0.65 29216.576461 217900 
0.65 25217.030498 220900 
0.65 30207.688119 218300 
0.65 27476.158902 219600 
0.65 26780.497544 215100 
0.65 26895.384200 221500 
0.65 28115.323088 219100 
0.65 29460.932427 214600 
0.65 26481.113513 214300 
0.65 28014.595955 218000 
0.65 28946.004236 214100 
0.65 24695.045066 218900 
0.65 23431.853032 222500 
0.65 27251.293037 220200 
0.65 28311.491212 215600 
0.65 23063.511459 221900 
0.65 31509.835046 218400 
0.65 26866.373663 224500 
0.65 33574.975217 213700 
0.65 27396.189948 219100 
0.65 30110.663821 214700 
0.65 26492.967402 217800 
0.65 28842.807447 216500 
0.65 31850.157847 221100 
0.65 32089.024478 219000 
0.65 28339.626146 212600 
0.65 29109.681529 226900 
0.65 25259.498800 221700 
0.65 29511.089490 222500 
0.65 31048.968613 216500 
0.65 23151.149538 221900 
0.65 26286.285361 226000 
0.65 27839.815975 216600 
0.65 26553.450150 224700 
0.65 28002.652846 219700 
0.65 28088.303320 217800 
0.65 27472.566504 220100 
0.65 28373.660457 217200 
0.65 24854.732400 215300 
0.65 26169.552048 226300 
0.65 30503.751229 216200 
0.65 25150.753501 219900 
0.65 25132.950436 229100 
0.65 28800.417057 223600 
0.65 28651.728814 221300 
0.65 27917.646221 218800 
0.65 30802.241515 214200 
0.65 23542.943753 218200 
0.65 26754.171231 217800 
0.65 28653.631186 221900 
0.65 26313.964728 220200 
0.65 23208.364085 222200 
0.65 29739.461034 222500 
0.65 25542.831844 219900 
0.65 28391.676132 226500 
0.65 25991.624499 216000 
0.65 30199.034808 220700 
0.65 23330.831619 226500 
0.65 24200.274667 216400 
0.65 25816.926495 216800 
0.65 32866.407062 217000 
0.65 27775.766073 216300 
0.65 28669.832047 217100 
0.65 31679.131693 221500 
0.65 31818.507184 215400 
0.65 29051.203339 215500 
0.65 24551.560970 217900 
0.65 31593.149710 220400 
0.65 27779.628703 222900 
0.65 30047.566105 223000 
0.65 29391.784537 217000 
0.65 27026.427383 217800 
0.7 29587.666144 209400 
0.7 25906.885368 221800 
0.7 26881.038931 216300 
0.7 29765.185370 219300 
0.7 24688.483071 221400 
0.7 25704.557739 214300 
0.7 31044.596117 213500 
0.7 26741.013285 230400 
0.7 28203.389495 213500 
0.7 28286.026835 214400 
0.7 32697.085947 220200 
0.7 25526.545235 224600 
0.7 28462.248759 216000 
0.7 28059.268351 216200 
0.7 28353.098194 220300 
0.7 27120.265858 218900 
0.7 26065.821733 226400 
0.7 25332.987389 221500 
0.7 32383.932129 216500 
0.7 32686.285417 212400 
0.7 25770.941694 215000 
0.7 29751.131565 214100 
0.7 28648.296040 215400 
0.7 24535.154180 218700 
0.7 29371.593510 217400 
0.7 28082.493079 215600 
0.7 30536.925805 217400 
0.7 30111.567264 214700 
0.7 25697.611886 218200 
0.7 23718.896445 225300 
0.7 23829.390974 215800 
0.7 28978.221092 219100 
0.7 29322.159928 218800 
0.7 33479.331205 216200 
0.7 27942.733507 227700 
0.7 26922.903480 216900 
0.7 28302.879571 216000 
0.7 30511.721372 220900 
0.7 32004.553001 226700 
0.7 27550.586497 212800 
0.7 28205.741390 222800 
0.7 24992.427684 220900 
0.7 33725.025832 214500 
0.7 23619.580265 221400 
0.7 27730.052734 214100 
0.7 23763.411336 216900 
0.7 28333.861798 220100 
0.7 27540.842358 215500 
0.7 28483.232895 220900 
0.7 29026.515784 216400 
0.7 27316.556139 224800 
0.7 31050.859879 226700 
0.7 27605.901354 218700 
0.7 26831.918761 219000 
0.7 24341.599023 224300 
0.7 27861.753569 218500 
0.7 28873.842984 229700 
0.7 28423.043968 220900 
0.7 28939.508606 212300 
0.7 32155.347459 218800 
0.7 28260.805833 217200 
0.7 25898.730105 217200 
0.7 25720.722193 217100 
0.7 29644.748639 220300 
0.7 28775.247960 216400 
0.7 26278.380382 220500 
0.7 26898.755536 220700 
0.7 24542.778708 218500 
0.7 29990.746362 219000 
0.7 35947.203954 215000 
0.7 26088.021327 221200 
0.7 30154.800252 217600 
0.7 25786.513496 221900 
0.7 29616.937232 217700 
0.7 28544.155820 218600 
0.7 27153.404587 216200 
0.7 28266.755739 222300 
0.7 25807.512142 227400 
0.7 24991.936058 215100 
0.7 29795.679246 219200 
0.7 25183.539370 219200 
0.7 23892.337276 219100 
0.7 28777.440931 219500 
0.7 28209.378863 216400 
0.7 28014.012851 216900 
0.7 26965.695777 216300 
0.7 27071.718912 216600 
0.7 25478.014833 222000 
0.7 27836.547517 215800 
0.7 27780.031984 215200 
0.7 24666.396114 221500 
0.7 27541.558705 223400 
0.7 28179.420998 221000 
0.7 26993.588667 216500 
0.7 28193.559861 219000 
0.7 31995.792967 213600 
0.7 29127.136429 216000 
0.7 30306.756127 215700 
0.7 28517.742681 224000 
0.7 29357.213619 225500 
0.75 26416.655407 221600 
0.75 26539.808837 218200 
0.75 27084.616177 218100 
0.75 24806.447323 221100 
0.75 26674.681790 216300 
0.75 29943.128421 212200 
0.75 24164.614688 220600 
0.75 36369.559786 212700 
0.75 27650.920211 219400 
0.75 21918.840184 217800 
0.75 31767.224350 215000 
0.75 30690.826091 221600 
0.75 28786.127608 222000 
0.75 29066.808509 220600 
0.75 27319.757333 217300 
0.75 30459.911408 215300 
0.75 26145.929030 218400 
0.75 27195.190262 224900 
0.75 26345.423844 218500 
0.75 26990.411935 224900 
0.75 28495.623055 219000 
0.75 24771.548221 223100 
0.75 31317.126573 218500 
0.75 27852.573779 218400 
0.75 25588.171668 219300 
0.75 24807.417197 218200 
0.75 26756.095921 226500 
0.75 27909.691005 214100 
0.75 24863.386417 216300 
0.75 25107.293602 215800 
0.75 29890.778532 219500 
0.75 28900.488062 220400 
0.75 29112.415595 212900 
0.75 24498.548737 215300 
0.75 26064.065339 218500 
0.75 28932.283713 220500 
0.75 32741.091760 215100 
0.75 29742.804484 212400 
0.75 26147.738597 214000 
0.75 29425.663571 217700 
0.75 26711.124635 213200 
0.75 29864.677899 226100 
0.75 27539.856130 216400 
0.75 28138.913110 219500 
0.75 26257.785094 223400 
0.75 29366.826907 222100 
0.75 26182.812167 214300 
0.75 28552.671901 216600 
0.75 30453.381871 216000 
0.75 31051.489508 220300 
0.75 31211.407093 213000 
0.75 26558.037922 221000 
0.75 24916.607531 219900 
0.75 33285.072504 219200 
0.75 28755.728758 222100 
0.75 27546.505123 218600 
0.75 28268.062400 218100 
0.75 31289.500640 219500 
0.75 30494.206277 211600 
0.75 31674.789264 220600 
0.75 23916.491491 217900 
0.75 30385.550766 218200 
0.75 28778.447148 214100 
0.75 29254.015817 214900 
0.75 27453.483576 217500 
0.75 28470.877048 214000 
0.75 29844.698621 216600 
0.75 26414.600747 219900 
0.75 26502.768366 218200 
0.75 29593.010434 222900 
0.75 26455.165693 224300 
0.75 29245.308883 216300 
0.75 26803.231431 219100 
0.75 34065.856665 216700 
0.75 29462.286663 218200 
0.75 25191.752283 216400 
0.75 24009.478447 218900 
0.75 34649.732859 208700 
0.75 26435.040557 218200 
0.75 28402.971721 216500 
0.75 25764.536364 225000 
0.75 27463.625971 216100 
0.75 32050.034070 210700 
0.75 29962.110010 214500 
0.75 26888.575358 218300 
0.75 28398.427992 219200 
0.75 26969.206933 212500 
0.75 30031.390608 215600 
0.75 29471.891922 211300 
0.75 31146.167661 217900 
0.75 27188.520378 220800 
0.75 27956.226510 217000 
0.75 28000.633318 221500 
0.75 25997.213871 222100 
0.75 23889.858521 214400 
0.75 30186.632904 216000 
0.75 25919.779113 217100 
0.75 27091.219594 221300 
0.75 25098.465036 224700 
0.75 28082.856648 224900 
0.8 27251.328646 217400 
0.8 32030.875825 212100 
0.8 28257.439775 214600 
0.8 32777.391947 217200 
0.8 30073.224780 216400 
0.8 27284.080692 217800 
0.8 28334.799050 216100 
0.8 23565.831463 216000 
0.8 27685.941359 216200 
0.8 26331.211759 214000 
0.8 29767.312379 216000 
0.8 26522.052995 218000 
0.8 24347.368366 216500 
0.8 28178.150798 216700 
0.8 31124.308457 214800 
0.8 30104.075748 218500 
0.8 24798.645898 217000 
0.8 29349.953292 217200 
0.8 31518.655675 222000 
0.8 29732.897998 215600 
0.8 30024.081809 222100 
0.8 29426.905952 215000 
0.8 27447.252664 218000 
0.8 25042.838477 217700 
0.8 23656.954248 217700 
0.8 24350.670547 219900 
0.8 34170.008994 218500 
0.8 30582.260598 212300 
0.8 31441.237381 218900 
0.8 31741.475353 214000 
0.8 30749.993418 218200 
0.8 29927.546685 223800 
0.8 33137.682904 219600 
0.8 27934.301397 217700 
0.8 25490.167804 222000 
0.8 30321.319330 218200 
0.8 27387.301985 219100 
0.8 28250.887216 226300 
0.8 28302.092063 216000 
0.8 33180.813222 213600 
0.8 26936.627794 218500 
0.8 31034.048603 217300 
0.8 26501.061354 216800 
0.8 28850.558711 215400 
0.8 29695.663213 218100 
0.8 26220.326997 213900 
0.8 28526.372518 221900 
0.8 31780.644190 219100 
0.8 29984.683054 218300 
0.8 29616.217268 215700 
0.8 29956.292423 218100 
0.8 25847.976991 218200 
0.8 23915.412779 218500 
0.8 25697.482758 217600 
0.8 30336.560014 210500 
0.8 26593.172135 218800 
0.8 30792.312497 215100 
0.8 27787.960305 214100 
0.8 25959.787439 217800 
0.8 29181.027236 212700 
0.8 25467.569539 217500 
0.8 25659.517710 220000 
0.8 29586.650331 212700 
0.8 31640.068216 211100 
0.8 30331.881290 218500 
0.8 23126.776230 223800 
0.8 29928.237388 214900 
0.8 25591.846817 228700 
0.8 25140.981261 214100 
0.8 27993.689456 217500 
0.8 26909.131360 217300 
0.8 32596.306118 215500 
0.8 30562.043208 214600 
0.8 27317.549618 215900 
0.8 28816.088929 216400 
0.8 29046.952277 215900 
0.8 26952.526306 221000 
0.8 28967.110464 218000 
0.8 31698.020269 223200 
0.8 30733.748146 212900 
0.8 28931.660256 210800 
0.8 37348.715378 211200 
0.8 29662.697626 222500 
0.8 31459.236617 215000 
0.8 29077.768377 214700 
0.8 30148.815825 214400 
0.8 26412.080937 216100 
0.8 26122.754145 217700 
0.8 27635.472030 216200 
0.8 32236.617056 215900 
0.8 26476.098428 216300 
0.8 26561.996713 222800 
0.8 27956.908672 217300 
0.8 29637.808336 217000 
0.8 30264.747923 215200 
0.8 28340.883685 218900 
0.8 27998.090984 217900 
0.8 26650.723841 221800 
0.8 32534.545217 213800 
0.8 29030.147939 216600 
0.85 26804.632072 220600 
0.85 28878.916192 220300 
0.85 26070.702737 216900 
0.85 25683.335444 219300 
0.85 27913.495125 218900 
0.85 34071.317578 215200 
0.85 30262.467260 213100 
0.85 29171.983049 212200 
0.85 24633.798133 221400 
0.85 36650.421963 214000 
0.85 25250.244582 221100 
0.85 33262.750741 215100 
0.85 27621.281589 218400 
0.85 27175.366135 211900 
0.85 27198.828263 213300 
0.85 28981.515439 216000 
0.85 29113.235468 214200 
0.85 30012.192544 215100 
0.85 26052.720206 217000 
0.85 30481.437332 214300 
0.85 26249.045218 213900 
0.85 31151.818364 218100 
0.85 33561.957058 218600 
0.85 28529.213000 220900 
0.85 32996.172770 216100 
0.85 27427.233125 215000 
0.85 29399.746955 219200 
0.85 30395.897896 218400 
0.85 34394.047697 218800 
0.85 22725.479395 223200 
0.85 29007.570170 218100 
0.85 28592.303345 216000 
0.85 25384.486187 221500 
0.85 28235.077367 219400 
0.85 30833.274727 216800 
0.85 27766.615950 216500 
0.85 30904.225018 218500 
0.85 27419.244790 212600 
0.85 29745.572924 217100 
0.85 28234.888034 216000 
0.85 25637.137838 221900 
0.85 26044.163644 217100 
0.85 27351.787539 215700 
0.85 29752.480334 220600 
0.85 25275.509761 215400 
0.85 29996.168926 217900 
0.85 30600.338848 215300 
0.85 25998.049132 216600 
0.85 33862.380698 211700 
0.85 26350.734591 217600 
0.85 30075.306499 213100 
0.85 28897.559750 216100 
0.85 28998.727618 216000 
0.85 28524.663522 222700 
0.85 36482.050256 211900 
0.85 30564.530455 217100 
0.85 27475.125283 218900 
0.85 27613.586288 219500 
0.85 29559.345354 216700 
0.85 26862.767531 213900 
0.85 29504.037163 217200 
0.85 28058.158637 214700 
0.85 23383.483180 215500 
0.85 24479.058231 215800 
0.85 31175.772743 216800 
0.85 27176.776706 221700 
0.85 28455.053342 219300 
0.85 32519.800989 214100 
0.85 28676.491969 217500 
0.85 24588.792188 216700 
0.85 27498.716885 216700 
0.85 27568.187178 219600 
0.85 30817.264032 211800 
0.85 30207.792068 214700 
0.85 25993.855672 221800 
0.85 30625.744208 212200 
0.85 28067.958075 216300 
0.85 31382.567236 219300 
0.85 31231.890969 216400 
0.85 29148.318499 216400 
0.85 29942.249816 217100 
0.85 27393.523859 216200 
0.85 25690.663675 220900 
0.85 32894.136275 215200 
0.85 32101.659514 220500 
0.85 26895.650535 219600 
0.85 24838.297862 217900 
0.85 24518.323097 217400 
0.85 24299.087577 217700 
0.85 28538.342550 219600 
0.85 26444.138612 219000 
0.85 25845.501333 217100 
0.85 30282.659746 216900 
0.85 29526.010933 213400 
0.85 31310.072159 217100 
0.85 32011.528723 218800 
0.85 28900.073766 221000 
0.85 32544.144250 216800 
0.85 27715.219514 220300 
0.85 25245.719235 217100 
0.9 28513.727329 217300 
0.9 34378.814690 218800 
0.9 29717.541393 214500 
0.9 26687.958314 222200 
0.9 31661.684267 219600 
0.9 28347.845027 221900 
0.9 31337.751499 215500 
0.9 32224.347758 216600 
0.9 27893.889758 217200 
0.9 30412.891414 220200 
0.9 26746.454576 214200 
0.9 27134.205222 218600 
0.9 33944.495851 212800 
0.9 28248.421086 218800 
0.9 31232.477270 223500 
0.9 29168.331327 214600 
0.9 28410.098748 216300 
0.9 26726.679174 218200 
0.9 35225.929311 212700 
0.9 28167.171638 214800 
0.9 24892.446821 220700 
0.9 28656.526260 216600 
0.9 27961.152678 211900 
0.9 29319.553910 213700 
0.9 29262.041723 216900 
0.9 30997.362022 217500 
0.9 31060.249291 213600 
0.9 32441.669675 215400 
0.9 24960.085949 216500 
0.9 27614.706037 216500 
0.9 28525.638741 214900 
0.9 29193.401746 216800 
0.9 29351.621824 217600 
0.9 26104.026593 211500 
0.9 29159.208512 213100 
0.9 23739.042699 217100 
0.9 29006.984830 216200 
0.9 28310.504212 214300 
0.9 26579.920018 219600 
0.9 30390.796823 210400 
0.9 33866.663852 209300 
0.9 27879.273632 215800 
0.9 30200.185194 218100 
0.9 28393.961600 223700 
0.9 25397.828808 215300 
0.9 26443.384012 215000 
0.9 30099.497497 214500 
0.9 31823.014850 216400 
0.9 27850.802580 218400 
0.9 29590.080899 220100 
0.9 29509.929010 211900 
0.9 29318.519879 220200 
0.9 24812.589128 214300 
0.9 27427.151185 212900 
0.9 31607.418394 215100 
0.9 27890.653643 221300 
0.9 25007.023858 219900 
0.9 26019.704387 215500 
0.9 28812.929035 215000 
0.9 30250.321346 211900 
0.9 28267.294358 215100 
0.9 30004.129283 218700 
0.9 32463.596976 211800 
0.9 31808.267489 212000 
0.9 25955.637950 214600 
0.9 30921.908342 216600 
0.9 27270.703360 216000 
0.9 26986.338494 219000 
0.9 27689.431170 216300 
0.9 24624.175975 221300 
0.9 30358.324364 212100 
0.9 25014.905946 218300 
0.9 32074.190062 219500 
0.9 28096.000455 212700 
0.9 33149.664887 215900 
0.9 31265.549117 216600 
0.9 29401.732541 217200 
0.9 34237.711315 216200 
0.9 27445.328736 214700 
0.9 29220.848701 214500 
0.9 30664.903209 216400 
0.9 29655.311640 212500 
0.9 29663.215237 213000 
0.9 29099.975448 215900 
0.9 27311.625991 216400 
0.9 31482.322849 216200 
0.9 32775.406378 223800 
0.9 25725.599080 216300 
0.9 29086.681402 217300 
0.9 27830.092837 211800 
0.9 28164.919087 209400 
0.9 29781.815806 219600 
0.9 28496.136294 211300 
0.9 28398.304522 217600 
0.9 28506.408403 215800 
0.9 28033.072061 212000 
0.9 27295.990500 215900 
0.9 33170.281205 215400 
0.9 28074.809135 213600 
0.9 28432.273757 213100 
0.95 31457.478696 214700 
0.95 25551.389447 221800 
0.95 30088.622152 220200 
0.95 28372.705750 217900 
0.95 25697.587606 219100 
0.95 28284.096367 215200 
0.95 25090.422634 215000 
0.95 28396.146529 216900 
0.95 26956.908202 225100 
0.95 32094.647338 216500 
0.95 25593.282738 218100 
0.95 25191.098224 224100 
0.95 30080.441642 209900 
0.95 27023.632024 213700 
0.95 30678.982317 215400 
0.95 29081.686820 212800 
0.95 31380.903345 216600 
0.95 27324.244153 223700 
0.95 33704.272482 212200 
0.95 26468.018593 215500 
0.95 27327.889705 218100 
0.95 26673.071149 217300 
0.95 29177.347030 221200 
0.95 25176.872108 217500 
0.95 27480.416640 222200 
0.95 27771.425192 217000 
0.95 27546.834346 220100 
0.95 25409.613571 213500 
0.95 31316.783922 215700 
0.95 31397.879152 219400 
0.95 30031.735502 215300 
0.95 31900.846452 213900 
0.95 26365.046880 214000 
0.95 26427.990117 216700 
0.95 30453.709848 213800 
0.95 30225.404848 217800 
0.95 29756.293259 216800 
0.95 35967.261890 214000 
0.95 26344.672388 216500 
0.95 30407.737790 212900 
0.95 28950.866392 214600 
0.95 27606.368483 216500 
0.95 26014.919994 214200 
0.95 31668.568960 211200 
0.95 28774.251640 215500 
0.95 28842.109014 224500 
0.95 29096.234882 217700 
0.95 24646.058891 214500 
0.95 30453.442879 219400 
0.95 28090.931524 218000 
0.95 31458.286745 215000 
0.95 30465.378498 219000 
0.95 28367.705787 217700 
0.95 32514.051099 212800 
0.95 28184.686584 217500 
0.95 34252.573199 213100 
0.95 29982.536363 216600 
0.95 32184.839355 210400 
0.95 25302.838174 217000 
0.95 27760.792276 219100 
0.95 30808.948146 212400 
0.95 30790.747677 214500 
0.95 28317.862967 220000 
0.95 29345.818740 214100 
0.95 27650.234547 212500 
0.95 27599.411386 221300 
0.95 33807.301962 211900 
0.95 27239.457858 214900 
0.95 28386.787450 212200 
0.95 30673.528010 214200 
0.95 30552.946342 214700 
0.95 26796.689202 212000 
0.95 29501.828506 219500 
0.95 31760.231240 215100 
0.95 29360.420932 217500 
0.95 30250.669475 210700 
0.95 31966.810236 222100 
0.95 33002.311730 215600 
0.95 24608.265347 219200 
0.95 30066.913632 214100 
0.95 26610.056692 218900 
0.95 29000.176401 216400 
0.95 22031.474984 216500 
0.95 32524.036626 217500 
0.95 34093.151657 212300 
0.95 30286.800207 215100 
0.95 32465.030088 217200 
0.95 27939.391532 215600 
0.95 33233.490591 212300 
0.95 28574.086356 220900 
0.95 26904.856707 215400 
0.95 26751.305116 220600 
0.95 31252.214434 214000 
0.95 27235.651065 216300 
0.95 27898.051372 212000 
0.95 28812.943273 213700 
0.95 26343.955898 214700 
0.95 27804.958020 211700 
0.95 37189.771267 212900 
0.95 29945.556345 222700 
0.01 17288.436811 696100 
0.01 18813.391832 783000 
0.01 17475.548852 691000 
0.01 18821.543565 677900 
0.01 18782.484136 664900 
0.01 20007.359409 644200 
0.01 17787.781158 698600 
0.01 21536.521799 711200 
0.01 18076.295776 642000 
0.01 18710.531779 631400 
0.01 18158.526009 637500 
0.01 18421.512658 662100 
0.01 17082.790240 651400 
0.01 17723.501513 653700 
0.01 17760.279353 613700 
0.01 17806.346554 691700 
0.01 18757.216424 620500 
0.01 20625.658200 715200 
0.01 19973.762354 667600 
0.01 19820.826277 730200 
0.01 17612.869260 640600 
0.01 18570.540501 794300 
0.01 21247.334223 669600 
0.01 19884.538241 696200 
0.01 17042.686809 753600 
0.01 18779.888471 690500 
0.01 18433.685576 628900 
0.01 18069.929866 675000 
0.01 18369.769663 669000 
0.01 18130.409205 654600 
0.01 19502.116663 661200 
0.01 16509.349198 704400 
0.01 18868.477671 679200 
0.01 19222.553863 667400 
0.01 19487.515134 641700 
0.01 17912.845141 628500 
0.01 17330.624965 675100 
0.01 16320.105668 582900 
0.01 18919.816770 611000 
0.01 18025.680239 667100 
0.01 18881.640265 714800 
0.01 19441.459701 642400 
0.01 19294.258241 682300 
0.01 19307.448767 718300 
0.01 21964.130887 712000 
0.01 17502.721902 647500 
0.01 20602.913555 728600 
0.01 16739.201343 685200 
0.01 18126.035591 636000 
0.01 19619.336911 708400 
0.01 20648.128833 646900 
0.01 19934.021725 702900 
0.01 18071.678442 650800 
0.01 17975.941182 665900 
0.01 19180.507872 711500 
0.01 18784.180480 706100 
0.01 18499.961989 652000 
0.01 16819.010806 646300 
0.01 18900.727874 640900 
0.01 19364.324933 708000 
0.01 19601.023093 668100 
0.01 17696.755098 618600 
0.01 17432.717073 655000 
0.01 18851.053385 691600 
0.01 16178.848508 673000 
0.01 17724.716456 615900 
0.01 18457.101929 764000 
0.01 17550.342149 692300 
0.01 20061.947533 694000 
0.01 18971.916921 617300 
0.01 18498.333661 659700 
0.01 18915.742794 716500 
0.01 20219.014184 700000 
0.01 17572.693329 709800 
0.01 19195.136691 635700 
0.01 18639.955860 678300 
0.01 19002.763811 647700 
0.01 17881.024587 662900 
0.01 19585.213059 604900 
0.01 19597.732274 683300 
0.01 18381.903698 704500 
0.01 21582.106790 677900 
0.01 16539.133895 708400 
0.01 19226.619996 702400 
0.01 16248.659941 631900 
0.01 19851.838484 600400 
0.01 18657.651295 651600 
0.01 16984.144233 681700 
0.01 19556.992049 648900 
0.01 19786.057729 726000 
0.01 19514.708348 643900 
0.01 18064.115870 664900 
0.01 18930.440878 676600 
0.01 20999.586035 685200 
0.01 18308.444760 665700 
0.01 17700.008938 779900 
0.01 18200.642065 608100 
0.01 19919.457301 657800 
0.01 17449.163776 629300 
0.01 19513.404526 680100 
0.015 21768.607752 522500 
0.015 21111.293302 508400 
0.015 19474.574226 558300 
0.015 18595.775866 512600 
0.015 18923.363843 518600 
0.015 20191.373446 514500 
0.015 17205.442368 478100 
0.015 18357.601644 539400 
0.015 19256.892554 535800 
0.015 19042.626717 561200 
0.015 19779.208045 505400 
0.015 22136.094725 497000 
0.015 19512.136603 496400 
0.015 20137.669783 487200 
0.015 20832.542609 494900 
0.015 19387.903428 536000 
0.015 17935.446950 512700 
0.015 18066.423839 490400 
0.015 21674.635383 481600 
0.015 19878.672849 559900 
0.015 20570.671814 501700 
0.015 19803.167308 501200 
0.015 19914.133334 493100 
0.015 20226.980301 501800 
0.015 18922.491798 522500 
0.015 19800.374163 539600 
0.015 18711.139323 551800 
0.015 19394.303636 486400 
0.015 19895.352796 531300 
0.015 18267.249550 460300 
0.015 21006.170257 552400 
0.015 18584.987968 534100 
0.015 18322.781776 478200 
0.015 19332.268981 555100 
0.015 20859.465476 535000 
0.015 18996.094366 486400 
0.015 20454.792121 499600 
0.015 17151.953411 532900 
0.015 17913.049630 514900 
0.015 21132.467116 525200 
0.015 17194.148561 507300 
0.015 19684.245053 466500 
0.015 22080.025704 549400 
0.015 19842.398311 547900 
0.015 18799.815722 524500 
0.015 18537.352904 504400 
0.015 18026.867409 492500 
0.015 20543.194996 544400 
0.015 19155.508159 529300 
0.015 19684.044461 542900 
0.015 18665.494601 466000 
0.015 18785.652395 514100 
0.015 18694.435116 501400 
0.015 17843.369690 554900 
0.015 20410.264217 500000 
0.015 17152.381637 488600 
0.015 17864.373261 544300 
0.015 22415.224005 541500 
0.015 18265.658916 539100 
0.015 18797.660705 497600 
0.015 17711.891050 502900 
0.015 19305.178691 502500 
0.015 20859.960279 556500 
0.015 20312.076129 485700 
0.015 18868.652074 517000 
0.015 20713.353595 590200 
0.015 20032.827897 480700 
0.015 18312.404084 572200 
0.015 19942.821593 539500 
0.015 20247.453674 492300 
0.015 18496.141778 510500 
0.015 20145.507506 513300 
0.015 18658.480870 495000 
0.015 17957.209539 489400 
0.015 18865.571186 511800 
0.015 17402.946083 566600 
0.015 19883.504547 545300 
0.015 22074.427845 542400 
0.015 18662.354008 514600 
0.015 19265.360327 555500 
0.015 19516.155302 502500 
0.015 20108.481004 540800 
0.015 18058.076460 517900 
0.015 17501.458900 526800 
0.015 20335.912804 550700 
0.015 19727.824924 524100 
0.015 19123.029218 483900 
0.015 18137.168110 500300 
0.015 18924.048528 493800 
0.015 20600.086188 537700 
0.015 22730.678433 453200 
0.015 19703.076746 577700 
0.015 19381.874579 528200 
0.015 21006.797913 485700 
0.015 17724.706907 514400 
0.015 21078.876508 536500 
0.015 22556.909638 518500 
0.015 19235.978708 549100 
0.015 20662.234957 514000 
0.015 19560.128721 481300 
0.02 21872.144358 424600 
0.02 19909.935932 465600 
0.02 20121.352811 471400 
0.02 18189.342097 425900 
0.02 21247.145442 423900 
0.02 18360.737632 445800 
0.02 22161.191408 506400 
0.02 18745.471933 436700 
0.02 17083.267341 475200 
0.02 21343.819335 451100 
0.02 19501.112974 423100 
0.02 18562.654468 449500 
0.02 20575.190189 420400 
0.02 19727.066647 451300 
0.02 20387.535655 466500 
0.02 18818.948861 437100 
0.02 19684.557574 462200 
0.02 22194.509942 491500 
0.02 20281.941145 411300 
0.02 19271.324347 456700 
0.02 20334.596597 451600 
0.02 19476.699739 486800 
0.02 19814.491746 441100 
0.02 19652.996807 421800 
0.02 20729.263334 470700 
0.02 20809.444597 480800 
0.02 19146.379159 442800 
0.02 20028.335098 424800 
0.02 19897.927693 435000 
0.02 18570.806318 425100 
0.02 21731.807802 502700 
0.02 20444.444539 415400 
0.02 20537.682390 472300 
0.02 18085.320476 433100 
0.02 20211.358960 484400 
0.02 18215.669529 406100 
0.02 18732.477994 437600 
0.02 20152.712346 488000 
0.02 21460.895207 441600 
0.02 18523.939379 463400 
0.02 17732.019439 468000 
0.02 18316.821656 453300 
0.02 19594.026901 456500 
0.02 19211.704633 447500 
0.02 19570.036231 402200 
0.02 18659.489182 456800 
0.02 22168.576013 453000 
0.02 20420.313431 432200 
0.02 21877.934232 464900 
0.02 20493.624977 465000 
0.02 19633.774565 430700 
0.02 19050.905352 448800 
0.02 18220.198284 456300 
0.02 20316.085869 458500 
0.02 17913.635184 409900 
0.02 19200.544405 413800 
0.02 18563.093968 413600 
0.02 22145.186155 423300 
0.02 19538.264281 445500 
0.02 17669.143670 408600 
0.02 20070.053790 434400 
0.02 17887.539858 448900 
0.02 19202.163386 469700 
0.02 20229.811066 534100 
0.02 20006.931659 415700 
0.02 18087.445588 419100 
0.02 19523.662557 502500 
0.02 19903.759598 444100 
0.02 18480.187308 427700 
0.02 21662.399766 480600 
0.02 18668.159238 418800 
0.02 19484.314691 420900 
0.02 19557.624409 459500 
0.02 19914.099175 463000 
0.02 23207.442853 446000 
0.02 19808.849005 431100 
0.02 20652.055576 441600 
0.02 21565.765771 414800 
0.02 20633.486612 474300 
0.02 19271.787731 437700 
0.02 20376.035641 440800 
0.02 19094.466108 438900 
0.02 20399.380300 411200 
0.02 16467.264323 432200 
0.02 19427.506890 450000 
0.02 25501.514469 459500 
0.02 22121.487887 434700 
0.02 18345.630811 474800 
0.02 22624.322969 454800 
0.02 19251.623667 448400 
0.02 17384.446407 431400 
0.02 19718.549957 465600 
0.02 20553.175455 442400 
0.02 19553.532655 477300 
0.02 20179.631665 471600 
0.02 17900.521835 417600 
0.02 19912.142265 455900 
0.02 19271.512571 440400 
0.02 20168.548590 481100 
0.02 18829.670571 434100 
0.025 19955.372885 383900 
0.025 18828.447732 387900 
0.025 20703.398168 375600 
0.025 23551.850663 403700 
0.025 20157.176531 418800 
0.025 22056.816642 444700 
0.025 21065.262716 383500 
0.025 18424.927829 393800 
0.025 22878.857722 394400 
0.025 20420.583338 398700 
0.025 18665.505840 397300 
0.025 22716.924096 433800 
0.025 20384.839918 434200 
0.025 19195.150279 376600 
0.025 22402.380120 407200 
0.025 22057.007834 381200 
0.025 20271.567397 408200 
0.025 18408.900931 371900 
0.025 19735.846238 416700 
0.025 20705.753801 383600 
0.025 21993.223519 433600 
0.025 20031.499093 397100 
0.025 19672.234065 402900 
0.025 17844.767932 426400 
0.025 20335.427742 404300 
0.025 21494.838768 363600 
0.025 20510.301182 416700 
0.025 23512.014646 394100 
0.025 20757.018194 442400 
0.025 19900.438369 402800 
0.025 20365.828878 396600 
0.025 20287.379188 399000 
0.025 18888.814375 423400 
0.025 20436.803961 376400 
0.025 20069.596165 413100 
0.025 22152.344145 394000 
0.025 19193.038791 399700 
0.025 18304.549799 387800 
0.025 19114.707402 388100 
0.025 19229.786724 378100 
0.025 19339.774879 388900 
0.025 18139.410789 389200 
0.025 18648.085492 391900 
0.025 17019.738726 399700 
0.025 19794.218552 378800 
0.025 18780.430479 391300 
0.025 20922.613761 409100 
0.025 18198.536173 378300 
0.025 20792.721425 405200 
0.025 19477.233678 408100 
0.025 18752.265531 400800 
0.025 20091.359131 425700 
0.025 20827.268180 388300 
0.025 19350.069292 354300 
0.025 20062.693747 383800 
0.025 21646.160373 388100 
0.025 20424.579017 382700 
0.025 24217.984636 435100 
0.025 20778.563990 394900 
0.025 18506.230642 361600 
0.025 22228.388814 384400 
0.025 19894.445020 434300 
0.025 19469.474269 411800 
0.025 19533.229726 384300 
0.025 20100.826053 410700 
0.025 19948.302039 393100 
0.025 20743.953729 360600 
0.025 22506.045217 386600 
0.025 22211.413785 388200 
0.025 22332.631948 407300 
0.025 21824.514144 451300 
0.025 20026.507273 375000 
0.025 20937.665367 377800 
0.025 19661.962989 390000 
0.025 20292.946677 376400 
0.025 21132.776286 406400 
0.025 20897.415832 379700 
0.025 22024.403600 381000 
0.025 20001.660050 392100 
0.025 22112.923429 369000 
0.025 20222.891210 398000 
0.025 20338.083451 382000 
0.025 21325.796207 383500 
0.025 19739.528835 411800 
0.025 21660.813923 407100 
0.025 23802.980526 369900 
0.025 20088.606453 399600 
0.025 20832.942411 386700 
0.025 20617.678016 390400 
0.025 20082.962717 396700 
0.025 19875.713723 387200 
0.025 21503.952694 395500 
0.025 18480.352761 400500 
0.025 20684.865292 402700 
0.025 21233.700781 407400 
0.025 19297.477639 387200 
0.025 20558.607934 401100 
0.025 19493.550109 418300 
0.025 21084.522178 420200 
0.025 21424.923410 387300 
0.03 20024.195865 365000 
0.03 19643.254030 348400 
0.03 20206.933736 346800 
0.03 19962.249120 401400 
0.03 24811.914181 371000 
0.03 22370.874850 370800 
0.03 20452.751190 365700 
0.03 17344.633320 349800 
0.03 23375.195399 387500 
0.03 21827.559011 353900 
0.03 19417.666032 365600 
0.03 18396.460692 366000 
0.03 21150.729124 370000 
0.03 18451.157478 345400 
0.03 20848.308092 369200 
0.03 19831.617379 365300 
0.03 18471.594407 333200 
0.03 19264.635834 357600 
0.03 18843.312809 344900 
0.03 21702.600639 367900 
0.03 19704.379758 398600 
0.03 19731.781811 357900 
0.03 18062.278782 352300 
0.03 20696.231979 374200 
0.03 19936.222274 347000 
0.03 18811.889480 346100 
0.03 17586.378886 364300 
0.03 18991.478239 360000 
0.03 17908.936732 391000 
0.03 22223.601295 387200 
0.03 20088.263900 360300 
0.03 21484.762383 374300 
0.03 18551.089491 367700 
0.03 21476.169000 352100 
0.03 19700.568227 345300 
0.03 21353.003002 339100 
0.03 19136.296638 383100 
0.03 20347.129655 356700 
0.03 21021.742105 367600 
0.03 20103.701259 338600 
0.03 19168.261359 397500 
0.03 20558.564587 349400 
0.03 20002.124755 402200 
0.03 20244.664307 372700 
0.03 19878.964231 361700 
0.03 20644.148478 367900 
0.03 19953.556231 346100 
0.03 20877.086998 376700 
0.03 23218.506255 406700 
0.03 21260.540366 377800 
0.03 21431.107701 390700 
0.03 20766.113738 365300 
0.03 20336.577987 409300 
0.03 20254.554888 368300 
0.03 21284.226667 369400 
0.03 20863.410977 386100 
0.03 20076.804111 333900 
0.03 22559.653220 352200 
0.03 19310.064499 350100 
0.03 21243.163172 352000 
0.03 23820.860653 371500 
0.03 20185.231373 345700 
0.03 21557.438264 345000 
0.03 21919.479740 376900 
0.03 20377.725233 378000 
0.03 20081.259557 362000 
0.03 20379.013856 374700 
0.03 20985.247389 372000 
0.03 22633.121398 355600 
0.03 18799.078261 361900 
0.03 19597.503791 345000 
0.03 22196.568394 386700 
0.03 19185.552595 351300 
0.03 22004.636039 364100 
0.03 20834.069906 349200 
0.03 20668.884817 404500 
0.03 20922.916329 341400 
0.03 20465.946510 382400 
0.03 20348.345688 374100 
0.03 22565.500720 392800 
0.03 21288.379140 377200 
0.03 18823.271713 384500 
0.03 20439.552996 356900 
0.03 20090.356768 377900 
0.03 19015.765524 376900 
0.03 20264.341813 384400 
0.03 22004.189284 375000 
0.03 22966.035909 348100 
0.03 18312.342236 379600 
0.03 19646.479179 351300 
0.03 19142.103052 353200 
0.03 18321.919878 344000 
0.03 20811.779617 351500 
0.03 19136.778862 372200 
0.03 23043.408566 384100 
0.03 18868.131955 357400 
0.03 21793.291707 346100 
0.03 21719.221764 370800 
0.03 20301.903876 347200 
0.03 21068.603272 401500 
0.035 22348.426021 331900 
0.035 18978.265471 368300 
0.035 21930.595619 356200 
0.035 22320.358275 326900 
0.035 18908.767028 348300 
0.035 18629.884753 358100 
0.035 20058.699429 331400 
0.035 21482.959556 356300 
0.035 19609.325090 335000 
0.035 25023.964214 356300 
0.035 18724.669071 348100 
0.035 19397.880635 333500 
0.035 21085.921767 328600 
0.035 19479.324720 328100 
0.035 19348.582975 359600 
0.035 22007.293306 349900 
0.035 19120.067690 347500 
0.035 20515.694077 340700 
0.035 20757.361047 348000 
0.035 22125.526450 384900 
0.035 19046.831258 358300 
0.035 18469.230933 334500 
0.035 21427.742806 348000 
0.035 17737.371354 346200 
0.035 20826.635607 356600 
0.035 22981.376584 340300 
0.035 19267.153194 326500 
0.035 21230.238985 324500 
0.035 19751.922613 345200 
0.035 20634.290404 339900 
0.035 19595.199502 349200 
0.035 20835.059115 339700 
0.035 21623.190104 363900 
0.035 21133.034110 357000 
0.035 21058.712608 362300 
0.035 23086.236542 358700 
0.035 19782.651200 351500 
0.035 22966.952384 378900 
0.035 21635.086289 350000 
0.035 19468.118954 364400 
0.035 22006.499026 332900 
0.035 21408.553249 360700 
0.035 19064.192976 336100 
0.035 20803.889865 356100 
0.035 21719.140831 356600 
0.035 18909.592459 359700 
0.035 20854.422762 359300 
0.035 20992.341031 364200 
0.035 20143.609132 370500 
0.035 18913.379644 340800 
0.035 23585.527336 329000 
0.035 20851.191373 350500 
0.035 19172.296497 346600 
0.035 19417.953808 308500 
0.035 20462.685341 334100 
0.035 21333.883577 346100 
0.035 21697.746500 322900 
0.035 20236.678341 350500 
0.035 24858.573080 340600 
0.035 20962.314524 353200 
0.035 21036.070151 341000 
0.035 21475.576237 356600 
0.035 19698.300448 366100 
0.035 18248.647003 334200 
0.035 22259.051932 353700 
0.035 19624.364363 343600 
0.035 20728.867977 338900 
0.035 21050.334214 332400 
0.035 18499.929186 355700 
0.035 23758.273538 363800 
0.035 19184.960341 335000 
0.035 19633.715124 337800 
0.035 20141.738369 335100 
0.035 21479.008302 364700 
0.035 19951.844218 332800 
0.035 19765.716909 362700 
0.035 21929.536535 351600 
0.035 21904.170901 339300 
0.035 20567.794124 310400 
0.035 19162.200923 368700 
0.035 18892.642826 333300 
0.035 22402.961648 338800 
0.035 20512.477703 348900 
0.035 22594.549025 332300 
0.035 23886.629359 341300 
0.035 20206.429552 358500 
0.035 19835.837835 372100 
0.035 19269.069983 354400 
0.035 19320.250628 348900 
0.035 20406.207621 347700 
0.035 20237.276343 364100 
0.035 18972.204104 355700 
0.035 21544.281049 335800 
0.035 20113.619801 356300 
0.035 21164.379145 395800 
0.035 19903.958334 335200 
0.035 19574.574816 340300 
0.035 23199.087284 329900 
0.035 21328.613973 337800 
0.035 22699.800877 347900 
0.04 18523.832617 335900 
0.04 21431.187664 362400 
0.04 21246.387731 362200 
0.04 22954.618610 317400 
0.04 21997.871274 312500 
0.04 20303.546277 336700 
0.04 19751.150374 329800 
0.04 20913.506582 321400 
0.04 22181.972940 310200 
0.04 22575.613337 314500 
0.04 22115.276638 375800 
0.04 20429.672719 342000 
0.04 19115.542986 320400 
0.04 20870.770779 303900 
0.04 20036.591775 325900 
0.04 20739.756864 351700 
0.04 20409.182889 339300 
0.04 21855.064911 343400 
0.04 20061.195588 340800 
0.04 21834.030723 328100 
0.04 21003.423381 320100 
0.04 22635.068483 321600 
0.04 20836.810184 332400 
0.04 24409.922446 321000 
0.04 18834.477631 355900 
0.04 19234.675993 324700 
0.04 22347.619171 346300 
0.04 23390.552836 326800 
0.04 22433.348726 317800 
0.04 25522.484898 335000 
0.04 21594.538938 346000 
0.04 20065.020835 333900 
0.04 20527.155151 328600 
0.04 21086.760574 326300 
0.04 21764.598375 335900 
0.04 20209.419926 333100 
0.04 21430.546487 313500 
0.04 22053.460690 334000 
0.04 22555.889707 342500 
0.04 22684.735339 326400 
0.04 22092.979836 356500 
0.04 21277.485293 332500 
0.04 21463.433137 324000 
0.04 22074.987729 328800 
0.04 21639.722841 353400 
0.04 20869.485054 323400 
0.04 20132.719473 338900 
0.04 21865.483953 333000 
0.04 21433.441208 348700 
0.04 23061.905194 304300 
0.04 20419.400224 323200 
0.04 21763.340292 330700 
0.04 21226.655791 356700 
0.04 21749.070954 336800 
0.04 22438.946910 330700 
0.04 21394.028519 344500 
0.04 18602.529757 323700 
0.04 23030.350826 316500 
0.04 21502.694858 394600 
0.04 19943.646232 321000 
0.04 21457.211996 330500 
0.04 22174.538442 305600 
0.04 20082.678691 308700 
0.04 20531.143331 327800 
0.04 21725.142924 325000 
0.04 19663.458975 330300 
0.04 20625.841057 364400 
0.04 20546.656577 312400 
0.04 20559.039172 338500 
0.04 24700.361305 332000 
0.04 21603.234584 328300 
0.04 20663.698246 320900 
0.04 20187.019014 339200 
0.04 21368.743082 332500 
0.04 22185.512438 350000 
0.04 21529.846590 336000 
0.04 19433.122303 350700 
0.04 19483.132997 315400 
0.04 20522.717423 348100 
0.04 23519.880962 317400 
0.04 19292.237376 308400 
0.04 20648.603654 302800 
0.04 23163.762586 353200 
0.04 17953.246793 313100 
0.04 21959.698244 344100 
0.04 20549.129483 322600 
0.04 19982.131566 339500 
0.04 24258.151192 330400 
0.04 22656.207345 321600 
0.04 21337.243364 331600 
0.04 20013.206968 336300 
0.04 18733.262468 337600 
0.04 21943.466116 328700 
0.04 24290.460773 368200 
0.04 20177.594068 319600 
0.04 24260.653556 317200 
0.04 20900.950924 331100 
0.04 19820.354113 338900 
0.04 22933.247756 332900 
0.04 20003.844055 341300 
0.045 18853.892656 313500 
0.045 18756.280125 313600 
0.045 20453.156050 329400 
0.045 19538.079367 319300 
0.045 20037.455407 307600 
0.045 20224.556035 309700 
0.045 20854.142024 304100 
0.045 20995.164266 334100 
0.045 19492.890259 309300 
0.045 19407.842926 299900 
0.045 21311.650281 327400 
0.045 24067.896461 332000 
0.045 22574.611992 321200 
0.045 22946.839062 291400 
0.045 23528.428472 330500 
0.045 23840.427400 329500 
0.045 22013.556836 320700 
0.045 18982.434442 313000 
0.045 23320.663991 300300 
0.045 21111.688339 321000 
0.045 21124.166467 300200 
0.045 23666.111909 317300 
0.045 23555.127218 337700 
0.045 21475.068451 315300 
0.045 20996.418948 325900 
0.045 21939.907224 308400 
0.045 20798.539190 302600 
0.045 22499.023718 303800 
0.045 25792.481069 323800 
0.045 23105.058221 319600 
0.045 22804.703654 322000 
0.045 22149.209770 295000 
0.045 20024.130840 304800 
0.045 19176.281603 312900 
0.045 23096.287689 331500 
0.045 20227.666971 311300 
0.045 19719.086203 327300 
0.045 19154.483689 321200 
0.045 20774.489402 316500 
0.045 21914.124009 328200 
0.045 21398.314269 323500 
0.045 20626.722586 321700 
0.045 23360.060627 309000 
0.045 19461.003394 300100 
0.045 18907.834120 319400 
0.045 20682.508253 310200 
0.045 21037.335083 329300 
0.045 22622.893332 319000 
0.045 20629.769369 331200 
0.045 19610.389396 329600 
0.045 22743.783245 325100 
0.045 19691.464614 326200 
0.045 22944.090257 317300 
0.045 21274.929403 309200 
0.045 20205.014749 307100 
0.045 19750.586654 311800 
0.045 21224.222808 330200 
0.045 21202.566166 306300 
0.045 23883.005228 336300 
0.045 20592.219380 323000 
0.045 23200.661979 343000 
0.045 20487.037012 312700 
0.045 22045.565927 310600 
0.045 20990.354980 316000 
0.045 20227.706811 309600 
0.045 23259.404892 343000 
0.045 21613.250526 334400 
0.045 19165.340591 321800 
0.045 19980.516700 327800 
0.045 22332.566450 309800 
0.045 19897.788694 325200 
0.045 21982.348984 328400 
0.045 20514.170448 323000 
0.045 21160.859664 321300 
0.045 19453.380893 310900 
0.045 19782.200864 321900 
0.045 19109.491761 305600 
0.045 21233.463990 320900 
0.045 24275.806213 309100 
0.045 22285.718067 315800 
0.045 19812.009594 308500 
0.045 21950.463290 322500 
0.045 23127.542764 332200 
0.045 21072.667983 325400 
0.045 23052.641114 321800 
0.045 22017.970027 315800 
0.045 20702.930732 302900 
0.045 21465.586762 319200 
0.045 22177.854638 326500 
0.045 21338.930954 318200 
0.045 21431.949689 313900 
0.045 19803.086142 331000 
0.045 19555.959372 319900 
0.045 22662.328513 333700 
0.045 21081.909444 309900 
0.045 21388.428240 302000 
0.045 20891.369068 319500 
0.045 21405.086319 313000 
0.045 20417.928127 310600 
0.045 23976.679840 324600 
0.05 21883.234715 330400 
0.05 20209.221872 295100 
0.05 23188.169920 328500 
0.05 23696.188233 305200 
0.05 22452.500630 333300 
0.05 20593.671481 313800 
0.05 23216.201927 308200 
0.05 21043.760681 291200 
0.05 24440.811556 305600 
0.05 19257.229637 296500 
0.05 20677.732253 306600 
0.05 23073.746246 308200 
0.05 21696.974597 316300 
0.05 20586.722508 316800 
0.05 22423.997942 294300 
0.05 23240.257436 316900 
0.05 22071.059379 310800 
0.05 23189.301725 298700 
0.05 20695.753949 291300 
0.05 21446.587842 318500 
0.05 23137.668656 309600 
0.05 20822.216622 301600 
0.05 20773.488333 316700 
0.05 20070.723346 306900 
0.05 21941.291389 301100 
0.05 22926.721266 302600 
0.05 25949.884406 325900 
0.05 20560.635868 301300 
0.05 22379.991178 304400 
0.05 18989.292681 313900 
0.05 19117.999951 304900 
0.05 23227.657144 311300 
0.05 21930.634821 292700 
0.05 19376.680470 298900 
0.05 22424.618454 298500 
0.05 24129.118501 300500 
0.05 20398.340436 331800 
0.05 20878.085054 300500 
0.05 22223.918789 331600 
0.05 19675.813545 300800 
0.05 21814.500880 336400 
0.05 23624.818681 319800 
0.05 21575.704158 299300 
0.05 23207.379873 298100 
0.05 21518.043687 302100 
0.05 20236.546255 299100 
0.05 19149.155997 290400 
0.05 23396.608827 312300 
0.05 23399.825728 305200 
0.05 22875.147737 308300 
0.05 23935.661999 299200 
0.05 18797.189716 284800 
0.05 20837.806060 315100 
0.05 21167.815929 307600 
0.05 21024.929528 302500 
0.05 23649.770559 284600 
0.05 23792.926897 320400 
0.05 22095.507809 313500 
0.05 20857.003499 304900 
0.05 24012.151275 328700 
0.05 23431.219784 329300 
0.05 23644.431906 315100 
0.05 21462.579600 296600 
0.05 21791.370693 304600 
0.05 20870.990137 315500 
0.05 21830.575086 315800 
0.05 19781.756946 298300 
0.05 23971.250532 334700 
0.05 23077.932176 320900 
0.05 19941.915787 312300 
0.05 21249.183227 302400 
0.05 20493.911946 307000 
0.05 21941.828803 294400 
0.05 22375.150668 305600 
0.05 20633.254017 306200 
0.05 25199.347690 305600 
0.05 25875.366418 307100 
0.05 20361.605765 306700 
0.05 22906.143390 331900 
0.05 20699.989386 303000 
0.05 20349.273809 319600 
0.05 20853.259652 295000 
0.05 24227.550069 320000 
0.05 21541.132886 296900 
0.05 19971.877812 299200 
0.05 19847.085122 303200 
0.05 22374.458907 307400 
0.05 20760.381897 297300 
0.05 19796.464541 281800 
0.05 23032.919059 299400 
0.05 20140.470398 302700 
0.05 19185.939646 291200 
0.05 21213.684988 299400 
0.05 22321.059778 303900 
0.05 23471.830068 356400 
0.05 21675.046485 323300 
0.05 21883.910159 326800 
0.05 20809.122536 295100 
0.05 24199.020060 302300 
0.05 22828.010526 322600 
0.055 22332.452439 303300 
0.055 21160.576734 305200 
0.055 21302.143332 321000 
0.055 22485.670515 307700 
0.055 21176.312142 309500 
0.055 22548.052358 320300 
0.055 22435.560208 297000 
0.055 19552.021548 306400 
0.055 21521.150828 297200 
0.055 21253.432144 279700 
0.055 23905.637461 298900 
0.055 21340.498543 306600 
0.055 20520.092183 294400 
0.055 19840.646186 294800 
0.055 22828.030635 293000 
0.055 22983.667204 303000 
0.055 21336.931054 286000 
0.055 22037.825736 301600 
0.055 22462.647511 294100 
0.055 23223.036817 305900 
0.055 20352.426415 292000 
0.055 21860.698968 309400 
0.055 20950.938198 290700 
0.055 20753.133441 303600 
0.055 24278.571222 315600 
0.055 22713.758428 302600 
0.055 23629.838195 296600 
0.055 23540.873418 300700 
0.055 20627.232328 308500 
0.055 23407.400962 309800 
0.055 22713.599012 287800 
0.055 20519.382616 296300 
0.055 21796.806774 329200 
0.055 22916.157890 311600 
0.055 21070.841587 287800 
0.055 21886.878852 294000 
0.055 19276.805020 315500 
0.055 22994.817181 284900 
0.055 22507.099852 303200 
0.055 21630.241568 295400 
0.055 25527.114113 294500 
0.055 23922.999862 277600 
0.055 19558.019153 293000 
0.055 21337.331507 296500 
0.055 23855.027377 303900 
0.055 25069.020438 316200 
0.055 21815.580621 290200 
0.055 22485.849838 301200 
0.055 22610.436717 318700 
0.055 20883.875443 285500 
0.055 21803.628255 312200 
0.055 21980.854076 293400 
0.055 21124.477993 302800 
0.055 21450.855946 295300 
0.055 21664.332251 295300 
0.055 20512.462605 309800 
0.055 22995.593358 294300 
0.055 20871.847501 290200 
0.055 22014.813599 286400 
0.055 21847.503469 308700 
0.055 21131.808715 293000 
0.055 23312.144606 304300 
0.055 22347.387579 312900 
0.055 20299.915603 289800 
0.055 20812.502775 283600 
0.055 20558.093250 282400 
0.055 22136.793602 298700 
0.055 21897.179345 289800 
0.055 21863.966134 303800 
0.055 22286.895975 293300 
0.055 21284.270650 306400 
0.055 18712.051278 289500 
0.055 20513.752157 307500 
0.055 19885.352673 294000 
0.055 21199.579335 310300 
0.055 24229.364541 316100 
0.055 19383.756610 295400 
0.055 21564.317091 291700 
0.055 21418.082662 297800 
0.055 20443.754349 279100 
0.055 21166.256284 319300 
0.055 19995.538487 289300 
0.055 22341.602425 279500 
0.055 18702.553820 294600 
0.055 24891.712560 308000 
0.055 23545.688498 301700 
0.055 22757.421722 308100 
0.055 21604.709958 279800 
0.055 20923.034457 290400 
0.055 21691.499881 296200 
0.055 22901.185947 298700 
0.055 21572.986109 290000 
0.055 18570.953930 304000 
0.055 25004.319739 301200 
0.055 22733.484755 303300 
0.055 22238.637097 301400 
0.055 23174.969710 305600 
0.055 22524.708644 312600 
0.055 20593.761386 283500 
0.055 22080.158441 291100 
0.06 21614.741495 291200 
0.06 22218.358577 282400 
0.06 22058.092714 283900 
0.06 18953.764770 277700 
0.06 21761.975141 314900 
0.06 22581.358447 308400 
0.06 19813.392564 292100 
0.06 19826.963887 290000 
0.06 21099.676197 282300 
0.06 20354.801086 282000 
0.06 22079.882753 276500 
0.06 23445.742231 303600 
0.06 22939.833630 285200 
0.06 20191.574033 293400 
0.06 21284.645592 304100 
0.06 21637.923483 298400 
0.06 20728.281742 282900 
0.06 20668.035133 280400 
0.06 20537.209576 303700 
0.06 20630.679520 290600 
0.06 21321.953124 279600 
0.06 22313.008522 295200 
0.06 21473.460321 282500 
0.06 18274.194364 304700 
0.06 25394.318656 286100 
0.06 20134.376410 281500 
0.06 23676.509127 292700 
0.06 22368.819046 306100 
0.06 22582.438940 283400 
0.06 22617.413289 283000 
0.06 19293.583675 280700 
0.06 22037.903997 299200 
0.06 20341.661728 320700 
0.06 21313.828684 304600 
0.06 24769.885953 287100 
0.06 21222.040755 288500 
0.06 21946.539271 280600 
0.06 19715.473146 301100 
0.06 24803.329638 300000 
0.06 22335.733724 284100 
0.06 20462.740305 316500 
0.06 21966.293071 286900 
0.06 21771.879510 292900 
0.06 23216.769672 290500 
0.06 22617.351005 298400 
0.06 23021.313509 308300 
0.06 21594.090022 285300 
0.06 19777.601510 296600 
0.06 21668.807231 298600 
0.06 21738.621541 285200 
0.06 24105.838349 275900 
0.06 21728.038475 293500 
0.06 20693.430229 291100 
0.06 25444.692622 285400 
0.06 22656.644007 301900 
0.06 19127.437823 296800 
0.06 26323.156907 289200 
0.06 19689.489525 288600 
0.06 20966.360351 295500 
0.06 23285.716649 294700 
0.06 21134.323067 281100 
0.06 20803.997397 294300 
0.06 22345.257333 280500 
0.06 21414.640931 289400 
0.06 19784.875572 294600 
0.06 20309.606112 298000 
0.06 21968.579869 297100 
0.06 19737.412111 290300 
0.06 21448.683966 289500 
0.06 22844.039215 300400 
0.06 21290.961309 301400 
0.06 20208.877629 275800 
0.06 23459.982839 295900 
0.06 20738.097991 288400 
0.06 23721.561380 311600 
0.06 21075.240639 284100 
0.06 20991.930752 288500 
0.06 22594.606783 285600 
0.06 23775.990751 291500 
0.06 20570.044088 294100 
0.06 21848.264885 283900 
0.06 21156.386824 283300 
0.06 26559.930500 304100 
0.06 20320.327918 290000 
0.06 20475.093334 282400 
0.06 20573.358301 284200 
0.06 21868.146787 285100 
0.06 25363.798530 298800 
0.06 20436.164425 305100 
0.06 21018.105682 285200 
0.06 24736.455415 293300 
0.06 22568.946678 289800 
0.06 18662.473260 285900 
0.06 23008.169848 301900 
0.06 24929.594838 298700 
0.06 21486.173946 277900 
0.06 23477.413317 290300 
0.06 21619.257027 281300 
0.06 20852.996574 282600 
0.06 25268.592083 289400 
0.065 22630.192431 287400 
0.065 21052.246749 301800 
0.065 20559.152265 301700 
0.065 21755.476032 293100 
0.065 21178.455666 276100 
0.065 21893.491574 278700 
0.065 19456.356011 287700 
0.065 21002.390784 275900 
0.065 23267.422070 281800 
0.065 20296.933205 288700 
0.065 21498.069855 301800 
0.065 20318.900703 276400 
0.065 24716.078957 276500 
0.065 19292.994585 285100 
0.065 23912.975202 286000 
0.065 19990.499724 282200 
0.065 19737.148995 287700 
0.065 23791.977726 288700 
0.065 23427.127837 312900 
0.065 21611.989057 288300 
0.065 21222.221168 273700 
0.065 22373.826798 295000 
0.065 21303.340813 284800 
0.065 21555.623163 283400 
0.065 23484.652159 285400 
0.065 19086.989726 280900 
0.065 20652.793515 275200 
0.065 19684.778863 288200 
0.065 22951.018189 292500 
0.065 23123.151635 291800 
0.065 19836.681866 284800 
0.065 21567.604827 286300 
0.065 20857.166308 272300 
0.065 18594.767663 269000 
0.065 20575.606182 282500 
0.065 21999.471200 292800 
0.065 23552.913411 278100 
0.065 26485.410678 285300 
0.065 22217.818317 284100 
0.065 23516.855753 281400 
0.065 21451.694984 292000 
0.065 20171.324790 288500 
0.065 19065.323339 290900 
0.065 23076.586181 286100 
0.065 20921.056671 285700 
0.065 21650.511030 280600 
0.065 20671.125693 288300 
0.065 20682.673482 279600 
0.065 21064.167256 285600 
0.065 23664.510429 279700 
0.065 23378.450771 288200 
0.065 20033.881624 287100 
0.065 23401.152885 276000 
0.065 22374.208708 287500 
0.065 19600.174694 289300 
0.065 22160.924715 296700 
0.065 20762.899527 291700 
0.065 23611.576290 279400 
0.065 21832.957364 306500 
0.065 19981.137346 276700 
0.065 21008.347425 279500 
0.065 24778.634499 282100 
0.065 21458.848038 301300 
0.065 20210.678848 270500 
0.065 21788.179407 275000 
0.065 23422.514069 278000 
0.065 19289.880264 276500 
0.065 23840.810956 285100 
0.065 22860.468975 298200 
0.065 24138.171540 290800 
0.065 20289.675531 287900 
0.065 22857.189084 300700 
0.065 23335.258336 282100 
0.065 18912.936706 277200 
0.065 25056.696488 290400 
0.065 20443.077926 295100 
0.065 23354.458442 290400 
0.065 18564.391557 305300 
0.065 21103.072793 282800 
0.065 21021.610411 298000 
0.065 22199.030529 275000 
0.065 24901.376962 273600 
0.065 23055.569825 284100 
0.065 21453.484765 287200 
0.065 21317.671457 284000 
0.065 21245.204473 279700 
0.065 20823.917667 276700 
0.065 22122.614905 282400 
0.065 22310.742058 305000 
0.065 20752.730293 287100 
0.065 22166.752255 283500 
0.065 20923.109053 273800 
0.065 22382.451947 278100 
0.065 23233.297605 294600 
0.065 22232.721154 296600 
0.065 23278.886747 291100 
0.065 20628.829791 290100 
0.065 22440.248987 276000 
0.065 22349.050706 287100 
0.065 23151.025363 279900 
0.07 20979.209874 279600 
0.07 20013.305411 269000 
0.07 21334.385174 278900 
0.07 20852.216955 297000 
0.07 22787.464975 278900 
0.07 23572.121025 267700 
0.07 21184.525326 277700 
0.07 21114.133169 270300 
0.07 23401.727285 281300 
0.07 19206.284156 272800 
0.07 21896.812892 277700 
0.07 22451.832374 276600 
0.07 20249.421568 278100 
0.07 23765.191353 265000 
0.07 19028.172027 279100 
0.07 19063.032686 272800 
0.07 20546.084154 294500 
0.07 20232.869848 276400 
0.07 21500.355361 287900 
0.07 22641.757744 291000 
0.07 22291.394425 289200 
0.07 21701.540844 278300 
0.07 23896.009139 291800 
0.07 21969.666463 287000 
0.07 22344.246196 282600 
0.07 24664.784148 283200 
0.07 21665.199387 277200 
0.07 22424.319876 273800 
0.07 21064.099647 278200 
0.07 23366.306492 275200 
0.07 25375.929541 277200 
0.07 25438.530851 285900 
0.07 22925.590303 283400 
0.07 21590.517202 282800 
0.07 22763.694842 274400 
0.07 22378.632231 283700 
0.07 21767.994848 273700 
0.07 22288.166926 284600 
0.07 21638.798290 283500 
0.07 22254.423606 305200 
0.07 21820.089660 280100 
0.07 20464.771232 270700 
0.07 21586.657127 276800 
0.07 23240.730996 269500 
0.07 19607.765634 284200 
0.07 20764.769773 283000 
0.07 23787.155867 272300 
0.07 20983.393872 285000 
0.07 21146.335628 277400 
0.07 20399.510161 297500 
0.07 22369.946541 277700 
0.07 24116.088585 286500 
0.07 22447.581987 271100 
0.07 22455.509764 277400 
0.07 22101.615885 279200 
0.07 19948.621516 275000 
0.07 23225.760306 273400 
0.07 21552.357559 281800 
0.07 21419.087362 278900 
0.07 22034.772719 280100 
0.07 22326.224593 286300 
0.07 22552.552489 282300 
0.07 23082.012134 284000 
0.07 22010.422847 263300 
0.07 20118.847105 275900 
0.07 21555.887190 269500 
0.07 24210.433511 269400 
0.07 23043.012049 286500 
0.07 23359.526740 286500 
0.07 21543.496892 276900 
0.07 20280.031728 280800 
0.07 22761.440330 282900 
0.07 22739.610214 279800 
0.07 20854.970595 275600 
0.07 22982.074648 280800 
0.07 21839.354293 284600 
0.07 20410.339832 280300 
0.07 22554.530632 270200 
0.07 20974.110342 280000 
0.07 25302.885795 281400 
0.07 21906.583330 283900 
0.07 21463.336041 291300 
0.07 20810.698351 281300 
0.07 21959.705301 301900 
0.07 19482.721532 276800 
0.07 22049.717329 286000 
0.07 19791.408382 289000 
0.07 20102.263907 297400 
0.07 19047.083685 289400 
0.07 22580.553889 270300 
0.07 21651.560818 278500 
0.07 23438.538779 284300 
0.07 22963.787994 281100 
0.07 22779.711152 301000 
0.07 20513.382441 272700 
0.07 21067.061718 314600 
0.07 22344.649263 289500 
0.07 23317.190307 277300 
0.07 23703.080831 289200 
0.07 21298.388115 280500 
0.075 21280.521162 266700 
0.075 21565.892708 268000 
0.075 22208.642517 284600 
0.075 20636.986135 274300 
0.075 24959.743991 275900 
0.075 18674.960162 281000 
0.075 21208.052042 264400 
0.075 23513.365530 283500 
0.075 23042.097076 280700 
0.075 20851.112993 281100 
0.075 21073.474666 274200 
0.075 24789.983366 272300 
0.075 20836.128462 274700 
0.075 19872.533572 281500 
0.075 21216.264669 279300 
0.075 20326.238220 271400 
0.075 19884.704220 282900 
0.075 24304.475312 276900 
0.075 22696.079392 278800 
0.075 22423.407680 274500 
0.075 20321.440067 270900 
0.075 23012.564249 273600 
0.075 24080.020106 282700 
0.075 21630.140828 269900 
0.075 21499.425340 287700 
0.075 20847.161453 279300 
0.075 22515.982304 282000 
0.075 19404.027095 280800 
0.075 19609.764254 270300 
0.075 23136.196391 273300 
0.075 19720.649125 268400 
0.075 21196.905124 263600 
0.075 20276.756561 270700 
0.075 23245.234891 286200 
0.075 22551.953228 260400 
0.075 21899.115239 267300 
0.075 20697.458165 270900 
0.075 23277.148647 271600 
0.075 24359.347664 275200 
0.075 23054.623279 277500 
0.075 21533.338718 280000 
0.075 24895.052471 280300 
0.075 21925.235543 282700 
0.075 21765.616599 271400 
0.075 20605.489584 273600 
0.075 20742.484315 270200 
0.075 22017.766777 286600 
0.075 21815.025187 273700 
0.075 22955.696550 267400 
0.075 24082.732080 271300 
0.075 21550.024825 271500 
0.075 22280.156502 272400 
0.075 22092.937414 274300 
0.075 21803.945651 287600 
0.075 20307.682448 277900 
0.075 21614.735659 288500 
0.075 21587.929718 283500 
0.075 22621.533053 280800 
0.075 22842.061831 263300 
0.075 22266.551737 267400 
0.075 22654.118379 273700 
0.075 19332.469784 267600 
0.075 20455.250957 274800 
0.075 22462.861445 276700 
0.075 21171.790498 265400 
0.075 23942.651116 269200 
0.075 23429.241985 273400 
0.075 20706.791141 268800 
0.075 20693.233932 264700 
0.075 21618.912329 277900 
0.075 21222.612233 273000 
0.075 22739.383662 291700 
0.075 20193.638114 265300 
0.075 22051.479176 266800 
0.075 23725.733437 277300 
0.075 21068.460969 278900 
0.075 22617.671071 268900 
0.075 20401.707109 282600 
0.075 23346.045606 266800 
0.075 22900.610089 287000 
0.075 22211.041845 271100 
0.075 20181.735492 294100 
0.075 22409.734059 274900 
0.075 24479.578445 263400 
0.075 23908.172217 270800 
0.075 21094.039880 290900 
0.075 21271.799234 282300 
0.075 22841.663625 288900 
0.075 19806.299880 268300 
0.075 24239.975163 283400 
0.075 20038.403803 263300 
0.075 20828.319947 276300 
0.075 21930.908186 268100 
0.075 24602.014907 274300 
0.075 21913.227134 276900 
0.075 22492.205217 286000 
0.075 22590.448120 271600 
0.075 22317.961369 265800 
0.075 24426.040574 270300 
0.075 20665.469495 282700 
0.08 22886.756132 280400 
0.08 22833.752237 269900 
0.08 20872.343490 272000 
0.08 23379.900750 262900 
0.08 23777.043073 268200 
0.08 23255.645146 260700 
0.08 22727.488082 265800 
0.08 22176.918846 285900 
0.08 23815.110120 280100 
0.08 20813.154185 263100 
0.08 25311.552900 259900 
0.08 20566.780957 259200 
0.08 24023.492799 264400 
0.08 21433.689245 265000 
0.08 22524.207349 277900 
0.08 19901.676589 266800 
0.08 21960.776682 260000 
0.08 20880.189115 267000 
0.08 20679.378522 266800 
0.08 22717.507948 263000 
0.08 23816.747948 278400 
0.08 21410.306111 267400 
0.08 21714.760219 276000 
0.08 21526.749543 267600 
0.08 23702.009550 297200 
0.08 22551.550710 267300 
0.08 23465.911808 270700 
0.08 18900.020129 263300 
0.08 19506.116292 267500 
0.08 22333.273851 269900 
0.08 22574.258461 264200 
0.08 25251.014892 268800 
0.08 18778.467090 269800 
0.08 21862.937630 271500 
0.08 21823.111221 266200 
0.08 23534.310520 281300 
0.08 19931.106152 265900 
0.08 21706.364590 278500 
0.08 22325.716513 271400 
0.08 21025.398038 263100 
0.08 22761.374232 274600 
0.08 22233.976643 261400 
0.08 23459.178869 261100 
0.08 23089.086393 280800 
0.08 24268.350229 273000 
0.08 21357.063145 272700 
0.08 19454.953079 268800 
0.08 21074.554748 276000 
0.08 25963.784832 262800 
0.08 24635.607103 272600 
0.08 24941.210896 277700 
0.08 21634.963833 273700 
0.08 23790.861266 276400 
0.08 22622.434104 270900 
0.08 21057.540818 266200 
0.08 22560.154157 265800 
0.08 20740.344805 259400 
0.08 21690.215496 267500 
0.08 20841.636951 266300 
0.08 22230.968483 270600 
0.08 19658.550309 264100 
0.08 25095.174536 261400 
0.08 20143.282614 258300 
0.08 20523.673732 285800 
0.08 20898.074741 271100 
0.08 22427.442759 268800 
0.08 18599.770105 285000 
0.08 20495.342841 274600 
0.08 22881.635074 273400 
0.08 23299.809802 275500 
0.08 20896.750611 267700 
0.08 22470.265019 274700 
0.08 22841.338988 296900 
0.08 20461.971657 267300 
0.08 23459.219774 266000 
0.08 22168.536467 264200 
0.08 23701.830633 263500 
0.08 25063.709579 280900 
0.08 23092.440595 274000 
0.08 22161.344503 276600 
0.08 23257.373650 278000 
0.08 23488.162283 270400 
0.08 22987.078071 275900 
0.08 23723.828231 267700 
0.08 20410.513071 276100 
0.08 22341.718452 264200 
0.08 21262.699246 270600 
0.08 22019.087404 273900 
0.08 21363.648368 270700 
0.08 22230.277255 271600 
0.08 23525.248377 289100 
0.08 22440.389242 278800 
0.08 22340.849443 272400 
0.08 21684.782081 264300 
0.08 24256.063762 284100 
0.08 24600.472451 275700 
0.08 24700.979287 277200 
0.08 23929.629102 270900 
0.08 20216.608808 270000 
0.08 21423.083177 265200 
0.085 20755.687449 258500 
0.085 22026.691020 276200 
0.085 20300.061232 265600 
0.085 24470.530737 261700 
0.085 20572.408569 262800 
0.085 23140.990754 269500 
0.085 22078.656963 267500 
0.085 21723.512419 264800 
0.085 21750.420301 267500 
0.085 22981.291423 269200 
0.085 19951.346060 262000 
0.085 20933.246893 274900 
0.085 23879.043479 267300 
0.085 21110.970701 275500 
0.085 21094.144679 268200 
0.085 22078.652691 266100 
0.085 19464.771451 268000 
0.085 20624.592750 268700 
0.085 21343.279704 271800 
0.085 22533.344606 272000 
0.085 23424.027607 273600 
0.085 22105.700142 261800 
0.085 23639.191677 270700 
0.085 21469.311863 267000 
0.085 21064.150530 268700 
0.085 20979.494637 267400 
0.085 22687.931859 286100 
0.085 20198.710334 273600 
0.085 23067.656707 267500 
0.085 24770.461691 264400 
0.085 23197.010896 269800 
0.085 23282.154831 272600 
0.085 22656.032792 265900 
0.085 22912.127132 274600 
0.085 20839.124289 262000 
0.085 24645.708833 287400 
0.085 23748.212997 264700 
0.085 21590.141920 264600 
0.085 20368.378261 268000 
0.085 22785.510540 270200 
0.085 23774.679671 272300 
0.085 25536.752823 268700 
0.085 21889.725731 263000 
0.085 25247.119872 272000 
0.085 23710.447426 269800 
0.085 21289.613111 270000 
0.085 21394.875810 278500 
0.085 23153.652059 260000 
0.085 21316.800611 267500 
0.085 21694.315415 264200 
0.085 22194.407228 273900 
0.085 20978.918409 259300 
0.085 20854.389281 256600 
0.085 21644.849365 261700 
0.085 26853.719916 272000 
0.085 25123.285009 275700 
0.085 20878.721589 263800 
0.085 24869.609322 270900 
0.085 24801.260145 268900 
0.085 20636.763533 273600 
0.085 21023.175460 266400 
0.085 20659.152657 259900 
0.085 24600.438389 281900 
0.085 22061.448485 266200 
0.085 22953.610914 269200 
0.085 22473.173278 266600 
0.085 21363.917022 260000 
0.085 23138.377126 275000 
0.085 25088.218105 274400 
0.085 23995.517417 269400 
0.085 20146.055166 264000 
0.085 21937.605509 260200 
0.085 23231.614860 263600 
0.085 19671.076013 266600 
0.085 22171.699192 269000 
0.085 23694.806399 272900 
0.085 21278.690816 267600 
0.085 24964.897856 265800 
0.085 22783.653630 267200 
0.085 22956.043391 263600 
0.085 22197.084449 273400 
0.085 24269.594606 277600 
0.085 19928.856762 261700 
0.085 22353.428539 261700 
0.085 21955.464285 264000 
0.085 22169.720803 268700 
0.085 20485.363917 286900 
0.085 24511.841878 262400 
0.085 22052.582112 264700 
0.085 22446.246123 265600 
0.085 23402.376660 267200 
0.085 23414.321098 268500 
0.085 24887.316188 279500 
0.085 23444.424686 267600 
0.085 21225.425846 261200 
0.085 23296.939294 270800 
0.085 21481.938281 285100 
0.085 24209.950106 272900 
0.085 21212.628539 260100 
0.085 22522.372343 276600 
0.09 20779.088428 269300 
0.09 21257.991037 258000 
0.09 24283.435882 261400 
0.09 20277.923691 254900 
0.09 20713.096197 268400 
0.09 20651.132891 271700 
0.09 22960.720905 262500 
0.09 22370.489015 272900 
0.09 24287.712250 264100 
0.09 23567.090865 258800 
0.09 22942.555739 264200 
0.09 21589.610503 268900 
0.09 22378.165497 272900 
0.09 21989.641627 263400 
0.09 21785.176052 265400 
0.09 22516.018263 263900 
0.09 20912.233548 266100 
0.09 21957.736836 260300 
0.09 23088.815035 271800 
0.09 22615.417242 263700 
0.09 25243.766625 265200 
0.09 22653.944306 260300 
0.09 25218.280740 261500 
0.09 26434.518252 275800 
0.09 22919.798878 270900 
0.09 21959.312712 262900 
0.09 26440.562936 258000 
0.09 25475.346778 271000 
0.09 25163.794708 254200 
0.09 22972.780401 266200 
0.09 21077.919472 273600 
0.09 24213.189198 255600 
0.09 22644.440473 273800 
0.09 23117.235732 261200 
0.09 23311.769038 278700 
0.09 22104.731231 262500 
0.09 26541.620246 256100 
0.09 23017.951266 265900 
0.09 22523.233652 256700 
0.09 22232.170946 258600 
0.09 23106.381296 269000 
0.09 25493.120443 262900 
0.09 20810.766514 278200 
0.09 24844.001360 261900 
0.09 23798.383470 269700 
0.09 21535.758319 260200 
0.09 19272.048491 265300 
0.09 20355.337887 267500 
0.09 24838.900940 273300 
0.09 24068.356665 259800 
0.09 20525.440156 267700 
0.09 20685.983600 263900 
0.09 21899.253039 256600 
0.09 23799.386577 270400 
0.09 23832.331778 263500 
0.09 23646.598262 272500 
0.09 20042.188481 268200 
0.09 21384.667393 265900 
0.09 21381.947916 276100 
0.09 20139.425630 275000 
0.09 25487.915389 259900 
0.09 21644.928721 267600 
0.09 23819.886046 258700 
0.09 22466.644989 257000 
0.09 25207.354481 273100 
0.09 21189.880710 273400 
0.09 24860.419668 259000 
0.09 22235.819149 263600 
0.09 22773.753361 265700 
0.09 21430.892637 265700 
0.09 23130.747640 262300 
0.09 21155.811559 263500 
0.09 19611.307687 256300 
0.09 23449.637966 272100 
0.09 21304.467753 279800 
0.09 22521.878246 266100 
0.09 21028.916115 277600 
0.09 21381.097311 265600 
0.09 21423.264283 265800 
0.09 23742.307724 263100 
0.09 21047.467930 259700 
0.09 26751.641740 275200 
0.09 23269.009304 275100 
0.09 20890.593329 271000 
0.09 23332.389101 265800 
0.09 26952.222504 260600 
0.09 21671.324423 259800 
0.09 22162.061455 261100 
0.09 24918.844706 263100 
0.09 20675.815625 262500 
0.09 27286.075243 281700 
0.09 23301.192209 274500 
0.09 23103.132373 263200 
0.09 20931.419825 258200 
0.09 20835.838828 268500 
0.09 25349.940854 266100 
0.09 22497.314805 255300 
0.09 19087.792596 256900 
0.09 19081.905756 268100 
0.09 22426.499208 263100 
0.095 24982.019150 278000 
0.095 24737.228951 264500 
0.095 22171.341970 253500 
0.095 21063.914825 259200 
0.095 23095.389512 271700 
0.095 21206.084422 280200 
0.095 22074.875132 251400 
0.095 21190.162140 270700 
0.095 22513.260379 254800 
0.095 21305.911169 255300 
0.095 22206.840257 268500 
0.095 24674.561847 258100 
0.095 20583.544521 251800 
0.095 24220.525076 278400 
0.095 23386.668402 255000 
0.095 20517.231170 257300 
0.095 23084.239393 260200 
0.095 19961.201746 261600 
0.095 23856.135216 253700 
0.095 21703.087776 256900 
0.095 23127.362106 266500 
0.095 23001.810858 256800 
0.095 20939.610291 260600 
0.095 23666.291470 266700 
0.095 21711.713909 259900 
0.095 22986.184702 265800 
0.095 24209.074201 272100 
0.095 21431.705361 262100 
0.095 23357.016417 264300 
0.095 19761.288283 259400 
0.095 21386.955308 257100 
0.095 24014.789159 261000 
0.095 22446.714585 264900 
0.095 21402.938961 260200 
0.095 21086.021483 265700 
0.095 22917.928492 249900 
0.095 25992.613401 268800 
0.095 22175.712282 265100 
0.095 22468.112678 264600 
0.095 22283.222454 254300 
0.095 24336.413784 260700 
0.095 21857.565053 258200 
0.095 22216.807000 265700 
0.095 22761.938126 269100 
0.095 21178.115933 270200 
0.095 23938.106490 266200 
0.095 20908.167351 259800 
0.095 27230.336402 266600 
0.095 22221.871756 256700 
0.095 22334.068357 264800 
0.095 20547.004834 259700 
0.095 22134.703589 261400 
0.095 22891.469611 259500 
0.095 24770.466876 252800 
0.095 22888.633520 267600 
0.095 23182.576161 268100 
0.095 22878.524495 276200 
0.095 21638.057826 270100 
0.095 21355.606198 269400 
0.095 22531.251226 260000 
0.095 25132.868034 268200 
0.095 21103.293267 266100 
0.095 21708.748886 270700 
0.095 21905.654548 261400 
0.095 25045.848961 256500 
0.095 21515.806038 266000 
0.095 22014.677394 263500 
0.095 20244.948337 271800 
0.095 22533.519140 264100 
0.095 24415.868827 264100 
0.095 24379.558291 254400 
0.095 23098.666192 266900 
0.095 20175.178838 256500 
0.095 23848.246096 262700 
0.095 22290.432319 263000 
0.095 21710.492252 261100 
0.095 21944.332856 261400 
0.095 22567.075926 259100 
0.095 23584.324116 256400 
0.095 24322.515871 254600 
0.095 24148.387697 270800 
0.095 24445.182438 265200 
0.095 22505.155703 258500 
0.095 21686.563392 260800 
0.095 23067.379901 263900 
0.095 21942.184936 261400 
0.095 21919.796506 270600 
0.095 21587.236782 259000 
0.095 23093.128287 257400 
0.095 20150.584979 262200 
0.095 25132.277885 263500 
0.095 26400.768242 254800 
0.095 23937.569291 258100 
0.095 21639.536201 264700 
0.095 22058.594504 256100 
0.095 23031.136184 263400 
0.095 21806.454783 259700 
0.095 21735.272748 263400 
0.095 22670.875983 264500 
0.095 21823.560933 255400 
0.001 16711.878485 4419300 
0.001 16526.793261 4590500 
0.001 16639.378261 4455000 
0.001 16765.514022 4599100 
0.001 16953.275753 4414600 
0.001 15781.071163 4337900 
0.001 16430.334486 4379200 
0.001 16759.902086 4602700 
0.001 16609.716430 4438900 
0.001 15703.854622 4369100 
0.001 15905.866366 4671300 
0.001 14639.213274 4595000 
0.001 17804.149355 4608600 
0.001 15345.993620 4483300 
0.001 15575.679650 4458900 
0.001 16347.229567 4229000 
0.001 16591.972240 4409400 
0.001 16418.417217 4447100 
0.001 16778.033408 4320900 
0.001 16009.027064 4451700 
0.001 15882.094055 4578300 
0.001 15327.204830 4505700 
0.001 16299.433395 4024700 
0.001 15831.175563 4242200 
0.001 15927.927882 4286000 
0.001 15850.736952 4951500 
0.001 16017.767020 4983300 
0.001 16059.179153 4286900 
0.001 16227.329260 4264800 
0.001 17128.904414 4629400 
0.001 16631.757820 4803400 
0.001 15651.632107 4413800 
0.001 16978.117661 4388400 
0.001 14721.702189 4223400 
0.001 15509.914156 4505500 
0.001 17817.357602 4709400 
0.001 17062.606996 4606600 
0.001 16625.068360 4285900 
0.001 15880.945412 4256300 
0.001 16549.763084 4056500 
0.001 16656.194559 4277900 
0.001 16086.133860 4580600 
0.001 15638.094209 4333300 
0.001 15999.884841 4494900 
0.001 16756.636452 4368400 
0.001 15126.690361 4507800 
0.001 16028.695373 4291700 
0.001 16634.926386 4469600 
0.001 16797.490362 4689400 
0.001 15817.208686 4482500 
0.001 15618.895968 4867200 
0.001 15970.696316 4083700 
0.001 16990.682559 4556400 
0.001 17066.589157 4356500 
0.001 16830.183579 4389700 
0.001 16042.881164 4387200 
0.001 16653.466256 4433700 
0.001 15060.127136 4390300 
0.001 15802.330791 4525100 
0.001 16481.545162 4281700 
0.001 17300.132442 4538700 
0.001 17101.362898 4358800 
0.001 16051.672175 4988100 
0.001 15748.912588 4247000 
0.001 16604.573519 4511500 
0.001 17004.703992 4890200 
0.001 17027.542265 4464100 
0.001 16587.512607 4448700 
0.001 17510.252139 4201200 
0.001 15961.076466 4301500 
0.001 16046.806816 4455100 
0.001 16727.044601 4581900 
0.001 17074.664651 4798000 
0.001 17010.855733 4591900 
0.001 17546.232534 4447200 
0.001 16846.224528 4227000 
0.001 17011.749677 4373200 
0.001 17683.212552 4555800 
0.001 16354.298785 4533600 
0.001 16246.824091 4579800 
0.001 15884.342271 4632600 
0.001 18100.723656 4256200 
0.001 16778.794637 4216800 
0.001 16049.156968 4377400 
0.001 16397.140682 4426400 
0.001 16508.913153 4445500 
0.001 16346.836848 4298200 
0.001 16156.825636 4224500 
0.001 16364.749560 4383400 
0.001 16843.351981 4090100 
0.001 16693.456042 4365300 
0.001 16185.330741 4315400 
0.001 17082.364867 4403300 
0.001 17051.794835 4031700 
0.001 15995.191959 4368700 
0.001 16382.263154 4088200 
0.001 16287.277152 4756300 
0.001 16454.961078 4903300 
0.001 15824.567616 4336000 
0.001 15871.006880 4520300 
0.0015 16855.192159 3232100 
0.0015 16281.321837 3069900 
0.0015 17361.744361 3049300 
0.0015 16098.359490 2999800 
0.0015 16492.982018 2914000 
0.0015 17770.763237 2880400 
0.0015 16498.526090 3113100 
0.0015 17518.334582 3286900 
0.0015 15939.260383 3114900 
0.0015 16243.577494 3091700 
0.0015 16459.449123 3154700 
0.0015 17071.310016 3187600 
0.0015 15807.515460 2888400 
0.0015 17172.289196 3192500 
0.0015 16693.327104 3468200 
0.0015 16547.963066 2914900 
0.0015 16424.297627 3150600 
0.0015 17134.729435 3092100 
0.0015 16525.599516 2908800 
0.0015 17413.958787 2846800 
0.0015 18834.065867 3154000 
0.0015 16300.257674 2895100 
0.0015 17153.477960 3179000 
0.0015 14793.781895 2842800 
0.0015 15796.838863 3167800 
0.0015 15867.697501 3012600 
0.0015 16544.389406 2930500 
0.0015 16179.952734 3087500 
0.0015 16086.208627 3418100 
0.0015 16660.881985 2951100 
0.0015 17362.385419 3138600 
0.0015 16497.368527 3152900 
0.0015 16457.610705 3078000 
0.0015 15710.740769 3120700 
0.0015 16284.823850 3008100 
0.0015 17748.213259 3019400 
0.0015 16555.418876 3248400 
0.0015 16081.384597 3203100 
0.0015 16675.134696 2892000 
0.0015 16515.052673 2934400 
0.0015 16947.573771 3508000 
0.0015 18063.609582 2988400 
0.0015 16939.932038 3030700 
0.0015 15886.020315 3295100 
0.0015 16316.610351 2793000 
0.0015 17589.772447 3114300 
0.0015 17038.391983 3302700 
0.0015 16560.779995 2862700 
0.0015 16253.459307 2935000 
0.0015 15928.498365 3319900 
0.0015 16663.964330 3450800 
0.0015 16450.436759 3207900 
0.0015 15632.323180 3594200 
0.0015 16969.123126 3148300 
0.0015 17693.760557 3070500 
0.0015 16034.668842 3033700 
0.0015 15771.179774 3404500 
0.0015 16160.755244 2973000 
0.0015 17092.143607 3104100 
0.0015 16023.962677 3084200 
0.0015 16270.543790 3165600 
0.0015 16147.734460 3058600 
0.0015 16572.523805 2850300 
0.0015 16357.261552 3399400 
0.0015 17383.004411 3029300 
0.0015 16881.455397 2953400 
0.0015 16772.985403 2975100 
0.0015 16014.014614 3089800 
0.0015 16374.005800 3016400 
0.0015 17150.493704 3291900 
0.0015 16703.135097 3075800 
0.0015 16084.290153 2895200 
0.0015 16619.666534 2799700 
0.0015 16775.908423 3327000 
0.0015 16508.681793 3271700 
0.0015 15762.135818 3162100 
0.0015 16505.595028 2934200 
0.0015 15588.267853 3309200 
0.0015 16803.696751 3096100 
0.0015 17452.131083 3265000 
0.0015 16060.486839 2919900 
0.0015 17141.803307 2952100 
0.0015 15981.848523 3234000 
0.0015 17713.414653 2825700 
0.0015 17382.705669 3184700 
0.0015 16554.387928 3268900 
0.0015 17089.565823 2920900 
0.0015 15994.889210 3152900 
0.0015 17926.866177 3144700 
0.0015 16626.895390 2981800 
0.0015 15742.367499 3103000 
0.0015 16330.660749 3068100 
0.0015 15563.645467 3206700 
0.0015 15825.107547 2909900 
0.0015 18017.730310 3436500 
0.0015 16431.221504 2886000 
0.0015 16409.140153 3126700 
0.0015 15756.170617 2978800 
0.0015 17504.266985 3210300 
0.0015 17498.481065 2970600 
0.002 15614.659454 2347100 
0.002 16768.753296 2280000 
0.002 16097.574765 2273600 
0.002 17002.505558 2234500 
0.002 16687.648951 2254700 
0.002 17044.813957 2406000 
0.002 15703.439144 2212800 
0.002 17555.643840 2846100 
0.002 17738.821138 2258100 
0.002 17830.626477 2564000 
0.002 17929.595623 2721800 
0.002 16991.393969 2426200 
0.002 17787.799583 2407500 
0.002 18473.902492 2367500 
0.002 16361.955513 2379700 
0.002 17014.226108 2423100 
0.002 17333.324338 2371700 
0.002 16687.853914 2501600 
0.002 17400.933524 2283800 
0.002 16936.059327 2238100 
0.002 17711.494072 2288200 
0.002 17584.280619 2251500 
0.002 16813.115198 2388900 
0.002 17314.577745 2346100 
0.002 16258.865627 2340800 
0.002 18034.291269 2546000 
0.002 16933.786221 2529300 
0.002 15844.991441 2388700 
0.002 17050.398366 2386700 
0.002 16737.563082 2476300 
0.002 16212.922084 2291100 
0.002 16165.617172 2285800 
0.002 16267.099368 2546700 
0.002 16876.288146 2418900 
0.002 16940.452833 2202100 
0.002 16437.974529 2445800 
0.002 18414.596914 2141900 
0.002 17609.196077 2345700 
0.002 17843.691862 2329900 
0.002 17016.900956 2336400 
0.002 16725.683111 2391900 
0.002 15916.440865 2427200 
0.002 17209.314810 2094800 
0.002 16643.252930 2225600 
0.002 15957.963789 2575700 
0.002 16063.400358 2347000 
0.002 18720.394506 2256000 
0.002 16293.175341 2357600 
0.002 18053.381427 2379900 
0.002 15735.191326 2345300 
0.002 18113.082668 2356500 
0.002 16384.950253 2309900 
0.002 16366.098348 2295300 
0.002 16594.537845 2380200 
0.002 16770.222127 2325300 
0.002 16861.593865 2396500 
0.002 16866.129786 2264500 
0.002 16720.313452 2475900 
0.002 17682.920709 2343300 
0.002 16735.822725 2351600 
0.002 16824.524288 2444100 
0.002 15961.974750 2452200 
0.002 17864.060446 2304300 
0.002 16113.603413 2322000 
0.002 16451.891317 2232500 
0.002 17957.527399 2514100 
0.002 16619.494300 2272800 
0.002 16196.244684 2472600 
0.002 17606.896696 2339300 
0.002 17013.072560 2451200 
0.002 17256.530729 2313900 
0.002 16410.064871 2289300 
0.002 17594.314223 2312400 
0.002 16721.981863 2160400 
0.002 16682.639558 2635600 
0.002 17950.399509 2494800 
0.002 17100.791516 2173000 
0.002 17289.131389 2226400 
0.002 16680.552220 2490700 
0.002 15570.131316 2425800 
0.002 16821.795598 2289600 
0.002 16115.553093 2336300 
0.002 15378.794668 2296600 
0.002 17038.376648 2383600 
0.002 16895.478914 2231500 
0.002 17030.780155 2408800 
0.002 17672.608357 2380100 
0.002 16925.883451 2380100 
0.002 16016.137789 2237800 
0.002 16997.305315 2276700 
0.002 17432.241284 2376200 
0.002 17956.278320 2208500 
0.002 16460.147396 2371600 
0.002 16769.089836 2161300 
0.002 16664.043255 2214900 
0.002 15659.942720 2329400 
0.002 15440.775555 2359600 
0.002 16864.283865 2297000 
0.002 16007.904572 2498200 
0.002 16207.325905 2316700 
0.0025 15598.447449 2222200 
0.0025 17960.892314 1768400 
0.0025 17220.233966 1897800 
0.0025 17122.742681 2364700 
0.0025 15457.055134 1958100 
0.0025 17834.702980 1966900 
0.0025 17528.988029 1714300 
0.0025 17339.706998 1926400 
0.0025 17442.809975 1772500 
0.0025 15581.857102 1965800 
0.0025 17240.711351 2045300 
0.0025 17148.162131 1795900 
0.0025 18197.495786 1850200 
0.0025 17730.781701 2119600 
0.0025 16864.529626 1914000 
0.0025 17569.518437 2058700 
0.0025 18057.301530 1875500 
0.0025 17252.362280 2063900 
0.0025 17544.890942 1807800 
0.0025 16039.776303 1728000 
0.0025 17176.843840 1984200 
0.0025 16241.781831 1730500 
0.0025 18091.077039 1810600 
0.0025 17758.542251 1849300 
0.0025 16679.391550 1809600 
0.0025 17908.800908 2081100 
0.0025 17399.939031 1849800 
0.0025 17666.415457 2071400 
0.0025 16736.402593 1830100 
0.0025 17512.581619 1978600 
0.0025 16738.464379 1998800 
0.0025 17077.916768 1972700 
0.0025 15100.769558 1921300 
0.0025 16488.348405 2090100 
0.0025 15697.253668 1871200 
0.0025 17360.803383 2153100 
0.0025 17307.499067 1981900 
0.0025 16407.137483 2010300 
0.0025 16702.972042 1982300 
0.0025 16619.411848 1880200 
0.0025 17500.129585 1858800 
0.0025 16900.486846 2079700 
0.0025 17855.790061 1847100 
0.0025 15550.815418 1894900 
0.0025 19464.989910 1852400 
0.0025 16108.458277 1921100 
0.0025 17690.856264 1909500 
0.0025 17652.606920 1990800 
0.0025 17941.555581 1865400 
0.0025 16533.081061 1954400 
0.0025 16282.331565 1942000 
0.0025 16353.809613 1976300 
0.0025 17286.211841 2007100 
0.0025 17684.274022 2092000 
0.0025 16903.536688 1898500 
0.0025 17038.434729 2039400 
0.0025 16061.776815 1970200 
0.0025 17149.791398 1962100 
0.0025 17202.433296 1870800 
0.0025 17616.151633 1871000 
0.0025 17544.022632 1917300 
0.0025 20005.451213 2279400 
0.0025 16318.465662 2007900 
0.0025 17237.490798 2065200 
0.0025 17009.421471 1972300 
0.0025 16843.347705 1806400 
0.0025 18799.141297 1926900 
0.0025 16814.858668 1909500 
0.0025 16700.113210 1925800 
0.0025 16614.142960 2013600 
0.0025 19202.670767 1976400 
0.0025 16729.608739 1962400 
0.0025 18434.443333 1906800 
0.0025 18221.988146 1981500 
0.0025 16426.448317 1923800 
0.0025 15484.455767 1770800 
0.0025 16702.661894 1817400 
0.0025 17273.892048 1943200 
0.0025 17212.272688 2014700 
0.0025 17833.392837 1947100 
0.0025 16356.142120 1799000 
0.0025 16479.803611 2082300 
0.0025 15587.423952 1891200 
0.0025 17651.499320 1955000 
0.0025 17866.908369 1857200 
0.0025 16573.426630 1827100 
0.0025 17279.987969 1886800 
0.0025 18289.997175 2131800 
0.0025 17994.986727 1788200 
0.0025 16605.191741 1894700 
0.0025 18280.629643 1803900 
0.0025 17712.384573 2048100 
0.0025 16193.684817 1809500 
0.0025 16473.269234 2058100 
0.0025 17115.955888 1859200 
0.0025 16673.396094 1933700 
0.0025 17719.415232 2206800 
0.0025 17393.410710 1837500 
0.0025 16660.975063 1693400 
0.0025 16226.247054 1909500 
0.003 17400.852957 1694400 
0.003 17242.310230 1616700 
0.003 17977.779280 1744900 
0.003 18087.221815 1635400 
0.003 18633.830989 1950300 
0.003 17397.399898 1939300 
0.003 17552.915091 1671900 
0.003 17604.330466 1629900 
0.003 17745.394034 1806400 
0.003 17299.878660 1711200 
0.003 17670.146638 1849600 
0.003 17253.865096 1551100 
0.003 16684.098511 1660000 
0.003 18546.603204 1540200 
0.003 17191.798556 1623300 
0.003 15865.914499 1653100 
0.003 16563.367823 1652300 
0.003 16734.070141 1538300 
0.003 16256.599676 1642100 
0.003 17450.643115 1597000 
0.003 17402.903461 1584400 
0.003 17397.431442 1622300 
0.003 16864.423430 1593200 
0.003 17120.413535 1603700 
0.003 16905.343070 1649300 
0.003 17330.968032 1617400 
0.003 17865.428204 1614400 
0.003 16452.064894 1633100 
0.003 18055.975595 1516500 
0.003 16764.962867 1745500 
0.003 17725.217210 1576700 
0.003 17336.712440 1648700 
0.003 16543.171014 1672600 
0.003 17174.432404 1659300 
0.003 16304.364928 1640900 
0.003 17043.169302 1694300 
0.003 15932.038459 1672800 
0.003 16979.801765 1408500 
0.003 17770.795192 1563100 
0.003 18310.776400 1593200 
0.003 17647.568043 1689700 
0.003 16634.080655 1522100 
0.003 17455.926829 1819900 
0.003 17325.486161 1793100 
0.003 17413.137462 1691300 
0.003 18092.199548 1698800 
0.003 17352.048905 1601900 
0.003 19453.844419 1738200 
0.003 16759.925702 1718300 
0.003 17908.391133 1789000 
0.003 17244.974934 1573200 
0.003 16206.079781 1572500 
0.003 17435.538416 1565100 
0.003 16484.837930 1572300 
0.003 17102.552976 1663900 
0.003 20696.884080 2062900 
0.003 18019.396517 1812100 
0.003 17077.410847 1630700 
0.003 16870.644866 1585800 
0.003 16412.755490 1425900 
0.003 18207.114042 1642900 
0.003 17285.354620 1698000 
0.003 15694.798027 1599500 
0.003 16972.927277 1684100 
0.003 17600.382394 1572200 
0.003 16827.694329 1680900 
0.003 17395.041440 1802800 
0.003 17590.529308 1645200 
0.003 17138.815066 1602300 
0.003 18688.221614 1620400 
0.003 17844.950513 1767200 
0.003 17742.713387 1589000 
0.003 16947.098607 1733100 
0.003 17451.834080 1633900 
0.003 17549.246120 1633400 
0.003 18669.003451 1903600 
0.003 16188.468768 1817100 
0.003 17285.597060 1698300 
0.003 17537.484255 1650600 
0.003 17312.822344 1756500 
0.003 16654.147813 1657200 
0.003 17075.671703 1545600 
0.003 17068.208145 1653400 
0.003 17103.024576 1621600 
0.003 18163.930951 1675000 
0.003 17487.771586 1759300 
0.003 16481.322246 1945700 
0.003 16540.963627 1568000 
0.003 16090.938219 1565300 
0.003 18733.806693 1911300 
0.003 17589.064070 1644700 
0.003 17813.266398 1636500 
0.003 17655.784079 1774500 
0.003 17380.972352 1689000 
0.003 16591.735014 1793800 
0.003 17259.478011 1698600 
0.003 17089.391054 1499300 
0.003 16062.454173 1646300 
0.003 17018.837672 1680700 
0.003 16281.650273 1556600 
0.0035 17536.292898 1514600 
0.0035 17401.249696 1519500 
0.0035 18129.762831 1396800 
0.0035 16406.607613 1426800 
0.0035 17652.651752 1406900 
0.0035 16814.174577 1571800 
0.0035 17950.449359 1566500 
0.0035 17505.687251 1706900 
0.0035 16961.232956 1368500 
0.0035 16335.992347 1425300 
0.0035 17863.325196 1409700 
0.0035 18102.516735 1391000 
0.0035 17604.802188 1305500 
0.0035 19297.173375 1448200 
0.0035 17766.193836 1625800 
0.0035 16440.113425 1466700 
0.0035 16806.695710 1440200 
0.0035 16464.363430 1462100 
0.0035 18564.346861 1486400 
0.0035 16259.230334 1472100 
0.0035 17960.411333 1471600 
0.0035 17882.384644 1543400 
0.0035 18088.612645 1504200 
0.0035 20415.195336 1534900 
0.0035 17499.961111 1392700 
0.0035 16773.092785 1486600 
0.0035 17239.148546 1509600 
0.0035 18497.113740 1397500 
0.0035 18311.733224 1495600 
0.0035 17870.349941 1380000 
0.0035 15694.313456 1479700 
0.0035 17172.565261 1452800 
0.0035 16866.818663 1474200 
0.0035 17703.676115 1512100 
0.0035 20007.777604 1586400 
0.0035 16777.610531 1430600 
0.0035 17423.108091 1447700 
0.0035 18010.747394 1519200 
0.0035 17008.991594 1355300 
0.0035 16512.884347 1633600 
0.0035 19109.644867 1504700 
0.0035 17458.228940 1506800 
0.0035 17284.721802 1441000 
0.0035 18039.198022 1693500 
0.0035 17774.364524 1418600 
0.0035 16940.319414 1375500 
0.0035 17081.313572 1404600 
0.0035 16674.192594 1494600 
0.0035 17606.751988 1387600 
0.0035 17030.993704 1507900 
0.0035 17182.916570 1536900 
0.0035 18536.304149 1442100 
0.0035 17142.123612 1498600 
0.0035 17399.596505 1432400 
0.0035 16756.394833 1406400 
0.0035 18237.713041 1427200 
0.0035 17681.830789 1406300 
0.0035 17201.245779 1442800 
0.0035 17696.709726 1386900 
0.0035 18545.303276 1294500 
0.0035 18000.070706 1534700 
0.0035 18373.162506 1401800 
0.0035 16763.032723 1426300 
0.0035 17971.754790 1505200 
0.0035 18376.250237 1535100 
0.0035 17495.906193 1387000 
0.0035 17979.080898 1503000 
0.0035 16667.192192 1467700 
0.0035 16517.398068 1472400 
0.0035 16308.733639 1382100 
0.0035 17887.615245 1546700 
0.0035 16950.734672 1425200 
0.0035 16649.633769 1488400 
0.0035 17567.093333 1379800 
0.0035 17421.755839 1336600 
0.0035 19097.097226 1447000 
0.0035 16710.412740 1429100 
0.0035 17343.801662 1438700 
0.0035 18533.024869 1429500 
0.0035 18345.327948 1476500 
0.0035 17145.255099 1301400 
0.0035 16208.271000 1636100 
0.0035 16998.636087 1462400 
0.0035 16825.696533 1454000 
0.0035 15074.648712 1376600 
0.0035 17338.979232 1412000 
0.0035 16809.388400 1437600 
0.0035 18233.467866 1461400 
0.0035 17400.444962 1484400 
0.0035 17198.785978 1652800 
0.0035 17174.000225 1424300 
0.0035 16772.164046 1444300 
0.0035 17691.487911 1480500 
0.0035 17904.330624 1385200 
0.0035 17824.558272 1442700 
0.0035 16714.044394 1424400 
0.0035 18112.685925 1609700 
0.0035 16346.889797 1367800 
0.0035 17708.927087 1390800 
0.0035 18575.440544 1545500 
0.004 19493.416253 1434100 
0.004 17596.593591 1315500 
0.004 19259.075565 1246100 
0.004 16984.020258 1316200 
0.004 17092.144707 1286500 
0.004 17517.087618 1204800 
0.004 18674.045107 1264400 
0.004 17305.800710 1399900 
0.004 17488.771748 1259400 
0.004 17419.278006 1342800 
0.004 16120.195821 1357300 
0.004 16989.964055 1405400 
0.004 16494.171604 1230300 
0.004 17139.481443 1340600 
0.004 17741.855132 1235500 
0.004 17626.878242 1281300 
0.004 17153.820150 1260400 
0.004 17772.241972 1201700 
0.004 19504.113360 1401000 
0.004 17717.052862 1358700 
0.004 16490.854817 1335600 
0.004 17089.791952 1236500 
0.004 17719.894618 1311000 
0.004 16367.732251 1252000 
0.004 16138.227960 1198800 
0.004 17197.287988 1295400 
0.004 17771.797542 1277100 
0.004 19497.749958 1270000 
0.004 18092.372166 1367100 
0.004 16330.984729 1306900 
0.004 16404.106341 1345300 
0.004 18149.322877 1222100 
0.004 16650.221990 1611300 
0.004 17850.417183 1259600 
0.004 18975.396832 1430900 
0.004 18745.006206 1306900 
0.004 18192.221123 1412800 
0.004 18399.063691 1330700 
0.004 18348.268848 1356600 
0.004 17635.327709 1300400 
0.004 18901.948238 1383500 
0.004 17967.093023 1435700 
0.004 17508.822001 1232200 
0.004 19065.152871 1352900 
0.004 16761.638645 1253900 
0.004 17552.419343 1261500 
0.004 17568.987923 1274000 
0.004 18038.679371 1232100 
0.004 17512.241778 1264300 
0.004 18441.879405 1358600 
0.004 17998.685339 1296600 
0.004 17159.656760 1301000 
0.004 16508.849575 1318100 
0.004 17695.661741 1349700 
0.004 18182.693909 1239700 
0.004 16124.140516 1322100 
0.004 16553.466018 1219800 
0.004 16783.387681 1342900 
0.004 18165.187228 1427800 
0.004 16314.574399 1414700 
0.004 18222.480594 1420200 
0.004 16659.703429 1430800 
0.004 16807.738130 1405200 
0.004 17627.225559 1296000 
0.004 17199.519828 1257300 
0.004 18973.182127 1348900 
0.004 17431.359944 1234000 
0.004 17432.153218 1222700 
0.004 17557.395856 1378200 
0.004 16414.791045 1235100 
0.004 17554.149498 1429200 
0.004 16926.899282 1284400 
0.004 18072.673776 1498200 
0.004 18643.006010 1165700 
0.004 16886.394563 1225200 
0.004 18144.462196 1363400 
0.004 18622.869048 1267600 
0.004 17767.886229 1293400 
0.004 17744.241841 1262800 
0.004 17843.298843 1301100 
0.004 17645.107389 1237200 
0.004 17283.849649 1366200 
0.004 17040.640854 1430200 
0.004 19234.863396 1272700 
0.004 18441.837897 1241100 
0.004 17898.398185 1275900 
0.004 15746.700219 1467600 
0.004 18572.649956 1367900 
0.004 17616.959936 1384500 
0.004 16014.588802 1172200 
0.004 18584.297551 1220100 
0.004 17458.728946 1241200 
0.004 19026.638640 1384400 
0.004 18481.757571 1334200 
0.004 18244.318726 1218300 
0.004 17095.438857 1325000 
0.004 15757.236184 1457200 
0.004 17803.364453 1415300 
0.004 15667.409964 1256300 
0.004 17955.199709 1259200 
0.0045 19028.906434 1215000 
0.0045 18790.242407 1065600 
0.0045 18314.720186 1261000 
0.0045 16435.050374 1172500 
0.0045 17209.504190 1247500 
0.0045 18791.618214 1206300 
0.0045 16919.391156 1217000 
0.0045 16108.359962 1204400 
0.0045 18752.850744 1197300 
0.0045 17851.070605 1247100 
0.0045 18206.275445 1142800 
0.0045 17723.890774 1211600 
0.0045 18462.647829 1239100 
0.0045 18384.892882 1266500 
0.0045 18455.815193 1133400 
0.0045 17454.126230 1198900 
0.0045 17072.087117 1351000 
0.0045 18832.722246 1213600 
0.0045 19691.036058 1190000 
0.0045 19346.797884 1204300 
0.0045 16444.021428 1135500 
0.0045 18380.494232 1190400 
0.0045 16087.161913 1120800 
0.0045 17456.363997 1263000 
0.0045 19179.502479 1175200 
0.0045 17655.626810 1163100 
0.0045 18143.274974 1232300 
0.0045 17675.155410 1171600 
0.0045 17274.037960 1106500 
0.0045 17149.460901 1206400 
0.0045 16696.342568 1289000 
0.0045 17459.749015 1171400 
0.0045 19644.620240 1148700 
0.0045 17559.818822 1259400 
0.0045 17757.273167 1343300 
0.0045 17387.443637 1172100 
0.0045 18197.161339 1268700 
0.0045 16782.255764 1163600 
0.0045 16893.741367 1219700 
0.0045 17472.784834 1403600 
0.0045 18025.119318 1236700 
0.0045 17239.516258 1139000 
0.0045 18393.077392 1142000 
0.0045 20218.320493 1151100 
0.0045 17917.218514 1231400 
0.0045 18384.663877 1139200 
0.0045 16758.987883 1183000 
0.0045 18926.156306 1165700 
0.0045 19516.160372 1175900 
0.0045 17949.538335 1173200 
0.0045 16287.912719 1197800 
0.0045 16737.351191 1328700 
0.0045 17154.962824 1259700 
0.0045 18001.755769 1171400 
0.0045 17436.008221 1142600 
0.0045 17583.791231 1170600 
0.0045 18089.184486 1137300 
0.0045 17486.129593 1187600 
0.0045 17710.961430 1182600 
0.0045 18109.750197 1156100 
0.0045 17755.046520 1111900 
0.0045 16863.826511 1140300 
0.0045 15952.015753 1197400 
0.0045 15744.196499 1205700 
0.0045 20501.930042 1317300 
0.0045 17831.134057 1283300 
0.0045 17151.454863 1453500 
0.0045 18823.534760 1245100 
0.0045 17206.702325 1188900 
0.0045 17531.972094 1152400 
0.0045 17069.215006 1185400 
0.0045 16970.596110 1222100 
0.0045 16702.705806 1135900 
0.0045 16545.090407 1152800 
0.0045 17688.359420 1183400 
0.0045 20881.312148 1356000 
0.0045 17468.593276 1124000 
0.0045 16726.389697 1122600 
0.0045 17544.663806 1247200 
0.0045 18009.127017 1195200 
0.0045 20684.579928 1408000 
0.0045 19964.029749 1488000 
0.0045 16838.161102 1226100 
0.0045 17031.587051 1154200 
0.0045 17397.481806 1180800 
0.0045 18386.869813 1256900 
0.0045 18250.713131 1188100 
0.0045 16355.946179 1171900 
0.0045 18681.697016 1166900 
0.0045 17408.291197 1167700 
0.0045 16812.699189 1133100 
0.0045 17532.402742 1243100 
0.0045 16839.620275 1199200 
0.0045 19730.400894 1178200 
0.0045 16616.213820 1104900 
0.0045 17206.479814 1184300 
0.0045 17148.048991 1136300 
0.0045 16965.871946 1136300 
0.0045 19313.374333 1348300 
0.0045 18473.067033 1183100 
0.005 19060.685980 1045000 
0.005 17839.196740 1212600 
0.005 19167.637934 1182200 
0.005 19428.002898 1046400 
0.005 17932.647044 1016000 
0.005 17616.136983 1015700 
0.005 18768.605023 1005400 
0.005 17002.968934 1270600 
0.005 17261.369979 1094000 
0.005 17237.342193 1253600 
0.005 20191.508136 1100500 
0.005 19120.265234 1182800 
0.005 17930.270122 1129800 
0.005 19039.561069 1071800 
0.005 18435.991039 1124000 
0.005 19532.187950 1151900 
0.005 16643.588105 1054300 
0.005 19063.747781 1071300 
0.005 17467.580384 978400 
0.005 17136.545596 1179800 
0.005 17916.719420 1145800 
0.005 17767.017158 1137300 
0.005 18219.923430 966900 
0.005 18172.550591 1095700 
0.005 18125.448263 1037300 
0.005 19230.974826 999600 
0.005 17362.331679 1017800 
0.005 19168.823766 1152100 
0.005 17290.008501 1087900 
0.005 16402.651301 1023200 
0.005 17665.389429 1188100 
0.005 17283.686823 1144300 
0.005 16439.313050 1026000 
0.005 17280.397008 1123500 
0.005 19249.853193 1042100 
0.005 18284.917734 1130000 
0.005 18036.623079 1019600 
0.005 17445.437653 1109400 
0.005 17403.872560 1099600 
0.005 18053.480616 994400 
0.005 17978.885053 1090100 
0.005 17896.025067 1051400 
0.005 18758.034041 1076100 
0.005 18626.279228 1216300 
0.005 19908.217920 1050600 
0.005 17111.609511 1081100 
0.005 16799.428078 974200 
0.005 17874.612499 1040900 
0.005 16472.173524 1068300 
0.005 18211.471669 1100000 
0.005 21511.961546 1206100 
0.005 16278.533823 1056500 
0.005 16430.679895 1165100 
0.005 19011.965695 1104400 
0.005 15972.369617 1037000 
0.005 17345.334600 1099500 
0.005 19489.327563 1017900 
0.005 18053.421415 1062100 
0.005 19225.901422 1069200 
0.005 18091.493628 1108200 
0.005 17828.157880 1108200 
0.005 17589.301047 1086700 
0.005 16861.712133 1040700 
0.005 18363.985257 1097000 
0.005 17643.207814 1116400 
0.005 18359.784935 1031300 
0.005 18261.870569 1106200 
0.005 17309.423243 1194500 
0.005 18847.791445 1149600 
0.005 20338.607337 1067400 
0.005 17706.953161 1006900 
0.005 18822.903920 1095600 
0.005 16691.789095 1107800 
0.005 17941.618131 1170000 
0.005 19776.700285 1177600 
0.005 19060.896040 1145300 
0.005 17963.516834 1120300 
0.005 18364.343329 1182600 
0.005 17955.300196 1141900 
0.005 17777.596866 1091500 
0.005 17795.888833 1138400 
0.005 16624.700938 1111100 
0.005 17249.256091 1143600 
0.005 17423.504425 1069200 
0.005 18879.546526 1032300 
0.005 17705.247777 1043900 
0.005 18360.512918 1173900 
0.005 17754.953274 1017800 
0.005 17582.315586 1133300 
0.005 17276.675161 1072200 
0.005 19322.527845 1107400 
0.005 17782.585391 1060500 
0.005 16975.291104 1057400 
0.005 16919.313856 1064200 
0.005 17944.399040 1179200 
0.005 18652.973229 1112800 
0.005 18764.958170 1236800 
0.005 18033.550173 1143600 
0.005 18573.991830 1079500 
0.005 17983.421521 1046900 
0.0055 17526.605461 927500 
0.0055 20413.299991 979000 
0.0055 15745.452994 1106800 
0.0055 16034.902824 995800 
0.0055 16626.637451 1020500 
0.0055 19003.510644 990600 
0.0055 16284.733891 991500 
0.0055 19513.716908 979500 
0.0055 16857.491040 1010900 
0.0055 17807.594730 994400 
0.0055 18762.592542 1024500 
0.0055 18484.028779 1026700 
0.0055 18125.628806 941500 
0.0055 17253.720772 1018700 
0.0055 18812.921532 952800 
0.0055 16746.206835 1031800 
0.0055 17833.236011 1289900 
0.0055 18318.366190 1133600 
0.0055 20120.815432 1040900 
0.0055 17725.793375 946200 
0.0055 18147.472438 1072500 
0.0055 17977.450517 1004700 
0.0055 17941.500644 927500 
0.0055 18383.390054 978300 
0.0055 17048.223612 1089800 
0.0055 18031.390024 1168300 
0.0055 17055.104818 1008500 
0.0055 16813.716912 1120300 
0.0055 17474.882996 1019300 
0.0055 17853.508938 973800 
0.0055 16432.584396 1017400 
0.0055 19141.149719 979300 
0.0055 18378.317184 1127800 
0.0055 18898.987426 991100 
0.0055 17025.518986 1054600 
0.0055 17139.355525 1039300 
0.0055 17730.821512 943700 
0.0055 17627.119562 1009900 
0.0055 17347.375903 1061800 
0.0055 18318.779440 1007200 
0.0055 18836.238043 956400 
0.0055 16876.105554 918000 
0.0055 17135.784020 990900 
0.0055 18464.819648 1026700 
0.0055 18394.017732 1000000 
0.0055 17404.589519 996300 
0.0055 20408.844119 1035000 
0.0055 18610.424093 995300 
0.0055 16345.454845 1098700 
0.0055 16494.148755 980200 
0.0055 18568.908354 1110300 
0.0055 17928.359790 995900 
0.0055 19046.032865 1028500 
0.0055 18110.612647 1176300 
0.0055 16403.661384 975800 
0.0055 18232.840303 938500 
0.0055 17471.057046 998500 
0.0055 17901.950238 964300 
0.0055 18629.281612 957100 
0.0055 19739.311014 1183600 
0.0055 15928.242585 970600 
0.0055 19737.709338 1071100 
0.0055 18417.550792 978000 
0.0055 17044.380876 970000 
0.0055 18758.640700 1084500 
0.0055 16657.494425 1008300 
0.0055 17700.987637 1021100 
0.0055 17765.239832 1003000 
0.0055 17058.469390 1088700 
0.0055 17529.878732 961500 
0.0055 18883.845127 955900 
0.0055 16381.515340 984200 
0.0055 18473.043864 1070600 
0.0055 18556.163887 993200 
0.0055 18458.101927 1058700 
0.0055 17539.904850 1081300 
0.0055 19689.728330 1006200 
0.0055 17177.811654 946000 
0.0055 17265.083524 947500 
0.0055 17496.689004 1047500 
0.0055 18272.341202 1068400 
0.0055 17949.195447 946700 
0.0055 18367.786699 974800 
0.0055 17641.104343 965000 
0.0055 18772.781954 943200 
0.0055 18348.323286 1059300 
0.0055 19490.407583 1113300 
0.0055 18571.243876 1019500 
0.0055 17544.355830 1050500 
0.0055 17592.359417 1185900 
0.0055 18709.447926 1007400 
0.0055 18880.285370 1050200 
0.0055 18718.860305 997800 
0.0055 17317.489707 1024500 
0.0055 17303.684060 947100 
0.0055 18905.218025 1122800 
0.0055 17731.141195 1012600 
0.0055 17883.794582 1018300 
0.0055 17792.626394 1015800 
0.0055 18171.451531 1012500 
0.006 17466.876602 862600 
0.006 18893.017655 965900 
0.006 17787.369938 970600 
0.006 18153.607453 941800 
0.006 17932.069131 1045200 
0.006 18798.002327 1183800 
0.006 18206.122977 1099700 
0.006 18007.352910 990800 
0.006 17948.113179 958000 
0.006 17264.966054 926500 
0.006 16633.884195 895900 
0.006 17273.045945 886600 
0.006 18443.739159 953200 
0.006 18070.285350 858400 
0.006 17611.738288 1000200 
0.006 17929.550743 893900 
0.006 18585.880224 1009800 
0.006 18480.138959 939400 
0.006 16951.991844 1036800 
0.006 17310.044097 1021200 
0.006 19766.107304 942500 
0.006 19255.631617 944900 
0.006 17216.641141 937500 
0.006 17168.243143 999600 
0.006 17019.985111 1120400 
0.006 18481.959919 916200 
0.006 20275.567204 962400 
0.006 19516.194075 845000 
0.006 16019.608637 903000 
0.006 16560.505346 901300 
0.006 17056.341072 947500 
0.006 16128.515832 835100 
0.006 18269.736844 986600 
0.006 21663.628080 1002700 
0.006 19048.851289 1008700 
0.006 20056.254573 922700 
0.006 17699.594821 956600 
0.006 18576.654318 917500 
0.006 17537.788230 935900 
0.006 18439.178665 991200 
0.006 18402.085568 1045300 
0.006 17683.515119 978000 
0.006 17382.332355 973500 
0.006 17895.418351 958200 
0.006 18808.582553 917800 
0.006 17421.003656 934500 
0.006 18083.292971 926000 
0.006 16227.611484 936600 
0.006 19951.325325 993400 
0.006 17236.223454 958800 
0.006 17882.120034 1074700 
0.006 16714.128168 932700 
0.006 18156.009120 909600 
0.006 20010.121142 908800 
0.006 17680.771892 983500 
0.006 17788.829033 994800 
0.006 18668.542901 948700 
0.006 18780.020621 883800 
0.006 17570.860569 904700 
0.006 16415.463273 835200 
0.006 16781.416283 993700 
0.006 17908.325470 1027400 
0.006 17382.008929 988000 
0.006 18105.770409 1070800 
0.006 17156.079721 939800 
0.006 19978.156283 893000 
0.006 21149.371961 926800 
0.006 16063.070955 900200 
0.006 18203.325050 915900 
0.006 18277.343942 856200 
0.006 17246.222692 937400 
0.006 22161.713755 951600 
0.006 18041.708929 965500 
0.006 19526.737431 949700 
0.006 18213.769571 893600 
0.006 18825.135278 984100 
0.006 19568.430099 843300 
0.006 17212.286359 900700 
0.006 17533.827823 1036000 
0.006 18631.225769 924700 
0.006 16948.629318 925600 
0.006 20091.828037 895100 
0.006 17895.862212 918900 
0.006 16921.132185 873700 
0.006 17881.375121 914900 
0.006 17172.431558 903300 
0.006 18982.730688 926100 
0.006 17471.800748 924200 
0.006 17368.547057 933500 
0.006 17528.838405 994100 
0.006 18154.885602 1060900 
0.006 15638.196153 852900 
0.006 17790.152509 982700 
0.006 17831.314419 926400 
0.006 17257.608997 1031400 
0.006 17637.355132 940400 
0.006 18753.735212 1097100 
0.006 18216.068213 934100 
0.006 16979.549534 1074900 
0.006 17952.850781 919700 
0.0065 16836.552471 806400 
0.0065 18347.154424 901300 
0.0065 17897.513279 830000 
0.0065 19274.586945 871100 
0.0065 19329.933830 848600 
0.0065 17543.908985 891300 
0.0065 17540.219623 854600 
0.0065 17455.087210 893100 
0.0065 17669.106988 857700 
0.0065 18812.668525 923200 
0.0065 15268.981523 841100 
0.0065 17628.095644 855200 
0.0065 19855.087420 920500 
0.0065 17883.396225 838700 
0.0065 18523.545880 920000 
0.0065 20486.878219 893000 
0.0065 16744.679939 940600 
0.0065 19500.753831 838300 
0.0065 18775.427116 938300 
0.0065 17824.948317 923200 
0.0065 20423.222588 922400 
0.0065 17851.938599 873100 
0.0065 19655.549942 867400 
0.0065 18191.046992 902900 
0.0065 16238.987232 912400 
0.0065 17696.305874 943000 
0.0065 19348.928126 895400 
0.0065 18517.193527 845800 
0.0065 20469.507468 956200 
0.0065 17048.581298 771500 
0.0065 17585.618022 869900 
0.0065 18522.563287 951100 
0.0065 17176.059251 881600 
0.0065 18025.827762 965300 
0.0065 17637.375581 868800 
0.0065 18628.686803 870300 
0.0065 17119.112416 909400 
0.0065 17380.167430 905700 
0.0065 18092.128423 932900 
0.0065 18300.979435 873000 
0.0065 16989.255510 989100 
0.0065 18191.818480 832000 
0.0065 18813.235542 973900 
0.0065 18745.849821 910500 
0.0065 19643.062224 1003400 
0.0065 17588.265657 916300 
0.0065 17469.960859 889500 
0.0065 16669.471623 925700 
0.0065 18219.974549 973900 
0.0065 17001.364523 933000 
0.0065 18463.565817 950500 
0.0065 18939.190832 925900 
0.0065 16892.378361 830000 
0.0065 20239.827814 969400 
0.0065 17677.006401 913500 
0.0065 18531.905638 838500 
0.0065 17746.577968 817300 
0.0065 18615.559656 822500 
0.0065 19702.308463 935100 
0.0065 19064.138119 845200 
0.0065 16091.621465 869900 
0.0065 18958.712949 860200 
0.0065 17645.605399 874700 
0.0065 18701.260926 895500 
0.0065 19203.150557 869600 
0.0065 19220.169785 892100 
0.0065 18197.966298 914300 
0.0065 17175.572941 884800 
0.0065 19080.121473 906400 
0.0065 17387.444353 901300 
0.0065 17143.749028 846400 
0.0065 17621.713615 866900 
0.0065 19250.164766 832300 
0.0065 16741.473525 972300 
0.0065 18003.383465 876200 
0.0065 19141.243382 858800 
0.0065 18393.142016 957600 
0.0065 18525.420708 885800 
0.0065 18254.921504 866200 
0.0065 17761.018855 810000 
0.0065 19621.227581 878800 
0.0065 18499.988202 867700 
0.0065 19767.113202 879100 
0.0065 18285.018411 875400 
0.0065 18759.356990 890500 
0.0065 18553.887433 1031400 
0.0065 17631.051707 827100 
0.0065 19139.592078 895000 
0.0065 17588.960206 837000 
0.0065 20179.542993 897400 
0.0065 18084.226433 956000 
0.0065 17337.198421 945300 
0.0065 18426.069651 945600 
0.0065 17516.114450 930500 
0.0065 16442.481738 899600 
0.0065 18673.258843 964400 
0.0065 18436.571138 873800 
0.0065 20375.813276 892300 
0.0065 18410.679498 881100 
0.0065 18683.141801 882200 
0.007 19587.511438 840300 
0.007 17130.206627 850500 
0.007 18251.090268 844100 
0.007 18187.065406 844200 
0.007 18423.476237 879000 
0.007 18175.123261 836600 
0.007 18578.875035 869700 
0.007 18054.914048 835300 
0.007 17891.111660 804700 
0.007 17819.378337 833700 
0.007 17854.950552 832400 
0.007 18685.532849 824300 
0.007 17725.061357 898600 
0.007 19280.490985 870500 
0.007 18101.819540 852000 
0.007 17445.922316 812400 
0.007 17643.177618 815600 
0.007 18598.907443 877000 
0.007 19718.891585 835000 
0.007 19103.960520 879500 
0.007 18665.157609 729600 
0.007 17570.507423 866100 
0.007 18304.669526 818400 
0.007 18853.965217 821200 
0.007 18899.475364 882400 
0.007 18002.760473 919800 
0.007 20752.468507 873200 
0.007 19801.013423 798800 
0.007 19374.791325 877200 
0.007 17946.310130 912500 
0.007 16686.989885 893300 
0.007 17361.585595 821200 
0.007 19791.775224 860500 
0.007 17180.048987 811500 
0.007 17445.296176 844300 
0.007 18109.768495 884600 
0.007 20634.997512 858200 
0.007 18947.780598 800600 
0.007 18260.556757 817700 
0.007 17559.957138 839700 
0.007 19349.211053 921000 
0.007 17131.977641 803300 
0.007 18572.513775 923000 
0.007 19790.353301 802900 
0.007 18898.924863 817800 
0.007 16956.197473 822500 
0.007 17976.507074 892100 
0.007 17977.753167 901700 
0.007 19725.099689 860600 
0.007 18401.374688 871400 
0.007 17740.664632 854100 
0.007 17160.061582 825300 
0.007 18790.792307 829200 
0.007 19239.964989 808800 
0.007 19807.877363 894800 
0.007 18820.876147 795500 
0.007 18473.750431 916400 
0.007 19975.038465 817800 
0.007 19154.638265 837100 
0.007 22615.911496 935700 
0.007 18680.056340 875800 
0.007 19522.378713 995200 
0.007 20099.296593 924900 
0.007 18123.625720 829600 
0.007 18210.416034 866200 
0.007 16922.781010 820300 
0.007 17727.240479 907700 
0.007 16646.044475 753100 
0.007 17474.008897 857300 
0.007 17349.004027 750300 
0.007 17384.551892 814800 
0.007 19007.446647 878500 
0.007 18406.561135 844800 
0.007 19119.046609 885700 
0.007 17559.879587 828500 
0.007 17674.980657 910400 
0.007 18865.666204 899800 
0.007 17827.091797 900700 
0.007 18162.368252 883500 
0.007 20852.263382 898400 
0.007 17441.493925 874300 
0.007 18142.447908 881700 
0.007 16577.684218 850700 
0.007 17447.535006 802300 
0.007 18061.636875 830100 
0.007 19124.912607 869400 
0.007 17971.037940 820200 
0.007 18430.628821 818800 
0.007 18016.441238 769400 
0.007 19606.124058 870000 
0.007 17847.595896 862300 
0.007 17906.495581 824700 
0.007 19675.937778 834700 
0.007 18271.175889 790700 
0.007 17979.850950 810000 
0.007 18143.430547 810800 
0.007 18016.666097 786800 
0.007 17742.493514 808100 
0.007 17910.103199 879200 
0.007 19585.806416 852100 
0.0075 19186.405065 802000 
0.0075 17953.395902 779900 
0.0075 17562.431032 768900 
0.0075 16471.912744 769500 
0.0075 17358.105201 814500 
0.0075 19889.550165 798900 
0.0075 19186.377004 809400 
0.0075 19206.181817 791400 
0.0075 17332.914111 762200 
0.0075 18382.731613 766500 
0.0075 18838.838036 809700 
0.0075 18319.968284 826200 
0.0075 21566.092523 879900 
0.0075 17592.215078 747100 
0.0075 18691.567294 761600 
0.0075 17633.933065 802100 
0.0075 19801.085688 929200 
0.0075 17388.012413 820700 
0.0075 19525.253305 809600 
0.0075 18252.248795 788500 
0.0075 18314.265546 787400 
0.0075 17563.942337 762100 
0.0075 17085.585016 732000 
0.0075 19152.285277 810100 
0.0075 18657.783170 849100 
0.0075 16687.146768 714200 
0.0075 16739.611941 772200 
0.0075 18682.562432 793000 
0.0075 18919.462229 857500 
0.0075 18451.851428 813100 
0.0075 17427.057511 906300 
0.0075 17762.704048 794700 
0.0075 19599.365367 864500 
0.0075 19182.550987 794100 
0.0075 19029.729967 742700 
0.0075 17285.357964 829700 
0.0075 18403.841959 794100 
0.0075 18481.514082 832200 
0.0075 19334.336572 795900 
0.0075 18332.259520 976300 
0.0075 22256.158173 800400 
0.0075 17715.052142 825700 
0.0075 19903.578245 817700 
0.0075 18138.304924 763000 
0.0075 17218.139465 838000 
0.0075 19545.766302 816300 
0.0075 20238.773927 900200 
0.0075 19679.904910 789400 
0.0075 18273.751562 865100 
0.0075 18320.010843 776600 
0.0075 17669.619542 833600 
0.0075 17863.432254 785200 
0.0075 18166.458898 790700 
0.0075 20058.215722 757200 
0.0075 18133.370944 777400 
0.0075 18088.391120 785400 
0.0075 18984.639428 788200 
0.0075 18674.271982 890800 
0.0075 17353.569865 891300 
0.0075 20174.193592 893200 
0.0075 17127.364447 799400 
0.0075 18557.890877 777600 
0.0075 18250.854278 764400 
0.0075 16239.610864 746000 
0.0075 18703.136370 908300 
0.0075 19178.668494 814300 
0.0075 18105.811411 826100 
0.0075 18803.138003 764900 
0.0075 19347.775914 802900 
0.0075 18505.280945 772100 
0.0075 18088.352822 814000 
0.0075 19364.062858 821600 
0.0075 18651.705280 816500 
0.0075 18218.541107 795000 
0.0075 18315.693742 759200 
0.0075 15964.614830 711700 
0.0075 19386.113916 711900 
0.0075 18247.248285 781000 
0.0075 18126.728393 792000 
0.0075 18939.626970 847100 
0.0075 16262.996788 760400 
0.0075 17626.592383 771100 
0.0075 19823.928861 923000 
0.0075 17730.034651 872400 
0.0075 19111.327740 802800 
0.0075 18409.441865 919500 
0.0075 17487.756892 819700 
0.0075 17171.747012 837700 
0.0075 18254.540011 762900 
0.0075 18580.877591 791900 
0.0075 17857.603950 816500 
0.0075 18445.692683 915700 
0.0075 18966.059721 819400 
0.0075 17941.720428 809900 
0.0075 17017.637405 877600 
0.0075 20133.815888 839500 
0.0075 17151.744263 795300 
0.0075 17937.560311 867600 
0.0075 19112.435649 834900 
0.0075 17490.014012 784500 
0.008 18757.067538 737700 
0.008 19868.772067 740000 
0.008 16754.390827 707300 
0.008 18722.098462 690800 
0.008 19470.231619 752900 
0.008 17996.863204 757300 
0.008 17444.715401 819000 
0.008 17537.190354 721000 
0.008 20582.272976 853100 
0.008 17931.618803 752200 
0.008 18025.485790 732100 
0.008 17030.659411 845000 
0.008 16747.035755 747900 
0.008 18924.894154 802500 
0.008 19990.432730 782200 
0.008 18828.975068 719900 
0.008 18354.485975 725400 
0.008 17199.652232 703700 
0.008 19675.253358 804500 
0.008 19252.014494 714400 
0.008 18040.642614 790000 
0.008 16805.217383 774500 
0.008 18461.983217 726900 
0.008 18971.464007 778200 
0.008 17396.159232 782000 
0.008 18889.566520 838800 
0.008 20397.505963 770700 
0.008 19170.938118 754700 
0.008 17703.909471 744500 
0.008 19952.730160 759200 
0.008 17605.669806 701900 
0.008 18018.331407 818100 
0.008 18337.560845 783700 
0.008 19008.497845 782100 
0.008 18245.548125 700100 
0.008 17753.332705 743300 
0.008 18665.534377 745600 
0.008 16398.910717 760200 
0.008 19960.666218 823800 
0.008 16517.129592 742900 
0.008 18389.887507 755900 
0.008 18612.614226 752100 
0.008 17815.507635 726900 
0.008 21460.320390 788000 
0.008 20443.896566 765400 
0.008 16514.061895 697200 
0.008 17362.476236 761100 
0.008 18691.461406 824100 
0.008 16761.646054 775800 
0.008 20722.134940 809100 
0.008 18186.960200 740100 
0.008 18115.747680 680600 
0.008 17492.561541 750200 
0.008 16919.692273 772000 
0.008 18340.760318 772200 
0.008 20134.050586 723200 
0.008 18904.020528 776400 
0.008 17696.889325 783100 
0.008 18901.473763 806900 
0.008 17884.458582 746800 
0.008 17340.621239 749000 
0.008 19837.906147 833200 
0.008 16894.217302 706800 
0.008 19607.778308 722400 
0.008 19087.582915 826800 
0.008 19038.646747 765400 
0.008 19787.739321 754200 
0.008 17680.836841 821100 
0.008 19137.208725 785300 
0.008 20776.566227 803200 
0.008 19073.621211 819400 
0.008 18928.594995 682100 
0.008 18564.698229 773300 
0.008 17529.836713 790200 
0.008 18162.659890 849800 
0.008 19924.938535 805600 
0.008 17592.535038 781200 
0.008 18196.929571 708300 
0.008 18230.075139 745500 
0.008 17753.590035 815000 
0.008 20467.417071 722700 
0.008 19597.539184 768200 
0.008 17715.770527 753500 
0.008 19831.347135 721800 
0.008 18307.228740 711900 
0.008 17735.020985 768900 
0.008 19856.335409 802700 
0.008 16423.798627 726300 
0.008 19299.070394 730400 
0.008 18266.943517 779600 
0.008 19797.179691 761200 
0.008 17461.178823 817100 
0.008 17782.626516 721000 
0.008 21095.259384 789500 
0.008 18277.249576 768400 
0.008 17957.790891 797300 
0.008 18114.231488 749600 
0.008 18716.141842 755100 
0.008 20168.959472 776500 
0.008 18668.966014 707000 
0.0085 19465.869377 700600 
0.0085 18934.948767 730200 
0.0085 19457.995591 768500 
0.0085 20183.533057 714100 
0.0085 20725.514270 727900 
0.0085 18089.909541 713300 
0.0085 18184.684651 775500 
0.0085 20333.433089 793300 
0.0085 17948.650693 741500 
0.0085 19332.660952 810200 
0.0085 18372.233665 695000 
0.0085 17114.192986 813100 
0.0085 17701.991157 693900 
0.0085 18502.418251 752900 
0.0085 18653.570166 719300 
0.0085 17492.427571 760100 
0.0085 19231.141669 708700 
0.0085 17836.582114 763300 
0.0085 17570.386629 708700 
0.0085 19581.642096 725800 
0.0085 17334.914954 848300 
0.0085 18694.375386 683700 
0.0085 16913.719617 747000 
0.0085 18635.763387 710900 
0.0085 17683.080923 727300 
0.0085 16969.579703 730500 
0.0085 18965.899209 732000 
0.0085 18292.361338 703800 
0.0085 18345.927212 779800 
0.0085 19113.425005 707500 
0.0085 18364.716369 721500 
0.0085 17191.675439 721700 
0.0085 18326.491204 729700 
0.0085 17857.386486 762700 
0.0085 17362.205495 757600 
0.0085 18412.436673 707900 
0.0085 17855.373428 756200 
0.0085 17966.743907 770200 
0.0085 17070.400258 758300 
0.0085 20521.092212 729800 
0.0085 16442.098871 744200 
0.0085 18451.520124 715100 
0.0085 17801.320612 689500 
0.0085 18224.978028 789700 
0.0085 18965.252280 706800 
0.0085 18930.748870 741100 
0.0085 19220.323166 729200 
0.0085 18766.881832 776100 
0.0085 17995.604337 699900 
0.0085 18902.541703 986200 
0.0085 17642.760806 766000 
0.0085 17743.130450 759500 
0.0085 18275.786694 703600 
0.0085 19522.632389 739100 
0.0085 19891.869587 716000 
0.0085 18724.366846 738900 
0.0085 18408.856220 776700 
0.0085 17245.310652 693800 
0.0085 20317.554224 792400 
0.0085 19535.690252 824700 
0.0085 17178.969194 724100 
0.0085 18036.209279 766100 
0.0085 18715.839637 765900 
0.0085 18277.827315 733800 
0.0085 19144.734025 779300 
0.0085 17897.987707 682900 
0.0085 19870.867537 724200 
0.0085 18795.830226 769600 
0.0085 18714.265476 723500 
0.0085 16932.097208 717200 
0.0085 19191.796130 859500 
0.0085 18338.555154 789000 
0.0085 18263.851804 739200 
0.0085 18533.169975 740300 
0.0085 19393.199578 864400 
0.0085 18860.913540 713400 
0.0085 18226.741797 696100 
0.0085 20963.688161 734300 
0.0085 19049.933244 681800 
0.0085 17891.256581 743500 
0.0085 18569.048027 764500 
0.0085 19058.262164 748400 
0.0085 18390.287520 709600 
0.0085 18287.453455 670400 
0.0085 18000.708164 710700 
0.0085 18075.335661 707500 
0.0085 17519.840460 693000 
0.0085 19264.295718 809500 
0.0085 18060.150706 725700 
0.0085 18384.247758 738000 
0.0085 18185.407651 690800 
0.0085 17604.709845 757500 
0.0085 18795.635527 726800 
0.0085 18267.019736 711100 
0.0085 23190.221301 832300 
0.0085 18637.110461 838600 
0.0085 17295.644870 655900 
0.0085 18957.939331 685000 
0.0085 19601.378879 755000 
0.0085 19318.100390 855500 
0.009 16245.084338 707200 
0.009 17826.658868 712600 
0.009 17097.691444 729900 
0.009 18420.256718 655900 
0.009 19149.364565 752000 
0.009 18608.289694 643000 
0.009 19250.633680 743700 
0.009 18664.691776 742600 
0.009 19738.442868 670300 
0.009 17449.403559 722100 
0.009 19928.884297 690100 
0.009 16957.757795 670000 
0.009 16072.898972 681200 
0.009 18693.707057 776600 
0.009 18396.302926 673100 
0.009 19459.094709 737600 
0.009 18768.309740 722800 
0.009 20258.086809 687200 
0.009 20354.019014 713300 
0.009 19905.710358 701400 
0.009 19447.376012 731600 
0.009 17897.776612 737900 
0.009 17351.985127 674500 
0.009 18907.691877 668200 
0.009 20156.880665 672700 
0.009 16894.965801 652900 
0.009 17992.918706 664500 
0.009 18998.917491 700700 
0.009 16544.370213 667400 
0.009 21715.833588 738900 
0.009 19387.962298 724000 
0.009 19608.053079 778700 
0.009 19634.428614 700700 
0.009 20111.023422 669500 
0.009 18300.567957 680100 
0.009 19159.438569 692100 
0.009 19369.431551 662600 
0.009 19608.798745 729000 
0.009 17591.055210 667300 
0.009 19900.740718 705500 
0.009 18808.276462 731400 
0.009 16789.801264 680500 
0.009 18220.869110 707100 
0.009 19881.237897 723600 
0.009 17143.657538 742100 
0.009 20277.345189 738400 
0.009 19614.065353 638400 
0.009 17443.623741 663800 
0.009 18848.626891 746500 
0.009 21085.893672 690700 
0.009 18241.462424 752300 
0.009 19320.227906 694100 
0.009 18450.815124 711400 
0.009 20067.506756 836500 
0.009 17976.695720 673900 
0.009 18026.447205 664300 
0.009 19372.660398 727800 
0.009 18351.616987 692100 
0.009 18117.867044 820000 
0.009 18840.600260 732100 
0.009 18881.279109 774800 
0.009 19754.756377 691300 
0.009 17083.120924 718700 
0.009 17189.525334 668900 
0.009 19805.566733 749300 
0.009 19295.791726 676300 
0.009 18415.900465 691700 
0.009 18638.228216 676700 
0.009 20114.405073 717000 
0.009 17494.485502 698000 
0.009 20685.540035 675700 
0.009 16537.852955 730500 
0.009 18384.034541 714700 
0.009 16963.851667 679600 
0.009 18108.997720 683800 
0.009 18437.609669 722200 
0.009 18809.666239 697600 
0.009 18385.413147 650600 
0.009 19888.742140 799000 
0.009 20745.309110 751500 
0.009 18890.160749 707300 
0.009 19991.161378 718000 
0.009 20558.402747 769400 
0.009 17468.705711 697500 
0.009 18854.766810 698900 
0.009 17921.120803 764600 
0.009 18662.582018 679900 
0.009 19920.132931 673800 
0.009 18050.694915 680700 
0.009 18790.669737 772700 
0.009 19807.602303 748200 
0.009 17786.957465 681100 
0.009 18489.947362 794600 
0.009 20846.361808 699500 
0.009 18550.274408 784700 
0.009 18874.035677 684000 
0.009 17998.920941 670000 
0.009 18271.308792 697200 
0.009 17800.361334 663700 
0.009 18990.120888 783800 
0.0095 17253.994267 666400 
0.0095 19376.267342 659500 
0.0095 18380.059958 695900 
0.0095 18297.235677 670800 
0.0095 19905.552046 729700 
0.0095 16909.923664 655400 
0.0095 18143.093337 751000 
0.0095 17151.760613 667300 
0.0095 19042.487581 718100 
0.0095 17393.574392 674400 
0.0095 18182.216485 667100 
0.0095 16922.238515 667300 
0.0095 19966.230742 717200 
0.0095 18793.332565 662700 
0.0095 18151.300458 647200 
0.0095 18714.824405 658300 
0.0095 16940.761565 671600 
0.0095 19505.230396 707700 
0.0095 19802.573171 634500 
0.0095 20300.857000 656600 
0.0095 17517.937222 667300 
0.0095 18159.984782 677800 
0.0095 18065.814154 639300 
0.0095 17633.721044 701500 
0.0095 17876.199418 676000 
0.0095 18185.790283 693500 
0.0095 18446.573198 646100 
0.0095 19200.289879 697300 
0.0095 19513.085308 643700 
0.0095 20156.116539 684900 
0.0095 20472.943376 684000 
0.0095 20627.526128 650400 
0.0095 17776.251301 775200 
0.0095 19275.811358 758600 
0.0095 18434.552894 716400 
0.0095 20479.313919 704900 
0.0095 19291.629045 709800 
0.0095 16903.455512 689900 
0.0095 20285.163992 660900 
0.0095 19900.665740 698400 
0.0095 18004.793092 658700 
0.0095 17003.351661 699400 
0.0095 18795.250147 659300 
0.0095 19430.169759 659700 
0.0095 20503.573157 670500 
0.0095 18809.511423 690300 
0.0095 18664.060818 840200 
0.0095 19712.002741 681500 
0.0095 18852.665001 683100 
0.0095 18366.537075 717700 
0.0095 19059.233937 686900 
0.0095 20871.868213 718900 
0.0095 17561.084332 680000 
0.0095 18252.462145 674100 
0.0095 20536.995315 728900 
0.0095 18648.051459 727700 
0.0095 18961.188146 629000 
0.0095 17728.716842 696900 
0.0095 18798.064158 690200 
0.0095 21098.346442 765200 
0.0095 20163.476289 641700 
0.0095 18854.389985 664400 
0.0095 19161.749022 711100 
0.0095 18249.816106 745500 
0.0095 18462.453304 700000 
0.0095 18364.608963 609600 
0.0095 18817.326574 662800 
0.0095 17869.449044 688300 
0.0095 17275.423763 770900 
0.0095 17403.882466 646000 
0.0095 18858.087989 683400 
0.0095 18100.646479 710100 
0.0095 17817.506361 664600 
0.0095 19217.925046 710200 
0.0095 17265.529881 651100 
0.0095 18958.047726 652300 
0.0095 19087.912463 721300 
0.0095 20114.404800 728200 
0.0095 17893.976854 656500 
0.0095 18297.932426 687800 
0.0095 17515.884791 756000 
0.0095 19203.580705 674100 
0.0095 19490.268473 732100 
0.0095 18961.810149 668800 
0.0095 17325.747799 657300 
0.0095 19918.859706 727400 
0.0095 18588.740926 646600 
0.0095 18625.661138 672900 
0.0095 19759.196818 783700 
0.0095 18361.324646 655400 
0.0095 17531.905485 637500 
0.0095 19488.910137 662200 
0.0095 18083.831705 668100 
0.0095 18346.109804 631400 
0.0095 17771.287952 704400 
0.0095 17917.045514 724000 
0.0095 19090.596662 707800 
0.0095 20029.851330 732100 
0.0095 20154.634609 728000 
0.0095 18936.012387 657900 
0.0001 15090.002787 40330400 
0.0001 15491.876062 40360200 
0.0001 15095.764866 39604400 
0.0001 15383.919391 42454300 
0.0001 15553.360346 40340800 
0.0001 15020.235946 41432400 
0.0001 14706.891027 40484400 
0.0001 15329.772644 42497800 
0.0001 14597.096477 42280300 
0.0001 15057.888961 39632000 
0.0001 14827.072750 43276700 
0.0001 16278.647963 44499700 
0.0001 15519.678276 41376100 
0.0001 15178.959488 42009600 
0.0001 15379.154579 41677200 
0.0001 16353.754585 42251100 
0.0001 14907.685172 41922400 
0.0001 15064.692897 44788300 
0.0001 16051.843762 41471800 
0.0001 14752.416945 41990500 
0.0001 15626.056716 40790100 
0.0001 15773.941294 41841000 
0.0001 15281.590368 40307500 
0.0001 16141.473839 40206500 
0.0001 15458.583283 39671100 
0.0001 16794.246711 43061300 
0.0001 16028.701346 41201300 
0.0001 15900.020359 41793600 
0.0001 14534.299486 40260800 
0.0001 14625.597023 40179800 
0.0001 15896.221822 42043500 
0.0001 15220.009570 40673900 
0.0001 16041.703577 41340800 
0.0001 15523.068509 42772700 
0.0001 15570.121878 38923200 
0.0001 15446.273416 40703200 
0.0001 15371.558261 38163900 
0.0001 16172.182385 42764400 
0.0001 15052.933931 38964500 
0.0001 14689.231710 40394100 
0.0001 14974.891123 38156100 
0.0001 15564.696205 40598200 
0.0001 15942.089649 41413300 
0.0001 15587.448450 40358400 
0.0001 15508.207874 41463600 
0.0001 14740.310132 39834400 
0.0001 15621.748756 42089700 
0.0001 15957.413591 41236700 
0.0001 14723.316405 40959600 
0.0001 15995.558311 42080400 
0.0001 15023.247081 40513200 
0.0001 15289.290594 42459600 
0.0001 15264.555111 45464200 
0.0001 15243.030877 40891300 
0.0001 14695.451185 42703700 
0.0001 14708.633576 40457400 
0.0001 15187.026800 41197300 
0.0001 14692.617413 39072700 
0.0001 15043.123623 41561200 
0.0001 15283.178124 40143800 
0.0001 16024.490886 43016400 
0.0001 15203.403289 39961000 
0.0001 15183.872030 43061800 
0.0001 14938.637261 42435500 
0.0001 15058.128980 41766400 
0.0001 16300.482629 41292500 
0.0001 15427.543873 39724000 
0.0001 14930.852586 40990900 
0.0001 15459.269280 41216900 
0.0001 15848.642531 42849700 
0.0001 14542.450179 40011900 
0.0001 14751.585539 40045300 
0.0001 15892.114091 40131100 
0.0001 15088.001468 43954400 
0.0001 14989.752438 39820000 
0.0001 15139.551221 41921200 
0.0001 15417.022543 42362500 
0.0001 15634.182604 40977200 
0.0001 15421.250070 42346200 
0.0001 14510.242203 40115400 
0.0001 14943.178433 41113100 
0.0001 15697.815115 39929700 
0.0001 14428.754292 40426000 
0.0001 15287.549320 40038800 
0.0001 15467.281997 39508800 
0.0001 15885.522387 44352600 
0.0001 14498.567303 38548500 
0.0001 14662.269620 40129800 
0.0001 15421.737171 39776600 
0.0001 14382.995933 39593500 
0.0001 15486.522467 43974700 
0.0001 15239.181491 44411700 
0.0001 15730.071377 41744600 
0.0001 15327.398118 39709800 
0.0001 14787.959152 39159500 
0.0001 15333.223290 44350400 
0.0001 15678.912217 40574300 
0.0001 14531.102438 40386400 
0.0001 15591.481595 41407300 
0.0001 15485.254049 40242500 
0.00015 16327.884764 27486100 
0.00015 14898.413750 26587300 
0.00015 15630.168527 26711400 
0.00015 15488.481640 30473300 
0.00015 14518.142211 27898500 
0.00015 15072.668529 27887500 
0.00015 15251.993213 28037300 
0.00015 15613.198586 29219600 
0.00015 16354.222509 27323400 
0.00015 15145.460416 27852200 
0.00015 15637.104551 26493400 
0.00015 14947.621027 26819300 
0.00015 15271.067854 28115000 
0.00015 15189.060699 26393800 
0.00015 15638.212731 28121000 
0.00015 16049.486636 28571100 
0.00015 16053.016336 28200000 
0.00015 15012.650088 29145500 
0.00015 14724.560584 26749500 
0.00015 16323.223746 27671600 
0.00015 15636.495987 26837000 
0.00015 15608.564107 26537100 
0.00015 15032.268436 27527400 
0.00015 15216.157624 29068500 
0.00015 16692.903688 31225500 
0.00015 15821.377305 26286400 
0.00015 14515.753324 27645900 
0.00015 16094.489083 26919900 
0.00015 14945.716695 26275700 
0.00015 14534.787018 27022600 
0.00015 15173.207911 27553500 
0.00015 14443.223295 26815600 
0.00015 15288.501215 26617800 
0.00015 15152.836584 26049300 
0.00015 14757.128718 26058600 
0.00015 15454.565668 26624100 
0.00015 16262.369950 26594800 
0.00015 14758.534179 27799500 
0.00015 14382.995933 27176200 
0.00015 16010.120028 28933600 
0.00015 14547.347306 27535000 
0.00015 14382.995933 27115800 
0.00015 15347.787168 27278200 
0.00015 15650.244977 27685800 
0.00015 16016.115216 26449900 
0.00015 15491.508707 27536700 
0.00015 15196.393325 27673800 
0.00015 15269.514912 26499700 
0.00015 15820.651084 27836500 
0.00015 15630.379895 28747600 
0.00015 15345.311998 26805700 
0.00015 15285.902107 27882900 
0.00015 14830.726847 28321100 
0.00015 15728.279827 26109500 
0.00015 15415.412431 28522000 
0.00015 15058.729251 29406400 
0.00015 15587.929260 28792500 
0.00015 16167.262285 26063900 
0.00015 16422.692140 28047100 
0.00015 15216.532459 27545400 
0.00015 14683.047362 27525500 
0.00015 15379.442425 29110600 
0.00015 15426.869429 27303100 
0.00015 15027.008595 27194400 
0.00015 16724.677659 28216000 
0.00015 15027.095227 29694800 
0.00015 16363.315629 27160400 
0.00015 15567.170470 27966700 
0.00015 15000.448673 27121000 
0.00015 15786.307171 28524900 
0.00015 15243.266173 27534500 
0.00015 16431.289030 28336300 
0.00015 15536.299814 27921400 
0.00015 15068.298706 27939700 
0.00015 14959.986406 27193100 
0.00015 16160.852273 25977300 
0.00015 15788.277733 29041600 
0.00015 15737.868404 29942700 
0.00015 15867.262785 27986000 
0.00015 15525.527200 26818300 
0.00015 14439.702605 26954400 
0.00015 14490.333277 26792800 
0.00015 15855.228284 27301700 
0.00015 15374.922884 27618900 
0.00015 14785.804898 28110600 
0.00015 15412.649483 27027600 
0.00015 15737.842355 27777500 
0.00015 14382.995933 27265200 
0.00015 15819.723026 30350300 
0.00015 15957.185515 28970000 
0.00015 15405.728998 26167300 
0.00015 15423.158498 26504700 
0.00015 15053.206152 29244800 
0.00015 15318.670902 26771900 
0.00015 15635.808534 28647700 
0.00015 15135.532365 28140000 
0.00015 15703.901497 28900900 
0.00015 15372.690396 26260000 
0.00015 15852.123162 26900600 
0.00015 15369.483285 27798400 
0.0002 14734.786350 21661300 
0.0002 15626.971938 20814800 
0.0002 14790.958187 21738000 
0.0002 15065.503382 20472800 
0.0002 15519.834888 21355700 
0.0002 15596.878467 20371000 
0.0002 15448.553118 21268600 
0.0002 14815.029947 21065800 
0.0002 16030.227480 21110900 
0.0002 16363.243256 22478300 
0.0002 15296.590432 21338300 
0.0002 15240.610753 21574400 
0.0002 16262.408374 22774400 
0.0002 15455.593265 20404500 
0.0002 14580.737516 20783600 
0.0002 15553.132786 20355000 
0.0002 15449.669753 21767500 
0.0002 16147.375049 22678900 
0.0002 15403.138564 21210400 
0.0002 14607.861553 20751000 
0.0002 15297.236494 20023500 
0.0002 16417.961002 21494400 
0.0002 15183.494700 20585800 
0.0002 15920.372548 20235700 
0.0002 15648.195432 22538900 
0.0002 15186.318464 22468600 
0.0002 15727.137217 21994000 
0.0002 14742.870532 20576700 
0.0002 14971.187149 20707800 
0.0002 14737.049588 21236400 
0.0002 15070.563550 21734300 
0.0002 16828.137116 19900600 
0.0002 15684.814285 23177700 
0.0002 15552.826537 20603800 
0.0002 14940.039720 19912200 
0.0002 14406.118192 19625400 
0.0002 15780.295175 21331200 
0.0002 16415.735965 20348200 
0.0002 15034.816726 21311900 
0.0002 16022.107131 22039700 
0.0002 16184.894425 21102200 
0.0002 16493.424603 20218200 
0.0002 16906.316857 21928400 
0.0002 15159.636400 20077700 
0.0002 15374.385120 21993500 
0.0002 14706.548325 19948300 
0.0002 16180.598327 23139000 
0.0002 15947.850713 21400700 
0.0002 15602.064369 21953400 
0.0002 15498.665714 20098700 
0.0002 15703.415398 20467500 
0.0002 15527.256778 21284300 
0.0002 15429.240874 21178200 
0.0002 15991.046138 21182500 
0.0002 14503.268008 20492100 
0.0002 14443.223295 20571900 
0.0002 15908.622487 21336900 
0.0002 15744.353614 21785000 
0.0002 15343.645535 20924300 
0.0002 15569.559841 21379400 
0.0002 15403.539283 20966400 
0.0002 15113.183862 20894800 
0.0002 14978.967180 21266300 
0.0002 14802.067126 21455500 
0.0002 15924.234819 21725800 
0.0002 17007.835857 22006800 
0.0002 15652.129220 21442900 
0.0002 15678.098207 21401900 
0.0002 14697.151580 21032300 
0.0002 16828.698920 20804500 
0.0002 15972.623713 19922500 
0.0002 15178.338727 20255200 
0.0002 14768.074507 21003200 
0.0002 15735.727632 19212000 
0.0002 15367.820270 22558000 
0.0002 15295.526779 20778000 
0.0002 16576.211423 20509700 
0.0002 14792.857648 21568000 
0.0002 15990.166098 19858500 
0.0002 15334.929308 20973400 
0.0002 15291.415086 21051900 
0.0002 16149.251865 22494100 
0.0002 16194.158329 20087800 
0.0002 16006.458941 21082000 
0.0002 14406.118192 21924200 
0.0002 15376.955172 20717600 
0.0002 15554.593348 20914500 
0.0002 15254.225674 20140400 
0.0002 15430.052636 20292500 
0.0002 15977.484043 20106400 
0.0002 15541.790950 20969800 
0.0002 15811.958342 20869600 
0.0002 15745.895538 19580600 
0.0002 15303.312851 21903700 
0.0002 15836.160401 19209800 
0.0002 15994.141516 21858800 
0.0002 15508.187442 20303800 
0.0002 16302.153103 19754500 
0.0002 14577.241382 19792400 
0.0002 15680.630101 21224700 
0.00025 15295.297142 17437300 
0.00025 14943.190472 16188300 
0.00025 14874.346673 16988800 
0.00025 15893.721507 17122500 
0.00025 15362.040297 16423900 
0.00025 15220.406855 16541800 
0.00025 16412.824951 17467000 
0.00025 16476.487310 16595800 
0.00025 17000.629900 16179200 
0.00025 16342.922033 15845000 
0.00025 15815.004033 16939800 
0.00025 16075.168893 16646000 
0.00025 15619.285578 17531100 
0.00025 15567.435176 17709600 
0.00025 15579.379123 16469600 
0.00025 15654.763218 16411900 
0.00025 15263.517286 16198700 
0.00025 14493.788172 16990100 
0.00025 15235.021226 16794000 
0.00025 15323.024519 16323000 
0.00025 15279.712036 17877200 
0.00025 15807.660662 16563200 
0.00025 16446.766783 16910500 
0.00025 15652.478315 17111200 
0.00025 16303.416846 15877300 
0.00025 16468.028953 16560300 
0.00025 15644.928826 17203400 
0.00025 16172.408995 16473800 
0.00025 15617.605414 17415900 
0.00025 15600.535571 18305100 
0.00025 16904.635018 20549500 
0.00025 15496.585923 16219400 
0.00025 15182.420896 15383400 
0.00025 16293.564116 16496300 
0.00025 15341.262323 17262300 
0.00025 15860.337933 17028300 
0.00025 15608.046285 16591400 
0.00025 14687.260099 15813400 
0.00025 15352.804837 16867400 
0.00025 16235.375133 16301900 
0.00025 15163.928267 17464800 
0.00025 16384.942142 16305600 
0.00025 15683.947550 17316700 
0.00025 15000.576008 17765700 
0.00025 15751.178133 16758100 
0.00025 15058.796472 16094200 
0.00025 15738.916043 16194400 
0.00025 15582.195998 16981000 
0.00025 15852.785828 16171600 
0.00025 15987.068678 16164400 
0.00025 16180.750166 15543300 
0.00025 14891.688102 16672200 
0.00025 15823.448514 17348500 
0.00025 15791.795579 16622000 
0.00025 15306.966134 16330000 
0.00025 14406.118192 16406100 
0.00025 16648.700378 16895500 
0.00025 15591.574841 16420500 
0.00025 15367.871919 16206300 
0.00025 16368.994969 17539200 
0.00025 15667.093544 15560600 
0.00025 15250.598190 15557400 
0.00025 16650.071351 16303800 
0.00025 14987.251658 16978600 
0.00025 15381.226963 17422300 
0.00025 15324.996707 15682600 
0.00025 16035.930579 16784500 
0.00025 15933.119658 16895400 
0.00025 16327.652881 17797500 
0.00025 15633.671321 16979700 
0.00025 15849.332949 16980100 
0.00025 16023.095139 16145700 
0.00025 15797.869461 16660700 
0.00025 15404.875234 16024100 
0.00025 15051.838686 16370900 
0.00025 15336.864047 17637900 
0.00025 15677.120731 16177500 
0.00025 14877.638462 17141000 
0.00025 15501.655099 16025800 
0.00025 15452.249648 16848200 
0.00025 15526.566933 16656500 
0.00025 15021.278060 17235000 
0.00025 14979.076340 15784500 
0.00025 15960.376240 20461300 
0.00025 15057.066379 17213400 
0.00025 16373.860264 16110300 
0.00025 15546.157726 16663800 
0.00025 15029.140922 17911400 
0.00025 15428.507231 17586600 
0.00025 14933.363247 16668800 
0.00025 16341.162873 17316000 
0.00025 15646.770504 16074100 
0.00025 15750.141478 18160100 
0.00025 16689.377876 17197200 
0.00025 15667.505232 16982700 
0.00025 15374.845462 17041600 
0.00025 14961.054412 16586700 
0.00025 15981.336700 16494500 
0.00025 15115.820140 17073500 
0.00025 15670.741777 17746000 
0.0003 16315.420379 14922900 
0.0003 16073.198726 13577400 
0.0003 15664.855150 13853400 
0.0003 15839.372333 13729400 
0.0003 16434.775022 12983600 
0.0003 15531.752906 15127600 
0.0003 16164.943214 13795300 
0.0003 15159.828155 13730500 
0.0003 15234.832922 13622000 
0.0003 15172.381176 15299200 
0.0003 16859.304184 15786700 
0.0003 15504.683551 14095100 
0.0003 15983.386394 13137500 
0.0003 14746.821098 13913000 
0.0003 15576.652899 13199500 
0.0003 15112.321736 13805000 
0.0003 14997.974051 14448900 
0.0003 16067.341314 13638300 
0.0003 16236.928063 13983100 
0.0003 15507.961677 14191100 
0.0003 15874.025040 14915900 
0.0003 15495.194939 13764100 
0.0003 14901.789866 13460300 
0.0003 15251.881550 14425100 
0.0003 15768.072059 13904200 
0.0003 15797.935690 14199700 
0.0003 15445.806055 13395900 
0.0003 15520.573660 14091800 
0.0003 16177.079264 14819400 
0.0003 15670.145692 13855100 
0.0003 15978.585894 13952100 
0.0003 17100.533781 15660400 
0.0003 15597.565951 13924500 
0.0003 15017.869059 13123400 
0.0003 15536.751528 14502000 
0.0003 15687.748772 14020000 
0.0003 16127.923306 14249000 
0.0003 15971.071056 13505300 
0.0003 15120.103996 13757700 
0.0003 15684.901297 13809300 
0.0003 15478.624391 13307500 
0.0003 16149.639685 14901900 
0.0003 15910.160892 14246100 
0.0003 15513.715204 14920600 
0.0003 16633.924491 14483500 
0.0003 16505.780086 13645300 
0.0003 16273.319656 14625900 
0.0003 15876.197410 13909500 
0.0003 14584.041830 13953300 
0.0003 15605.861513 14296400 
0.0003 15761.679352 13058400 
0.0003 15806.084061 15143000 
0.0003 16269.255301 15139900 
0.0003 15295.404906 14267500 
0.0003 15804.781750 13671000 
0.0003 15793.982830 14311200 
0.0003 16213.398882 13758000 
0.0003 15712.260088 13716900 
0.0003 15575.225776 13908300 
0.0003 16004.464943 13420500 
0.0003 15704.062118 13999800 
0.0003 15570.323272 14072300 
0.0003 16876.481346 14518200 
0.0003 15651.516316 13493600 
0.0003 15728.055449 14283600 
0.0003 15371.787513 14121000 
0.0003 17108.058038 13669500 
0.0003 15061.210469 14356400 
0.0003 16721.559581 15181100 
0.0003 15739.511602 13086700 
0.0003 16044.884137 15281500 
0.0003 14571.383493 13575500 
0.0003 16138.294905 14462600 
0.0003 15918.392035 14163100 
0.0003 15273.706309 14241100 
0.0003 16488.240206 14311200 
0.0003 15250.890714 14387200 
0.0003 15223.576367 14102300 
0.0003 15089.454453 13597300 
0.0003 15943.805303 14952900 
0.0003 16807.880027 14310800 
0.0003 17011.178025 13499300 
0.0003 15376.128779 14266100 
0.0003 15378.749072 13503000 
0.0003 15185.260774 13906500 
0.0003 16523.685469 13314200 
0.0003 15347.443757 14529400 
0.0003 15771.211291 14202700 
0.0003 16253.473901 15383900 
0.0003 15862.707139 14760600 
0.0003 15781.607685 15278200 
0.0003 15634.542184 13245500 
0.0003 15072.942534 14346800 
0.0003 15418.548753 13869000 
0.0003 16368.432091 14792800 
0.0003 15918.400265 14870200 
0.0003 15004.805115 15079100 
0.0003 16530.130058 14297400 
0.0003 15524.712629 13229800 
0.0003 15522.500860 14671800 
0.00035 14891.529408 12731700 
0.00035 15840.332343 11692300 
0.00035 15996.798803 12897700 
0.00035 16209.897250 12670100 
0.00035 14862.513821 11607600 
0.00035 16293.703086 11560500 
0.00035 16383.070010 12120700 
0.00035 15953.705235 12134000 
0.00035 16240.806060 12167200 
0.00035 15096.709483 11904300 
0.00035 16457.742127 11825400 
0.00035 15060.464179 11785700 
0.00035 15729.864340 11139500 
0.00035 15799.476051 12537400 
0.00035 15435.180792 11880700 
0.00035 15831.476652 12253400 
0.00035 16618.440737 13376000 
0.00035 16950.716802 12004000 
0.00035 15626.289307 11806700 
0.00035 15960.393296 11709200 
0.00035 16081.941729 11945600 
0.00035 15821.510077 12729300 
0.00035 16015.847316 11152200 
0.00035 16221.258762 12720700 
0.00035 15595.233826 12419200 
0.00035 15565.589882 11074200 
0.00035 15888.052767 12300400 
0.00035 16836.292421 11629300 
0.00035 15526.191871 12838600 
0.00035 15695.689093 11852700 
0.00035 15905.934764 11372800 
0.00035 15313.364861 12335100 
0.00035 15856.044447 12534100 
0.00035 15785.633701 11750400 
0.00035 16444.314037 12603900 
0.00035 17399.307421 12272000 
0.00035 15706.963968 12656600 
0.00035 16150.309076 11196000 
0.00035 17349.531854 12429300 
0.00035 16259.971377 12082900 
0.00035 15491.951846 11955900 
0.00035 16068.434011 12297300 
0.00035 15011.859642 12226700 
0.00035 16532.456816 12135400 
0.00035 15753.960259 12523100 
0.00035 16949.431285 12093700 
0.00035 15722.043017 12345800 
0.00035 15530.730736 12328400 
0.00035 15571.614559 13360800 
0.00035 16508.022089 11787700 
0.00035 15691.965274 12256200 
0.00035 15522.273467 12026200 
0.00035 14794.448627 11845700 
0.00035 15603.676010 12258800 
0.00035 17569.543775 12728100 
0.00035 17349.069783 12088400 
0.00035 17078.860162 12391100 
0.00035 16078.339332 11521800 
0.00035 15897.900261 11795400 
0.00035 16065.866845 12244800 
0.00035 15456.718020 11483400 
0.00035 15757.056890 13426400 
0.00035 15857.548718 11861200 
0.00035 15131.539330 11933800 
0.00035 16251.952500 12425500 
0.00035 15490.944202 11005000 
0.00035 15791.574996 12490300 
0.00035 15458.387241 12450800 
0.00035 16590.985936 12872600 
0.00035 15918.763154 11833300 
0.00035 17048.932448 11984000 
0.00035 15847.281209 11841600 
0.00035 15876.222076 11713100 
0.00035 15914.746714 11945200 
0.00035 15852.089333 12056700 
0.00035 15786.077667 11872800 
0.00035 15619.128160 12737500 
0.00035 16162.875121 11809600 
0.00035 15872.556481 11517900 
0.00035 15436.140228 12344300 
0.00035 15131.178744 11803500 
0.00035 15479.675970 12911300 
0.00035 16117.465534 11940400 
0.00035 15597.783053 11835500 
0.00035 15538.321353 12546300 
0.00035 16009.231867 12209200 
0.00035 14834.930869 12564600 
0.00035 16199.218557 12964300 
0.00035 15370.567131 11927200 
0.00035 15881.716231 11833100 
0.00035 15431.176017 12279300 
0.00035 16549.479375 11372000 
0.00035 15264.820695 12479000 
0.00035 15667.991924 11646400 
0.00035 15191.781696 12913200 
0.00035 15625.414241 12002800 
0.00035 15979.597626 12131400 
0.00035 16426.132634 12662600 
0.00035 15303.232200 12890700 
0.00035 15374.703056 12826400 
0.0004 16890.352779 10301400 
0.0004 15958.954943 10099200 
0.0004 14616.863803 10313300 
0.0004 15126.947628 10487800 
0.0004 16019.100946 10684100 
0.0004 16653.698950 10713100 
0.0004 15862.921361 10374500 
0.0004 14912.302133 10709100 
0.0004 15481.275123 10154200 
0.0004 16395.526965 10455700 
0.0004 16445.449349 10869700 
0.0004 15319.238627 10883800 
0.0004 16318.832545 10579000 
0.0004 15295.063254 10687300 
0.0004 16379.509748 11707400 
0.0004 14957.204437 10247400 
0.0004 15838.159765 10791400 
0.0004 15667.970601 10542100 
0.0004 15697.152324 10259100 
0.0004 15764.411334 11099800 
0.0004 17134.368073 10666700 
0.0004 15071.987212 9766200 
0.0004 15719.805316 11143300 
0.0004 15763.296372 12657000 
0.0004 17409.508155 11829600 
0.0004 16390.909240 10589700 
0.0004 16589.945457 10698100 
0.0004 15807.594291 10316000 
0.0004 15664.600173 10745400 
0.0004 15886.655021 9958800 
0.0004 16598.364992 10335400 
0.0004 15675.350301 10500700 
0.0004 14662.269620 10384000 
0.0004 15334.210090 10788200 
0.0004 15110.094977 10742100 
0.0004 15621.116176 11329300 
0.0004 15390.683583 11181900 
0.0004 15918.446719 11007700 
0.0004 16167.040684 10459500 
0.0004 16523.075319 10613000 
0.0004 15116.218805 10742300 
0.0004 15634.644575 10207800 
0.0004 15829.196992 12202800 
0.0004 15184.163127 10488400 
0.0004 15718.007168 11051500 
0.0004 16209.095442 10203300 
0.0004 14689.867192 10672400 
0.0004 15804.478434 10049400 
0.0004 15992.514337 10919200 
0.0004 15927.158380 10983600 
0.0004 15805.921144 10635000 
0.0004 16292.973688 10453500 
0.0004 15897.465654 10451800 
0.0004 16460.430740 10769700 
0.0004 15433.058103 10913800 
0.0004 15562.339884 10996900 
0.0004 16262.311227 11365900 
0.0004 15529.916702 10270600 
0.0004 16410.521822 10539300 
0.0004 15507.512119 10734900 
0.0004 16503.365246 10829300 
0.0004 15921.771635 10521300 
0.0004 15476.137991 10941200 
0.0004 14970.423226 10586800 
0.0004 16192.451756 10399300 
0.0004 15438.874479 10901800 
0.0004 16500.529474 10020600 
0.0004 15768.926906 11697000 
0.0004 15996.360440 10876700 
0.0004 16202.474940 10768700 
0.0004 15335.916891 10107900 
0.0004 16238.176408 11199400 
0.0004 15703.427990 10526000 
0.0004 14946.220914 10483900 
0.0004 17321.856322 10383000 
0.0004 15706.700439 10211100 
0.0004 16123.058239 10547900 
0.0004 15626.357762 10625700 
0.0004 15249.252945 10617400 
0.0004 16068.375752 11067200 
0.0004 14753.290149 10257800 
0.0004 16074.303703 10555500 
0.0004 17082.397521 10586200 
0.0004 16128.626512 9689400 
0.0004 16073.361447 10048100 
0.0004 16248.506754 10132500 
0.0004 16646.962070 10475200 
0.0004 17036.879479 11075900 
0.0004 15086.333248 11241700 
0.0004 15889.427844 10307100 
0.0004 15105.467679 10529200 
0.0004 15046.288356 10731600 
0.0004 16613.125717 10839300 
0.0004 15722.063030 10820800 
0.0004 14775.657162 9899500 
0.0004 15978.430169 11189700 
0.0004 15406.905349 11372700 
0.0004 15912.923046 12239400 
0.0004 16012.994877 11244500 
0.0004 15187.334852 9745700 
0.00045 16154.019269 9248500 
0.00045 14983.791526 9073900 
0.00045 15587.416146 9501000 
0.00045 17061.210131 9315200 
0.00045 15544.263254 9466100 
0.00045 15419.946814 9652500 
0.00045 16557.045797 9228000 
0.00045 14643.323181 9612200 
0.00045 15634.372302 10459700 
0.00045 15893.830061 8949900 
0.00045 15094.382359 9668900 
0.00045 17582.173928 9176400 
0.00045 15465.912223 10372700 
0.00045 16536.147542 9433800 
0.00045 15634.384238 9358600 
0.00045 15600.294636 8977600 
0.00045 16207.813593 9828500 
0.00045 15642.261683 10208300 
0.00045 14539.959712 8980600 
0.00045 15981.812970 9316900 
0.00045 16247.364476 9608900 
0.00045 16638.932071 9894900 
0.00045 15928.137973 9558400 
0.00045 15609.824168 10050400 
0.00045 16778.559414 9730600 
0.00045 16638.092888 9958600 
0.00045 16004.708253 10096900 
0.00045 15516.894032 9898100 
0.00045 15444.971802 8911200 
0.00045 15776.974182 9355300 
0.00045 16337.514091 9506700 
0.00045 15210.545965 9530900 
0.00045 15543.608862 9828100 
0.00045 16044.124867 9060500 
0.00045 16155.344699 10075900 
0.00045 16256.288069 9473200 
0.00045 15244.752422 9225800 
0.00045 15189.597643 9300000 
0.00045 15511.260926 9080900 
0.00045 16705.300074 9945200 
0.00045 15873.402264 9975600 
0.00045 16795.313292 8982500 
0.00045 15336.423183 8870800 
0.00045 15448.320503 9678000 
0.00045 15992.986264 9003200 
0.00045 16165.944085 9757000 
0.00045 17092.367258 9524500 
0.00045 16610.633704 8972900 
0.00045 15769.019591 10323800 
0.00045 17442.526277 9388100 
0.00045 15376.577317 9907600 
0.00045 16318.775935 10318400 
0.00045 15442.404681 9935800 
0.00045 16008.783123 9598900 
0.00045 16368.660161 9242000 
0.00045 16126.675180 9424300 
0.00045 16475.582895 9475000 
0.00045 16217.512965 9359000 
0.00045 15384.123181 9115400 
0.00045 16420.077069 9666400 
0.00045 15218.278926 9632600 
0.00045 15677.749190 10357000 
0.00045 15575.684364 8931400 
0.00045 15295.220060 10451600 
0.00045 15651.018640 9903100 
0.00045 16804.541927 9324300 
0.00045 15672.342746 9083900 
0.00045 15902.918994 9607300 
0.00045 16511.143550 9405800 
0.00045 15863.382943 9181700 
0.00045 15683.213962 10030000 
0.00045 16088.034133 10130400 
0.00045 15632.366483 9384900 
0.00045 17999.757736 9873300 
0.00045 15541.541630 9569600 
0.00045 15759.822635 9286900 
0.00045 16230.113583 9369400 
0.00045 15830.235649 9788200 
0.00045 15887.154899 9721800 
0.00045 15908.252366 9625000 
0.00045 15266.200719 10367800 
0.00045 16294.754719 9783400 
0.00045 15942.727417 9571200 
0.00045 16409.352441 8988800 
0.00045 16090.565998 9776900 
0.00045 15510.412611 10451200 
0.00045 16094.396280 9269100 
0.00045 15789.297565 9953500 
0.00045 15738.431505 9594300 
0.00045 16713.909780 9737700 
0.00045 15928.524610 8908700 
0.00045 16075.722514 9296600 
0.00045 16377.976363 9827900 
0.00045 14707.555216 9239700 
0.00045 16269.548646 10050100 
0.00045 16920.222974 9216100 
0.00045 16339.410087 8754200 
0.00045 15620.168552 9271900 
0.00045 16298.806980 10300500 
0.00045 16484.264096 9883300 
0.0005 14904.498741 7904800 
0.0005 17319.540675 8501500 
0.0005 15556.178665 8112400 
0.0005 16195.614138 9117000 
0.0005 16175.954182 8387500 
0.0005 16402.495798 9361200 
0.0005 16431.876585 8499000 
0.0005 15988.891519 8653400 
0.0005 16897.688868 8295600 
0.0005 14953.436331 8531100 
0.0005 17875.906615 8357800 
0.0005 16144.795352 8972000 
0.0005 16046.209039 9002600 
0.0005 15474.087537 8254800 
0.0005 15865.462941 8750300 
0.0005 16176.988364 8562800 
0.0005 16763.250302 7917100 
0.0005 15480.863398 8332000 
0.0005 14941.909174 8402100 
0.0005 16668.663767 8730500 
0.0005 15689.768077 8883000 
0.0005 17302.077528 8759800 
0.0005 15651.847945 8217600 
0.0005 17441.266208 8060600 
0.0005 16265.107421 8724300 
0.0005 15474.254416 8673600 
0.0005 15227.812322 7984400 
0.0005 16325.570942 8237900 
0.0005 15367.063097 7979100 
0.0005 14824.133693 8281100 
0.0005 16870.422191 8286500 
0.0005 16714.902722 8198500 
0.0005 15078.951968 8766900 
0.0005 15314.661460 8297900 
0.0005 15842.821353 8154200 
0.0005 16301.604153 8761000 
0.0005 16866.294090 8323800 
0.0005 16106.502723 8480800 
0.0005 15633.650772 8448100 
0.0005 17113.051772 9218200 
0.0005 15898.368372 7809100 
0.0005 15711.750275 7956600 
0.0005 16476.534106 8495600 
0.0005 16337.031739 9125600 
0.0005 16039.036466 8320900 
0.0005 15784.939769 9180100 
0.0005 16372.314373 8275700 
0.0005 16000.793401 8378400 
0.0005 16919.973311 8159000 
0.0005 16530.456861 8694700 
0.0005 17156.561727 8299300 
0.0005 17663.978705 9037600 
0.0005 15565.591035 9195200 
0.0005 16438.559463 8384200 
0.0005 16295.206576 8673000 
0.0005 15767.578259 8631400 
0.0005 16635.407439 8922000 
0.0005 16429.993460 9034500 
0.0005 15733.117234 9230300 
0.0005 15627.698882 8513400 
0.0005 17070.617054 8604400 
0.0005 15750.921241 8892600 
0.0005 16371.505215 9586200 
0.0005 16325.246492 8469600 
0.0005 16011.705861 8494100 
0.0005 15162.348206 8228900 
0.0005 16211.856191 9385900 
0.0005 16459.907641 8553700 
0.0005 16079.050320 8711000 
0.0005 15918.996814 8772500 
0.0005 15453.281816 8404800 
0.0005 16321.379597 9330100 
0.0005 15467.482468 8678900 
0.0005 16231.333728 9356800 
0.0005 16041.024892 8009800 
0.0005 15318.697020 9014800 
0.0005 15301.046177 8701500 
0.0005 15239.376587 8304200 
0.0005 16645.739891 8136500 
0.0005 14713.185971 8590200 
0.0005 16384.325570 8383700 
0.0005 16421.759441 8104200 
0.0005 16748.390550 9015200 
0.0005 16960.570299 8556600 
0.0005 16488.749196 8819300 
0.0005 16391.393917 8992500 
0.0005 16544.089605 9535900 
0.0005 16766.562939 8248100 
0.0005 15870.303320 8844500 
0.0005 16410.989361 9191300 
0.0005 15185.909847 8403700 
0.0005 16088.153387 9093900 
0.0005 16400.896170 8443800 
0.0005 15831.238696 8269700 
0.0005 16208.944257 8366400 
0.0005 16095.020070 8416200 
0.0005 15346.791503 8425400 
0.0005 15921.655020 8323600 
0.0005 15996.519029 8819400 
0.0005 15622.198765 8696900 
0.00055 15804.590749 7709200 
0.00055 15905.258013 8098000 
0.00055 15826.675888 7228100 
0.00055 15977.953833 8162100 
0.00055 16281.437979 7826800 
0.00055 16696.210723 8251500 
0.00055 16299.651221 7483000 
0.00055 15481.801666 7831600 
0.00055 16133.046699 8200100 
0.00055 15954.711492 7796200 
0.00055 15868.712177 7942100 
0.00055 14668.423351 7519000 
0.00055 15568.152652 8648200 
0.00055 15869.828442 8340900 
0.00055 16739.720752 7709300 
0.00055 15561.762595 8372900 
0.00055 16048.423093 7429300 
0.00055 15716.604528 7700600 
0.00055 15958.766623 7280400 
0.00055 17449.127700 7985700 
0.00055 16071.723422 8014300 
0.00055 16064.841697 7725900 
0.00055 16174.226588 8455400 
0.00055 15206.919610 8033200 
0.00055 15997.287289 8122400 
0.00055 16298.299902 8439300 
0.00055 16382.339584 8313400 
0.00055 15857.577777 8248500 
0.00055 14985.980851 8538700 
0.00055 15307.151486 7565500 
0.00055 16380.713342 8047400 
0.00055 15910.155010 8163300 
0.00055 15771.571635 7838100 
0.00055 15667.524235 7411700 
0.00055 16345.581216 8978000 
0.00055 17053.639899 8050800 
0.00055 15652.795189 7946000 
0.00055 15753.572020 8045300 
0.00055 16558.104657 8228000 
0.00055 15823.322409 8244000 
0.00055 15297.332362 7912200 
0.00055 14598.966663 7764700 
0.00055 16575.738047 8105400 
0.00055 15571.525726 7448000 
0.00055 15709.964107 8078200 
0.00055 15467.954571 7744300 
0.00055 15373.989653 8073900 
0.00055 16009.729984 7949400 
0.00055 16773.037303 8487700 
0.00055 15381.350971 7743000 
0.00055 15552.341709 7524700 
0.00055 16221.929113 7537300 
0.00055 15905.503319 7187600 
0.00055 16055.260757 7962500 
0.00055 15784.393702 8019200 
0.00055 16324.671336 7605800 
0.00055 16453.739952 7878900 
0.00055 17047.936603 7643900 
0.00055 16245.337595 7958900 
0.00055 17069.575157 8202700 
0.00055 15151.511472 7836100 
0.00055 15806.287318 7255800 
0.00055 15747.863805 8372600 
0.00055 15646.483860 7735600 
0.00055 15479.729845 7784900 
0.00055 16224.604548 7953300 
0.00055 17038.106800 8427000 
0.00055 16619.421030 7536900 
0.00055 16822.120723 7599600 
0.00055 16182.074856 8182400 
0.00055 15168.859944 7856500 
0.00055 16535.924625 8230500 
0.00055 16778.460862 7707600 
0.00055 14618.686010 7587900 
0.00055 17312.143501 7401900 
0.00055 15975.949658 7721500 
0.00055 15728.512595 7337900 
0.00055 15804.219918 8552700 
0.00055 15895.166449 7692800 
0.00055 16763.914616 7925700 
0.00055 15480.581442 7714000 
0.00055 15536.451981 7530700 
0.00055 16305.555724 8087700 
0.00055 17401.450729 7357300 
0.00055 16536.970001 7790000 
0.00055 16530.397432 8020400 
0.00055 16048.229485 8463500 
0.00055 15500.409452 7509900 
0.00055 16330.429359 8150500 
0.00055 16125.404751 7291200 
0.00055 16176.067487 7605900 
0.00055 14955.226721 7530000 
0.00055 15081.643676 7876500 
0.00055 15749.904774 7605000 
0.00055 15364.355623 8035500 
0.00055 16015.961881 8314200 
0.00055 17107.412988 8459200 
0.00055 16844.268765 8010900 
0.00055 14904.772435 7784000 
0.00055 15867.189373 7602900 
0.0006 16499.178284 7215800 
0.0006 15812.785514 7165300 
0.0006 15425.413099 7579700 
0.0006 17618.500448 7138500 
0.0006 16056.310388 7064300 
0.0006 16119.484301 7207200 
0.0006 15775.193804 8207900 
0.0006 16451.597569 6843900 
0.0006 16928.202680 7690100 
0.0006 15737.004349 7290900 
0.0006 16451.506667 7366000 
0.0006 15849.832123 7103900 
0.0006 15877.914375 7345100 
0.0006 15310.918004 7088500 
0.0006 17184.983277 7242900 
0.0006 15985.862032 7521500 
0.0006 16807.188198 8045700 
0.0006 15965.700146 7488100 
0.0006 16406.604449 6839600 
0.0006 15658.964766 7492300 
0.0006 16859.825154 7179600 
0.0006 16163.186949 7637100 
0.0006 17150.238436 7151000 
0.0006 16669.120938 7277100 
0.0006 15489.744015 7360000 
0.0006 15577.281568 7788400 
0.0006 16016.884368 7656100 
0.0006 16483.588358 6630100 
0.0006 16645.786257 7190700 
0.0006 16670.790776 7043700 
0.0006 15996.225971 7213200 
0.0006 16997.909960 7360300 
0.0006 15414.242922 7296300 
0.0006 16692.172162 6752600 
0.0006 15968.236830 7230700 
0.0006 15438.269539 7656300 
0.0006 17626.448037 7408300 
0.0006 15716.552236 7661100 
0.0006 15785.466390 6849600 
0.0006 15705.395086 7521300 
0.0006 16070.205092 7381500 
0.0006 16347.716758 7343200 
0.0006 16909.100563 7637200 
0.0006 16080.438359 7524800 
0.0006 15296.093200 6882200 
0.0006 15689.344852 7402800 
0.0006 15205.548118 7261600 
0.0006 15547.676367 7171300 
0.0006 16135.192171 7417500 
0.0006 15681.372337 7354800 
0.0006 17823.692513 7445800 
0.0006 16385.264553 7525000 
0.0006 16371.829838 6932600 
0.0006 15709.683541 7108900 
0.0006 15198.293503 7046100 
0.0006 16713.972690 7458600 
0.0006 16187.432961 7198600 
0.0006 15850.706683 7723200 
0.0006 16711.671579 6869800 
0.0006 16275.232344 7207500 
0.0006 16363.262964 7371100 
0.0006 17069.436262 7378200 
0.0006 16320.589620 7502200 
0.0006 16788.408159 7047900 
0.0006 16246.229651 6958200 
0.0006 15895.005592 7448400 
0.0006 17871.573631 6815200 
0.0006 15468.173530 7679700 
0.0006 16561.834180 7037100 
0.0006 15842.365823 7123600 
0.0006 16292.422673 6958900 
0.0006 15577.996149 7655300 
0.0006 15847.510237 7071100 
0.0006 16465.999118 8059400 
0.0006 16936.393124 6625000 
0.0006 15408.295301 7125300 
0.0006 17537.367688 7144300 
0.0006 16800.664645 6749100 
0.0006 16436.810401 7475500 
0.0006 15304.135342 6689600 
0.0006 17093.645783 7306500 
0.0006 14914.188240 6913100 
0.0006 15803.213483 7206600 
0.0006 16340.692895 7678700 
0.0006 17429.188035 7222000 
0.0006 15652.642973 6751100 
0.0006 16873.212965 6974700 
0.0006 15293.758197 7099800 
0.0006 16198.605775 7106000 
0.0006 15217.800686 6656000 
0.0006 15320.507253 7470200 
0.0006 15145.088910 7770600 
0.0006 16027.570541 6863700 
0.0006 15448.553403 7176400 
0.0006 17538.039447 7625100 
0.0006 15641.232728 6734500 
0.0006 15321.106817 7260200 
0.0006 15560.242825 7089000 
0.0006 16228.879969 7290400 
0.0006 17373.341618 7435700 
0.00065 16655.806932 7288100 
0.00065 16131.184315 6462900 
0.00065 15801.383574 6454700 
0.00065 16437.473487 6643800 
0.00065 17141.429165 6862900 
0.00065 16040.263740 6296200 
0.00065 15459.153092 6293400 
0.00065 16171.980486 6237800 
0.00065 16083.055341 6550400 
0.00065 15839.440545 7235000 
0.00065 15794.693045 6656400 
0.00065 15999.983841 6168900 
0.00065 15801.649883 6486000 
0.00065 15583.720075 7517600 
0.00065 15917.930227 6744300 
0.00065 14615.416782 6676100 
0.00065 16784.308532 6630200 
0.00065 16281.487195 6664600 
0.00065 16472.329538 6771600 
0.00065 16572.650097 6441300 
0.00065 15662.537853 6736500 
0.00065 15978.131166 7819400 
0.00065 15552.668500 6424300 
0.00065 15868.372238 6738700 
0.00065 16363.521568 6447700 
0.00065 16306.312896 6676000 
0.00065 16213.324668 6928500 
0.00065 16448.433479 7623700 
0.00065 16054.842386 6649800 
0.00065 15409.522565 7039400 
0.00065 15734.525169 6181900 
0.00065 15461.639466 6937800 
0.00065 16546.796771 6538400 
0.00065 16313.871534 6407000 
0.00065 17486.981442 6521900 
0.00065 15523.388737 6869900 
0.00065 15675.832143 6964800 
0.00065 15873.099972 6722900 
0.00065 15920.215692 6784400 
0.00065 16378.848919 6897600 
0.00065 16152.782191 6443000 
0.00065 15894.520467 6640500 
0.00065 16737.389001 6487000 
0.00065 16159.127361 6521700 
0.00065 16232.275902 6515300 
0.00065 15581.537133 6414100 
0.00065 16194.600383 6344800 
0.00065 15825.353242 6483300 
0.00065 16227.416135 7413900 
0.00065 16869.860113 7277500 
0.00065 15315.581191 6766100 
0.00065 16076.571617 6984000 
0.00065 16289.659262 6381600 
0.00065 15612.515180 7079900 
0.00065 15491.063740 6883300 
0.00065 17050.652061 7185200 
0.00065 15697.953694 6665100 
0.00065 16020.764292 6451700 
0.00065 15977.437336 7103900 
0.00065 16758.794393 6618900 
0.00065 16538.713436 6586300 
0.00065 15858.268608 6188300 
0.00065 15839.541273 6683900 
0.00065 16173.690061 6013200 
0.00065 17257.742532 6749200 
0.00065 15383.879053 6725900 
0.00065 15204.363198 6513800 
0.00065 16617.457033 6528200 
0.00065 16798.199530 6793700 
0.00065 15623.701066 6718500 
0.00065 16477.217867 6343300 
0.00065 16169.615947 7184700 
0.00065 17098.015974 6696900 
0.00065 17194.013911 6762000 
0.00065 16346.675646 6645200 
0.00065 15519.350420 6453100 
0.00065 14980.602926 6655800 
0.00065 17030.653230 6745100 
0.00065 15825.981415 7003000 
0.00065 16931.494508 6942400 
0.00065 16044.704634 6352400 
0.00065 17264.745972 7850700 
0.00065 15306.139054 6172200 
0.00065 16742.349278 5937800 
0.00065 17282.442956 6832100 
0.00065 16206.297172 6467100 
0.00065 15853.700320 6990500 
0.00065 15791.699154 6199000 
0.00065 17476.844038 6620600 
0.00065 15234.783513 7470800 
0.00065 16436.038419 6520400 
0.00065 16115.141061 6677800 
0.00065 16086.702513 6803400 
0.00065 15419.159472 6190400 
0.00065 16159.564542 6799500 
0.00065 15174.682812 6575800 
0.00065 16877.695210 6702700 
0.00065 14912.383691 6369500 
0.00065 15048.610770 6512200 
0.00065 16998.792722 6611300 
0.0007 16957.648716 6043700 
0.0007 15698.728071 5878900 
0.0007 15782.456070 6133500 
0.0007 16295.610926 6193700 
0.0007 16861.727231 6530000 
0.0007 16017.563960 6159400 
0.0007 16091.944723 6314300 
0.0007 16539.848264 5975100 
0.0007 16060.852870 6419100 
0.0007 16343.057831 6366900 
0.0007 15756.108290 5987800 
0.0007 16131.210449 6159800 
0.0007 16979.745000 6554000 
0.0007 16258.706620 6347300 
0.0007 15746.121809 6003100 
0.0007 15246.437908 5728400 
0.0007 16117.486206 6091900 
0.0007 17011.670265 6566500 
0.0007 16318.260244 6286600 
0.0007 16601.990482 5763500 
0.0007 15451.184196 6576500 
0.0007 17239.398185 6827000 
0.0007 15269.411935 6431700 
0.0007 15801.779245 6186400 
0.0007 15389.774331 6064900 
0.0007 15060.114546 6378800 
0.0007 16212.002075 6374200 
0.0007 15675.380028 6263700 
0.0007 16561.516469 6506900 
0.0007 16726.561838 6675500 
0.0007 15807.404951 7194500 
0.0007 16205.765314 6429100 
0.0007 15349.136624 6246400 
0.0007 16498.366130 5913200 
0.0007 16897.477433 6280100 
0.0007 15901.000967 6363400 
0.0007 16059.147910 6033800 
0.0007 16689.302761 6501500 
0.0007 17143.566845 6375200 
0.0007 16743.102165 6228000 
0.0007 15545.213776 6357200 
0.0007 15790.979903 6329800 
0.0007 17193.747018 6194100 
0.0007 15861.179666 6089600 
0.0007 17173.991919 6700800 
0.0007 16011.113491 6492100 
0.0007 16082.588845 5959900 
0.0007 15742.131216 6707400 
0.0007 16819.911287 5971800 
0.0007 16618.133173 6144100 
0.0007 16386.958197 6460700 
0.0007 16905.905514 6875700 
0.0007 17067.737213 6683900 
0.0007 15859.828776 6820300 
0.0007 16237.201576 6190400 
0.0007 16324.120296 5943900 
0.0007 16609.237100 6535500 
0.0007 16465.697860 7226200 
0.0007 17489.079545 6571800 
0.0007 15436.346569 6185000 
0.0007 16250.326588 6289100 
0.0007 16160.662848 6445000 
0.0007 14807.905578 6227100 
0.0007 16701.681772 5670500 
0.0007 16257.178085 6587500 
0.0007 16087.117381 6131300 
0.0007 15867.741472 6648800 
0.0007 15921.954991 5840000 
0.0007 16072.322132 6375300 
0.0007 16514.884053 6164000 
0.0007 15601.040265 6266700 
0.0007 15385.092136 6060700 
0.0007 17888.294664 6261500 
0.0007 16444.714683 6549000 
0.0007 16782.612610 5888300 
0.0007 15665.591260 5992700 
0.0007 15448.822662 6257900 
0.0007 15282.301569 5682400 
0.0007 17199.479623 6188200 
0.0007 16368.688486 6256200 
0.0007 16990.358042 5912400 
0.0007 16923.648674 6203800 
0.0007 16947.131388 6221300 
0.0007 16756.936323 5983000 
0.0007 16435.262512 6658700 
0.0007 16319.508241 6017300 
0.0007 16443.454158 6512000 
0.0007 16378.519581 6484000 
0.0007 16693.501206 6613900 
0.0007 16255.934534 6113100 
0.0007 17379.932003 6632300 
0.0007 16030.180434 5803400 
0.0007 16111.838640 6030900 
0.0007 17103.293649 6194700 
0.0007 16576.171071 6178600 
0.0007 15850.141284 6892000 
0.0007 14934.333293 6347600 
0.0007 17223.280691 6354700 
0.0007 16785.982241 5860400 
0.0007 17386.383875 6334400 
0.00075 16323.039779 5818400 
0.00075 15772.875135 5969200 
0.00075 15577.250868 5797900 
0.00075 16255.563739 5871000 
0.00075 15188.309128 5804000 
0.00075 16091.743341 5926200 
0.00075 16950.565399 6355500 
0.00075 15846.846510 5819100 
0.00075 16405.291928 5847300 
0.00075 15513.179448 5646600 
0.00075 16546.516388 6110100 
0.00075 16651.614968 5729500 
0.00075 16189.832044 5693900 
0.00075 15732.289243 5484600 
0.00075 14655.512310 5404400 
0.00075 15402.142154 5748100 
0.00075 16872.730033 6026100 
0.00075 16324.546416 5741400 
0.00075 15335.366147 5800200 
0.00075 15554.093537 5786500 
0.00075 16124.963797 6322300 
0.00075 16062.920829 5904300 
0.00075 16632.950109 6465800 
0.00075 15676.888013 5895100 
0.00075 15216.009603 5936900 
0.00075 16387.613160 6318600 
0.00075 16560.964297 5796500 
0.00075 16038.730488 5686300 
0.00075 16885.534906 5359000 
0.00075 16069.246627 5996000 
0.00075 15709.222939 5556900 
0.00075 15476.494593 6031600 
0.00075 16269.547779 5603100 
0.00075 17937.680433 6475800 
0.00075 16427.976294 5553100 
0.00075 18139.529800 6228600 
0.00075 15662.114045 5506200 
0.00075 15216.214273 5822800 
0.00075 15560.613951 5200800 
0.00075 15910.321872 6052800 
0.00075 16690.287075 5553400 
0.00075 17405.357050 5935700 
0.00075 15734.819393 5621400 
0.00075 17003.445064 6610600 
0.00075 15281.550325 5965600 
0.00075 15907.982556 6160800 
0.00075 15871.156734 5860600 
0.00075 16975.119686 6097000 
0.00075 15991.406023 5478700 
0.00075 18087.632524 5754600 
0.00075 16509.692987 5864400 
0.00075 15326.825205 5845200 
0.00075 16433.883077 5624600 
0.00075 15809.297168 5947400 
0.00075 17370.479453 5851500 
0.00075 16724.857453 5282200 
0.00075 15606.639676 5960500 
0.00075 16774.577991 5451500 
0.00075 15692.392976 6010800 
0.00075 16361.101922 6010400 
0.00075 16252.494241 5801900 
0.00075 15669.106430 5765700 
0.00075 16989.613187 5722800 
0.00075 16253.734867 5463800 
0.00075 17020.799713 5812700 
0.00075 16556.762334 5861500 
0.00075 16611.188287 5940300 
0.00075 15974.156817 5807600 
0.00075 16246.708819 5838800 
0.00075 15609.852257 5850700 
0.00075 15252.501938 5796700 
0.00075 16496.801984 6004400 
0.00075 17404.271118 6933700 
0.00075 15648.372016 5844900 
0.00075 15520.317063 5576500 
0.00075 15808.626268 5981300 
0.00075 14606.558209 6083500 
0.00075 16371.675290 5874700 
0.00075 16680.614679 5675300 
0.00075 16352.242835 6014800 
0.00075 15292.532011 5968900 
0.00075 16393.874081 5431100 
0.00075 15392.202180 5711800 
0.00075 16601.159671 5826700 
0.00075 16172.616032 6015600 
0.00075 16667.194955 5814100 
0.00075 16408.453958 5799700 
0.00075 17029.404397 5467900 
0.00075 15774.039206 5902100 
0.00075 15064.615144 5784600 
0.00075 15135.063406 5526700 
0.00075 15602.475888 6140900 
0.00075 15832.825881 6180600 
0.00075 15492.959063 5901700 
0.00075 15382.739627 5690700 
0.00075 15483.861155 5695100 
0.00075 15483.635902 5938800 
0.00075 15686.814397 5571000 
0.00075 16507.405487 5430100 
0.00075 15453.494240 6001900 
0.0008 16667.744037 5813400 
0.0008 17048.334427 5630100 
0.0008 16505.853624 5674100 
0.0008 16485.673356 5488000 
0.0008 15717.041383 5456200 
0.0008 16378.757356 5265900 
0.0008 16454.024095 5446100 
0.0008 16462.588876 5190000 
0.0008 15696.257824 5713100 
0.0008 16107.005839 5511400 
0.0008 16862.950577 5036200 
0.0008 17207.234193 5463700 
0.0008 17670.619445 5270200 
0.0008 14588.393695 5308100 
0.0008 15635.350605 5320200 
0.0008 16894.544200 5996600 
0.0008 16099.254283 5459700 
0.0008 15544.492945 5788000 
0.0008 16283.170577 5575200 
0.0008 16132.752032 5605300 
0.0008 17199.543569 5779500 
0.0008 15804.126170 5477600 
0.0008 16972.681039 5260000 
0.0008 15518.335974 5129900 
0.0008 16732.956976 5108400 
0.0008 16141.808750 5332800 
0.0008 16674.830724 5555400 
0.0008 15180.903495 5567200 
0.0008 16066.882166 5133100 
0.0008 16982.452389 5571000 
0.0008 17076.725798 5528000 
0.0008 17440.796001 5395900 
0.0008 16068.033376 5645900 
0.0008 15925.591244 5246800 
0.0008 16053.917549 5113200 
0.0008 17025.551487 5631800 
0.0008 16000.895893 5453500 
0.0008 16786.599334 5685900 
0.0008 16439.358522 5556500 
0.0008 15821.967204 5254700 
0.0008 15830.515545 5516200 
0.0008 16513.258111 6166100 
0.0008 15870.176741 5692000 
0.0008 16196.130692 5451800 
0.0008 16083.885886 5100600 
0.0008 15515.186302 5609900 
0.0008 16452.750531 5144700 
0.0008 16562.800169 5956200 
0.0008 15697.563103 5674100 
0.0008 15472.417066 5772000 
0.0008 16009.313818 5658300 
0.0008 15866.735306 5533800 
0.0008 15772.753634 6191000 
0.0008 16266.505999 5566600 
0.0008 16467.128451 5009800 
0.0008 16294.204466 5412200 
0.0008 15593.400693 5083100 
0.0008 16117.738874 5300300 
0.0008 16979.797292 5138000 
0.0008 16816.620616 5772900 
0.0008 16569.911335 5144000 
0.0008 15557.965318 5336400 
0.0008 16898.978620 5518500 
0.0008 16085.688846 5627700 
0.0008 15901.777238 5412300 
0.0008 16637.055388 5793900 
0.0008 15586.234635 5297300 
0.0008 15932.047594 5895800 
0.0008 16638.051527 5660100 
0.0008 16158.068649 5266100 
0.0008 15929.076308 5841000 
0.0008 15849.057085 5533600 
0.0008 15663.326605 5436000 
0.0008 15876.738591 5561300 
0.0008 16779.808311 5333600 
0.0008 17214.887045 5077300 
0.0008 15870.018934 5192200 
0.0008 15778.832846 6298600 
0.0008 15716.410431 5469500 
0.0008 16214.070447 5914500 
0.0008 15525.623102 5201100 
0.0008 15469.955821 5595000 
0.0008 16321.572620 5305800 
0.0008 15881.372619 5419900 
0.0008 15801.770615 5539000 
0.0008 16545.483130 5411000 
0.0008 17299.974201 5265300 
0.0008 16895.752043 5643600 
0.0008 17190.264019 5522000 
0.0008 16294.403175 5838800 
0.0008 16655.040987 5517800 
0.0008 15344.057393 5537000 
0.0008 14976.345102 5515900 
0.0008 16501.653182 5572300 
0.0008 15270.055595 6019800 
0.0008 15012.614443 5168000 
0.0008 15722.506920 5280200 
0.0008 16281.311111 5754700 
0.0008 15665.359376 5524800 
0.0008 15633.205782 5483500 
0.00085 15814.434403 5107700 
0.00085 16397.161676 5219100 
0.00085 16030.283178 5584000 
0.00085 16174.363927 5005200 
0.00085 16729.746606 5568000 
0.00085 17323.996063 5337400 
0.00085 15916.340536 5393100 
0.00085 16559.670524 5549500 
0.00085 16020.932992 5082300 
0.00085 16865.449101 5524000 
0.00085 17581.366495 4973700 
0.00085 14834.339697 5020400 
0.00085 17476.645821 4972800 
0.00085 16215.087516 5094500 
0.00085 16351.031980 4896600 
0.00085 16037.965262 5155500 
0.00085 17736.655810 5198300 
0.00085 15321.107627 4929000 
0.00085 15941.566078 5279600 
0.00085 16884.077776 5537000 
0.00085 16041.432242 5469300 
0.00085 16292.654423 5113500 
0.00085 16739.291416 5151600 
0.00085 15840.212448 5139600 
0.00085 16344.763875 5500200 
0.00085 16269.971582 5137600 
0.00085 16843.092556 5107300 
0.00085 17084.736760 5638100 
0.00085 14764.787964 5197100 
0.00085 15903.106042 5425800 
0.00085 16423.370989 4900300 
0.00085 15507.410071 4912400 
0.00085 16762.982999 5638300 
0.00085 15097.451307 5240800 
0.00085 15662.771413 5027000 
0.00085 15553.637224 4980600 
0.00085 16749.643377 5157900 
0.00085 16736.539293 5395800 
0.00085 16729.250033 4858400 
0.00085 16078.442390 5526200 
0.00085 15883.726843 5031900 
0.00085 15367.345348 5059300 
0.00085 16794.714136 5955600 
0.00085 15295.917733 4982100 
0.00085 16950.203319 4900600 
0.00085 16087.214403 4918400 
0.00085 16425.199753 5400000 
0.00085 16003.277341 5150400 
0.00085 16087.053137 5375400 
0.00085 15268.950498 5196900 
0.00085 16881.981001 5099200 
0.00085 16112.170523 5502000 
0.00085 15484.990857 4695400 
0.00085 17708.257102 5657000 
0.00085 15114.974842 5044000 
0.00085 15642.128286 5271500 
0.00085 16309.339695 5137500 
0.00085 15639.536348 5281600 
0.00085 17079.627089 5299400 
0.00085 16168.479503 5531900 
0.00085 16334.770429 5366400 
0.00085 15744.656602 5143300 
0.00085 15968.304067 5216000 
0.00085 16332.110013 5163300 
0.00085 17035.259161 5564100 
0.00085 16221.579925 5230200 
0.00085 15936.400625 5254300 
0.00085 15877.262337 5692500 
0.00085 15729.376828 5055000 
0.00085 16057.713456 5233300 
0.00085 16470.842742 5255400 
0.00085 17482.963829 5106100 
0.00085 16781.851449 4990700 
0.00085 16378.549482 5592100 
0.00085 17091.885675 4946800 
0.00085 16260.711114 5543800 
0.00085 16236.934554 4932900 
0.00085 16012.857486 4795700 
0.00085 16048.173529 5031300 
0.00085 16935.437628 5412200 
0.00085 16076.465085 5344100 
0.00085 16785.985406 4844700 
0.00085 15833.211156 5247900 
0.00085 16232.166191 5058100 
0.00085 16780.726284 5033700 
0.00085 17627.581719 5047800 
0.00085 15942.083474 5379800 
0.00085 15357.220477 5035800 
0.00085 15961.988040 5285300 
0.00085 15414.479540 5043000 
0.00085 16223.910114 5140400 
0.00085 16008.902859 4815000 
0.00085 15848.992626 5277500 
0.00085 16656.519297 5283300 
0.00085 17051.194317 5015800 
0.00085 15205.209882 5079200 
0.00085 15625.809490 5346300 
0.00085 15249.103396 4651400 
0.00085 16141.943349 5634200 
0.00085 14856.816835 5433500 
0.0009 17989.998773 5138600 
0.0009 16565.720713 4933800 
0.0009 16485.106177 4991400 
0.0009 15853.949117 4770700 
0.0009 16681.316384 5271800 
0.0009 16863.244613 4802300 
0.0009 16474.523269 4693500 
0.0009 17446.066407 4695600 
0.0009 16009.540196 4632200 
0.0009 14746.820974 4991500 
0.0009 15606.168144 4832600 
0.0009 17356.691995 5171100 
0.0009 16481.547835 4870200 
0.0009 16317.888002 4482900 
0.0009 15824.197335 4867900 
0.0009 15730.458466 4738700 
0.0009 16442.892295 5254200 
0.0009 17545.368224 4887100 
0.0009 16001.259976 5026000 
0.0009 17488.535139 4929100 
0.0009 15435.153537 5167200 
0.0009 17595.536168 5029300 
0.0009 15172.954323 4302600 
0.0009 17393.406534 4705500 
0.0009 16507.708136 4636800 
0.0009 16198.692193 4549600 
0.0009 16878.179770 5883500 
0.0009 17518.588154 4713300 
0.0009 16483.622598 5178700 
0.0009 16722.863112 5160000 
0.0009 15885.659631 5109600 
0.0009 16749.388278 4556000 
0.0009 16212.789815 5355800 
0.0009 15915.115722 4895300 
0.0009 16309.529436 5132200 
0.0009 16536.814701 4796400 
0.0009 16299.674976 4694600 
0.0009 15508.035407 5176800 
0.0009 16176.313861 5157700 
0.0009 16457.640910 5013900 
0.0009 17658.154638 4854600 
0.0009 16153.130042 4791200 
0.0009 17788.588249 4722000 
0.0009 16270.827703 5147000 
0.0009 16444.632327 4948700 
0.0009 16343.342696 4771500 
0.0009 15859.109928 4608700 
0.0009 16424.366469 4927000 
0.0009 15771.546022 5051900 
0.0009 16459.122330 4650700 
0.0009 16037.347897 4710200 
0.0009 15975.663977 4741400 
0.0009 16815.648570 4775800 
0.0009 16421.102618 4774300 
0.0009 17468.438920 5107300 
0.0009 16857.422340 5171800 
0.0009 16190.702533 4731500 
0.0009 16436.779379 4780400 
0.0009 15972.161380 5035300 
0.0009 16804.372213 4676600 
0.0009 15406.995422 4904800 
0.0009 17051.781687 4844300 
0.0009 17027.656829 5055900 
0.0009 15416.495101 4702600 
0.0009 15253.087839 4810500 
0.0009 16034.702164 5042800 
0.0009 16801.317634 5044800 
0.0009 17801.819525 5275200 
0.0009 16739.896992 5125900 
0.0009 16620.008558 4628000 
0.0009 16207.721830 4756500 
0.0009 15715.445624 4925300 
0.0009 17284.619152 4758100 
0.0009 14624.552373 4896700 
0.0009 16949.541084 5211400 
0.0009 17102.330231 4936000 
0.0009 16635.518432 4546000 
0.0009 16260.213361 5093300 
0.0009 15546.567533 4871500 
0.0009 17046.340742 4813400 
0.0009 16356.884326 5263800 
0.0009 16467.910281 5117300 
0.0009 15557.070688 4843500 
0.0009 16128.107931 4830000 
0.0009 15118.519078 4817400 
0.0009 16702.866014 5273000 
0.0009 15544.925295 5070400 
0.0009 15760.396744 5269000 
0.0009 16926.625045 4846900 
0.0009 15933.239935 5423200 
0.0009 16343.349789 4610300 
0.0009 17344.120317 5129500 
0.0009 16175.318918 5076300 
0.0009 17057.317519 4730400 
0.0009 17264.963584 4672100 
0.0009 17098.892701 4992400 
0.0009 15717.158916 5180800 
0.0009 16500.545565 5116900 
0.0009 16080.350002 4497200 
0.0009 16159.501954 5149700 
0.00095 16688.332519 5024400 
0.00095 15785.362067 4742800 
0.00095 16374.111553 5212200 
0.00095 15929.913659 4579000 
0.00095 17258.748836 4462900 
0.00095 17025.904899 4529600 
0.00095 16925.514909 4897900 
0.00095 15339.031274 4908800 
0.00095 16048.615539 4535500 
0.00095 15877.143796 4615800 
0.00095 16709.109648 4947000 
0.00095 15971.999548 4636800 
0.00095 15978.728837 4697600 
0.00095 16802.898157 4464100 
0.00095 16853.481467 4706100 
0.00095 15741.080578 5424000 
0.00095 15594.632096 4628400 
0.00095 16164.024554 4495200 
0.00095 16267.164339 4553400 
0.00095 17351.594356 4648100 
0.00095 16092.047907 4567800 
0.00095 15501.040142 4709200 
0.00095 16074.756892 4852500 
0.00095 16589.506153 4758200 
0.00095 15932.104053 4762500 
0.00095 17586.451788 4613100 
0.00095 16564.724216 4492700 
0.00095 16864.212480 4858800 
0.00095 15426.587653 4551700 
0.00095 16490.157772 4779500 
0.00095 16752.574584 4685200 
0.00095 15673.037220 4610200 
0.00095 17413.272588 4575500 
0.00095 16910.652323 4784200 
0.00095 16287.420832 4828200 
0.00095 17097.316626 4958000 
0.00095 15833.179447 4528300 
0.00095 16274.862324 4506400 
0.00095 16581.592864 4668800 
0.00095 16005.892201 4704100 
0.00095 16298.567821 4861500 
0.00095 16250.325909 4989100 
0.00095 15815.458766 4870800 
0.00095 17496.768589 4750300 
0.00095 16156.034333 4486600 
0.00095 16737.972486 4464800 
0.00095 16118.716380 4584900 
0.00095 17563.822097 4861300 
0.00095 16700.232842 4330700 
0.00095 16390.746766 4555700 
0.00095 16246.720122 4743100 
0.00095 16031.995779 4956800 
0.00095 17231.282897 5029900 
0.00095 16913.859440 5080800 
0.00095 16461.324173 4515200 
0.00095 15427.481787 4749000 
0.00095 17587.992045 4791500 
0.00095 16279.029998 4745300 
0.00095 15455.433649 4314800 
0.00095 17432.112072 4642400 
0.00095 17210.587862 4489700 
0.00095 15805.974617 5268500 
0.00095 16456.102607 4730500 
0.00095 15986.823450 5256200 
0.00095 16339.335181 4816600 
0.00095 15640.844703 5037300 
0.00095 16091.334081 4703500 
0.00095 15939.366302 4455200 
0.00095 16023.236583 4672500 
0.00095 16589.408137 4629000 
0.00095 15780.908816 4354400 
0.00095 17075.680484 4561100 
0.00095 16040.683090 4405800 
0.00095 17067.204051 4843400 
0.00095 16176.474856 4503600 
0.00095 16077.414307 4662600 
0.00095 17704.403910 4495300 
0.00095 16260.037288 4985200 
0.00095 15295.390244 4563000 
0.00095 14853.197462 4333600 
0.00095 16769.874062 4544300 
0.00095 15569.474085 4494300 
0.00095 16280.269385 4266500 
0.00095 15573.167617 4642800 
0.00095 16895.958594 5983200 
0.00095 16669.869093 4630600 
0.00095 15429.044918 4427500 
0.00095 16465.684848 4470100 
0.00095 16561.539685 4771400 
0.00095 15959.504781 4341600 
0.00095 16301.403449 4689700 
0.00095 17128.697519 4749600 
0.00095 15478.954175 4770900 
0.00095 16071.667227 5064200 
0.00095 17517.736251 4747300 
0.00095 15246.765893 4535800 
0.00095 16074.563835 4642900 
0.00095 16702.612351 4240200 
0.00095 16264.464299 4596200 
0.00095 15352.072986 4821900 
0.00001 15106.310770 402947600 
0.00001 14464.915503 394232800 
0.00001 14406.118192 390022000 
0.00001 14532.955124 388877900 
0.00001 15026.713361 405332000 
0.00001 14382.995934 384609400 
0.00001 14406.118192 394843200 
0.00001 15049.346651 389325400 
0.00001 14443.223295 397738600 
0.00001 14614.517013 396936000 
0.00001 14406.118192 391272200 
0.00001 15005.291800 404143900 
0.00001 14503.504701 393390200 
0.00001 15167.386381 397102500 
0.00001 15033.436710 399440600 
0.00001 15202.364974 390367800 
0.00001 14488.541128 399897500 
0.00001 14428.754292 388119100 
0.00001 15016.072283 397730900 
0.00001 14495.584584 398671300 
0.00001 15321.383686 401523100 
0.00001 14406.118192 389580800 
0.00001 14760.768650 391390400 
0.00001 14382.995933 393375800 
0.00001 15070.135245 387488300 
0.00001 15237.293210 391548600 
0.00001 15408.601145 397402100 
0.00001 14755.138300 389017800 
0.00001 14382.995934 386495500 
0.00001 15442.402881 399904800 
0.00001 14382.995933 392491600 
0.00001 14464.915503 393495100 
0.00001 15542.504611 405288300 
0.00001 14441.793244 386768800 
0.00001 14441.793244 381926300 
0.00001 14794.260754 393010900 
0.00001 15048.022252 414910600 
0.00001 15012.650088 422344100 
0.00001 14382.995934 396701400 
0.00001 14555.722513 402824100 
0.00001 15235.127233 405058500 
0.00001 15155.972366 418133200 
0.00001 15060.705132 431388400 
0.00001 14503.504701 392844700 
0.00001 15268.562354 426643000 
0.00001 14518.658046 402801100 
0.00001 14406.118192 395815700 
0.00001 14938.923516 391165500 
0.00001 14382.995933 388653900 
0.00001 14420.101037 388319000 
0.00001 15309.306368 401552600 
0.00001 14382.995933 382034900 
0.00001 14493.788172 400780300 
0.00001 15667.267714 391323100 
0.00001 15130.752317 403640000 
0.00001 14573.709996 382563800 
0.00001 15095.650271 393059400 
0.00001 15412.404835 403326000 
0.00001 14754.376425 400690500 
0.00001 14796.093749 388486000 
0.00001 15204.876976 400041000 
0.00001 14456.853542 383577700 
0.00001 15033.461751 396524800 
0.00001 14382.995933 380904500 
0.00001 15549.598429 406479400 
0.00001 14620.636218 400757500 
0.00001 14885.404054 396305300 
0.00001 14594.989565 420221400 
0.00001 14515.961962 382950100 
0.00001 14520.804174 394268600 
0.00001 14406.118192 398198400 
0.00001 14539.546531 395591900 
0.00001 14958.979357 381367100 
0.00001 14428.754292 395930200 
0.00001 15153.714472 416504200 
0.00001 14571.383493 390464400 
0.00001 15194.432249 407276800 
0.00001 15549.243951 409960300 
0.00001 14988.320742 401096900 
0.00001 15173.641041 394866500 
0.00001 15151.014200 409368000 
0.00001 14416.647733 382260100 
0.00001 15185.985621 416783900 
0.00001 14488.541128 398790400 
0.00001 14462.726897 382138700 
0.00001 14546.856712 391480300 
0.00001 14510.242203 388579600 
0.00001 14406.118192 396079300 
0.00001 14554.455974 382143500 
0.00001 14558.363143 407619000 
0.00001 14406.118192 394361100 
0.00001 14616.863803 392222600 
0.00001 14497.681915 384547300 
0.00001 15309.495335 403989400 
0.00001 14825.412517 389969800 
0.00001 14775.159036 420660200 
0.00001 14428.754292 394163900 
0.00001 14645.273994 398726300 
0.00001 15012.650088 432656100 
0.00001 14382.995933 388997900 
0.000015 15486.119752 261524700 
0.000015 15125.886529 290598900 
0.000015 14406.118192 257191800 
0.000015 14519.327920 260243100 
0.000015 15061.748091 256787800 
0.000015 14762.276950 271628900 
0.000015 15309.648459 262331700 
0.000015 14382.995933 265559100 
0.000015 14886.782223 259548200 
0.000015 14565.758132 272396100 
0.000015 15390.813253 281596000 
0.000015 14420.101037 260940300 
0.000015 15070.507533 266276000 
0.000015 15798.404749 267542100 
0.000015 15199.360702 273367600 
0.000015 14629.340546 265276200 
0.000015 14382.995933 259482900 
0.000015 14775.511422 283348200 
0.000015 14777.152539 273794800 
0.000015 15096.581441 276618400 
0.000015 15204.911742 260482500 
0.000015 15156.738325 266519200 
0.000015 15607.070534 260725400 
0.000015 15331.730293 265811300 
0.000015 14439.769992 263041100 
0.000015 15547.685024 268923100 
0.000015 14549.509255 277880500 
0.000015 14382.995933 265746600 
0.000015 14882.898056 263998800 
0.000015 15302.696787 268179400 
0.000015 14495.584584 267511600 
0.000015 15552.721908 266990600 
0.000015 15106.833720 270073500 
0.000015 14578.125231 262250200 
0.000015 15003.187249 260656100 
0.000015 14549.987936 266105700 
0.000015 15048.843252 275948800 
0.000015 15002.227760 262529100 
0.000015 14776.515492 275504400 
0.000015 15111.801208 272045500 
0.000015 15059.415714 274081000 
0.000015 15070.903854 263899300 
0.000015 15049.408823 288669900 
0.000015 14382.995934 262489000 
0.000015 15131.111258 271736400 
0.000015 14655.572735 257650200 
0.000015 15471.765332 271083900 
0.000015 14439.769992 262192400 
0.000015 14406.118192 260051800 
0.000015 14549.509255 284402900 
0.000015 15346.168193 274148200 
0.000015 14596.560735 260238900 
0.000015 14607.422717 282371600 
0.000015 14957.340952 265069500 
0.000015 14629.752294 257305900 
0.000015 15519.413986 269138000 
0.000015 14681.728054 263154100 
0.000015 15330.460016 269531000 
0.000015 14689.164110 262435700 
0.000015 14451.876551 260959300 
0.000015 14648.179999 268873600 
0.000015 15214.195469 288514400 
0.000015 14853.087595 259501400 
0.000015 14526.626960 256997900 
0.000015 14757.763487 262823400 
0.000015 14382.995933 258538200 
0.000015 14909.220079 263023100 
0.000015 14572.255123 266275300 
0.000015 14491.776501 266942700 
0.000015 15338.168303 274140000 
0.000015 15409.833071 270546100 
0.000015 14382.995934 264740900 
0.000015 14581.733111 270777400 
0.000015 15262.858293 258420300 
0.000015 14921.409720 262737500 
0.000015 14428.754292 262457200 
0.000015 15388.522366 265652900 
0.000015 15123.057936 261000900 
0.000015 14659.553897 261723100 
0.000015 15476.004459 288603100 
0.000015 15289.342722 278993400 
0.000015 15049.189621 270193600 
0.000015 15320.936581 276039000 
0.000015 14416.647733 262728000 
0.000015 15086.724884 260137200 
0.000015 15087.329408 265813000 
0.000015 14787.535744 277136800 
0.000015 15089.406137 259125100 
0.000015 14754.186400 258864200 
0.000015 14406.118192 260620300 
0.000015 14605.331943 255921700 
0.000015 14868.091212 259947400 
0.000015 14495.535787 264160500 
0.000015 14439.702605 266569700 
0.000015 15637.587813 259866500 
0.000015 14416.647733 260114300 
0.000015 14549.987935 263335800 
0.000015 15087.363813 263479100 
0.000015 15064.043951 269537400 
0.000015 14382.995933 270391900 
0.00002 15403.378930 204910200 
0.00002 15333.982894 200042000 
0.00002 14546.534632 198607500 
0.00002 15205.927216 204017000 
0.00002 14574.823894 197398200 
0.00002 14406.118192 199481100 
0.00002 15447.890972 199165300 
0.00002 15404.820556 202126000 
0.00002 15475.956255 207899700 
0.00002 15227.029682 200439200 
0.00002 14863.874082 191386900 
0.00002 14884.393161 206165900 
0.00002 15494.256116 207036800 
0.00002 14518.658046 201227500 
0.00002 15007.343169 195495000 
0.00002 14503.504701 200266900 
0.00002 14600.194447 196489200 
0.00002 15298.489000 211598800 
0.00002 14838.773404 191732300 
0.00002 14473.354405 196523000 
0.00002 14922.756852 195300900 
0.00002 14859.771114 201131500 
0.00002 15193.659912 192619600 
0.00002 14899.017037 191245700 
0.00002 15154.513012 206480700 
0.00002 14439.702605 194385700 
0.00002 14925.020280 196641900 
0.00002 14501.770480 196777600 
0.00002 14626.665264 200331400 
0.00002 15240.479301 200491500 
0.00002 14592.014943 206913600 
0.00002 14937.788166 200880400 
0.00002 15333.076986 207394200 
0.00002 15049.408823 213559700 
0.00002 14382.995934 202616700 
0.00002 15242.762219 198340600 
0.00002 15190.805381 199928800 
0.00002 15071.416291 199144700 
0.00002 14588.529342 197232600 
0.00002 15374.561251 203851000 
0.00002 15337.729820 203236300 
0.00002 15080.393069 200405500 
0.00002 14661.760288 200068700 
0.00002 14574.906161 195103800 
0.00002 15450.850210 196485800 
0.00002 14992.697045 200704800 
0.00002 14675.526695 206849800 
0.00002 14382.995933 196193100 
0.00002 15557.097005 208701200 
0.00002 15258.179353 202405700 
0.00002 15473.553203 206905100 
0.00002 15417.305588 200007800 
0.00002 15508.090880 216885200 
0.00002 15236.227947 203906200 
0.00002 14879.925629 198615500 
0.00002 15267.709274 209273000 
0.00002 15177.674714 206628500 
0.00002 14628.108488 202256100 
0.00002 15068.469045 201565900 
0.00002 15229.097801 208666100 
0.00002 14406.118192 196138300 
0.00002 14958.247389 189581800 
0.00002 15061.073061 196849700 
0.00002 15004.161323 199333300 
0.00002 14946.204203 205969100 
0.00002 15028.453503 204420700 
0.00002 15369.463659 206561300 
0.00002 14816.342992 202150200 
0.00002 15149.579128 199600800 
0.00002 14382.995934 197723500 
0.00002 14620.439306 194226900 
0.00002 14586.614358 197609400 
0.00002 15748.210887 203728500 
0.00002 14382.995933 202107500 
0.00002 15084.559453 207710500 
0.00002 14487.678691 195607300 
0.00002 14749.604006 202430800 
0.00002 14394.551141 201123700 
0.00002 14503.504701 197096300 
0.00002 15310.855613 205439800 
0.00002 15364.344869 191356800 
0.00002 15622.145553 212582900 
0.00002 14994.442135 193523600 
0.00002 14406.118192 202302600 
0.00002 15618.037182 216424700 
0.00002 15521.676739 203594100 
0.00002 15169.870704 205491600 
0.00002 15102.478794 201495600 
0.00002 14382.995933 196218300 
0.00002 15578.476134 204396600 
0.00002 14627.061217 200684300 
0.00002 14631.318248 201003600 
0.00002 14420.101037 198875000 
0.00002 14566.497851 206584400 
0.00002 15180.403455 212567300 
0.00002 15164.403590 195612200 
0.00002 14464.915503 198381200 
0.00002 14682.493549 196875600 
0.00002 14549.509255 207774700 
0.00002 15528.326471 206654100 
0.000025 15802.713241 162130100 
0.000025 15168.181712 165964700 
0.000025 14982.973193 160602300 
0.000025 15391.996137 174144400 
0.000025 15044.236563 164802700 
0.000025 14452.197356 156062900 
0.000025 14500.888641 159336900 
0.000025 15431.010855 167273500 
0.000025 14416.647733 159092300 
0.000025 15423.472857 171280100 
0.000025 14986.186671 160811600 
0.000025 14701.021002 155638200 
0.000025 14459.048382 156857500 
0.000025 15365.103575 166399600 
0.000025 15268.534028 156755000 
0.000025 15309.495335 161345600 
0.000025 15108.163454 163407200 
0.000025 15127.969106 153523000 
0.000025 15711.522154 172180100 
0.000025 14516.935420 156978500 
0.000025 14589.562833 157345800 
0.000025 15533.983619 161629700 
0.000025 15211.954787 163747900 
0.000025 14382.995933 155014700 
0.000025 14406.118192 158064100 
0.000025 15169.439106 165273000 
0.000025 14482.310162 155478200 
0.000025 14443.223295 159829500 
0.000025 14784.975033 161385400 
0.000025 15061.270702 175595000 
0.000025 15150.388614 158151400 
0.000025 15321.562754 152615400 
0.000025 14780.779011 158685400 
0.000025 15280.753860 177443400 
0.000025 16081.376338 171140300 
0.000025 14615.552252 165692500 
0.000025 15229.561904 170993000 
0.000025 15068.730907 166830300 
0.000025 15400.033125 171664200 
0.000025 15513.827986 178060800 
0.000025 14617.548579 157588600 
0.000025 15608.969687 165489000 
0.000025 14940.039720 158018200 
0.000025 14750.070424 161074800 
0.000025 14607.372097 155952000 
0.000025 14406.118192 159606100 
0.000025 14579.601485 151768700 
0.000025 15510.495814 162822800 
0.000025 14996.837392 156802400 
0.000025 15146.369030 154848500 
0.000025 15789.686278 164422700 
0.000025 14406.118192 156930700 
0.000025 15261.942745 159123400 
0.000025 15163.077241 172248100 
0.000025 15512.836269 166010600 
0.000025 15409.061227 173163500 
0.000025 14516.824326 157320500 
0.000025 15258.975162 171144500 
0.000025 14382.995933 159071900 
0.000025 14382.995933 155776500 
0.000025 15725.495470 163773400 
0.000025 14837.459876 159309200 
0.000025 15000.739848 155378900 
0.000025 14658.841182 156400000 
0.000025 15405.265082 161840400 
0.000025 15419.933661 157824400 
0.000025 15243.268981 156444400 
0.000025 14977.708705 164680300 
0.000025 14420.101037 160325400 
0.000025 15637.358106 168788600 
0.000025 14654.256558 156346500 
0.000025 15254.566132 155684600 
0.000025 14692.687656 163287300 
0.000025 14918.566786 165202100 
0.000025 15170.213601 161157600 
0.000025 14382.995933 156110900 
0.000025 15971.739080 164187800 
0.000025 14957.471926 158866300 
0.000025 14482.310162 155944400 
0.000025 14420.101037 156423900 
0.000025 15639.444028 160623800 
0.000025 14420.101037 157326500 
0.000025 15263.509366 169320100 
0.000025 15183.235959 149707500 
0.000025 14549.509255 168513600 
0.000025 14962.038420 161387100 
0.000025 14382.995933 158981800 
0.000025 14474.561196 153799900 
0.000025 14565.758132 158912000 
0.000025 15294.250425 160472700 
0.000025 14549.509255 170691400 
0.000025 15048.429364 162033600 
0.000025 14714.357111 164683500 
0.000025 15308.489348 157282600 
0.000025 15315.685086 160021600 
0.000025 14946.039471 161828600 
0.000025 15026.742632 165968400 
0.000025 14594.989566 164027700 
0.000025 14770.575385 158013200 
0.000025 14749.962891 156922000 
0.00003 14641.827266 128819400 
0.00003 14712.600524 136388900 
0.00003 14696.443081 136337100 
0.00003 15413.623734 132303100 
0.00003 15295.259723 130719800 
0.00003 15716.142353 137063100 
0.00003 14979.342947 134329900 
0.00003 15154.543486 131973900 
0.00003 15509.260820 134751600 
0.00003 14382.995933 134057600 
0.00003 14441.793244 131004600 
0.00003 14382.995933 132948200 
0.00003 15388.454460 129849700 
0.00003 15341.990930 138480700 
0.00003 14586.033399 139649800 
0.00003 14784.229804 132486600 
0.00003 15164.909464 135523200 
0.00003 15216.486712 142651500 
0.00003 14721.281653 136527700 
0.00003 14537.993744 122449100 
0.00003 15529.591879 135060200 
0.00003 15181.187717 136954300 
0.00003 15121.280154 134954200 
0.00003 14579.078524 139428800 
0.00003 15358.868537 127230800 
0.00003 15755.257806 131687400 
0.00003 15063.683470 135147100 
0.00003 15416.433261 135939000 
0.00003 15186.530771 135684500 
0.00003 15218.730808 136874800 
0.00003 14589.562833 133085600 
0.00003 14495.584584 138987600 
0.00003 14649.927613 132963700 
0.00003 14443.223295 135001900 
0.00003 14933.675974 142272800 
0.00003 14966.851650 135898000 
0.00003 15342.281260 134623100 
0.00003 15347.700714 136871600 
0.00003 15928.221358 127410300 
0.00003 15385.413916 141663600 
0.00003 15609.152399 136275300 
0.00003 15249.132515 139639800 
0.00003 14655.512310 132953800 
0.00003 14901.573576 135406300 
0.00003 14503.504701 128560700 
0.00003 14382.995934 130256300 
0.00003 14592.014943 136688500 
0.00003 15982.382378 132829600 
0.00003 15021.054987 135411500 
0.00003 15231.411010 142217700 
0.00003 14382.995933 133012400 
0.00003 15108.206134 140375900 
0.00003 15033.798751 132340600 
0.00003 14885.439794 143183200 
0.00003 15840.369266 131616400 
0.00003 14973.223793 134842200 
0.00003 15617.079152 132115100 
0.00003 14711.977752 134942700 
0.00003 14406.118192 134998600 
0.00003 15197.101294 138454900 
0.00003 15208.393164 137495200 
0.00003 14631.795878 137691700 
0.00003 15404.893294 131173100 
0.00003 15084.979784 139058100 
0.00003 14851.688841 143596900 
0.00003 14659.459255 134213800 
0.00003 15724.009955 128890800 
0.00003 14890.380263 133238500 
0.00003 14687.825217 131892400 
0.00003 14440.909396 128705400 
0.00003 15154.467898 130800000 
0.00003 16298.011133 133111700 
0.00003 14420.101037 132376800 
0.00003 15091.612123 138613200 
0.00003 15397.852072 136551600 
0.00003 15018.747159 132682000 
0.00003 14565.086279 132514500 
0.00003 14446.277924 131386200 
0.00003 14382.995933 130871100 
0.00003 15320.368770 133424300 
0.00003 14876.569804 136794100 
0.00003 15326.962283 135573000 
0.00003 15375.906242 130177900 
0.00003 15170.240078 127610200 
0.00003 15563.954761 131686900 
0.00003 15227.050196 136875500 
0.00003 14406.118192 132289300 
0.00003 15399.888224 148690800 
0.00003 15616.688481 135458300 
0.00003 14382.995933 129277400 
0.00003 15405.555769 132520100 
0.00003 14860.431877 137998700 
0.00003 14520.804174 135218500 
0.00003 14611.699002 126065500 
0.00003 15158.804105 141721800 
0.00003 14678.493154 129218000 
0.00003 14858.172736 126712900 
0.00003 14698.586914 136803600 
0.00003 14661.482820 134150000 
0.00003 14633.708721 134192100 
0.000035 14464.915503 112007000 
0.000035 15066.283878 116418800 
0.000035 14406.118192 111392000 
0.000035 14720.469769 115358800 
0.000035 14624.971458 113699600 
0.000035 14871.948750 113012800 
0.000035 16086.705878 117935600 
0.000035 15334.030770 114778400 
0.000035 14765.406096 112024000 
0.000035 14439.769992 111082200 
0.000035 15103.908337 110816700 
0.000035 15402.797311 121683700 
0.000035 14651.696237 122660400 
0.000035 15156.360057 114550200 
0.000035 15031.460815 121008600 
0.000035 15278.154940 123813700 
0.000035 15023.183525 120160100 
0.000035 15281.417404 129248400 
0.000035 14623.214633 110180300 
0.000035 14937.677839 117058600 
0.000035 14632.687589 113455600 
0.000035 14586.984418 117343200 
0.000035 15047.850568 119103800 
0.000035 14637.299550 113385000 
0.000035 14922.760846 112688700 
0.000035 15938.828381 119520600 
0.000035 14846.803239 112190600 
0.000035 14558.961996 113840800 
0.000035 15303.181390 125654900 
0.000035 14689.870763 121399400 
0.000035 14879.468133 113950100 
0.000035 15608.626524 120662200 
0.000035 14382.995933 113312800 
0.000035 15050.575657 114706500 
0.000035 15051.945453 113652700 
0.000035 15111.198329 116821800 
0.000035 15709.067131 109820400 
0.000035 14480.145749 115162900 
0.000035 14747.373570 112044100 
0.000035 15066.711974 113564400 
0.000035 14918.112628 113979600 
0.000035 15371.277505 119644100 
0.000035 15117.841923 116188600 
0.000035 14512.882832 117136500 
0.000035 15274.548954 114159400 
0.000035 14382.995933 112962200 
0.000035 14439.702605 113326400 
0.000035 15167.576984 117694700 
0.000035 15206.778072 116087500 
0.000035 15202.039212 112518500 
0.000035 14587.131173 112561700 
0.000035 14710.938567 113001600 
0.000035 14542.450179 110270700 
0.000035 15204.876976 118749700 
0.000035 15570.552109 113873100 
0.000035 15016.448050 111220300 
0.000035 14614.073586 115978600 
0.000035 15200.798729 117292300 
0.000035 14382.995933 115511700 
0.000035 15479.358630 109535900 
0.000035 14770.364114 111502400 
0.000035 14416.647733 115630600 
0.000035 15386.537995 113662100 
0.000035 14873.353022 110457600 
0.000035 14877.397355 117196200 
0.000035 14542.450179 113975200 
0.000035 15120.151949 111594600 
0.000035 15296.976747 111194900 
0.000035 15115.641295 119137900 
0.000035 15032.650515 114040100 
0.000035 14476.875095 112918900 
0.000035 14510.242203 109330300 
0.000035 15570.826421 121419700 
0.000035 14972.847814 114045100 
0.000035 15395.261149 109765500 
0.000035 15242.607602 119952300 
0.000035 15154.307519 114266600 
0.000035 14428.754292 112296900 
0.000035 15138.623685 114909800 
0.000035 14487.678691 117965200 
0.000035 15575.204771 121380700 
0.000035 14813.151439 109634100 
0.000035 14616.093352 113711600 
0.000035 14943.977885 114259100 
0.000035 15321.072646 112296400 
0.000035 15083.669822 111014300 
0.000035 14988.320742 115993600 
0.000035 14473.354405 112386100 
0.000035 14627.960145 114674800 
0.000035 16033.859718 118516700 
0.000035 15144.800630 118173800 
0.000035 14558.363143 120119000 
0.000035 14460.228748 112348400 
0.000035 14833.260282 118232500 
0.000035 15039.380854 117842400 
0.000035 15128.803515 119459500 
0.000035 15296.618329 123007800 
0.000035 15591.071180 125550200 
0.000035 15243.023504 113868300 
0.000035 15285.812433 111397700 
0.00004 14880.418013 106517700 
0.00004 15261.594580 104818600 
0.00004 14420.101037 98384500 
0.00004 15536.391959 101306100 
0.00004 15541.097380 102957800 
0.00004 14439.702605 100763500 
0.00004 15485.301681 102295400 
0.00004 15038.736824 106599600 
0.00004 15095.916962 97324700 
0.00004 14478.648221 96613500 
0.00004 15353.020729 97962000 
0.00004 15204.542289 104278000 
0.00004 14794.867378 96521000 
0.00004 14439.702605 100866800 
0.00004 14612.285269 103263100 
0.00004 14460.228748 93270800 
0.00004 15074.273320 100432200 
0.00004 15527.877186 107755800 
0.00004 14736.468203 99724900 
0.00004 15666.751813 99417000 
0.00004 14648.466426 98870800 
0.00004 15011.088219 98612300 
0.00004 14688.496311 103426800 
0.00004 14979.880210 102796900 
0.00004 15492.927125 103275600 
0.00004 14406.118192 99421300 
0.00004 15073.901085 101996800 
0.00004 15248.056900 100549400 
0.00004 14638.354269 100308500 
0.00004 15080.703435 102790900 
0.00004 14406.118192 99272900 
0.00004 15851.134657 108314900 
0.00004 14725.759138 102151400 
0.00004 14957.719714 106394400 
0.00004 14382.995933 100427200 
0.00004 14441.793244 100066900 
0.00004 14382.995933 100918700 
0.00004 14382.995933 100016000 
0.00004 15001.490113 100026500 
0.00004 15261.934835 103653900 
0.00004 14973.768953 102226800 
0.00004 14382.995933 99466300 
0.00004 14554.015534 102814200 
0.00004 14988.320742 103189200 
0.00004 16171.538258 102727000 
0.00004 14980.631631 98032400 
0.00004 15314.947108 99563300 
0.00004 14972.351105 101907600 
0.00004 15199.739702 101190000 
0.00004 14699.421897 107247500 
0.00004 15739.934335 98537500 
0.00004 14889.552195 98673400 
0.00004 14555.722513 104531900 
0.00004 14957.912106 108843500 
0.00004 14500.888641 98965100 
0.00004 16237.842246 100870400 
0.00004 14743.906898 101368700 
0.00004 15091.591303 97963100 
0.00004 14903.758184 101667900 
0.00004 15790.454310 108026100 
0.00004 14382.995933 98789200 
0.00004 14638.936765 102337300 
0.00004 15691.050957 97725700 
0.00004 15134.778377 107765700 
0.00004 14788.052235 98288200 
0.00004 14596.996144 99586200 
0.00004 15731.909147 108980900 
0.00004 14505.987107 97906200 
0.00004 15213.706746 101218400 
0.00004 15513.443684 103982800 
0.00004 15308.930602 103143600 
0.00004 15634.262641 97312900 
0.00004 15583.703951 103696600 
0.00004 15404.638851 103170400 
0.00004 14933.756076 104106900 
0.00004 14714.309620 96458400 
0.00004 15231.957818 100837700 
0.00004 15163.953641 106877400 
0.00004 15478.310654 95951700 
0.00004 15375.610842 104093100 
0.00004 15406.409690 103308100 
0.00004 15217.119322 106306800 
0.00004 14945.699475 110739300 
0.00004 15114.201469 101409600 
0.00004 14382.995933 99938200 
0.00004 15194.709311 105764500 
0.00004 14808.352229 102818800 
0.00004 15201.269433 104057800 
0.00004 14464.915503 97293800 
0.00004 14532.955124 100531600 
0.00004 14558.363143 99457400 
0.00004 15073.488474 99443800 
0.00004 14549.987935 102403500 
0.00004 15362.006310 98716400 
0.00004 15025.448007 108751500 
0.00004 15560.809677 100294200 
0.00004 14586.984418 102073900 
0.00004 15105.768112 106337100 
0.00004 14553.546760 97317000 
0.00004 14670.511916 101054600 
0.000045 15134.797550 92243900 
0.000045 14842.391771 91071200 
0.000045 15173.382506 89873200 
0.000045 14932.677743 86774400 
0.000045 15113.148365 90494700 
0.000045 15411.128695 90069800 
0.000045 15655.242083 91386100 
0.000045 14586.984418 91642300 
0.000045 15119.884151 94539100 
0.000045 15929.413125 87719500 
0.000045 15070.704396 93077100 
0.000045 14406.118192 88701900 
0.000045 14526.626960 87521600 
0.000045 14652.327362 94774100 
0.000045 15199.833353 92179500 
0.000045 15312.094401 97428600 
0.000045 14681.489882 86500700 
0.000045 14382.995933 90777900 
0.000045 14668.480444 91901600 
0.000045 15181.726231 86974300 
0.000045 15135.772176 91382100 
0.000045 14482.688799 89846300 
0.000045 15094.282112 91539100 
0.000045 14642.576941 84989300 
0.000045 15381.822446 91085500 
0.000045 15294.107117 86686200 
0.000045 14495.584584 89624500 
0.000045 14429.075097 87280300 
0.000045 14573.709996 90565800 
0.000045 15581.047244 93809400 
0.000045 15501.826077 90920200 
0.000045 14601.247490 85547100 
0.000045 15535.210779 91830300 
0.000045 14573.709996 91979200 
0.000045 14594.989566 92370500 
0.000045 15208.838391 87040500 
0.000045 15049.189620 92354700 
0.000045 15191.480636 90324000 
0.000045 14406.118192 88562400 
0.000045 15190.420522 90144200 
0.000045 14889.736438 88153500 
0.000045 15347.178303 89374000 
0.000045 14416.647733 87248400 
0.000045 15648.706647 89520200 
0.000045 15326.972879 90448000 
0.000045 14930.246340 90482600 
0.000045 15820.547611 89937800 
0.000045 15386.904006 89447100 
0.000045 14921.811383 93726200 
0.000045 14552.585483 88797700 
0.000045 15090.002787 87996900 
0.000045 14382.995933 85293000 
0.000045 15853.086173 84815800 
0.000045 14382.995933 90410200 
0.000045 15298.359646 87702200 
0.000045 14767.724553 90180100 
0.000045 14944.110490 86814900 
0.000045 14428.754292 88574000 
0.000045 14654.687062 91427700 
0.000045 14952.772589 89600000 
0.000045 15367.160709 94445100 
0.000045 15048.843252 90804800 
0.000045 14894.088273 93472200 
0.000045 14899.146900 86523100 
0.000045 15461.286330 87494600 
0.000045 15143.301296 89100000 
0.000045 15440.252445 88114900 
0.000045 14802.823839 85862000 
0.000045 14382.995933 87899900 
0.000045 14751.498000 88267700 
0.000045 14564.911506 89985500 
0.000045 15112.986098 88786100 
0.000045 15476.203157 89519900 
0.000045 14589.010564 89955400 
0.000045 15714.669940 85179700 
0.000045 14497.681915 86690700 
0.000045 14439.769992 89343200 
0.000045 15103.557333 91454700 
0.000045 15011.575622 94283100 
0.000045 15177.844855 91384700 
0.000045 15736.108821 91832600 
0.000045 15667.936337 94779900 
0.000045 14684.417075 94324800 
0.000045 15171.830779 94450000 
0.000045 14888.667196 89122600 
0.000045 15205.701512 89455900 
0.000045 15472.027680 90553500 
0.000045 15465.750048 87061100 
0.000045 14633.846247 86623300 
0.000045 15182.834642 93453300 
0.000045 15014.768668 86588100 
0.000045 15631.372114 91541400 
0.000045 15703.924311 91719300 
0.000045 14982.594370 89119800 
0.000045 15931.223885 91403600 
0.000045 15053.503720 89668100 
0.000045 15494.667074 91902700 
0.000045 15608.861204 89416800 
0.000045 14382.995933 85343800 
0.000045 14420.101037 89112300 
0.00005 14516.910431 82142700 
0.00005 15077.256928 81226100 
0.00005 14699.736868 81532700 
0.00005 14689.709341 81513100 
0.00005 14526.626960 79301200 
0.00005 15262.366469 82789600 
0.00005 15774.382443 80240900 
0.00005 14463.752563 78241100 
0.00005 14597.096477 79564700 
0.00005 14856.494513 80708000 
0.00005 15534.668886 80450200 
0.00005 15961.690409 79479700 
0.00005 15186.799295 80974800 
0.00005 15427.041557 77942200 
0.00005 15720.803592 80795900 
0.00005 14406.118192 79140000 
0.00005 14621.792950 77514800 
0.00005 15271.822350 76903200 
0.00005 16052.727864 84924500 
0.00005 15391.592631 82974500 
0.00005 14503.327077 80577300 
0.00005 14583.193717 79060900 
0.00005 15333.070806 79524000 
0.00005 15365.095189 82064400 
0.00005 15035.104887 83564900 
0.00005 14608.488596 80081500 
0.00005 15036.616578 78701500 
0.00005 15170.824327 85248300 
0.00005 15123.584965 80497900 
0.00005 15389.044354 84177100 
0.00005 15193.087503 83797100 
0.00005 15330.810333 80355300 
0.00005 14459.048382 78629500 
0.00005 15193.073371 85386300 
0.00005 14406.118192 78968100 
0.00005 14893.873038 78928000 
0.00005 14737.460175 82533100 
0.00005 14812.524935 78335500 
0.00005 15531.743135 84604800 
0.00005 15354.369238 79238100 
0.00005 14872.336412 79906600 
0.00005 14550.557215 77647900 
0.00005 14518.142211 80774300 
0.00005 14835.880048 82042900 
0.00005 14406.118192 80017300 
0.00005 15819.795392 81001900 
0.00005 15275.774276 79992600 
0.00005 14654.256558 80512400 
0.00005 15135.204356 83904700 
0.00005 14627.061217 80139100 
0.00005 14674.856620 80665500 
0.00005 14892.593698 83655000 
0.00005 14749.544485 77769200 
0.00005 15469.929297 81807600 
0.00005 15325.091947 81376400 
0.00005 15139.490000 85802000 
0.00005 15209.121294 87108200 
0.00005 15201.128642 81724500 
0.00005 14406.118192 80748300 
0.00005 15835.868394 81161600 
0.00005 15242.301256 83736000 
0.00005 14406.118192 78276300 
0.00005 15285.476620 79517400 
0.00005 14997.316742 78990900 
0.00005 15551.824546 82089700 
0.00005 14769.350709 81756200 
0.00005 14755.829959 79591900 
0.00005 15541.015425 83658500 
0.00005 15668.091173 84288300 
0.00005 14855.232503 78829500 
0.00005 15402.360823 77470500 
0.00005 15321.071782 78978900 
0.00005 14871.427914 85051900 
0.00005 14406.118192 80292100 
0.00005 15208.000635 80854000 
0.00005 15120.033340 80807200 
0.00005 15529.817634 79651800 
0.00005 15096.957208 84220800 
0.00005 15397.212063 87150200 
0.00005 14794.958174 82122200 
0.00005 15078.121925 79533400 
0.00005 15667.965471 82484300 
0.00005 15647.220619 84940000 
0.00005 15787.253957 86116600 
0.00005 15348.738751 81201300 
0.00005 14611.238443 81449400 
0.00005 15087.155520 80655300 
0.00005 14462.406092 77239500 
0.00005 15291.571419 81208200 
0.00005 14741.951946 79654200 
0.00005 15673.154286 79451500 
0.00005 14589.562833 77496600 
0.00005 15192.083273 81974300 
0.00005 14813.567792 77494400 
0.00005 15205.574654 83861900 
0.00005 15896.204259 82063200 
0.00005 14773.976668 80933100 
0.00005 15483.919238 81832100 
0.00005 14685.858528 80215100 
0.00005 14869.695646 78225400 
0.000055 15339.130626 67986800 
0.000055 15374.188783 73871500 
0.000055 15511.354672 81434500 
0.000055 15457.197209 72748200 
0.000055 14459.048382 70155000 
0.000055 16390.376207 76917100 
0.000055 15534.644102 71585800 
0.000055 15418.889699 73206500 
0.000055 15228.657703 72260500 
0.000055 15453.301688 77511200 
0.000055 14733.341264 77941500 
0.000055 15418.073234 73954100 
0.000055 15637.752847 78425200 
0.000055 14699.490305 74899700 
0.000055 15388.280800 73767800 
0.000055 14698.307339 72716600 
0.000055 15654.692930 76397700 
0.000055 14853.489633 75388400 
0.000055 16210.471418 74115100 
0.000055 15837.336547 75241500 
0.000055 14406.118192 71696900 
0.000055 14451.876551 72756000 
0.000055 14721.071750 79515400 
0.000055 15376.146565 74265400 
0.000055 15155.604899 71326400 
0.000055 15499.525508 77346600 
0.000055 15053.512370 71970300 
0.000055 15485.295085 73843800 
0.000055 15139.416679 71925000 
0.000055 14986.015060 69230400 
0.000055 14690.593189 70159600 
0.000055 15559.880224 75699600 
0.000055 15377.098610 74389100 
0.000055 14382.995933 72941500 
0.000055 14644.446973 70745800 
0.000055 15245.558110 72653300 
0.000055 15069.551956 76846100 
0.000055 15602.151145 78128800 
0.000055 15206.489213 71512800 
0.000055 14825.693409 70092400 
0.000055 14440.909396 72429000 
0.000055 15177.078905 78061900 
0.000055 14696.443081 77123500 
0.000055 15913.060357 75798400 
0.000055 15542.910615 71884900 
0.000055 15271.894372 76417200 
0.000055 15068.539367 78854500 
0.000055 15080.195294 72030500 
0.000055 14701.486627 74955400 
0.000055 15120.356970 73058200 
0.000055 14428.754292 69727800 
0.000055 14631.767973 75131200 
0.000055 15046.301888 77085800 
0.000055 15331.266098 76515700 
0.000055 14595.267614 77806800 
0.000055 15162.455852 77252000 
0.000055 14562.989595 71868600 
0.000055 15183.104263 74211200 
0.000055 15761.232983 74737800 
0.000055 14608.892069 72853300 
0.000055 14960.955245 70376000 
0.000055 15289.138225 74688400 
0.000055 14884.152695 68120700 
0.000055 15370.987051 78793500 
0.000055 15500.909406 67703600 
0.000055 14738.427374 73240600 
0.000055 15417.574029 74734900 
0.000055 14487.678691 74933900 
0.000055 14856.966986 71232400 
0.000055 15437.769749 71837800 
0.000055 14886.919384 71225800 
0.000055 14650.720114 73309200 
0.000055 15132.526596 71270800 
0.000055 14441.793244 72365400 
0.000055 15456.488585 77687800 
0.000055 15370.772977 73424400 
0.000055 15388.027632 72292000 
0.000055 15254.707582 75189200 
0.000055 14650.720114 74255100 
0.000055 15714.887437 73026400 
0.000055 14809.005078 74225400 
0.000055 15207.059476 70999100 
0.000055 15036.880643 75751500 
0.000055 15818.329300 71251100 
0.000055 15861.682685 73126300 
0.000055 14488.541128 74635500 
0.000055 15987.747715 80335700 
0.000055 15772.454544 74539000 
0.000055 15465.214083 72677600 
0.000055 15409.338769 73924600 
0.000055 14531.890269 71282600 
0.000055 15296.719471 74946000 
0.000055 15208.746620 71019500 
0.000055 14560.211372 73405700 
0.000055 15248.548345 76101200 
0.000055 15776.488197 76321900 
0.000055 15792.289951 72669200 
0.000055 14416.647733 69097200 
0.000055 15636.771726 71331500 
0.000055 15512.618638 77146900 
0.00006 14728.261682 66617700 
0.00006 15290.306624 70259200 
0.00006 14500.888641 65814000 
0.00006 15461.224819 69861900 
0.00006 15797.937316 69597200 
0.00006 15903.289157 65677600 
0.00006 15139.188999 69404300 
0.00006 14503.504701 63984600 
0.00006 14932.422678 66748800 
0.00006 15119.253499 69886900 
0.00006 15348.011306 69571300 
0.00006 14459.048382 64431000 
0.00006 15604.770835 67921800 
0.00006 15403.583970 66671300 
0.00006 15178.512877 67453300 
0.00006 14920.374481 70893000 
0.00006 14957.719714 71730000 
0.00006 15317.651121 65352600 
0.00006 15124.071129 70935000 
0.00006 15085.276132 74498100 
0.00006 15905.810255 67919100 
0.00006 14861.900174 66278500 
0.00006 15252.161725 67116900 
0.00006 14420.101037 65654800 
0.00006 15166.113795 65862400 
0.00006 15423.484296 68951700 
0.00006 15178.459173 71483900 
0.00006 14632.192941 68632100 
0.00006 15008.713181 66774900 
0.00006 15079.851275 65695500 
0.00006 14643.839738 66477100 
0.00006 15223.929070 70810500 
0.00006 15014.255750 69143700 
0.00006 15632.611745 72499900 
0.00006 15767.030853 67920000 
0.00006 15333.797879 67375700 
0.00006 15302.075535 70300800 
0.00006 14704.318457 67609500 
0.00006 15549.764428 67584800 
0.00006 15034.921393 68317800 
0.00006 14681.159075 65711800 
0.00006 14416.647733 67046300 
0.00006 15646.490066 67060900 
0.00006 14406.118192 66645700 
0.00006 14604.442306 70127400 
0.00006 15383.210058 68808800 
0.00006 14527.568805 65903800 
0.00006 14694.259162 67076000 
0.00006 14652.903028 68720900 
0.00006 15335.586668 65971200 
0.00006 15367.355714 65018600 
0.00006 15091.455381 69618700 
0.00006 16080.703760 71272600 
0.00006 14516.910431 68055600 
0.00006 14382.995933 64655900 
0.00006 15173.859353 72684800 
0.00006 15979.598352 65834500 
0.00006 14472.897889 64989900 
0.00006 15464.762188 66506200 
0.00006 14809.483633 67943000 
0.00006 14775.123815 69498900 
0.00006 15577.444590 68617100 
0.00006 14965.334216 72297900 
0.00006 14653.838749 69726200 
0.00006 14777.737160 66732700 
0.00006 14596.560735 65626100 
0.00006 15066.500022 65984100 
0.00006 15768.909094 65776600 
0.00006 15563.890770 66363700 
0.00006 15163.330043 66726000 
0.00006 14884.393161 69200300 
0.00006 15314.718946 68487300 
0.00006 15071.416291 65873600 
0.00006 16275.613342 66830400 
0.00006 15426.713547 68359000 
0.00006 14678.493154 65191000 
0.00006 15557.233985 65677100 
0.00006 14406.118192 67161900 
0.00006 14439.702605 65292900 
0.00006 15402.993727 66544400 
0.00006 15164.191654 73588600 
0.00006 15199.026818 64445500 
0.00006 15224.681402 71286900 
0.00006 15077.072337 69501400 
0.00006 15701.186627 69766200 
0.00006 14652.038520 68106900 
0.00006 15880.586175 66834200 
0.00006 15785.322862 70249900 
0.00006 15039.188748 73371700 
0.00006 15378.699674 64821700 
0.00006 15442.078149 64842700 
0.00006 15359.476638 66425200 
0.00006 15033.798751 67459800 
0.00006 15268.387202 68986800 
0.00006 15246.733146 67197600 
0.00006 15313.901558 68014400 
0.00006 14737.276725 64290600 
0.00006 15244.952753 73937000 
0.00006 15611.841173 67281100 
0.00006 15276.565707 67318900 
0.000065 14766.056195 61088800 
0.000065 15868.718487 63654800 
0.000065 14921.501635 59960500 
0.000065 15882.863105 67892900 
0.000065 14959.595771 64550200 
0.000065 14382.995933 60763800 
0.000065 15748.760265 60143100 
0.000065 15577.479274 64527700 
0.000065 15154.804416 62793400 
0.000065 15345.808693 61183000 
0.000065 15866.236300 63294500 
0.000065 15337.986238 68587800 
0.000065 14605.043247 64914200 
0.000065 14382.995933 63370500 
0.000065 14382.995933 62072500 
0.000065 15412.213845 66324200 
0.000065 14441.793244 59860900 
0.000065 14382.995933 60406200 
0.000065 16169.763042 60606300 
0.000065 14636.016472 61177800 
0.000065 15361.494985 62351200 
0.000065 14787.424435 62989900 
0.000065 14997.345059 62627400 
0.000065 15123.078521 62827700 
0.000065 15201.073358 60498800 
0.000065 15630.891658 61098500 
0.000065 15100.620157 61909800 
0.000065 15370.429133 63649800 
0.000065 14883.718173 62636100 
0.000065 15437.703654 64222800 
0.000065 15642.951885 68888800 
0.000065 14893.973910 59835400 
0.000065 15880.590264 65648900 
0.000065 14905.100365 60716400 
0.000065 15492.748522 62253600 
0.000065 14382.995933 61196600 
0.000065 14687.816308 62102700 
0.000065 15740.147341 60258100 
0.000065 15359.107665 62765000 
0.000065 15663.767942 64134800 
0.000065 15364.449851 65311500 
0.000065 15636.440991 63461300 
0.000065 15187.399531 61228200 
0.000065 15124.119368 61459100 
0.000065 14406.118192 61580800 
0.000065 15499.855659 62977100 
0.000065 15280.258715 66386600 
0.000065 14487.678691 62192700 
0.000065 14754.026878 64608100 
0.000065 15354.989568 60267800 
0.000065 14606.558209 62822000 
0.000065 15377.538551 63447600 
0.000065 14626.667936 61566500 
0.000065 14745.206262 61947900 
0.000065 15249.106634 62665100 
0.000065 16095.485650 60186700 
0.000065 14961.425844 61313700 
0.000065 15174.507400 59937200 
0.000065 14651.245510 65455300 
0.000065 14660.275372 60981900 
0.000065 14608.273768 62095500 
0.000065 15672.329815 65956400 
0.000065 15739.362937 64012600 
0.000065 14618.642149 60026200 
0.000065 15754.244513 59634600 
0.000065 15426.995599 63662800 
0.000065 15366.917445 61873500 
0.000065 14756.604983 64678500 
0.000065 15186.345231 62547100 
0.000065 15223.137005 61621700 
0.000065 15428.800827 61934400 
0.000065 15217.944046 63625000 
0.000065 14588.776568 61878300 
0.000065 15143.839524 64065700 
0.000065 15027.963561 61204600 
0.000065 14589.562833 64521100 
0.000065 15041.964975 61886700 
0.000065 15291.527386 64592800 
0.000065 15182.628051 62211400 
0.000065 15447.241481 66604100 
0.000065 15472.862482 60975500 
0.000065 14947.990605 65838500 
0.000065 14834.516107 64060200 
0.000065 15153.778817 63130800 
0.000065 15463.701783 63689300 
0.000065 15201.893440 62721100 
0.000065 15357.660395 62347200 
0.000065 14729.452454 63302900 
0.000065 15434.054506 64995700 
0.000065 14406.118192 62829500 
0.000065 14688.147606 63264300 
0.000065 15308.326764 63009100 
0.000065 15170.353939 61833600 
0.000065 14597.096477 62131400 
0.000065 14560.963906 61357700 
0.000065 15257.741439 64577200 
0.000065 15174.520253 62486900 
0.000065 15151.610483 63477800 
0.000065 14881.672961 61184600 
0.000065 14960.130201 64130600 
0.00007 15548.903108 56826000 
0.00007 15935.443274 58183100 
0.00007 14482.310162 58818200 
0.00007 15121.369183 55909700 
0.00007 14712.302601 55805100 
0.00007 15321.809443 58424900 
0.00007 14573.709996 58814900 
0.00007 15039.431858 58158400 
0.00007 14406.118192 58449500 
0.00007 14698.586914 58318200 
0.00007 14382.995933 57277200 
0.00007 15531.162074 60149600 
0.00007 14382.995933 57492200 
0.00007 14737.272475 60043800 
0.00007 14573.709996 59153400 
0.00007 16115.915354 54978800 
0.00007 15068.478399 57643100 
0.00007 14663.153468 57345800 
0.00007 14443.223295 59154500 
0.00007 15935.588965 55860200 
0.00007 15514.330352 63716800 
0.00007 14491.776501 58834400 
0.00007 15025.996411 62144700 
0.00007 14699.582621 56805200 
0.00007 15165.631031 56364700 
0.00007 14563.376723 55422400 
0.00007 15445.135832 58591900 
0.00007 15798.385721 56357500 
0.00007 15564.598632 60855300 
0.00007 15697.938688 58851000 
0.00007 15231.584647 60864600 
0.00007 15042.396903 59093600 
0.00007 15899.915666 59392200 
0.00007 15383.854192 57945500 
0.00007 15345.739554 57166700 
0.00007 14813.433742 56679800 
0.00007 15559.181157 55840800 
0.00007 14683.768768 57417600 
0.00007 14460.228748 57964500 
0.00007 15528.547474 56708600 
0.00007 16277.202879 63295300 
0.00007 15260.466112 61810500 
0.00007 15549.742850 58239400 
0.00007 15191.528895 57721100 
0.00007 15228.386364 62928400 
0.00007 14452.197356 57002200 
0.00007 15319.862031 59511500 
0.00007 15051.937392 57612400 
0.00007 15661.798408 57220000 
0.00007 15026.242120 57106300 
0.00007 14654.256558 58493100 
0.00007 15534.260894 61230100 
0.00007 15118.829382 56891400 
0.00007 15017.385418 57014700 
0.00007 14964.178794 58615400 
0.00007 15180.968549 56195900 
0.00007 14565.758132 59493000 
0.00007 14813.151439 56049400 
0.00007 14965.839261 56514900 
0.00007 14661.760288 55910900 
0.00007 15606.076373 57720400 
0.00007 15517.615786 60954800 
0.00007 14720.356411 56754300 
0.00007 15549.308258 57541400 
0.00007 15018.775773 55351200 
0.00007 16167.933708 57070600 
0.00007 15845.713189 61499200 
0.00007 15475.079854 61846500 
0.00007 15513.831192 61771600 
0.00007 14654.256558 57295900 
0.00007 15764.707783 58800000 
0.00007 14382.995933 57983000 
0.00007 15607.947462 59031900 
0.00007 15444.033356 63131100 
0.00007 14382.995933 58249500 
0.00007 15710.207168 57655800 
0.00007 15847.089235 59292700 
0.00007 14889.552195 57410800 
0.00007 15466.836543 57344300 
0.00007 14638.908199 57885800 
0.00007 15430.997747 60434500 
0.00007 15566.679415 58720300 
0.00007 14814.548173 59968000 
0.00007 15187.606213 58670600 
0.00007 16086.500817 57585800 
0.00007 16014.012940 57049400 
0.00007 15642.872228 61826800 
0.00007 14739.636238 61706500 
0.00007 15555.967439 53086400 
0.00007 15240.639219 59163800 
0.00007 15337.348174 58330300 
0.00007 15281.271282 58157700 
0.00007 14927.550006 59554800 
0.00007 14778.362236 63660400 
0.00007 15619.269061 63230300 
0.00007 15246.093676 57289900 
0.00007 15769.274406 60810900 
0.00007 14918.230991 58666900 
0.00007 14682.493549 59615900 
0.00007 15959.557048 58888200 
0.000075 14713.199708 53988900 
0.000075 15183.644981 53661700 
0.000075 15036.565246 53120900 
0.000075 15288.853197 54799100 
0.000075 14560.211372 52857100 
0.000075 14577.947199 53715100 
0.000075 15207.657152 56541500 
0.000075 14936.388653 54629700 
0.000075 15208.168068 54011300 
0.000075 15868.400163 52457100 
0.000075 14772.637352 55905100 
0.000075 15420.314997 54137200 
0.000075 14554.355890 56344400 
0.000075 15151.031442 54408700 
0.000075 14439.769992 52451700 
0.000075 15270.739348 53963500 
0.000075 14842.360858 57066200 
0.000075 14420.101037 52942800 
0.000075 15155.228910 54684800 
0.000075 15632.344226 55823100 
0.000075 14973.580948 51460800 
0.000075 14961.916849 55767700 
0.000075 15756.433767 53138900 
0.000075 15807.726378 53012800 
0.000075 14997.345059 53928900 
0.000075 15607.363779 60439700 
0.000075 14406.118192 52732500 
0.000075 15636.690524 52935500 
0.000075 14952.803093 57343700 
0.000075 15759.067384 54524500 
0.000075 15316.979615 57882100 
0.000075 14945.750267 58820000 
0.000075 14640.842140 52065900 
0.000075 15054.600876 58757200 
0.000075 15137.144348 58581000 
0.000075 15412.124059 52485200 
0.000075 15252.386761 52261400 
0.000075 14785.394597 56125600 
0.000075 14505.987107 51770600 
0.000075 15838.601748 55269900 
0.000075 14439.702605 55211000 
0.000075 15283.573343 58112000 
0.000075 15063.616442 53890500 
0.000075 15210.879209 56062900 
0.000075 15085.598530 54860800 
0.000075 14837.464528 52778700 
0.000075 15330.956757 55707300 
0.000075 15282.249578 54282900 
0.000075 15553.014330 53940300 
0.000075 15767.653328 55186800 
0.000075 15363.199035 54380800 
0.000075 15020.005115 52180700 
0.000075 14583.639735 52551900 
0.000075 15242.170441 54403700 
0.000075 15586.155655 52993800 
0.000075 15455.363855 55375000 
0.000075 15446.973627 56433200 
0.000075 15045.353699 56606200 
0.000075 15069.416599 54857200 
0.000075 15357.440467 56459800 
0.000075 14406.118192 55912800 
0.000075 15149.504766 53276700 
0.000075 14886.993364 53642900 
0.000075 14382.995933 52233000 
0.000075 15266.492637 58603200 
0.000075 14768.233095 55379200 
0.000075 15403.840011 52362900 
0.000075 15747.473690 54037400 
0.000075 14692.617413 53889300 
0.000075 14756.032691 56387600 
0.000075 15533.595963 59093000 
0.000075 15309.346983 57636600 
0.000075 15727.952011 54970000 
0.000075 14715.921200 57048200 
0.000075 14971.329639 54986900 
0.000075 15522.711667 53731800 
0.000075 15791.154505 58453300 
0.000075 14899.378478 54640100 
0.000075 15425.306616 56808400 
0.000075 15405.070292 56614500 
0.000075 15969.106969 53737200 
0.000075 15135.956316 57151100 
0.000075 15546.651797 51098700 
0.000075 15452.857956 58510500 
0.000075 14521.330491 53131600 
0.000075 14969.494020 51620100 
0.000075 15123.418999 51444700 
0.000075 15087.920847 62076400 
0.000075 15766.886306 57368800 
0.000075 14428.754292 53174900 
0.000075 15640.550076 52768600 
0.000075 16494.615439 55947800 
0.000075 16103.679140 56351000 
0.000075 15037.309762 52644800 
0.000075 15785.548045 52674400 
0.000075 15204.417636 52010400 
0.000075 14420.101037 52485800 
0.000075 15697.248135 55725800 
0.000075 15080.853004 56064400 
0.000075 15145.089609 51422300 
0.00008 14495.584584 51777500 
0.00008 16704.481635 51295600 
0.00008 14803.439227 53574800 
0.00008 15176.414029 51407500 
0.00008 16012.992869 49412700 
0.00008 15846.971603 49652400 
0.00008 15637.797701 50965000 
0.00008 14870.930874 52728300 
0.00008 16264.654298 51170000 
0.00008 15118.291731 52315900 
0.00008 14640.517370 50988000 
0.00008 16287.358620 51074800 
0.00008 15438.093735 53435100 
0.00008 14382.995933 49432100 
0.00008 14715.952206 49927100 
0.00008 15106.348139 49928800 
0.00008 15725.542214 49864400 
0.00008 15005.291800 53177700 
0.00008 15623.389252 48481200 
0.00008 14756.834207 49864700 
0.00008 14503.504701 48334400 
0.00008 14880.192629 53224000 
0.00008 14847.482223 49246100 
0.00008 15531.516442 52388400 
0.00008 15710.116589 50268400 
0.00008 15067.517243 52090800 
0.00008 15502.177064 49222800 
0.00008 15380.063260 50085100 
0.00008 15442.783193 50219200 
0.00008 15832.941796 55080300 
0.00008 14933.756076 51938600 
0.00008 15388.454328 52444200 
0.00008 15003.376004 51012600 
0.00008 14382.995933 50495200 
0.00008 15457.441802 47047200 
0.00008 14824.356905 51432100 
0.00008 15120.503451 48769500 
0.00008 14730.905391 51427300 
0.00008 14735.199825 51466000 
0.00008 15644.165952 52700000 
0.00008 14382.995933 48624800 
0.00008 15359.446373 48813500 
0.00008 14406.118192 49001700 
0.00008 14731.513153 53370000 
0.00008 15743.376119 51120700 
0.00008 15775.286577 52011800 
0.00008 15537.089242 51000100 
0.00008 15693.481847 50890200 
0.00008 15818.401169 57634900 
0.00008 15107.375494 51365300 
0.00008 15075.363246 53801200 
0.00008 15079.370656 50432900 
0.00008 15604.817736 48624700 
0.00008 15227.341002 51895700 
0.00008 14699.793004 49285300 
0.00008 15806.489085 50526200 
0.00008 14785.887322 53673100 
0.00008 15710.114845 54117800 
0.00008 14489.079466 50244900 
0.00008 15279.106784 53180200 
0.00008 15098.245331 49988500 
0.00008 15170.691754 49254200 
0.00008 15631.763426 50832600 
0.00008 16068.412936 50783100 
0.00008 15352.579145 49628100 
0.00008 14713.180503 50892100 
0.00008 15336.401122 50133100 
0.00008 14967.012562 53405900 
0.00008 15122.543306 50075400 
0.00008 14528.285365 50737700 
0.00008 15246.922253 51850000 
0.00008 15444.519381 50383300 
0.00008 14616.093352 49489400 
0.00008 15206.244686 52885400 
0.00008 15697.814879 49553400 
0.00008 14832.435565 51623000 
0.00008 14420.101037 50868400 
0.00008 14460.228748 50212000 
0.00008 15188.944103 53018900 
0.00008 14382.995933 49544200 
0.00008 14815.519509 50599800 
0.00008 16181.782253 53923500 
0.00008 15358.439376 49150000 
0.00008 15405.406357 54643500 
0.00008 15599.963242 51101600 
0.00008 15337.043432 48792700 
0.00008 15493.954236 51312900 
0.00008 14549.263060 50544200 
0.00008 15643.353187 50694500 
0.00008 14406.118192 49465000 
0.00008 15466.222610 50155900 
0.00008 14602.558215 50137400 
0.00008 15265.575772 50509500 
0.00008 15334.774677 48900100 
0.00008 15784.021829 48926800 
0.00008 15167.037108 51996900 
0.00008 15155.216479 51831700 
0.00008 15432.608691 51537800 
0.00008 15339.665915 49745600 
0.00008 15407.008478 52132600 
0.000085 14989.592182 46769300 
0.000085 14569.932997 45841500 
0.000085 15775.676696 48308400 
0.000085 14715.078673 48044200 
0.000085 15297.745381 49503900 
0.000085 15688.408366 48839200 
0.000085 15628.355144 47045300 
0.000085 15315.051062 49073900 
0.000085 15422.788240 49873900 
0.000085 14460.228748 46312500 
0.000085 15609.629010 48323200 
0.000085 15055.168041 48897700 
0.000085 15705.380339 52057400 
0.000085 15689.319629 50360700 
0.000085 15621.792810 49303300 
0.000085 15630.738373 47011100 
0.000085 14382.995933 47927800 
0.000085 16820.195805 49535500 
0.000085 14549.263060 45476700 
0.000085 14482.170641 46779100 
0.000085 14428.754292 48110100 
0.000085 14602.679408 46256700 
0.000085 15084.854884 47058000 
0.000085 16020.915613 48153300 
0.000085 15410.082093 47865700 
0.000085 14663.286754 46609700 
0.000085 15351.129777 49912300 
0.000085 14406.118192 46190200 
0.000085 14428.754292 48200400 
0.000085 15352.445005 46203300 
0.000085 16024.194586 49138200 
0.000085 14819.180573 46744000 
0.000085 14497.376734 49981300 
0.000085 15111.036105 48161200 
0.000085 15579.362703 46020300 
0.000085 15539.408985 49670900 
0.000085 14382.995933 45121800 
0.000085 15070.274445 48527600 
0.000085 14382.995933 46684800 
0.000085 15821.847396 50114600 
0.000085 15264.959391 51791100 
0.000085 14428.754292 48525500 
0.000085 15082.129436 47714400 
0.000085 16654.484084 51664100 
0.000085 14926.973857 46101400 
0.000085 15283.080077 44744600 
0.000085 14869.303098 45091500 
0.000085 16068.713838 47878600 
0.000085 14760.000824 46461500 
0.000085 15103.147715 46982500 
0.000085 15037.501274 48944800 
0.000085 14469.400183 45863300 
0.000085 14874.824101 48222900 
0.000085 15320.268909 49119100 
0.000085 15702.419349 51258900 
0.000085 15334.617731 47067000 
0.000085 14733.570377 48462000 
0.000085 14464.031655 46448800 
0.000085 16240.140165 49340000 
0.000085 15263.221337 48005800 
0.000085 14530.883127 47686000 
0.000085 15472.186546 48390900 
0.000085 15547.189773 46791500 
0.000085 16196.882516 45211400 
0.000085 15609.247488 48780100 
0.000085 15050.293405 49305500 
0.000085 15097.640771 47363200 
0.000085 15095.688310 45964700 
0.000085 15376.293089 50255800 
0.000085 14441.793244 45720600 
0.000085 15069.247386 46290800 
0.000085 14555.722513 48908300 
0.000085 14529.883840 47045700 
0.000085 15687.554522 51237600 
0.000085 14734.272563 47283900 
0.000085 15413.707631 49139000 
0.000085 15442.918047 48555700 
0.000085 14655.512310 48395400 
0.000085 15687.928979 46319900 
0.000085 15282.482504 47104000 
0.000085 15235.186060 46274400 
0.000085 15057.533029 47992700 
0.000085 15128.208183 50609300 
0.000085 15570.537475 49315800 
0.000085 15335.817828 52308200 
0.000085 15160.174009 49081500 
0.000085 15027.117507 50121500 
0.000085 16014.780291 44912800 
0.000085 14885.725850 47113100 
0.000085 15151.886310 46522700 
0.000085 15101.692003 46930700 
0.000085 14675.421624 47142300 
0.000085 15407.271793 50825800 
0.000085 15543.695000 47762700 
0.000085 15051.329657 51523800 
0.000085 15156.990913 47034100 
0.000085 15667.777599 49279300 
0.000085 15406.459013 49970600 
0.000085 15657.154176 48040900 
0.000085 14508.931941 48001000 
0.00009 15565.885138 49715000 
0.00009 15410.354465 48036900 
0.00009 15337.542871 48908600 
0.00009 14827.925624 45709000 
0.00009 14906.075128 46066200 
0.00009 15557.326480 44249100 
0.00009 14741.375234 44338600 
0.00009 15558.023104 44407800 
0.00009 14692.481093 43774300 
0.00009 16016.472086 47010500 
0.00009 15807.723518 46580300 
0.00009 14775.038547 45318100 
0.00009 15299.911424 44041100 
0.00009 14912.465667 45314000 
0.00009 15371.775537 45371100 
0.00009 14709.149386 45044600 
0.00009 15159.011366 43119300 
0.00009 15841.754947 46352300 
0.00009 15505.662277 47905300 
0.00009 14774.409969 43705100 
0.00009 15092.266381 45720100 
0.00009 15680.746744 47492100 
0.00009 14994.824817 50225400 
0.00009 14956.827038 43323300 
0.00009 15256.887775 45944800 
0.00009 15251.509563 44356100 
0.00009 15705.415488 44590300 
0.00009 15681.366605 47533200 
0.00009 15607.809320 45021700 
0.00009 14746.172239 47302000 
0.00009 15245.934021 45330500 
0.00009 14592.014943 44990600 
0.00009 15328.886147 44794600 
0.00009 15163.852774 44695500 
0.00009 15734.310844 45907200 
0.00009 15904.748948 43057300 
0.00009 15630.287358 46518000 
0.00009 14460.228748 44445900 
0.00009 15243.011005 44939800 
0.00009 15150.634966 46855900 
0.00009 15488.270057 47094900 
0.00009 14542.450179 43535500 
0.00009 15383.730625 44268800 
0.00009 15147.560740 47343500 
0.00009 14382.995933 43882600 
0.00009 16161.770553 44669100 
0.00009 15320.574139 49351000 
0.00009 15697.748773 48322100 
0.00009 15138.077149 45358400 
0.00009 15958.060148 44284900 
0.00009 14597.028523 45061800 
0.00009 16675.870336 50548700 
0.00009 14473.354405 44448500 
0.00009 15739.643896 46028500 
0.00009 14788.318279 43946200 
0.00009 15132.601065 44388800 
0.00009 15098.894304 45995300 
0.00009 15389.788461 45520200 
0.00009 16239.603989 44148900 
0.00009 15366.024477 44705600 
0.00009 15163.746741 48431800 
0.00009 15311.098228 47812800 
0.00009 14875.323054 43423500 
0.00009 14669.663116 43363500 
0.00009 15133.644982 46091600 
0.00009 15283.368058 45044400 
0.00009 15808.255965 48147400 
0.00009 15447.680508 49895400 
0.00009 15662.473916 48354600 
0.00009 14714.575247 44641900 
0.00009 14904.716701 43294100 
0.00009 15651.368103 45902500 
0.00009 15349.283992 44524200 
0.00009 14406.118192 43523100 
0.00009 15218.003710 46817900 
0.00009 15249.493690 45647600 
0.00009 15840.301692 48793500 
0.00009 14620.636218 43853200 
0.00009 15891.604164 45014000 
0.00009 16138.732448 44229800 
0.00009 14598.738079 43283100 
0.00009 15369.330533 46316000 
0.00009 15723.159115 44833600 
0.00009 14714.998856 44578000 
0.00009 15533.522790 45580000 
0.00009 15617.277353 45058400 
0.00009 15764.256626 43463200 
0.00009 14464.915503 43308400 
0.00009 14416.647733 44323600 
0.00009 15710.586917 47159200 
0.00009 15334.435059 44954600 
0.00009 15968.809936 44836400 
0.00009 15301.961913 48574600 
0.00009 14704.318457 44658400 
0.00009 15868.914448 48775100 
0.00009 15652.552552 45918800 
0.00009 14738.995943 43538400 
0.00009 15072.732496 44227100 
0.00009 15824.113928 43965200 
0.00009 14549.509255 47188000 
0.000095 14783.850241 41703800 
0.000095 15062.554528 41935200 
0.000095 14909.032514 44382300 
0.000095 15791.345627 44413700 
0.000095 14937.677839 42426600 
0.000095 15417.248634 43331600 
0.000095 15621.036755 43867200 
0.000095 15152.946409 44369300 
0.000095 14696.478473 41108900 
0.000095 15480.929912 44149600 
0.000095 15007.672081 43517700 
0.000095 15082.876019 46305500 
0.000095 15518.260875 42839600 
0.000095 15670.264596 44135400 
0.000095 14500.888641 42153400 
0.000095 14763.778485 43835000 
0.000095 15200.796169 43665800 
0.000095 15734.469187 43152300 
0.000095 15450.352097 39936700 
0.000095 15513.818310 42116200 
0.000095 15349.559561 42126000 
0.000095 15727.175155 43099600 
0.000095 14778.595892 42621200 
0.000095 14760.768650 43032800 
0.000095 15083.089004 45676600 
0.000095 15177.404292 42828900 
0.000095 16055.831857 43063100 
0.000095 15182.737817 43792300 
0.000095 15419.315198 42662500 
0.000095 14382.995933 41816500 
0.000095 14382.995933 41353300 
0.000095 15079.089230 43148300 
0.000095 14785.830498 43155200 
0.000095 16049.738179 44470200 
0.000095 16230.634465 45575000 
0.000095 15664.663347 45176200 
0.000095 15141.489773 41744900 
0.000095 16705.372919 45716200 
0.000095 15464.166428 40900100 
0.000095 15540.760190 44146700 
0.000095 15330.830114 43281300 
0.000095 14382.995933 43228000 
0.000095 15344.664251 43277800 
0.000095 15672.697376 42532500 
0.000095 14986.886125 47537700 
0.000095 15029.535253 41222600 
0.000095 15041.751194 43349500 
0.000095 15624.364605 45693800 
0.000095 15362.433354 44622700 
0.000095 15122.784518 43902500 
0.000095 15292.613702 43743500 
0.000095 15185.521374 40236400 
0.000095 15194.713971 45056700 
0.000095 14869.227321 42059900 
0.000095 15677.837727 41808900 
0.000095 14501.856763 41612000 
0.000095 15383.254729 42208400 
0.000095 15085.026845 44451900 
0.000095 14682.493549 43410200 
0.000095 14703.141885 44267000 
0.000095 15146.035011 44291100 
0.000095 14975.893600 41817800 
0.000095 14592.014943 43010300 
0.000095 15740.051361 43833500 
0.000095 15466.485064 42607900 
0.000095 15695.517425 44715800 
0.000095 14800.505350 41727900 
0.000095 15516.267563 45115200 
0.000095 15848.274598 46007000 
0.000095 15332.105321 44253600 
0.000095 15703.119716 42885400 
0.000095 15464.572818 46722700 
0.000095 15583.583123 40959500 
0.000095 15225.460767 42170200 
0.000095 15819.963899 44320600 
0.000095 15016.072283 43408800 
0.000095 14497.013020 42305500 
0.000095 15327.122259 42608800 
0.000095 15239.844419 42928000 
0.000095 15442.707809 43447600 
0.000095 14672.743943 43410500 
0.000095 15364.078182 41008200 
0.000095 14597.447560 44016100 
0.000095 14595.323078 40828800 
0.000095 15206.229068 45599100 
0.000095 15024.078709 44632700 
0.000095 15286.568209 43421100 
0.000095 15125.585886 43045300 
0.000095 15305.537583 45451100 
0.000095 15417.478715 43976900 
0.000095 14626.667936 42132300 
0.000095 14620.937461 40936800 
0.000095 15397.842198 42525700 
0.000095 15505.399141 45940300 
0.000095 15176.173481 40946100 
0.000095 15572.698981 45712700 
0.000095 14796.361922 41146800 
0.000095 14659.459255 42532300 
0.000095 15100.216789 42664000 
0.000095 14726.269213 40644000 
0.000001 14439.702605 3817641100 
0.000001 14683.202536 4103828100 
0.000001 15171.550322 3899988800 
0.000001 14439.702605 3854874800 
0.000001 14382.995934 3908310900 
0.000001 14550.052175 3737370900 
0.000001 14382.995934 3855751000 
0.000001 14497.681916 3889179300 
0.000001 14441.793244 3785088900 
0.000001 14420.101037 3749368100 
0.000001 14482.310162 3820308500 
0.000001 15340.165439 3993244500 
0.000001 15149.172892 3868511200 
0.000001 14937.677841 3912722200 
0.000001 14382.995934 3916560000 
0.000001 14382.995933 3885642200 
0.000001 14406.118193 3815908300 
0.000001 14611.238442 4008424200 
0.000001 14382.995934 3885777000 
0.000001 14429.075097 3856892200 
0.000001 14416.647734 3673372500 
0.000001 15051.329659 4050138900 
0.000001 15224.879535 3822496800 
0.000001 14475.423560 3823487400 
0.000001 14382.995933 3870507900 
0.000001 14420.101037 3844362600 
0.000001 14439.769992 3786533600 
0.000001 15078.144752 3869434200 
0.000001 14456.853542 3869771500 
0.000001 14428.754293 3906736600 
0.000001 14382.995934 3856338000 
0.000001 15278.442994 3914649900 
0.000001 14464.031655 3817677000 
0.000001 14382.995934 3798009100 
0.000001 15070.903853 3887559100 
0.000001 14406.118192 3929539200 
0.000001 14497.681915 3716065600 
0.000001 14406.118193 3866386300 
0.000001 14440.309500 3871176200 
0.000001 14615.552252 3843224000 
0.000001 14699.587293 3912901400 
0.000001 14382.995934 3908273200 
0.000001 15085.912211 3881322700 
0.000001 14441.793244 3813428500 
0.000001 14406.118193 3956005600 
0.000001 14456.853542 3697913700 
0.000001 14568.438818 3857109100 
0.000001 14443.223296 3876596200 
0.000001 14512.882832 3940872400 
0.000001 14439.702605 3793977200 
0.000001 15098.585920 3988935600 
0.000001 14519.026059 3856913500 
0.000001 14452.197356 3786937500 
0.000001 14382.995934 3808250200 
0.000001 14503.504701 3763561800 
0.000001 14451.876551 3838216800 
0.000001 14677.383403 3809212100 
0.000001 15273.379973 3845772900 
0.000001 15250.893695 3848380600 
0.000001 14549.509256 3992674500 
0.000001 15060.705134 4077999100 
0.000001 14487.678691 3927321100 
0.000001 15184.029496 3844471000 
0.000001 14382.995933 3887484000 
0.000001 14722.469588 4204098300 
0.000001 14441.793245 3865837400 
0.000001 14382.995934 3862902000 
0.000001 14382.995934 3817565600 
0.000001 15156.514051 3914264600 
0.000001 14596.996144 3887857800 
0.000001 14382.995933 3843574600 
0.000001 15044.935456 4137603700 
0.000001 14382.995934 3867763000 
0.000001 14429.075098 3846488500 
0.000001 14406.118192 3835065400 
0.000001 15123.217812 3930630900 
0.000001 15196.720072 4023392900 
0.000001 14382.995934 3779199000 
0.000001 14497.681916 3752621900 
0.000001 14406.118193 3837282500 
0.000001 14756.604983 3978074500 
0.000001 14382.995934 3814958500 
0.000001 15098.012191 3872599100 
0.000001 14406.118192 3786198400 
0.000001 15058.282611 3927381800 
0.000001 14382.995933 3834335200 
0.000001 15375.074265 4173387000 
0.000001 14611.755547 3748496500 
0.000001 14503.504701 3885433500 
0.000001 14406.118193 3865338800 
0.000001 14382.995934 3877218300 
0.000001 14487.678691 3917312600 
0.000001 14495.584585 3811178000 
0.000001 14497.681916 3860099000 
0.000001 14440.909396 3785499000 
0.000001 14382.995934 3834559100 
0.000001 14382.995934 3844417300 
0.000001 14382.995934 3847544500 
0.000001 14613.253285 3771727900 
0.000001 15152.177949 4070675500 
0.0000015 14382.995934 2578735200 
0.0000015 15118.832524 2534594100 
0.0000015 14441.793244 2554032800 
0.0000015 14487.678691 2604222600 
0.0000015 14382.995934 2612701600 
0.0000015 14464.031655 2556369900 
0.0000015 14428.754293 2590313300 
0.0000015 14382.995934 2577662400 
0.0000015 14460.228749 2584756700 
0.0000015 14382.995934 2586789900 
0.0000015 14382.995934 2606500200 
0.0000015 14382.995934 2599842100 
0.0000015 14382.995934 2570841600 
0.0000015 15409.005607 2609964300 
0.0000015 14635.421830 2720144800 
0.0000015 14456.853542 2580795500 
0.0000015 14382.995934 2592631500 
0.0000015 14382.995934 2614573100 
0.0000015 14429.075097 2604200300 
0.0000015 15043.066671 2734532200 
0.0000015 14382.995934 2607155800 
0.0000015 14382.995934 2587865900 
0.0000015 14606.710607 2560825700 
0.0000015 14406.118193 2568181800 
0.0000015 14441.793244 2531559100 
0.0000015 14530.424502 2566575500 
0.0000015 14382.995934 2494764900 
0.0000015 14619.054586 2484831700 
0.0000015 14602.818930 2563631000 
0.0000015 14382.995934 2613832400 
0.0000015 14382.995934 2585329800 
0.0000015 14406.118192 2583218800 
0.0000015 14428.754293 2623138000 
0.0000015 14485.460964 2561759200 
0.0000015 14382.995934 2557425800 
0.0000015 14382.995934 2561065900 
0.0000015 14406.118192 2610336800 
0.0000015 14406.118193 2581528700 
0.0000015 14406.118193 2583185800 
0.0000015 14416.647733 2543582300 
0.0000015 14609.048530 2733621400 
0.0000015 14546.534632 2568216800 
0.0000015 14546.534633 2602311200 
0.0000015 14406.118193 2580589700 
0.0000015 14382.995933 2572285200 
0.0000015 14997.732593 2802277200 
0.0000015 14653.494812 2535229000 
0.0000015 15130.517038 2608185400 
0.0000015 14406.118193 2586065200 
0.0000015 14406.118193 2569063600 
0.0000015 14453.752837 2572010800 
0.0000015 14487.678690 2624091500 
0.0000015 14826.937927 2541162100 
0.0000015 14573.709996 2600266900 
0.0000015 14382.995934 2615219500 
0.0000015 14420.101037 2542421900 
0.0000015 14406.118192 2548629300 
0.0000015 14382.995933 2558271000 
0.0000015 14490.333277 2581006300 
0.0000015 14382.995934 2517800000 
0.0000015 14406.118192 2593964800 
0.0000015 15490.470340 2612894200 
0.0000015 14406.118192 2584684400 
0.0000015 14406.118192 2573313600 
0.0000015 15006.599123 2562947400 
0.0000015 14586.614358 2734228000 
0.0000015 15022.003651 2788751400 
0.0000015 14542.450179 2565312700 
0.0000015 14529.823853 2519396000 
0.0000015 14406.118192 2615557200 
0.0000015 14581.580907 2496379600 
0.0000015 14406.118192 2587481400 
0.0000015 14416.647734 2522604000 
0.0000015 14382.995934 2574970300 
0.0000015 14704.377603 2633366500 
0.0000015 14382.995934 2581696300 
0.0000015 14416.647734 2562712000 
0.0000015 14382.995934 2572614200 
0.0000015 15033.391196 2792917200 
0.0000015 14406.118193 2595582500 
0.0000015 15028.291331 2556076600 
0.0000015 14569.039514 2521748800 
0.0000015 14406.118193 2586861100 
0.0000015 14497.681916 2591385100 
0.0000015 15696.852879 2682043200 
0.0000015 15430.254969 2661703800 
0.0000015 14562.065319 2588781300 
0.0000015 14382.995934 2619192000 
0.0000015 14461.783422 2562029200 
0.0000015 15014.036027 2650811700 
0.0000015 14416.647733 2560170400 
0.0000015 15053.839393 2564657500 
0.0000015 14382.995934 2595122500 
0.0000015 14491.421292 2527961900 
0.0000015 14422.575067 2549475900 
0.0000015 14416.647733 2556289200 
0.0000015 15049.189622 2655010600 
0.0000015 14439.769992 2530580800 
0.0000015 14464.915503 2518655700 
0.0000015 14497.681916 2552902200 
0.000002 14601.104057 1910377100 
0.000002 14382.995934 1917936300 
0.000002 14382.995934 1930119900 
0.000002 14464.915503 1894323800 
0.000002 14406.118192 1934543100 
0.000002 14939.808617 2016220400 
0.000002 14596.908936 1952366000 
0.000002 15165.822414 1967140200 
0.000002 14406.118192 1928879500 
0.000002 14382.995934 1938991700 
0.000002 14679.494350 1989972100 
0.000002 14382.995934 1963455100 
0.000002 14382.995934 1933715600 
0.000002 14416.647733 1897515300 
0.000002 14382.995933 1962260800 
0.000002 14520.804174 1916122600 
0.000002 14382.995933 1909729500 
0.000002 14452.197355 2000544200 
0.000002 14420.101037 1935096200 
0.000002 14443.223295 1940191800 
0.000002 14382.995934 1911815200 
0.000002 14382.995933 1928187200 
0.000002 15101.483913 2000552500 
0.000002 14460.228748 1926824900 
0.000002 15242.499113 1982952300 
0.000002 15025.046344 1980779900 
0.000002 14382.995934 1922730200 
0.000002 14512.882832 1993916300 
0.000002 14904.064618 1927924700 
0.000002 14489.265036 1913169200 
0.000002 14580.737516 1920752700 
0.000002 14546.856711 1988889800 
0.000002 14997.345060 1898283900 
0.000002 14501.841185 1930201900 
0.000002 15080.393070 1976703800 
0.000002 14454.981865 1956811200 
0.000002 14460.228748 1947064500 
0.000002 14933.756077 1957328700 
0.000002 14686.592723 1929058500 
0.000002 14382.995933 1911910600 
0.000002 14982.376691 2053710900 
0.000002 14382.995934 1980295700 
0.000002 14406.118192 1914127700 
0.000002 14382.995934 1969633800 
0.000002 14406.118193 1914641000 
0.000002 14382.995934 1952099800 
0.000002 14429.075097 1940230300 
0.000002 14754.210397 1899934700 
0.000002 14439.769992 1912805400 
0.000002 14451.876551 1926991700 
0.000002 15036.066923 2084604600 
0.000002 14452.197356 1888217700 
0.000002 14420.101037 1917439200 
0.000002 14382.995933 1966004600 
0.000002 15076.816965 1965140600 
0.000002 15075.918551 1975908000 
0.000002 14416.647733 1913184800 
0.000002 14556.479226 1912922100 
0.000002 14382.995934 1946836000 
0.000002 15154.307518 1980881100 
0.000002 14680.227842 1971996300 
0.000002 14382.995934 1935257600 
0.000002 14561.409275 1897648300 
0.000002 14443.223295 1924503100 
0.000002 14439.702605 1948662500 
0.000002 14519.327920 2022465500 
0.000002 14439.769992 1834103300 
0.000002 15290.462884 2016932000 
0.000002 14406.118192 1942519300 
0.000002 14382.995933 1940225400 
0.000002 14443.223295 1955480200 
0.000002 14382.995934 1962779500 
0.000002 14406.118192 1954171700 
0.000002 14460.228749 1910016500 
0.000002 14382.995933 1957399400 
0.000002 15277.702983 1986438600 
0.000002 14382.995934 1917929700 
0.000002 14382.995934 1947682200 
0.000002 14382.995934 1950224500 
0.000002 14439.769992 1930727200 
0.000002 14618.865710 1912751300 
0.000002 14406.118193 1970242300 
0.000002 14460.228749 1938103100 
0.000002 14382.995933 1958901000 
0.000002 15049.408823 2053227000 
0.000002 14382.995934 1926283300 
0.000002 15259.469710 1947382200 
0.000002 14382.995933 1937431000 
0.000002 14382.995934 1910294200 
0.000002 15172.299072 1940881100 
0.000002 14439.769992 1922085700 
0.000002 14740.797521 2010526800 
0.000002 15051.937394 1946547800 
0.000002 14456.853542 1912551800 
0.000002 14460.228748 1925719600 
0.000002 14406.118192 1962068600 
0.000002 14544.539060 1934175900 
0.000002 14382.995934 1947254700 
0.000002 15249.580906 1958720800 
0.000002 14512.882832 1989354500 
0.0000025 14549.509255 1638704000 
0.0000025 14462.726897 1550906300 
0.0000025 15063.501367 1620744300 
0.0000025 14406.118192 1540046000 
0.0000025 14757.047114 1602154600 
0.0000025 14641.068728 1626340000 
0.0000025 14495.535787 1561101800 
0.0000025 14440.909396 1533429000 
0.0000025 14554.455974 1534993300 
0.0000025 14475.445044 1501708800 
0.0000025 15072.903292 1552489600 
0.0000025 14583.639735 1543825200 
0.0000025 14439.769992 1550570900 
0.0000025 14638.936765 1646244900 
0.0000025 14382.995934 1562914000 
0.0000025 14439.769992 1460938200 
0.0000025 14742.959299 1534432900 
0.0000025 14420.101037 1550349500 
0.0000025 14769.869269 1638966700 
0.0000025 14406.118192 1563499300 
0.0000025 15000.502470 1581424300 
0.0000025 14382.995934 1554689600 
0.0000025 14490.505342 1513765300 
0.0000025 14560.211372 1560266900 
0.0000025 14382.995933 1553421100 
0.0000025 14536.091636 1521387300 
0.0000025 14406.118192 1559747100 
0.0000025 14518.142211 1549454000 
0.0000025 14382.995934 1556269300 
0.0000025 15223.631369 1596212100 
0.0000025 14382.995934 1529450100 
0.0000025 14456.853542 1548107100 
0.0000025 14382.995934 1570223400 
0.0000025 14558.363142 1640708300 
0.0000025 14464.915503 1533195600 
0.0000025 14663.153468 1556276700 
0.0000025 14416.647734 1547991700 
0.0000025 15088.009199 1546324400 
0.0000025 14895.470336 1549740600 
0.0000025 14439.702605 1531565600 
0.0000025 14475.445044 1554662900 
0.0000025 14519.327920 1533533400 
0.0000025 14460.228749 1540332800 
0.0000025 14657.317606 1637425700 
0.0000025 14456.853542 1552582700 
0.0000025 14592.498187 1600069000 
0.0000025 15045.107103 1520379100 
0.0000025 14382.995934 1549198400 
0.0000025 14382.995934 1535481700 
0.0000025 14648.270887 1555944000 
0.0000025 14406.118192 1531696100 
0.0000025 14512.882833 1563426100 
0.0000025 14453.752837 1551124300 
0.0000025 14441.793244 1532714700 
0.0000025 15552.654426 1619346800 
0.0000025 14512.882833 1537000100 
0.0000025 14406.118193 1575810100 
0.0000025 14656.119719 1548225900 
0.0000025 15155.365563 1570529200 
0.0000025 14556.479226 1524424200 
0.0000025 14382.995934 1535991300 
0.0000025 14689.164110 1515558000 
0.0000025 14543.761079 1563143700 
0.0000025 14428.754292 1605990500 
0.0000025 14416.647734 1520592800 
0.0000025 14512.882833 1587354400 
0.0000025 14503.327077 1561815100 
0.0000025 14420.101037 1562993600 
0.0000025 15354.189750 1545603600 
0.0000025 15033.030142 1551587200 
0.0000025 14459.048382 1540611800 
0.0000025 14563.618182 1578527200 
0.0000025 14416.647733 1529054900 
0.0000025 14382.995934 1509896300 
0.0000025 15165.722411 1552053800 
0.0000025 14382.995934 1541479100 
0.0000025 14441.793244 1538935700 
0.0000025 14406.118192 1566217300 
0.0000025 15374.246172 1578327300 
0.0000025 14485.528351 1549115400 
0.0000025 14561.696913 1597553800 
0.0000025 14618.642149 1514910300 
0.0000025 14382.995934 1547223100 
0.0000025 14382.995934 1553591600 
0.0000025 14406.118192 1570090600 
0.0000025 14406.118193 1553243900 
0.0000025 14606.432557 1531076000 
0.0000025 14512.882833 1574061800 
0.0000025 15083.493634 1626842500 
0.0000025 14981.631968 1692007400 
0.0000025 14439.769992 1521666800 
0.0000025 14382.995934 1544711900 
0.0000025 14526.626960 1551096900 
0.0000025 14529.823853 1529596800 
0.0000025 14664.365079 1651222400 
0.0000025 14406.118192 1547641900 
0.0000025 14406.118192 1570848700 
0.0000025 14420.101037 1576891200 
0.0000025 15231.937599 1548974200 
0.0000025 14588.340265 1535706900 
0.000003 14416.647733 1291784900 
0.000003 14670.631473 1285776500 
0.000003 14439.702605 1291628800 
0.000003 14382.995934 1305920400 
0.000003 15093.395867 1294935900 
0.000003 14846.794647 1293007700 
0.000003 14512.882832 1301305300 
0.000003 14720.412738 1320040900 
0.000003 14382.995934 1313063500 
0.000003 14586.614358 1365903200 
0.000003 15151.558957 1315309400 
0.000003 14594.526550 1291111200 
0.000003 15031.395921 1356255500 
0.000003 14577.241383 1295477300 
0.000003 14382.995934 1300112000 
0.000003 15109.048123 1352156600 
0.000003 14700.167372 1382638500 
0.000003 14482.310162 1283740000 
0.000003 14853.246918 1284432500 
0.000003 15300.456362 1316358200 
0.000003 14791.340762 1257659700 
0.000003 15084.909147 1286919400 
0.000003 14452.197356 1285819800 
0.000003 14382.995934 1310235200 
0.000003 15151.081608 1356908400 
0.000003 14861.452311 1344583600 
0.000003 14614.073587 1300716600 
0.000003 14604.787177 1299447200 
0.000003 15249.948265 1403660300 
0.000003 15046.768098 1303225500 
0.000003 15224.471131 1378511100 
0.000003 14382.995934 1302341900 
0.000003 14487.678691 1292909500 
0.000003 14441.793244 1263717200 
0.000003 14626.667936 1268665900 
0.000003 14497.681915 1301403100 
0.000003 14406.118192 1289389500 
0.000003 14723.866041 1316266000 
0.000003 14653.786876 1394037600 
0.000003 14406.118192 1289219600 
0.000003 14443.223295 1314106000 
0.000003 14382.995934 1296556900 
0.000003 15236.447557 1288509100 
0.000003 15110.162540 1302087000 
0.000003 14566.883337 1270193900 
0.000003 15097.362761 1321749400 
0.000003 14708.219332 1386952100 
0.000003 14612.730324 1316477400 
0.000003 14588.776568 1290967200 
0.000003 14526.626960 1269583800 
0.000003 14485.460964 1315010200 
0.000003 14429.075097 1290548200 
0.000003 14482.310162 1293039100 
0.000003 15316.336982 1294407600 
0.000003 15061.952902 1319506300 
0.000003 15068.730907 1399033100 
0.000003 14382.995934 1317498500 
0.000003 14953.599857 1302870300 
0.000003 14439.702605 1298733700 
0.000003 14420.101037 1292951700 
0.000003 14579.940962 1322847400 
0.000003 15082.461114 1308769800 
0.000003 14487.678690 1304242000 
0.000003 15440.241543 1281450000 
0.000003 14519.327920 1291415400 
0.000003 14406.118192 1311599700 
0.000003 14648.721614 1328492200 
0.000003 14497.681915 1294396000 
0.000003 15226.999504 1277271600 
0.000003 14510.242203 1331150000 
0.000003 14460.228748 1276672400 
0.000003 14406.118192 1310192900 
0.000003 14406.118192 1296198600 
0.000003 14654.687062 1333794600 
0.000003 14382.995933 1298952600 
0.000003 14495.535787 1304304900 
0.000003 15175.970284 1307395400 
0.000003 15107.008867 1311192600 
0.000003 14440.909396 1297328900 
0.000003 14526.626960 1277185400 
0.000003 14703.824272 1275167400 
0.000003 14537.792699 1257565000 
0.000003 14382.995934 1311681300 
0.000003 14382.995934 1299909300 
0.000003 14439.769992 1287626000 
0.000003 15100.254813 1308812400 
0.000003 14632.192941 1333892500 
0.000003 15004.682465 1323691200 
0.000003 14382.995933 1299799800 
0.000003 14957.063880 1287335100 
0.000003 14725.552014 1285404900 
0.000003 14406.118192 1250615900 
0.000003 14510.242203 1325702400 
0.000003 15040.628505 1339809300 
0.000003 15089.182668 1316678700 
0.000003 14382.995934 1300529600 
0.000003 14765.078963 1312308800 
0.000003 14572.385319 1273148600 
0.000003 14656.702392 1284730300 
0.000003 14441.793244 1277749800 
0.0000035 14406.118192 1110117700 
0.0000035 14601.247490 1083577800 
0.0000035 14382.995934 1130937800 
0.0000035 14525.428301 1111573200 
0.0000035 15263.032746 1158946300 
0.0000035 14530.893276 1113039300 
0.0000035 14406.118192 1136703400 
0.0000035 14439.702605 1120517900 
0.0000035 14406.118192 1078099900 
0.0000035 14649.624967 1094986200 
0.0000035 14487.678691 1122418900 
0.0000035 14406.118192 1109089900 
0.0000035 14406.118192 1120780300 
0.0000035 15322.561485 1140953900 
0.0000035 14546.534632 1127788300 
0.0000035 14456.853542 1117058400 
0.0000035 14382.995934 1119603600 
0.0000035 14428.754292 1124975600 
0.0000035 14382.995934 1105765700 
0.0000035 14543.440274 1104711000 
0.0000035 15293.382806 1141456300 
0.0000035 14406.118192 1099638800 
0.0000035 14538.943060 1102582200 
0.0000035 14382.995934 1122558300 
0.0000035 14382.995934 1109745800 
0.0000035 14503.504701 1114299400 
0.0000035 14439.702605 1102520400 
0.0000035 14552.946111 1110640900 
0.0000035 14540.609804 1101501400 
0.0000035 14488.541128 1128675900 
0.0000035 15383.279215 1102044000 
0.0000035 14918.452662 1156773000 
0.0000035 14406.118192 1119517000 
0.0000035 15246.546268 1136258400 
0.0000035 14852.900550 1091403000 
0.0000035 14382.995934 1116305400 
0.0000035 14382.995934 1105367200 
0.0000035 14439.769992 1082338100 
0.0000035 14406.118192 1086096300 
0.0000035 14382.995934 1094879500 
0.0000035 14485.528351 1110330700 
0.0000035 14771.380291 1118127400 
0.0000035 15183.361908 1104549900 
0.0000035 14556.479226 1119113800 
0.0000035 14382.995933 1121610900 
0.0000035 15052.599341 1097289200 
0.0000035 15038.736824 1122973900 
0.0000035 14460.228749 1104172900 
0.0000035 14382.995934 1110212500 
0.0000035 14441.793244 1087025800 
0.0000035 14966.164620 1122641400 
0.0000035 14552.946111 1105322700 
0.0000035 14555.722513 1148340800 
0.0000035 14439.702605 1109178100 
0.0000035 14439.702605 1111148700 
0.0000035 14464.915503 1114848600 
0.0000035 14382.995934 1110355300 
0.0000035 14700.167372 1143589400 
0.0000035 14382.995934 1083545700 
0.0000035 15157.437240 1099067900 
0.0000035 15135.768082 1112531100 
0.0000035 14441.793244 1117714400 
0.0000035 14422.575067 1109896800 
0.0000035 14420.101037 1115206400 
0.0000035 15154.694765 1176616200 
0.0000035 14616.863803 1119165800 
0.0000035 14464.031655 1089075300 
0.0000035 14562.302012 1095033200 
0.0000035 14500.888641 1081728200 
0.0000035 14558.363143 1146994400 
0.0000035 14382.995933 1131975500 
0.0000035 15086.990017 1133186300 
0.0000035 14556.433023 1099708800 
0.0000035 15235.256346 1153629200 
0.0000035 15049.408823 1234961000 
0.0000035 14491.776502 1099762200 
0.0000035 14406.118192 1100867500 
0.0000035 14416.647733 1089674900 
0.0000035 14382.995934 1116560900 
0.0000035 14753.061731 1115653700 
0.0000035 14828.565167 1140933000 
0.0000035 14602.995027 1168301200 
0.0000035 14382.995933 1104291400 
0.0000035 14382.995934 1094829700 
0.0000035 15016.398618 1111407600 
0.0000035 14464.915503 1112659100 
0.0000035 14382.995934 1122122800 
0.0000035 14429.075097 1120240700 
0.0000035 14705.633060 1131873500 
0.0000035 14652.511721 1113207600 
0.0000035 14510.242203 1119667800 
0.0000035 14482.310162 1097649500 
0.0000035 14382.995933 1108563600 
0.0000035 14514.167108 1108493300 
0.0000035 14555.722513 1135466600 
0.0000035 14382.995934 1105139300 
0.0000035 14581.580907 1098098100 
0.0000035 15123.117137 1136494400 
0.0000035 14530.424502 1122599300 
0.0000035 14439.769992 1096447600 
0.000004 15445.132848 1015571300 
0.000004 14816.141815 998175200 
0.000004 14537.445532 975620600 
0.000004 14489.079466 982550400 
0.000004 15052.599340 967394900 
0.000004 14592.014943 996570000 
0.000004 14452.197356 971354000 
0.000004 14382.995934 989763500 
0.000004 14627.061217 977547600 
0.000004 14382.995934 992192200 
0.000004 14560.071458 960708100 
0.000004 14933.756077 1008515300 
0.000004 14382.995934 980920600 
0.000004 14406.118192 951838200 
0.000004 14382.995934 978201000 
0.000004 14640.747924 1044020500 
0.000004 14622.361765 974034700 
0.000004 14561.418163 977321800 
0.000004 14547.347306 966869200 
0.000004 14683.139420 966335600 
0.000004 15154.318959 1016725700 
0.000004 14453.752836 950560100 
0.000004 14633.562446 959711500 
0.000004 15370.095061 1060934900 
0.000004 15453.425059 976016100 
0.000004 14573.709996 1008602200 
0.000004 14519.327920 971088100 
0.000004 14441.793244 963557900 
0.000004 14416.647733 975475800 
0.000004 15380.573177 982168200 
0.000004 14919.007550 956582400 
0.000004 14382.995933 979484800 
0.000004 14616.093352 965766900 
0.000004 14503.504701 944365400 
0.000004 15404.835239 1025339200 
0.000004 14406.118192 983767200 
0.000004 14520.804174 1017914000 
0.000004 14580.188938 977854900 
0.000004 14382.995934 964712400 
0.000004 14993.038806 1014533000 
0.000004 15262.495664 966841100 
0.000004 15086.130812 974895600 
0.000004 14406.118192 970927700 
0.000004 15255.172029 1004960300 
0.000004 15297.152482 1005351100 
0.000004 15088.009199 983607300 
0.000004 14683.768768 954515000 
0.000004 14468.189385 975050100 
0.000004 14406.118192 962337700 
0.000004 14586.597911 979290400 
0.000004 14497.376734 981111400 
0.000004 14713.053869 950393400 
0.000004 14518.383988 957300300 
0.000004 15024.046749 1030208000 
0.000004 14508.871097 949581600 
0.000004 14938.736369 979485600 
0.000004 15090.753094 973392800 
0.000004 15047.620252 1009753600 
0.000004 15310.020862 951888100 
0.000004 15106.637395 977790600 
0.000004 15175.522610 994384000 
0.000004 15031.395921 994747600 
0.000004 15057.147498 981302200 
0.000004 15094.455306 980619900 
0.000004 14759.636320 984119600 
0.000004 14501.098353 994114500 
0.000004 14671.223685 987365200 
0.000004 14896.691313 993115000 
0.000004 14681.489882 995011900 
0.000004 14551.794011 964747100 
0.000004 15119.890012 1009950200 
0.000004 14382.995933 963777700 
0.000004 15028.526427 956970400 
0.000004 14406.118192 970747300 
0.000004 14464.031655 957901200 
0.000004 14382.995934 993423600 
0.000004 15055.025247 1003745500 
0.000004 14439.702605 964311400 
0.000004 15112.259419 1002409600 
0.000004 14885.208177 975401800 
0.000004 14844.134904 1026447000 
0.000004 14618.642149 989240800 
0.000004 14558.363143 1009886000 
0.000004 14518.142211 946103100 
0.000004 14631.633250 991117900 
0.000004 15300.881227 986754300 
0.000004 14589.221812 963211100 
0.000004 15088.192789 1016194700 
0.000004 14530.883127 950234100 
0.000004 14382.995933 974142400 
0.000004 14382.995934 965522100 
0.000004 14416.647733 965236900 
0.000004 14515.961962 946146400 
0.000004 14565.758132 1027785300 
0.000004 14549.583864 963089000 
0.000004 14382.995934 987324300 
0.000004 14460.228749 947320800 
0.000004 15218.446996 974349800 
0.000004 14451.876551 970210200 
0.000004 14526.626960 959866800 
0.0000045 14451.876551 863723400 
0.0000045 14922.332742 862533900 
0.0000045 14503.504701 862574300 
0.0000045 15049.289511 887032100 
0.0000045 14406.118192 857403700 
0.0000045 14982.939680 886617300 
0.0000045 14542.450179 861580300 
0.0000045 14564.737209 871623500 
0.0000045 14382.995933 861329600 
0.0000045 14497.681915 866818200 
0.0000045 15494.444193 877635200 
0.0000045 15079.791626 868930400 
0.0000045 15039.751685 861689600 
0.0000045 14610.187939 847737800 
0.0000045 14944.550129 818238200 
0.0000045 14649.871443 886744300 
0.0000045 14406.118192 873891800 
0.0000045 14382.995933 841221000 
0.0000045 14852.900550 875789200 
0.0000045 15444.220231 880341700 
0.0000045 15067.302653 871592500 
0.0000045 14406.118192 855859000 
0.0000045 14443.223295 871645300 
0.0000045 14505.987107 852031600 
0.0000045 14497.333852 863687700 
0.0000045 14406.118192 880631000 
0.0000045 14520.804174 860154400 
0.0000045 14406.118192 849074800 
0.0000045 14382.995933 865471600 
0.0000045 14638.908199 860480000 
0.0000045 14464.031655 866164300 
0.0000045 14382.995934 855177800 
0.0000045 14518.658046 870038200 
0.0000045 14616.863803 872469300 
0.0000045 14478.974468 856953300 
0.0000045 14382.995934 883078600 
0.0000045 14555.722513 877700600 
0.0000045 14576.182861 858967200 
0.0000045 14416.647733 844661100 
0.0000045 14406.118192 890333700 
0.0000045 14439.769992 859684500 
0.0000045 14420.101037 853537600 
0.0000045 15036.924301 880562500 
0.0000045 14406.118192 873607100 
0.0000045 15026.838025 873564400 
0.0000045 14475.423560 870100100 
0.0000045 14382.995934 881677200 
0.0000045 15157.962277 833386800 
0.0000045 14552.946111 859783800 
0.0000045 14382.995933 883347400 
0.0000045 14446.277925 865086600 
0.0000045 15091.190190 885244600 
0.0000045 14484.732189 858640600 
0.0000045 14649.487620 850933200 
0.0000045 14460.228748 861595400 
0.0000045 14482.310162 870972800 
0.0000045 14468.189385 875558400 
0.0000045 15068.754664 852508200 
0.0000045 14406.118192 872490500 
0.0000045 15301.184647 873067300 
0.0000045 15403.488230 882361300 
0.0000045 15398.889264 902249100 
0.0000045 14382.995934 859556700 
0.0000045 14382.995933 855856600 
0.0000045 14492.700182 866237500 
0.0000045 15090.210922 891756500 
0.0000045 14715.579416 915414600 
0.0000045 14382.995934 843058000 
0.0000045 14604.350364 860492300 
0.0000045 14416.647733 859202600 
0.0000045 14382.995934 878011400 
0.0000045 14441.793244 855455900 
0.0000045 14382.995934 858191200 
0.0000045 14460.228748 852330600 
0.0000045 14503.504701 856494000 
0.0000045 14468.299033 844083300 
0.0000045 15058.744412 868050200 
0.0000045 14608.306566 912997300 
0.0000045 14497.681915 858102200 
0.0000045 14382.995934 856683200 
0.0000045 15111.302191 866052500 
0.0000045 14490.505341 878614000 
0.0000045 14441.793244 852923000 
0.0000045 14534.299486 858964000 
0.0000045 14526.449336 864490400 
0.0000045 15383.065786 844886400 
0.0000045 14406.118192 851318100 
0.0000045 14715.141682 863942300 
0.0000045 14648.343546 869693800 
0.0000045 14382.995933 873754100 
0.0000045 15033.798751 897222000 
0.0000045 14382.995934 865418100 
0.0000045 14441.793244 878200600 
0.0000045 15038.736824 902463800 
0.0000045 14593.102401 865344100 
0.0000045 14640.789909 853713800 
0.0000045 14536.091636 876146200 
0.0000045 14382.995934 869844100 
0.0000045 14406.118192 850332600 
0.0000045 14501.841185 855790800 
0.000005 14553.546760 786069400 
0.000005 14406.118192 793365500 
0.000005 14642.389247 794140700 
0.000005 14406.118192 783458400 
0.000005 15486.347795 754181400 
0.000005 14439.769992 776030800 
0.000005 15126.800281 782785300 
0.000005 14744.776473 786675000 
0.000005 14382.995933 779590100 
0.000005 14439.702605 776179800 
0.000005 14406.118192 773238700 
0.000005 14597.096477 809349700 
0.000005 15310.344346 761077400 
0.000005 15355.110616 839770100 
0.000005 14382.995933 763260300 
0.000005 14394.551141 790933600 
0.000005 15311.161714 792596900 
0.000005 14456.853542 787754500 
0.000005 15117.468831 797078800 
0.000005 15359.452650 828131100 
0.000005 15019.265206 795402400 
0.000005 15129.687363 789276800 
0.000005 14382.995934 779802600 
0.000005 14862.663432 767975100 
0.000005 15075.526225 793514800 
0.000005 14835.976064 766852500 
0.000005 14456.853542 786596800 
0.000005 14382.995933 787487700 
0.000005 14778.335166 784181300 
0.000005 14464.915503 773480400 
0.000005 14498.545818 768750300 
0.000005 14406.118192 783961500 
0.000005 14510.887260 770677700 
0.000005 15180.422412 787825200 
0.000005 15176.835373 794348300 
0.000005 14816.141815 791273200 
0.000005 14792.640967 794225900 
0.000005 14439.769992 766838600 
0.000005 14612.519864 774815900 
0.000005 14852.900550 791930900 
0.000005 14406.118192 777911600 
0.000005 15132.596972 876192700 
0.000005 14542.450179 743933900 
0.000005 15113.621398 786005100 
0.000005 14501.098353 786650900 
0.000005 14482.310162 759602900 
0.000005 15002.275751 805958800 
0.000005 15619.871802 766560100 
0.000005 14439.702605 764555800 
0.000005 15019.353781 815772900 
0.000005 14443.223295 770007700 
0.000005 15037.501274 801197000 
0.000005 14575.582211 751652000 
0.000005 14491.776502 768511700 
0.000005 15012.084518 832633000 
0.000005 15306.953407 822517500 
0.000005 14510.242203 783595300 
0.000005 14503.504701 787158000 
0.000005 14974.639399 794666200 
0.000005 14503.504701 774156800 
0.000005 14443.223295 776914800 
0.000005 15150.644403 782059300 
0.000005 14558.363143 795111200 
0.000005 14534.787018 788073200 
0.000005 14612.519864 756108700 
0.000005 14382.995934 789408300 
0.000005 14406.118192 764053800 
0.000005 14503.504701 770868300 
0.000005 14406.118192 775467300 
0.000005 15138.733265 778792000 
0.000005 15273.325312 819034500 
0.000005 14460.228748 763231800 
0.000005 14416.647733 762385000 
0.000005 14602.863235 778298000 
0.000005 15177.784832 791717900 
0.000005 14440.909396 753225600 
0.000005 14416.647733 767305400 
0.000005 14382.995934 795865900 
0.000005 14406.118192 782937300 
0.000005 15177.564141 829862300 
0.000005 15352.922705 792486500 
0.000005 14484.732189 780808200 
0.000005 14382.995934 760096600 
0.000005 15380.745921 784414800 
0.000005 15706.736857 808913600 
0.000005 14519.327920 770833300 
0.000005 14382.995934 790289400 
0.000005 14738.743932 815912400 
0.000005 14406.118192 775839500 
0.000005 14503.504701 787489500 
0.000005 14521.330490 793944100 
0.000005 14806.115486 829089100 
0.000005 14529.823852 774655500 
0.000005 14744.187397 816253500 
0.000005 14526.626960 774391100 
0.000005 14406.118192 786757000 
0.000005 14510.242203 761705500 
0.000005 14604.442306 791012800 
0.000005 14406.118192 772090800 
0.000005 15200.735183 819584000 
0.0000055 14967.056221 710294500 
0.0000055 14382.995934 712403500 
0.0000055 14451.876551 718963600 
0.0000055 14441.793244 708011400 
0.0000055 14382.995933 717620600 
0.0000055 14659.466868 720261000 
0.0000055 14632.687589 706946900 
0.0000055 15177.693318 706387600 
0.0000055 14406.118192 704626900 
0.0000055 14441.793244 695077800 
0.0000055 15277.703298 736748200 
0.0000055 14762.276950 736775100 
0.0000055 15111.574115 710679900 
0.0000055 14768.370565 704560100 
0.0000055 14406.118192 711213600 
0.0000055 14382.995933 714724600 
0.0000055 14538.217875 711961600 
0.0000055 14439.702605 699612700 
0.0000055 14443.223295 709498500 
0.0000055 14428.754292 710906300 
0.0000055 15413.313495 725339200 
0.0000055 15286.310721 721607000 
0.0000055 14526.626960 703668300 
0.0000055 14382.995933 718566700 
0.0000055 14594.989565 741053300 
0.0000055 14468.189385 690842000 
0.0000055 14489.265036 721042800 
0.0000055 14382.995934 718621900 
0.0000055 15287.729907 741746000 
0.0000055 14382.995934 709525400 
0.0000055 15182.113968 727480700 
0.0000055 14406.118192 696394300 
0.0000055 15077.542562 722033200 
0.0000055 15027.613511 712436000 
0.0000055 15107.938540 744531300 
0.0000055 15239.083072 706706100 
0.0000055 14710.765360 724778100 
0.0000055 14443.223295 709080700 
0.0000055 14441.793244 700855800 
0.0000055 14420.101037 704383300 
0.0000055 14406.118192 717968700 
0.0000055 14443.223295 711322200 
0.0000055 14579.078524 734253700 
0.0000055 14642.389247 726355500 
0.0000055 14382.995934 693412700 
0.0000055 15139.932496 710751900 
0.0000055 14487.678691 713938400 
0.0000055 14382.995934 700405400 
0.0000055 14976.028619 698359900 
0.0000055 14488.541127 717654800 
0.0000055 14555.722513 732676200 
0.0000055 15066.564989 711508500 
0.0000055 14443.223295 710766500 
0.0000055 15032.303868 740413600 
0.0000055 15041.198259 706760300 
0.0000055 14406.118192 700902200 
0.0000055 14428.754292 710200200 
0.0000055 14394.551141 705451800 
0.0000055 15022.003650 775569800 
0.0000055 14542.450179 698895700 
0.0000055 14710.162181 718173000 
0.0000055 15094.441654 730680100 
0.0000055 14531.028534 711100900 
0.0000055 14868.256451 724269200 
0.0000055 14428.754292 721692300 
0.0000055 15093.699415 755817700 
0.0000055 14748.074037 737851700 
0.0000055 14671.302258 725960100 
0.0000055 15115.865862 708851000 
0.0000055 14663.654957 737453100 
0.0000055 14532.955124 692821700 
0.0000055 15078.560406 727711500 
0.0000055 15335.444842 696609800 
0.0000055 14382.995934 694520100 
0.0000055 15317.217046 707010900 
0.0000055 14766.791457 726180300 
0.0000055 14382.995934 720225400 
0.0000055 14475.445044 691354600 
0.0000055 14571.680143 717650300 
0.0000055 14742.751646 730052500 
0.0000055 14491.776501 730254800 
0.0000055 15121.736774 717422600 
0.0000055 15256.914940 712468300 
0.0000055 15306.059967 731994500 
0.0000055 14464.031655 709361100 
0.0000055 15197.265208 738121800 
0.0000055 14695.250800 734283600 
0.0000055 15131.981214 745081200 
0.0000055 15024.936279 757340100 
0.0000055 14519.327920 698185800 
0.0000055 15223.361009 745313200 
0.0000055 14441.793244 706622800 
0.0000055 14526.626960 698199400 
0.0000055 14406.118192 707734500 
0.0000055 14592.014943 749452400 
0.0000055 15351.395780 729377100 
0.0000055 15093.731641 736601600 
0.0000055 14382.995933 707036500 
0.0000055 14798.903373 762623200 
0.0000055 14592.746483 714391800 
0.000006 14607.422718 698765000 
0.000006 15205.300814 663460000 
0.000006 14451.325200 623735200 
0.000006 15152.894405 654819300 
0.000006 14460.228748 649464400 
0.000006 14736.673827 660678800 
0.000006 14578.076061 657897300 
0.000006 14406.118192 656141900 
0.000006 14990.168905 647919600 
0.000006 14464.915503 644976600 
0.000006 14464.915503 643057100 
0.000006 15434.957269 721393400 
0.000006 14416.647733 640424200 
0.000006 14382.995933 656537400 
0.000006 15187.525986 665980000 
0.000006 14498.567303 637265500 
0.000006 15022.009625 656652900 
0.000006 14543.440274 646273500 
0.000006 15130.925074 642415400 
0.000006 14406.118192 644641600 
0.000006 14659.459255 654075700 
0.000006 14382.995934 671746900 
0.000006 14406.118192 656137700 
0.000006 14439.702605 636656000 
0.000006 14555.722513 660083700 
0.000006 14406.118192 656642300 
0.000006 15566.102714 667104300 
0.000006 14382.995933 660857100 
0.000006 14382.995933 643817600 
0.000006 15277.801327 701003600 
0.000006 14382.995934 657499300 
0.000006 14382.995934 658698400 
0.000006 15242.517517 644211300 
0.000006 14910.248751 641599100 
0.000006 15005.116146 678713300 
0.000006 14420.101037 649572600 
0.000006 14611.238442 668642100 
0.000006 15193.822380 694356800 
0.000006 14760.279859 655895300 
0.000006 14429.075097 648610300 
0.000006 14653.786876 699892000 
0.000006 14526.626960 645312700 
0.000006 14460.228748 631935000 
0.000006 15456.951475 688560800 
0.000006 15160.989277 666543600 
0.000006 14382.995933 658433300 
0.000006 15435.647580 676214200 
0.000006 14562.302012 634928700 
0.000006 14534.787018 658386200 
0.000006 14382.995933 656255700 
0.000006 14441.793244 645601600 
0.000006 14464.915503 638393600 
0.000006 14804.419625 687629400 
0.000006 14488.541128 654771000 
0.000006 14503.504701 645456900 
0.000006 14460.228748 644275400 
0.000006 14382.995933 657307300 
0.000006 15155.150947 670158300 
0.000006 14503.504701 645482700 
0.000006 14579.078525 658388500 
0.000006 14382.995933 660455500 
0.000006 15300.035428 626678500 
0.000006 14416.647733 628169700 
0.000006 14406.118192 658795300 
0.000006 14382.995934 654656100 
0.000006 15152.171619 664961600 
0.000006 15106.827972 639807500 
0.000006 15418.894089 720151600 
0.000006 14645.952806 647407000 
0.000006 14406.118192 653603400 
0.000006 14406.118192 655586600 
0.000006 15073.138827 678556600 
0.000006 15333.836504 701486900 
0.000006 15276.251907 675481900 
0.000006 14382.995933 646146400 
0.000006 14578.125231 654100600 
0.000006 14683.461510 672918700 
0.000006 14416.647733 654730400 
0.000006 14382.995934 649478300 
0.000006 14653.786876 699397400 
0.000006 15257.696886 645450200 
0.000006 14382.995933 649723000 
0.000006 14549.509255 688825600 
0.000006 14406.118192 661600500 
0.000006 15075.891654 652054500 
0.000006 15258.268073 730412600 
0.000006 14406.118192 650978700 
0.000006 14803.286041 682303000 
0.000006 15326.368007 684655100 
0.000006 15168.181712 662681000 
0.000006 15217.734354 651432200 
0.000006 14382.995933 656552800 
0.000006 15218.992936 668387300 
0.000006 15075.333975 712424800 
0.000006 15057.063557 673968300 
0.000006 15363.084600 649468800 
0.000006 14382.995933 660096600 
0.000006 14554.388586 635012600 
0.000006 15152.005420 659653600 
0.000006 14382.995934 656956600 
0.0000065 15828.581551 603607800 
0.0000065 14406.118192 597640000 
0.0000065 14850.641607 589306600 
0.0000065 14429.075097 600403300 
0.0000065 14382.995934 603006500 
0.0000065 14942.029133 624532700 
0.0000065 14926.203728 594502600 
0.0000065 14713.859507 581144700 
0.0000065 14382.995933 585415000 
0.0000065 15337.437831 633978800 
0.0000065 15219.197269 605810100 
0.0000065 14671.628651 592787100 
0.0000065 15007.841154 605249100 
0.0000065 14549.509255 643886200 
0.0000065 14453.752837 589303800 
0.0000065 14382.995934 611557500 
0.0000065 14917.809236 649433800 
0.0000065 14945.662357 606015600 
0.0000065 14842.714904 617655100 
0.0000065 14655.706247 600890400 
0.0000065 15007.161338 612161600 
0.0000065 15186.645334 629850900 
0.0000065 15121.310243 636354500 
0.0000065 14839.196822 604129200 
0.0000065 15118.204803 594444600 
0.0000065 14406.118192 596167100 
0.0000065 14542.450179 599507500 
0.0000065 15472.535229 592090400 
0.0000065 14406.118192 599015400 
0.0000065 14464.915503 593445700 
0.0000065 14420.101037 592703200 
0.0000065 14382.995933 605802900 
0.0000065 14464.915503 569407300 
0.0000065 14503.504701 593109000 
0.0000065 14608.306566 627537500 
0.0000065 14655.062197 601724800 
0.0000065 15957.608193 645930400 
0.0000065 14886.919384 578906300 
0.0000065 14443.223295 601313200 
0.0000065 14602.995027 635949800 
0.0000065 14452.197356 584371900 
0.0000065 14406.118192 607198800 
0.0000065 15108.866339 600264600 
0.0000065 15096.087962 612412600 
0.0000065 14451.876551 599978300 
0.0000065 14618.642149 608658900 
0.0000065 14452.197356 606601400 
0.0000065 15034.079101 616014500 
0.0000065 14571.383493 589735900 
0.0000065 15104.640297 596257300 
0.0000065 14558.363143 624032800 
0.0000065 14382.995933 605725300 
0.0000065 15259.676771 656629000 
0.0000065 15318.920532 644455100 
0.0000065 14711.124673 601353500 
0.0000065 15278.562116 619969500 
0.0000065 14382.995934 598995400 
0.0000065 14531.333715 598700000 
0.0000065 14493.880548 601561600 
0.0000065 14443.223296 595887900 
0.0000065 14561.409275 609045100 
0.0000065 14602.664823 601774100 
0.0000065 14382.995933 600806700 
0.0000065 14406.118192 596227200 
0.0000065 14382.995934 608341100 
0.0000065 14382.995934 597702700 
0.0000065 14420.101037 590405200 
0.0000065 14420.101037 599033200 
0.0000065 14660.405270 634766000 
0.0000065 14485.528351 586924400 
0.0000065 15229.647335 661394600 
0.0000065 14439.702605 614830100 
0.0000065 15433.675283 632665800 
0.0000065 14382.995934 581194800 
0.0000065 14482.310162 606438200 
0.0000065 14558.363143 632058600 
0.0000065 14464.031655 592154300 
0.0000065 15307.270962 611932000 
0.0000065 14983.402261 617482300 
0.0000065 14738.084244 602794500 
0.0000065 14439.702605 599678200 
0.0000065 14995.163334 612639900 
0.0000065 15259.613233 628592800 
0.0000065 15050.440775 619854000 
0.0000065 14653.004707 604187600 
0.0000065 14473.354405 595379900 
0.0000065 15012.650088 670397800 
0.0000065 14944.806796 600108200 
0.0000065 15075.646324 631828300 
0.0000065 14428.754292 598157500 
0.0000065 14462.726897 590587900 
0.0000065 14420.101037 600387500 
0.0000065 14569.039514 605459000 
0.0000065 14900.642038 627006200 
0.0000065 14464.915503 589615800 
0.0000065 14577.092074 594288700 
0.0000065 14429.075097 601623700 
0.0000065 15345.512167 619305800 
0.0000065 15160.912951 618436600 
0.0000065 14382.995934 592460500 
0.000007 14468.189385 562377600 
0.000007 15178.014911 563479100 
0.000007 14906.208318 615592000 
0.000007 14406.118192 557047500 
0.000007 14497.333852 556393900 
0.000007 15888.342451 566868800 
0.000007 14616.276605 580301900 
0.000007 14406.118192 563757600 
0.000007 14565.758132 568987900 
0.000007 14441.793244 554424000 
0.000007 15048.034110 571442000 
0.000007 15109.140168 551328800 
0.000007 14406.118192 562481200 
0.000007 15084.043009 596873800 
0.000007 14417.673400 558439100 
0.000007 14382.995934 551141000 
0.000007 14804.173301 562443600 
0.000007 14382.995934 548681300 
0.000007 14597.096477 579404400 
0.000007 14416.647733 549136200 
0.000007 15034.775672 560291600 
0.000007 14406.118192 548134200 
0.000007 14987.625102 582129300 
0.000007 14439.702605 557154500 
0.000007 15024.078709 589862500 
0.000007 14382.995933 557515800 
0.000007 14979.342947 585427500 
0.000007 15478.775670 557652200 
0.000007 14564.076301 557378200 
0.000007 14452.197356 547940900 
0.000007 15049.303309 552284600 
0.000007 14464.915503 547860500 
0.000007 14476.875095 550746300 
0.000007 15100.254813 549652600 
0.000007 14406.118192 554215800 
0.000007 15022.585752 560679900 
0.000007 14406.118192 563552200 
0.000007 14577.241383 540296000 
0.000007 14527.521611 553675300 
0.000007 15110.946168 552939500 
0.000007 14382.995933 553819300 
0.000007 14488.541127 570132400 
0.000007 14428.754292 561163900 
0.000007 14475.423560 546438000 
0.000007 14382.995933 567013500 
0.000007 14495.535787 568325600 
0.000007 14464.031655 556750300 
0.000007 15018.392547 555193400 
0.000007 15277.445302 575298900 
0.000007 15081.350951 597365400 
0.000007 14571.383493 562697900 
0.000007 15374.389025 572750500 
0.000007 14693.126640 568780400 
0.000007 14676.810369 549723300 
0.000007 15246.131166 548502900 
0.000007 15055.025247 591856500 
0.000007 14563.376723 571033700 
0.000007 15131.453894 558381300 
0.000007 14439.769992 545677100 
0.000007 14594.989565 595215900 
0.000007 14464.915503 552711400 
0.000007 14382.995933 551085900 
0.000007 15133.191478 581314100 
0.000007 14420.101037 577287900 
0.000007 15321.061734 558213700 
0.000007 14441.793244 555943700 
0.000007 14439.769992 558061800 
0.000007 14670.951794 585892400 
0.000007 14737.290465 551849000 
0.000007 15072.682131 575590800 
0.000007 14501.098353 560022100 
0.000007 14406.118192 551872700 
0.000007 14463.533063 576015900 
0.000007 15084.381944 561408700 
0.000007 14777.513757 596687700 
0.000007 14639.980497 554982700 
0.000007 14406.118192 556695200 
0.000007 14510.242203 573611100 
0.000007 15490.808779 586959200 
0.000007 15508.493021 550464100 
0.000007 14382.995934 563229800 
0.000007 15112.910895 567039500 
0.000007 14406.118192 557917800 
0.000007 14382.995934 562410800 
0.000007 14406.118192 563683600 
0.000007 14406.118192 555983700 
0.000007 14420.101037 557326000 
0.000007 15311.521033 575716800 
0.000007 15545.126895 579289900 
0.000007 14394.551141 538690300 
0.000007 14406.118192 588904100 
0.000007 14406.118192 551179500 
0.000007 14497.683455 549358300 
0.000007 14441.793244 561787400 
0.000007 14406.118192 556778600 
0.000007 15054.717866 587288400 
0.000007 14382.995933 572833300 
0.000007 14382.995934 549986400 
0.000007 14382.995933 551229900 
0.000007 14563.732063 544876400 
0.0000075 15050.689861 523057400 
0.0000075 14565.888305 506376300 
0.0000075 14420.101037 509485100 
0.0000075 15121.468882 536133600 
0.0000075 15018.490897 551071100 
0.0000075 14382.995933 527983900 
0.0000075 15284.922642 535138000 
0.0000075 15020.241546 526502000 
0.0000075 14393.725939 525373900 
0.0000075 14995.163334 547915200 
0.0000075 14786.459734 546223200 
0.0000075 14439.769992 509654100 
0.0000075 14730.099569 539825300 
0.0000075 14441.793244 512618500 
0.0000075 14503.504701 519228700 
0.0000075 14592.014943 526040600 
0.0000075 15082.461114 529343000 
0.0000075 14406.118192 528414900 
0.0000075 14491.776501 527907000 
0.0000075 14416.647733 517640300 
0.0000075 14933.756076 530617600 
0.0000075 15217.531359 566655900 
0.0000075 14655.062197 523784200 
0.0000075 14382.995933 520717300 
0.0000075 14792.564116 506524100 
0.0000075 14495.584584 510116000 
0.0000075 15218.448202 567240000 
0.0000075 14534.299486 524273500 
0.0000075 14594.989566 573251300 
0.0000075 14416.647733 520285100 
0.0000075 14382.995933 529506300 
0.0000075 14429.075097 518336300 
0.0000075 14382.995934 520096000 
0.0000075 14744.525529 535602000 
0.0000075 14900.234391 542203900 
0.0000075 14654.256558 530983100 
0.0000075 15378.892627 520299200 
0.0000075 14406.118192 518120000 
0.0000075 14932.422678 521829400 
0.0000075 14588.621163 511277700 
0.0000075 15166.072538 534746100 
0.0000075 14382.995933 519357100 
0.0000075 14654.096522 514908200 
0.0000075 14520.804174 518510700 
0.0000075 14439.805102 520809400 
0.0000075 14487.678691 523789500 
0.0000075 15292.533324 556683700 
0.0000075 14382.995933 528597900 
0.0000075 15042.383703 526776000 
0.0000075 14506.307912 515793800 
0.0000075 15344.036266 511088700 
0.0000075 15217.458116 535060300 
0.0000075 14406.118192 527828300 
0.0000075 14757.047113 546831700 
0.0000075 15286.663542 532838700 
0.0000075 14729.654215 530149200 
0.0000075 14960.039968 522983600 
0.0000075 15232.235583 529855900 
0.0000075 14756.874043 540337500 
0.0000075 15333.608827 553024300 
0.0000075 14382.995934 518736600 
0.0000075 14503.504701 512079600 
0.0000075 14497.681915 529017800 
0.0000075 14880.482558 529556500 
0.0000075 14493.880548 516236300 
0.0000075 14382.995933 520832900 
0.0000075 14494.633565 544478200 
0.0000075 14507.806868 524634300 
0.0000075 14406.118192 521390200 
0.0000075 14441.793244 513834700 
0.0000075 15048.030661 521696300 
0.0000075 14382.995933 517860300 
0.0000075 15332.542673 550969000 
0.0000075 15048.030661 528705600 
0.0000075 14809.555305 525707300 
0.0000075 14439.769992 509552200 
0.0000075 14406.118192 520215500 
0.0000075 14382.995933 521700100 
0.0000075 14859.120221 529372300 
0.0000075 14558.363143 537686000 
0.0000075 14571.680143 531468200 
0.0000075 15398.687281 540024500 
0.0000075 14446.277924 504798600 
0.0000075 14571.383493 511001600 
0.0000075 14862.871410 526247100 
0.0000075 14382.995934 518878000 
0.0000075 15253.427241 533604400 
0.0000075 15088.382463 527323500 
0.0000075 14462.726897 508754000 
0.0000075 14406.118192 511401900 
0.0000075 15285.704625 564991600 
0.0000075 14441.793244 510451000 
0.0000075 15358.944740 537242000 
0.0000075 15083.654991 522406500 
0.0000075 14745.756831 531219900 
0.0000075 15846.713625 537675700 
0.0000075 15128.922168 506807700 
0.0000075 14478.648221 521011900 
0.0000075 14677.834006 544337200 
0.0000075 14464.915503 524697700 
0.000008 14937.561826 473148500 
0.000008 15100.592435 519127200 
0.000008 14706.515273 501973900 
0.000008 15258.604909 520446600 
0.000008 14530.424501 483951800 
0.000008 15052.599340 488002600 
0.000008 14452.197356 489161800 
0.000008 14959.051341 502092700 
0.000008 15093.360044 488930600 
0.000008 14515.961962 492324500 
0.000008 14512.882832 488290000 
0.000008 14406.118192 488355400 
0.000008 14382.995933 490818800 
0.000008 14730.045689 467918200 
0.000008 14901.241923 513789700 
0.000008 14520.804174 489030100 
0.000008 15094.173654 472372300 
0.000008 14609.234011 481668300 
0.000008 14715.831845 486237300 
0.000008 14798.710984 518854700 
0.000008 14915.667485 496094300 
0.000008 14406.118192 493429800 
0.000008 14382.995933 497613200 
0.000008 14382.995934 488019700 
0.000008 14406.118192 488264200 
0.000008 14503.504701 483371600 
0.000008 14460.228748 484894300 
0.000008 15316.396606 490071500 
0.000008 14382.995933 498777100 
0.000008 14464.031655 476399100 
0.000008 14699.736868 507700400 
0.000008 15255.952118 507975000 
0.000008 14488.541128 486305700 
0.000008 15030.631622 498823000 
0.000008 15103.557333 500605000 
0.000008 14443.223295 491806800 
0.000008 14642.389247 502030900 
0.000008 14738.797202 492098700 
0.000008 14416.647733 476601400 
0.000008 15374.680958 514099800 
0.000008 14462.406092 485700800 
0.000008 15113.807965 506793800 
0.000008 14943.109638 505178700 
0.000008 14416.647733 481875000 
0.000008 14510.242203 503393600 
0.000008 14406.118192 487210000 
0.000008 14382.995933 495939600 
0.000008 15332.858492 476195100 
0.000008 14382.995934 486491100 
0.000008 15200.902958 503885500 
0.000008 14562.302012 480701600 
0.000008 14549.509255 522255800 
0.000008 14416.647733 488842900 
0.000008 14382.995933 491653400 
0.000008 14382.995934 486884200 
0.000008 14668.787386 501330400 
0.000008 15263.403038 541904700 
0.000008 14526.626960 482656100 
0.000008 15336.657687 499145000 
0.000008 14586.614359 508291200 
0.000008 14406.118192 487958800 
0.000008 14468.189385 492324300 
0.000008 14406.118192 494795400 
0.000008 15275.313133 499504900 
0.000008 15289.021925 478782600 
0.000008 15150.848204 490424500 
0.000008 14774.942390 520403800 
0.000008 14529.823852 486745000 
0.000008 14382.995934 496879200 
0.000008 15088.813472 486348900 
0.000008 15383.639260 505612500 
0.000008 15338.932754 498446600 
0.000008 14642.389247 483459600 
0.000008 15154.695782 522058500 
0.000008 15159.603318 505621700 
0.000008 14420.101037 490870600 
0.000008 14678.458028 484767400 
0.000008 14838.297953 508039700 
0.000008 14562.124388 477729200 
0.000008 14406.118192 483964500 
0.000008 14406.118192 481448100 
0.000008 14475.445044 474305500 
0.000008 15169.314849 495205800 
0.000008 14946.204203 500000600 
0.000008 14488.541128 497890100 
0.000008 14382.995934 499770000 
0.000008 15508.529574 518371500 
0.000008 14480.145749 502759400 
0.000008 14974.192480 501724200 
0.000008 14406.118192 487066700 
0.000008 14406.118192 483957700 
0.000008 15124.612060 541613500 
0.000008 14382.995934 486671600 
0.000008 15149.335369 484561600 
0.000008 15293.022316 499414700 
0.000008 14441.793244 488385700 
0.000008 15011.835410 492198100 
0.000008 15181.294190 495984000 
0.000008 14382.995933 483879800 
0.000008 15100.759515 479901300 
0.0000085 14897.169310 467037500 
0.0000085 14406.118192 458348700 
0.0000085 15122.340369 465753200 
0.0000085 15283.351523 470696900 
0.0000085 15060.852217 476524100 
0.0000085 14762.546018 462737600 
0.0000085 14602.995027 475239900 
0.0000085 14406.118192 465459200 
0.0000085 14451.876551 459808500 
0.0000085 14540.609804 454104700 
0.0000085 14428.754292 467249400 
0.0000085 14441.793244 457825100 
0.0000085 14747.937698 486906400 
0.0000085 15268.099788 484052100 
0.0000085 14769.462538 460474200 
0.0000085 14487.678691 466177700 
0.0000085 14683.202535 468212200 
0.0000085 14382.995934 460832500 
0.0000085 15202.966940 464370100 
0.0000085 14587.131173 466494700 
0.0000085 14852.900550 467538400 
0.0000085 14459.048382 457535000 
0.0000085 15193.007328 462905900 
0.0000085 14422.828706 456549700 
0.0000085 14487.678691 472421000 
0.0000085 14604.121502 460499600 
0.0000085 14976.827393 467626000 
0.0000085 14441.793244 455728200 
0.0000085 14451.876551 456595100 
0.0000085 14622.361765 451955900 
0.0000085 15038.707552 502511400 
0.0000085 14549.509255 485745800 
0.0000085 14628.108488 465384000 
0.0000085 14503.504701 449324000 
0.0000085 15430.317714 464383700 
0.0000085 14464.915503 463251200 
0.0000085 14531.333715 452583800 
0.0000085 15092.130350 483617000 
0.0000085 14382.995933 463482100 
0.0000085 14590.552964 462180100 
0.0000085 14480.145749 457196300 
0.0000085 14382.995934 463935600 
0.0000085 14406.118192 459050000 
0.0000085 14510.242203 467682200 
0.0000085 15232.203870 479184900 
0.0000085 14700.167372 482692300 
0.0000085 14529.671948 454565200 
0.0000085 14999.728468 458730600 
0.0000085 15085.903233 464084300 
0.0000085 14654.256558 466105700 
0.0000085 14382.995933 456874400 
0.0000085 15097.153167 458613700 
0.0000085 14624.971458 469394800 
0.0000085 15033.030142 461814100 
0.0000085 15082.634857 457925700 
0.0000085 15082.579369 475010800 
0.0000085 14750.955621 448236400 
0.0000085 14382.995933 462043600 
0.0000085 14625.561704 465269200 
0.0000085 14716.239229 482384300 
0.0000085 14595.900512 473922000 
0.0000085 14563.376723 459702700 
0.0000085 15086.251140 458143200 
0.0000085 14661.476528 477122200 
0.0000085 15075.891654 469211400 
0.0000085 14487.678691 470972800 
0.0000085 15220.682660 463299700 
0.0000085 14382.995934 468148700 
0.0000085 14382.995933 461084900 
0.0000085 14961.512806 464419600 
0.0000085 14464.031655 458541500 
0.0000085 14382.995933 467864500 
0.0000085 14590.552964 462593300 
0.0000085 14382.995934 465211500 
0.0000085 14382.995934 464502800 
0.0000085 15240.121929 457913900 
0.0000085 14416.647733 452712800 
0.0000085 14416.647733 452725400 
0.0000085 14978.967180 484042000 
0.0000085 15122.497753 481608800 
0.0000085 14865.149517 465116500 
0.0000085 15187.525986 459228800 
0.0000085 15033.798751 481131400 
0.0000085 14501.737656 472229300 
0.0000085 14711.124673 478167800 
0.0000085 14460.228748 460474600 
0.0000085 15065.101824 470068000 
0.0000085 15116.580236 460418100 
0.0000085 14707.264463 486290100 
0.0000085 14519.327920 457838200 
0.0000085 15324.583258 500780500 
0.0000085 14382.995933 463429500 
0.0000085 14854.726061 453487100 
0.0000085 14543.894003 454633900 
0.0000085 15187.202312 479018900 
0.0000085 14979.243977 473133900 
0.0000085 14382.995933 454969700 
0.0000085 15141.131322 480219600 
0.0000085 14664.166320 455782900 
0.0000085 15745.945312 446662600 
0.000009 15148.193291 437995400 
0.000009 15193.835424 440384200 
0.000009 14529.823852 430693000 
0.000009 15033.798751 442748700 
0.000009 14406.118192 428444200 
0.000009 14453.752836 432536500 
0.000009 14691.361661 430285900 
0.000009 14441.793244 431543200 
0.000009 15066.564989 442028400 
0.000009 15176.353603 453431200 
0.000009 15188.977812 431785600 
0.000009 15276.664105 445723900 
0.000009 15324.190187 455592600 
0.000009 14382.995933 436490400 
0.000009 14629.069592 435035000 
0.000009 14510.887260 433980700 
0.000009 14571.680143 438055600 
0.000009 14678.711306 429694000 
0.000009 14745.558249 440770800 
0.000009 14406.118192 436490600 
0.000009 14441.793244 427885200 
0.000009 14529.823852 437261600 
0.000009 15021.646971 443303600 
0.000009 14813.288786 422760500 
0.000009 15597.981310 465316900 
0.000009 14552.946111 432103600 
0.000009 15082.925683 438390900 
0.000009 15151.077947 441109100 
0.000009 14562.302012 429343800 
0.000009 14382.995934 436266400 
0.000009 14884.393161 452462400 
0.000009 14510.242203 438367700 
0.000009 15250.284699 439698700 
0.000009 14420.101037 434605400 
0.000009 14406.118192 439479100 
0.000009 15211.622636 443582400 
0.000009 14598.704470 432798100 
0.000009 14684.297796 428682500 
0.000009 15208.635615 432959600 
0.000009 14482.310162 431249100 
0.000009 15406.782654 447783200 
0.000009 15027.927573 433462200 
0.000009 14478.648221 436038200 
0.000009 15308.799512 460839000 
0.000009 15071.237391 454956400 
0.000009 14462.726897 429602400 
0.000009 14382.995933 449625800 
0.000009 14951.280783 441208500 
0.000009 15068.154656 445584800 
0.000009 14654.474197 432282300 
0.000009 15367.408797 433378800 
0.000009 15187.030860 459102900 
0.000009 15057.068551 434341100 
0.000009 15161.156887 439809500 
0.000009 14382.995933 436762700 
0.000009 14765.186648 419583200 
0.000009 14520.804174 429162800 
0.000009 15081.994088 432312700 
0.000009 15396.454634 445774800 
0.000009 14382.995934 439196000 
0.000009 15039.380854 447864600 
0.000009 15174.442447 455044500 
0.000009 14460.228748 436449300 
0.000009 14482.310162 430347200 
0.000009 15143.032310 460468600 
0.000009 14510.242203 433477800 
0.000009 14406.118192 445392800 
0.000009 14573.709996 447421500 
0.000009 14542.450179 433854100 
0.000009 14428.754292 429893500 
0.000009 14429.075097 434389800 
0.000009 15380.849717 468006700 
0.000009 14460.228748 430711900 
0.000009 15262.680520 461785100 
0.000009 14569.840621 433696900 
0.000009 14382.995933 438022600 
0.000009 15103.142721 451156100 
0.000009 15185.909847 443615500 
0.000009 15225.498868 454067800 
0.000009 14765.820566 441647600 
0.000009 15221.217379 435851700 
0.000009 15137.869506 444176000 
0.000009 15153.774893 435915100 
0.000009 15075.480273 429242100 
0.000009 14625.699320 445116100 
0.000009 15312.360989 493896700 
0.000009 14761.260870 433919900 
0.000009 14476.875095 425622600 
0.000009 14382.995933 433455200 
0.000009 14585.690944 435019800 
0.000009 14916.701317 441091100 
0.000009 15119.916586 441360500 
0.000009 14732.840102 444935000 
0.000009 14497.681915 433974300 
0.000009 14802.301038 428463800 
0.000009 14382.995933 440211600 
0.000009 15954.648452 462592700 
0.000009 15617.558106 431528800 
0.000009 14487.678691 434797100 
0.000009 15032.453321 439757900 
0.0000095 14416.647733 412699500 
0.0000095 15479.171545 411971800 
0.0000095 14549.509255 445115800 
0.0000095 14443.223295 404205200 
0.0000095 14648.343546 436322900 
0.0000095 14440.909396 403756900 
0.0000095 15069.356759 453392500 
0.0000095 15227.329695 436182700 
0.0000095 14382.995933 411945800 
0.0000095 14406.118192 411760900 
0.0000095 15149.193290 425549900 
0.0000095 15012.650088 454082600 
0.0000095 14665.426797 414653200 
0.0000095 14382.995933 412064200 
0.0000095 14488.541128 422855500 
0.0000095 14896.834081 397929600 
0.0000095 14440.909396 400257600 
0.0000095 15143.101561 410515400 
0.0000095 14516.910431 414201600 
0.0000095 15211.854701 419619100 
0.0000095 14406.118192 412130100 
0.0000095 14869.303098 402683800 
0.0000095 15387.984433 427592800 
0.0000095 14692.617413 410021200 
0.0000095 14549.263060 400868600 
0.0000095 14558.363143 426478200 
0.0000095 15422.138042 423114400 
0.0000095 14706.665610 441298700 
0.0000095 14487.678691 419771100 
0.0000095 14406.118192 421180200 
0.0000095 14600.363641 402151700 
0.0000095 14777.456693 404328200 
0.0000095 14460.228748 416286100 
0.0000095 15089.406136 420652100 
0.0000095 15188.240202 450699800 
0.0000095 14382.995933 413376200 
0.0000095 14406.118192 406006000 
0.0000095 15367.480958 407832500 
0.0000095 14638.354269 434200700 
0.0000095 14615.406174 418598900 
0.0000095 14441.793244 397215900 
0.0000095 14530.424502 413252100 
0.0000095 14968.492880 426098000 
0.0000095 15158.412491 442364200 
0.0000095 15291.303547 427474500 
0.0000095 15220.191144 425218500 
0.0000095 14443.223295 410211400 
0.0000095 14775.135668 402003600 
0.0000095 14382.995933 419410900 
0.0000095 14429.075097 407100800 
0.0000095 14731.459472 429605700 
0.0000095 14439.702605 415821600 
0.0000095 15211.897133 404708200 
0.0000095 14638.908199 417597700 
0.0000095 15199.666814 421223300 
0.0000095 14382.995933 407547800 
0.0000095 14714.309620 409429400 
0.0000095 15152.177948 442661200 
0.0000095 14452.197356 411896400 
0.0000095 14464.915503 410105800 
0.0000095 15243.687512 444557300 
0.0000095 14428.754292 415884800 
0.0000095 14586.614358 437266400 
0.0000095 15055.025247 431252700 
0.0000095 14460.228748 409305300 
0.0000095 15098.519934 436365500 
0.0000095 15214.780424 413297500 
0.0000095 15005.291800 418477700 
0.0000095 14420.101037 405821700 
0.0000095 14382.995934 407123700 
0.0000095 14933.756076 422807400 
0.0000095 14555.722513 423279300 
0.0000095 14503.504701 405801000 
0.0000095 15347.569048 415270100 
0.0000095 15041.828473 413586900 
0.0000095 14443.223295 419807100 
0.0000095 14429.075097 411108300 
0.0000095 15301.157708 442972900 
0.0000095 14451.876551 409972000 
0.0000095 15116.025765 413325600 
0.0000095 14382.995933 419352500 
0.0000095 15005.291800 425573800 
0.0000095 14614.519824 409165600 
0.0000095 15192.378636 415748400 
0.0000095 15327.103191 409405100 
0.0000095 14519.327920 412462100 
0.0000095 15169.357491 418402300 
0.0000095 15246.490735 418114900 
0.0000095 14456.853542 410016900 
0.0000095 14473.961299 405872700 
0.0000095 15128.345314 406417000 
0.0000095 14589.562833 410620700 
0.0000095 14439.769992 406152500 
0.0000095 15407.196775 426752700 
0.0000095 14602.863235 422172100 
0.0000095 14406.118192 423297700 
0.0000095 15637.969028 416491700 
0.0000095 14617.796919 421047800 
0.0000095 14464.031655 419826400 
0.0000095 14382.995933 411232800 
0.0000001 14464.031662 37271102600 
0.0000001 14382.995937 38042516600 
0.0000001 14440.909398 38059704500 
0.0000001 14440.909398 37454749800 
0.0000001 14382.995934 37330775800 
0.0000001 14382.995932 37979379000 
0.0000001 14494.633568 37871058300 
0.0000001 14382.995938 38122028700 
0.0000001 14382.995937 37580168800 
0.0000001 14382.995937 38288352900 
0.0000001 14382.995938 38340099200 
0.0000001 14382.995938 37774525400 
0.0000001 14503.504704 37826627700 
0.0000001 14428.202941 37800575600 
0.0000001 14382.995936 38189753900 
0.0000001 14382.995938 37897726600 
0.0000001 14474.561196 37881019000 
0.0000001 14459.680172 38695553600 
0.0000001 14561.409282 38164675100 
0.0000001 14462.726900 37210435800 
0.0000001 14382.995936 37829733200 
0.0000001 14464.915506 37380206000 
0.0000001 14382.995936 37287853600 
0.0000001 15142.336332 39094874200 
0.0000001 14382.995939 37903563800 
0.0000001 14382.995934 37969359800 
0.0000001 14558.363140 38662257200 
0.0000001 14512.882831 38528927400 
0.0000001 14406.118196 37672907000 
0.0000001 14382.995936 38136437600 
0.0000001 15066.099891 38369325300 
0.0000001 15153.774908 38083099700 
0.0000001 14621.989766 37050159500 
0.0000001 14519.327922 37256273800 
0.0000001 14382.995935 37453070700 
0.0000001 14406.118199 38031910500 
0.0000001 14406.118198 37878293200 
0.0000001 14382.995935 37949100900 
0.0000001 14382.995937 37948694200 
0.0000001 14711.977751 38256128400 
0.0000001 14382.995936 38190721900 
0.0000001 14624.873115 37461812000 
0.0000001 14453.348456 37648198100 
0.0000001 14487.678691 38395913700 
0.0000001 14549.509252 40020820400 
0.0000001 14497.376740 37962580700 
0.0000001 14382.995934 39091015000 
0.0000001 14382.995936 38166283300 
0.0000001 14482.310165 37896603400 
0.0000001 14382.995934 37877941600 
0.0000001 14382.995936 37206456500 
0.0000001 14439.769994 37814315200 
0.0000001 14510.242210 38168308500 
0.0000001 14852.900544 38679736200 
0.0000001 14406.118198 37790262200 
0.0000001 14406.118198 37701676400 
0.0000001 15056.121680 39355769500 
0.0000001 14497.681921 37829515500 
0.0000001 14382.995936 38287179000 
0.0000001 14382.995939 37380079700 
0.0000001 14560.977557 38299793100 
0.0000001 14406.118198 37837672800 
0.0000001 14440.630305 37630618400 
0.0000001 14441.793247 37731591200 
0.0000001 14441.793245 37740262100 
0.0000001 14382.995934 38236471500 
0.0000001 15162.934549 38805671500 
0.0000001 14382.995934 37610104500 
0.0000001 14526.626966 38006681700 
0.0000001 14503.504705 37983420200 
0.0000001 14510.242206 37482111700 
0.0000001 14382.995938 37895281200 
0.0000001 14382.995938 38196850300 
0.0000001 14510.242208 38010271200 
0.0000001 14382.995938 37973239500 
0.0000001 14497.376734 37972253300 
0.0000001 14406.118199 37818542100 
0.0000001 14382.995938 37754922000 
0.0000001 14472.819360 36975613600 
0.0000001 14510.242206 37754662300 
0.0000001 14406.118195 37779695900 
0.0000001 14597.269986 37725760500 
0.0000001 14406.118197 38040127700 
0.0000001 14406.118197 37705712200 
0.0000001 14382.995936 38191677800 
0.0000001 14406.118195 37910406000 
0.0000001 14382.995937 38231668000 
0.0000001 14382.995939 38088600200 
0.0000001 14382.995935 38190662100 
0.0000001 14382.995938 37701669600 
0.0000001 14555.595387 37431670600 
0.0000001 14406.118196 38070976200 
0.0000001 14382.995935 37699059200 
0.0000001 14487.678695 38691533900 
0.0000001 14493.788175 37847117200 
0.0000001 14382.995937 37566728200 
0.0000001 14382.995940 38288513200 
0.0000001 15164.105656 37952313900 
0.0000001 14382.995934 37509274800 
0.0000001 14580.664874 37905175000 
0.00000015 14519.026062 25139088400 
0.00000015 14382.995936 25599317300 
0.00000015 14382.995935 25565774800 
0.00000015 14441.793243 25344541900 
0.00000015 14406.118195 25196098700 
0.00000015 14382.995937 25399046100 
0.00000015 15098.403377 26209620500 
0.00000015 14440.909396 25017881900 
0.00000015 14914.769627 25519009600 
0.00000015 14420.101037 25693217900 
0.00000015 14382.995937 25211825700 
0.00000015 14382.995936 25712935500 
0.00000015 14406.118194 25893785800 
0.00000015 14382.995935 25325059200 
0.00000015 14453.752838 25517304300 
0.00000015 14382.995934 25559296700 
0.00000015 14382.995936 25570354900 
0.00000015 14406.118194 25294311600 
0.00000015 14397.054899 25585271200 
0.00000015 14522.192931 25255932200 
0.00000015 14406.118193 25189797600 
0.00000015 14382.995932 25549166300 
0.00000015 14852.900548 25559043500 
0.00000015 14475.445046 25020762100 
0.00000015 14382.995936 25500893100 
0.00000015 14382.995937 25246757800 
0.00000015 14382.995938 25439261100 
0.00000015 14416.647735 25272996600 
0.00000015 14429.075098 24979503300 
0.00000015 14382.995933 25370655800 
0.00000015 14558.363141 26304023100 
0.00000015 14521.189575 25676662600 
0.00000015 14382.995935 25377756300 
0.00000015 14382.995936 25420461600 
0.00000015 14406.118196 25104057700 
0.00000015 14503.504704 25197204300 
0.00000015 14394.551145 25466647000 
0.00000015 14382.995936 25430376800 
0.00000015 14510.122515 24929642800 
0.00000015 14382.995935 25613784200 
0.00000015 14406.118194 25536191300 
0.00000015 14406.118198 25298891200 
0.00000015 14428.754295 25572927400 
0.00000015 14420.177159 25006038000 
0.00000015 14406.118196 25178864300 
0.00000015 14382.995936 25430254800 
0.00000015 14382.995936 25043929300 
0.00000015 14698.284041 25518131300 
0.00000015 14382.995936 25277802700 
0.00000015 15005.043874 26818786300 
0.00000015 14406.118195 25694674100 
0.00000015 14569.152507 25205196100 
0.00000015 14406.118194 24939273800 
0.00000015 14464.915504 25312634300 
0.00000015 14428.754294 25842980300 
0.00000015 14382.995937 25215046900 
0.00000015 14546.534633 25590713800 
0.00000015 14443.223296 25592461900 
0.00000015 14440.909399 25126896900 
0.00000015 14406.118197 25284591100 
0.00000015 14382.995935 25410982200 
0.00000015 14510.242208 25678305600 
0.00000015 14406.118195 25484487400 
0.00000015 14534.863141 25128935200 
0.00000015 14549.509254 26441482200 
0.00000015 14406.118195 24807061400 
0.00000015 14503.504705 25419585100 
0.00000015 14382.995936 25671555100 
0.00000015 14382.995936 25370983900 
0.00000015 14406.118195 25438736100 
0.00000015 15036.360852 26267524200 
0.00000015 14510.242206 25593826300 
0.00000015 14460.228751 25496775600 
0.00000015 14382.995933 25253376800 
0.00000015 14464.915507 25387090800 
0.00000015 14497.333854 25366063000 
0.00000015 14556.433027 25304155700 
0.00000015 14452.197360 25660243300 
0.00000015 14456.853547 25329264200 
0.00000015 15177.612922 26263164700 
0.00000015 14406.118196 25263314700 
0.00000015 14594.989566 26744236100 
0.00000015 14382.995934 25621038400 
0.00000015 14382.995934 25065885800 
0.00000015 14440.909397 24671918800 
0.00000015 14382.995933 25613205800 
0.00000015 15288.730006 26253095500 
0.00000015 14464.031658 25295246000 
0.00000015 14497.683458 25205384500 
0.00000015 14382.995935 25261524800 
0.00000015 14627.061219 25334276700 
0.00000015 14579.940965 25850927800 
0.00000015 14382.995936 24908197700 
0.00000015 14382.995937 24929578300 
0.00000015 14406.118196 25392433500 
0.00000015 15078.559185 25671136600 
0.00000015 14443.223298 26132091000 
0.00000015 14439.702607 25500268300 
0.00000015 14394.551143 25681181800 
0.00000015 14382.995934 25521255600 
0.0000002 14382.995936 19120470200 
0.0000002 14382.995935 19257355100 
0.0000002 14487.678694 19335036400 
0.0000002 14406.118196 19199172500 
0.0000002 14464.031657 18915558300 
0.0000002 14382.995935 19089851100 
0.0000002 14554.015536 19253335900 
0.0000002 14382.995936 18919099200 
0.0000002 14382.995934 19205075200 
0.0000002 15194.048048 18484906400 
0.0000002 14406.118195 18511823400 
0.0000002 14501.841188 19016298000 
0.0000002 14406.118194 18967628900 
0.0000002 15057.068549 19246724200 
0.0000002 14406.118195 19047016100 
0.0000002 14382.995936 19006943600 
0.0000002 14406.118193 19052220500 
0.0000002 15103.645872 20808258400 
0.0000002 14382.995935 19085270000 
0.0000002 14382.995935 19127248900 
0.0000002 14497.288150 19298190900 
0.0000002 14531.333717 18708243100 
0.0000002 14441.793245 19007724700 
0.0000002 14440.909397 18694238700 
0.0000002 14540.609808 19354902400 
0.0000002 14420.101036 19023329900 
0.0000002 14441.793245 18955819700 
0.0000002 14382.995934 19121480300 
0.0000002 14382.995936 19060241200 
0.0000002 15026.723327 19528153000 
0.0000002 14382.995933 19228012700 
0.0000002 14382.995934 19182248000 
0.0000002 14439.769993 19036757000 
0.0000002 14487.678691 19232282000 
0.0000002 14382.995936 19013579900 
0.0000002 14382.995933 19199196600 
0.0000002 14440.909396 18831133200 
0.0000002 14468.299034 18875320200 
0.0000002 14526.626962 18981932200 
0.0000002 14382.995934 19099247000 
0.0000002 14416.647735 18945338800 
0.0000002 14542.450183 19120701600 
0.0000002 14382.995936 18993400000 
0.0000002 14508.931942 19103965400 
0.0000002 14488.541127 19365214000 
0.0000002 14525.428302 18918825100 
0.0000002 14406.118194 19252741100 
0.0000002 14382.995934 19115769300 
0.0000002 14382.995934 19243833500 
0.0000002 14428.754292 19232948700 
0.0000002 15051.243880 20009542000 
0.0000002 14440.909397 18762382200 
0.0000002 14382.995936 18834735200 
0.0000002 14464.915505 18952258600 
0.0000002 14382.995935 19189639200 
0.0000002 14382.995934 19146286600 
0.0000002 14440.909396 18830945400 
0.0000002 14382.995934 19413624400 
0.0000002 14460.228750 19105212700 
0.0000002 14488.541128 19036451300 
0.0000002 14382.995934 19235325400 
0.0000002 15063.969900 19321638000 
0.0000002 14382.995934 19287392800 
0.0000002 14382.995934 18876442900 
0.0000002 14382.995934 19297920900 
0.0000002 14456.853545 19002033200 
0.0000002 14382.995935 18943162700 
0.0000002 14512.882834 19186344800 
0.0000002 14406.118193 18316400700 
0.0000002 14542.450183 18972395800 
0.0000002 14440.909397 18839561100 
0.0000002 14542.450180 18964850600 
0.0000002 14382.995935 18869690800 
0.0000002 14549.509255 19583313700 
0.0000002 14382.995935 19178748800 
0.0000002 14382.995935 19058534700 
0.0000002 14382.995935 18942049200 
0.0000002 14553.546763 18705558700 
0.0000002 14519.327923 18952064600 
0.0000002 14382.995934 19135368100 
0.0000002 14416.647735 19077486800 
0.0000002 14979.243978 19239698700 
0.0000002 14443.223298 18980434000 
0.0000002 14382.995934 19113825900 
0.0000002 14382.995934 18941100500 
0.0000002 14507.441048 18595570300 
0.0000002 14580.737518 18708938700 
0.0000002 14692.191537 18791738300 
0.0000002 14549.987936 19514312300 
0.0000002 14482.310163 18975782700 
0.0000002 14443.223297 19315818800 
0.0000002 14549.583866 19084850500 
0.0000002 14464.915505 18830017800 
0.0000002 14560.952249 19031033000 
0.0000002 14655.706250 19124788200 
0.0000002 14549.263061 18995261900 
0.0000002 14834.339695 19051193900 
0.0000002 14531.333716 18944102700 
0.0000002 14429.075097 19305722800 
0.0000002 14521.330491 19148238000 
0.00000025 14382.995934 15178112100 
0.00000025 14420.101038 15354989500 
0.00000025 14406.118194 15381486800 
0.00000025 14382.995934 15464981400 
0.00000025 14497.681917 15242696800 
0.00000025 14654.687060 15671359100 
0.00000025 14382.995935 15182877300 
0.00000025 14382.995934 15278451100 
0.00000025 14406.118194 15036889000 
0.00000025 14382.995934 15277327000 
0.00000025 14438.661163 15233464300 
0.00000025 14416.647735 15183156800 
0.00000025 14406.118193 15184091500 
0.00000025 14382.995935 15120529900 
0.00000025 14420.101040 15336230700 
0.00000025 14624.873116 15837430300 
0.00000025 14439.769994 15276225000 
0.00000025 14382.995935 15326017900 
0.00000025 14498.567305 15072725100 
0.00000025 14406.118195 15323178400 
0.00000025 14570.796296 15307862200 
0.00000025 14546.534632 15292527300 
0.00000025 14788.977198 14964099500 
0.00000025 15488.664478 16019784900 
0.00000025 14441.793244 15229063200 
0.00000025 14474.100872 15106359200 
0.00000025 14382.995935 15402068000 
0.00000025 14406.118194 15106462300 
0.00000025 14945.475208 15324032400 
0.00000025 14382.995934 15296671800 
0.00000025 14406.118196 15313144700 
0.00000025 14476.875097 15250790200 
0.00000025 14420.101037 15327771700 
0.00000025 14406.118193 15250809000 
0.00000025 15340.236948 15612494400 
0.00000025 14556.479228 15024479500 
0.00000025 14520.804175 15067235900 
0.00000025 14382.995934 14985476300 
0.00000025 14382.995935 15324448600 
0.00000025 14592.014942 15638690600 
0.00000025 14406.118193 15187417600 
0.00000025 14416.647734 15245427100 
0.00000025 14382.995934 15022472600 
0.00000025 14382.995934 15346818000 
0.00000025 14382.995934 15465848100 
0.00000025 14382.995935 15256506900 
0.00000025 14464.915504 15071355400 
0.00000025 14456.853543 15162430200 
0.00000025 14555.595379 15014255800 
0.00000025 14416.647733 15363199300 
0.00000025 14382.995936 15191460000 
0.00000025 15133.266329 15153754900 
0.00000025 14560.211373 15318311000 
0.00000025 14886.552351 15343279100 
0.00000025 15002.275754 15690547000 
0.00000025 14655.512311 15163924800 
0.00000025 14558.363144 15929529600 
0.00000025 15021.438086 16126157900 
0.00000025 14596.908938 14977369000 
0.00000025 14534.787019 14895762600 
0.00000025 14489.265037 15115930500 
0.00000025 14382.995935 14628498900 
0.00000025 14482.310162 15109371000 
0.00000025 14406.118194 15243648900 
0.00000025 14406.118195 15083179000 
0.00000025 14406.118195 14970173600 
0.00000025 14976.363637 15322738400 
0.00000025 14468.299034 15159151800 
0.00000025 14382.995936 15365170500 
0.00000025 14382.995936 15364187100 
0.00000025 14406.118196 15240490400 
0.00000025 14382.995935 15455080100 
0.00000025 14464.915505 15194422700 
0.00000025 14382.995934 15230670600 
0.00000025 14464.915504 15162565100 
0.00000025 14382.995934 15353200000 
0.00000025 14685.979163 15063020900 
0.00000025 14441.793246 15117666800 
0.00000025 15091.186273 15224823300 
0.00000025 14589.766710 15389909900 
0.00000025 14487.678691 15181461100 
0.00000025 14441.793246 15187315700 
0.00000025 14382.995936 15249902200 
0.00000025 14489.265038 15407533500 
0.00000025 14420.101039 15439024100 
0.00000025 14382.995933 15355582700 
0.00000025 14406.118194 15330591100 
0.00000025 14382.995935 15418963900 
0.00000025 14406.118194 15218601500 
0.00000025 14549.509257 16086651400 
0.00000025 14946.204208 15695966400 
0.00000025 14475.586863 15106992000 
0.00000025 14416.647735 15101514200 
0.00000025 14614.073589 15043451100 
0.00000025 14406.118194 15256478500 
0.00000025 14512.882832 15728712200 
0.00000025 14382.995935 15230686300 
0.00000025 14652.038521 15771492800 
0.00000025 15137.922755 15637905100 
0.00000025 14429.075097 15214515800 
0.0000003 14452.197357 12770094200 
0.0000003 14382.995934 12811652500 
0.0000003 14406.118194 12579085700 
0.0000003 14382.995936 12799495000 
0.0000003 14382.995934 12891180100 
0.0000003 14406.118193 12766822200 
0.0000003 14394.551142 12498487900 
0.0000003 14439.769994 12705036300 
0.0000003 14441.793244 12629836700 
0.0000003 14382.995933 12766459900 
0.0000003 14456.853544 12623435500 
0.0000003 14490.505343 12674276900 
0.0000003 14456.853543 13026145000 
0.0000003 14476.470712 12356673400 
0.0000003 14521.330492 12676755400 
0.0000003 14510.242205 12780924700 
0.0000003 14382.995935 12911688200 
0.0000003 14382.995934 12704795400 
0.0000003 15026.690601 12873444000 
0.0000003 14382.995935 12720875100 
0.0000003 14420.101037 12939670400 
0.0000003 14624.010679 12913639700 
0.0000003 14487.678693 13006649900 
0.0000003 14406.118192 12905614300 
0.0000003 14382.995934 12906142700 
0.0000003 14428.754293 12853292200 
0.0000003 14382.995933 12797358100 
0.0000003 14406.118193 12889457900 
0.0000003 14416.647734 12598711600 
0.0000003 14406.118194 12630523800 
0.0000003 14440.909396 12690848000 
0.0000003 14452.197356 12761930600 
0.0000003 14453.752838 12504381300 
0.0000003 15015.573185 12848941400 
0.0000003 14495.941620 12678767100 
0.0000003 14382.995935 12765502300 
0.0000003 14382.995934 12795535600 
0.0000003 14439.769993 12599024100 
0.0000003 14497.681916 12583129200 
0.0000003 14406.118194 12625547100 
0.0000003 14406.118194 12840474900 
0.0000003 14441.793245 12547368000 
0.0000003 14534.787019 12699076100 
0.0000003 14460.228750 12709090200 
0.0000003 14406.118194 12645639000 
0.0000003 14420.101037 12564246000 
0.0000003 14382.995935 12473399900 
0.0000003 14382.995934 12663930200 
0.0000003 15080.452210 13923621800 
0.0000003 14382.995935 12866588500 
0.0000003 14713.890183 12867321600 
0.0000003 14549.509256 13466733900 
0.0000003 15082.834947 13475342400 
0.0000003 14464.915505 12635547200 
0.0000003 14406.118194 12717409000 
0.0000003 14487.678693 12891138700 
0.0000003 15037.501274 13365157000 
0.0000003 14382.995935 12724454500 
0.0000003 14649.927614 12676779800 
0.0000003 14491.776502 12678827100 
0.0000003 14464.915504 12616936000 
0.0000003 14520.804175 12761341500 
0.0000003 14487.678690 13076791400 
0.0000003 15085.914819 13163331800 
0.0000003 14406.118193 12767865600 
0.0000003 14429.075098 12698088400 
0.0000003 14382.995935 12670353500 
0.0000003 14382.995934 12566617500 
0.0000003 14382.995935 12512154100 
0.0000003 14440.909396 12549951700 
0.0000003 14406.118194 12224356800 
0.0000003 14519.327922 12806677700 
0.0000003 14503.504702 12625570900 
0.0000003 14382.995935 12702682700 
0.0000003 14526.626962 12694183400 
0.0000003 14406.118195 12569844500 
0.0000003 14382.995934 12881194600 
0.0000003 14382.995935 12745695900 
0.0000003 14422.575069 12711285600 
0.0000003 14382.995934 12749774200 
0.0000003 14382.995933 12686262100 
0.0000003 14382.995934 12874739700 
0.0000003 14406.118194 12662133600 
0.0000003 14382.995935 12452540300 
0.0000003 14382.995934 12551352400 
0.0000003 14382.995935 12733376300 
0.0000003 14406.118194 12738193000 
0.0000003 14497.333853 12855265900 
0.0000003 15016.398623 12987466400 
0.0000003 14394.551141 12901786800 
0.0000003 14456.853543 12774040500 
0.0000003 14588.337965 12266299800 
0.0000003 14382.995933 12645238300 
0.0000003 14610.859576 12701328500 
0.0000003 14382.995935 12752379300 
0.0000003 14553.546764 12831809200 
0.0000003 14382.995934 12742857000 
0.0000003 14406.118193 12811172800 
0.0000003 14441.793245 12642732600 
0.0000003 14420.101038 12790465400 
0.00000035 14382.995935 10864085500 
0.00000035 14382.995934 10848241800 
0.00000035 14443.223296 11052040900 
0.00000035 14416.647734 10918634000 
0.00000035 15049.408825 11827721200 
0.00000035 14573.709996 10938598200 
0.00000035 14563.376724 11022387500 
0.00000035 14406.118194 11003685500 
0.00000035 14441.793245 10901404900 
0.00000035 14420.101037 10962784200 
0.00000035 14923.422874 11065256200 
0.00000035 14978.967186 11269507500 
0.00000035 14382.995935 11014496900 
0.00000035 15146.113783 11524178100 
0.00000035 14382.995934 10948496100 
0.00000035 14491.776503 11206460100 
0.00000035 14406.118193 10777797500 
0.00000035 14382.995934 10948042500 
0.00000035 14382.995934 10889323400 
0.00000035 14382.995934 10983345000 
0.00000035 14382.995933 10858127800 
0.00000035 14439.769993 10771879900 
0.00000035 14441.793246 10796250800 
0.00000035 14965.913218 11227716700 
0.00000035 14416.848198 10808898600 
0.00000035 14406.118193 10941509800 
0.00000035 14642.376705 11090518200 
0.00000035 14497.681917 10861507200 
0.00000035 14450.255375 10699080800 
0.00000035 14464.915503 10708891600 
0.00000035 14382.995934 11064368200 
0.00000035 14382.995934 10912102900 
0.00000035 14439.702605 10997070700 
0.00000035 14406.118194 10802803600 
0.00000035 14406.118194 10835789400 
0.00000035 14382.995934 10996807200 
0.00000035 14552.946113 10835069200 
0.00000035 14382.995934 10969904300 
0.00000035 14406.118193 10847229300 
0.00000035 14406.118193 10673649100 
0.00000035 14441.793244 10934529000 
0.00000035 14382.995934 10866157600 
0.00000035 14382.995935 11007504700 
0.00000035 14382.995933 10942919500 
0.00000035 14382.995934 10914039500 
0.00000035 14382.995934 11035927400 
0.00000035 14382.995935 10987395600 
0.00000035 14464.915505 10732112700 
0.00000035 14416.647734 10874153000 
0.00000035 14406.118193 10997865700 
0.00000035 14406.118194 10996807000 
0.00000035 14406.118194 10940857900 
0.00000035 14406.118193 11056723500 
0.00000035 14382.995934 10905741700 
0.00000035 14440.909398 10820285100 
0.00000035 14516.910432 11026406300 
0.00000035 14382.995934 10921502600 
0.00000035 14382.995934 10960554400 
0.00000035 15086.251145 10989029500 
0.00000035 14440.909397 10742248300 
0.00000035 14416.647735 10917331500 
0.00000035 14382.995934 10920569000 
0.00000035 14382.995934 11014324800 
0.00000035 14441.793245 10803459700 
0.00000035 14406.118193 10926446200 
0.00000035 14455.757000 10828820200 
0.00000035 14406.118193 10773718500 
0.00000035 14406.118194 10800899400 
0.00000035 14416.647735 10882458800 
0.00000035 14382.995934 10838372600 
0.00000035 14472.819360 10721866100 
0.00000035 14497.681917 10827703600 
0.00000035 14406.118193 10945080800 
0.00000035 14406.118194 10926661000 
0.00000035 14452.464605 10995143700 
0.00000035 14490.505342 10618164800 
0.00000035 14382.995934 10942356500 
0.00000035 14382.995934 10819091000 
0.00000035 14441.793245 10864264600 
0.00000035 14465.567869 10999837600 
0.00000035 14394.551142 10932309800 
0.00000035 14382.995933 10684362200 
0.00000035 14420.101037 10976223300 
0.00000035 14406.118193 10780143200 
0.00000035 14406.118193 10840593400 
0.00000035 14561.409277 11084039500 
0.00000035 14495.941619 10893622300 
0.00000035 14420.101037 10938380100 
0.00000035 14490.333278 11019178900 
0.00000035 14382.995934 10786413300 
0.00000035 15244.898912 11305817800 
0.00000035 14428.754293 10843476900 
0.00000035 14394.551142 10891082300 
0.00000035 14406.118194 10974395200 
0.00000035 14526.626961 10777188000 
0.00000035 14406.118193 10813330500 
0.00000035 14382.995934 10873224400 
0.00000035 14510.242204 10900278000 
0.00000035 14552.946112 10892219300 
0.00000035 14503.504702 10817330300 
0.0000004 15188.378925 9673890700 
0.0000004 14497.681917 9539877500 
0.0000004 14382.995935 9654684700 
0.0000004 14394.551142 9521966300 
0.0000004 14382.995934 9640771300 
0.0000004 14416.647734 9532969300 
0.0000004 14549.263060 9700448000 
0.0000004 14441.793245 9484791200 
0.0000004 14382.995935 9580715600 
0.0000004 14406.118194 9658920800 
0.0000004 14441.793245 9380409000 
0.0000004 14588.621165 9404511300 
0.0000004 14406.118194 9575367500 
0.0000004 14406.118193 9546831800 
0.0000004 14406.118194 9670213800 
0.0000004 14611.238441 9827261700 
0.0000004 14563.475654 9497103800 
0.0000004 14382.995934 9701911900 
0.0000004 14382.995934 9474682900 
0.0000004 14677.682080 9554182400 
0.0000004 14382.995934 9489838800 
0.0000004 14406.118193 9685106400 
0.0000004 14519.026060 9504873000 
0.0000004 14382.995935 9571010000 
0.0000004 14382.995935 9540795000 
0.0000004 14852.900548 9656653200 
0.0000004 14382.995934 9641493200 
0.0000004 14638.698798 9823118900 
0.0000004 14845.679979 9582329900 
0.0000004 14592.014942 9880013700 
0.0000004 14420.101037 9487171100 
0.0000004 14452.197357 9615159600 
0.0000004 14428.754293 9704557400 
0.0000004 14382.995934 9318643300 
0.0000004 14482.310164 9507032000 
0.0000004 14406.118193 9440297300 
0.0000004 14382.995933 9623267100 
0.0000004 14420.101037 9626319700 
0.0000004 14519.327922 9517976800 
0.0000004 14946.204208 9806090000 
0.0000004 14382.995934 9644603000 
0.0000004 14434.160002 9590578700 
0.0000004 14394.551141 9637895800 
0.0000004 14394.551141 9600307800 
0.0000004 14382.995934 9691998700 
0.0000004 14488.541127 9431570700 
0.0000004 14456.853543 9578835100 
0.0000004 14382.995934 9667216100 
0.0000004 14382.995934 9596414200 
0.0000004 14611.238442 9843188800 
0.0000004 14549.509255 10120217100 
0.0000004 14497.376734 9616898100 
0.0000004 14825.495379 9709386800 
0.0000004 14416.647734 9552292300 
0.0000004 14406.118193 9505905900 
0.0000004 14497.681916 9434700600 
0.0000004 14382.995935 9682057900 
0.0000004 14406.118194 9354374300 
0.0000004 14497.681915 9496243900 
0.0000004 14592.613796 9612071500 
0.0000004 14382.995934 9625864300 
0.0000004 14556.321368 9716818600 
0.0000004 14420.101037 9615874900 
0.0000004 14520.804175 9517880100 
0.0000004 14382.995935 9529114200 
0.0000004 15027.117506 10064453300 
0.0000004 14382.995934 9647209800 
0.0000004 14441.793246 9519724800 
0.0000004 14382.995935 9754413600 
0.0000004 14718.808232 9757696500 
0.0000004 15057.105220 9947955000 
0.0000004 14441.793246 9453666900 
0.0000004 14406.118192 9651167800 
0.0000004 14534.299487 9537018500 
0.0000004 14475.423560 9527208900 
0.0000004 14542.450180 9541899700 
0.0000004 14464.031656 9565017200 
0.0000004 14464.915504 9508570800 
0.0000004 14607.422718 9800356300 
0.0000004 14487.678693 9701682500 
0.0000004 14420.101037 9637214500 
0.0000004 14382.995933 9421997000 
0.0000004 14495.584585 9731001600 
0.0000004 14420.101038 9566958400 
0.0000004 14382.995933 9489888200 
0.0000004 14452.197357 9596323900 
0.0000004 14451.876552 9656879000 
0.0000004 14542.450180 9532114100 
0.0000004 14625.699322 9764075400 
0.0000004 14512.882833 9873222100 
0.0000004 14406.118194 9628707900 
0.0000004 14542.450181 9620173200 
0.0000004 14534.299486 9653149100 
0.0000004 14382.995934 9646725000 
0.0000004 14382.995934 9579223100 
0.0000004 14406.118193 9621742800 
0.0000004 14497.681916 9531271300 
0.0000004 14464.915504 9473115300 
0.0000004 14382.995934 9619398200 
0.0000004 14382.995934 9392085400 
0.00000045 14869.858112 8497126300 
0.00000045 14594.989564 9137127400 
0.00000045 14497.683456 8575261500 
0.00000045 14441.793245 8397441900 
0.00000045 14615.017306 8391991100 
0.00000045 14441.793245 8380541200 
0.00000045 14443.223296 8475910500 
0.00000045 14581.580909 8422571100 
0.00000045 14693.723000 8525070400 
0.00000045 14816.141819 8517997900 
0.00000045 15141.131323 8710566100 
0.00000045 14406.118192 8531534400 
0.00000045 14606.558209 8562069800 
0.00000045 14382.995935 8735675200 
0.00000045 14443.223295 8621430500 
0.00000045 14464.915504 8450106400 
0.00000045 14406.118193 8522153500 
0.00000045 14382.995934 8394709200 
0.00000045 14406.118193 8149803700 
0.00000045 14553.546761 8449449000 
0.00000045 14382.995934 8463790500 
0.00000045 14529.823853 8512305000 
0.00000045 14452.197356 8621142900 
0.00000045 14382.995935 8527391900 
0.00000045 14473.354405 8557519900 
0.00000045 14406.118193 8504441700 
0.00000045 15051.243883 9051929500 
0.00000045 14382.995934 8478088400 
0.00000045 14581.580907 8378354500 
0.00000045 14551.701635 8665414400 
0.00000045 14394.551142 8423051300 
0.00000045 14382.995934 8656991600 
0.00000045 14555.722515 8556415300 
0.00000045 14382.995934 8276134800 
0.00000045 14464.915504 8482423900 
0.00000045 14456.853543 8570740700 
0.00000045 14382.995934 8395570900 
0.00000045 14439.769992 8381067700 
0.00000045 14825.145319 8280617500 
0.00000045 14451.876553 8502244300 
0.00000045 14490.333277 8624501100 
0.00000045 14406.118193 8492986300 
0.00000045 14382.995934 8519323600 
0.00000045 14382.995935 8553885400 
0.00000045 14497.681917 8458369500 
0.00000045 14497.683455 8352164100 
0.00000045 14406.118193 8522748300 
0.00000045 14468.654231 8520553700 
0.00000045 14406.118194 8459983100 
0.00000045 14406.118194 8526385300 
0.00000045 14382.995934 8328064000 
0.00000045 14429.075098 8422360800 
0.00000045 14406.118193 8501065300 
0.00000045 14482.310161 8373427200 
0.00000045 14429.075097 8510929600 
0.00000045 14382.995934 8528742200 
0.00000045 14556.479227 8448655000 
0.00000045 14529.823853 8456963900 
0.00000045 14382.995933 8473344800 
0.00000045 14416.647734 8450740600 
0.00000045 14382.995935 8502078800 
0.00000045 14382.995935 8576290600 
0.00000045 14456.853543 8544818600 
0.00000045 14406.118194 8560456300 
0.00000045 14416.647735 8333867500 
0.00000045 14382.995934 8582182300 
0.00000045 14406.118193 8540378600 
0.00000045 15121.736774 8826644600 
0.00000045 14382.995934 8513521300 
0.00000045 14382.995933 8519996400 
0.00000045 14460.228748 8518718400 
0.00000045 14596.981518 8363867700 
0.00000045 14394.551142 8502542100 
0.00000045 15213.127828 8908438700 
0.00000045 14382.995935 8493716500 
0.00000045 14571.383494 8338727200 
0.00000045 14394.551142 8606219500 
0.00000045 14406.118194 8525642100 
0.00000045 14608.306565 8562172600 
0.00000045 14441.793245 8462731700 
0.00000045 14416.647734 8441913600 
0.00000045 15227.449093 8710433000 
0.00000045 14406.118192 8367588600 
0.00000045 14953.599853 8619281000 
0.00000045 14382.995935 8627591100 
0.00000045 15081.676772 8501654400 
0.00000045 14382.995934 8469408400 
0.00000045 15134.688969 8668498300 
0.00000045 14420.101037 8501938600 
0.00000045 14490.333276 8745237500 
0.00000045 14382.995934 8565383200 
0.00000045 14439.769992 8509677800 
0.00000045 14382.995934 8533970000 
0.00000045 14493.788173 8695652500 
0.00000045 14451.325200 8402697100 
0.00000045 14446.277925 8447577400 
0.00000045 14503.504702 8466457400 
0.00000045 14439.769993 8460281500 
0.00000045 14406.118193 8543663400 
0.00000045 14429.075097 8455764100 
0.0000005 14968.747406 7470169900 
0.0000005 15202.520914 7812579600 
0.0000005 14488.541128 7669851200 
0.0000005 15046.819698 7692428100 
0.0000005 14406.118193 7711978400 
0.0000005 14382.995934 7715382200 
0.0000005 14406.118193 7661916000 
0.0000005 14420.101037 7679432200 
0.0000005 14382.995934 7715441200 
0.0000005 14476.470711 7594370300 
0.0000005 14546.534632 7666205300 
0.0000005 14416.647734 7622662200 
0.0000005 14497.681916 7560418200 
0.0000005 14542.450180 7658907900 
0.0000005 14439.702605 7678507300 
0.0000005 14497.681916 7526242900 
0.0000005 14512.882832 7871122100 
0.0000005 14532.640890 7757618200 
0.0000005 14978.967183 7963809400 
0.0000005 14406.118192 7638661200 
0.0000005 14406.118193 7649937600 
0.0000005 14617.160453 7798958800 
0.0000005 14519.327921 7676100500 
0.0000005 14416.647734 7643406900 
0.0000005 14460.228749 7619774100 
0.0000005 14453.752837 7574209200 
0.0000005 14429.075098 7584048900 
0.0000005 15036.066928 8028230300 
0.0000005 14464.031656 7611850200 
0.0000005 14790.164804 8061509800 
0.0000005 14526.626961 7594640800 
0.0000005 14406.118194 7701231400 
0.0000005 14474.561196 7547853500 
0.0000005 14495.535787 7610169000 
0.0000005 14503.504701 7661887100 
0.0000005 14754.376425 7848201300 
0.0000005 14406.118193 7799287600 
0.0000005 14519.327921 7541187300 
0.0000005 14816.141817 7749572200 
0.0000005 14546.856712 7796677900 
0.0000005 14382.995935 7715379500 
0.0000005 14406.118193 7571550800 
0.0000005 14512.882833 7552397500 
0.0000005 14406.118193 7610845300 
0.0000005 14864.762432 8135877300 
0.0000005 14382.995934 7696800600 
0.0000005 14455.954679 7737734900 
0.0000005 14439.769994 7536400800 
0.0000005 14382.995934 7574408900 
0.0000005 14549.583865 7617682900 
0.0000005 14382.995934 7744368900 
0.0000005 14624.204764 7430160300 
0.0000005 14382.995934 7944968700 
0.0000005 14406.118193 7645020000 
0.0000005 14489.265037 7749087600 
0.0000005 14464.031656 7702129600 
0.0000005 14460.985061 7715152900 
0.0000005 14520.804175 7630843400 
0.0000005 14519.327921 7764457000 
0.0000005 14382.995934 7538538300 
0.0000005 14497.681916 7673796200 
0.0000005 14452.197356 7654191300 
0.0000005 14758.193299 7999182300 
0.0000005 14420.101037 7717467400 
0.0000005 14406.118193 7746126100 
0.0000005 15274.830295 7681268000 
0.0000005 14501.770481 7769384700 
0.0000005 14488.541128 7806145100 
0.0000005 14490.333277 7723677000 
0.0000005 14488.541128 7664763600 
0.0000005 15218.935957 7869413800 
0.0000005 14406.118193 7681703200 
0.0000005 14512.882833 7933469000 
0.0000005 14416.647734 7552656300 
0.0000005 14429.075098 7657690300 
0.0000005 14406.118193 7668250800 
0.0000005 14519.026058 7516559300 
0.0000005 14440.909396 7671549500 
0.0000005 14420.101037 7419642600 
0.0000005 14382.995934 7572747100 
0.0000005 14420.177158 7663321400 
0.0000005 15245.188655 7796867500 
0.0000005 14823.544738 7425360000 
0.0000005 14510.242204 7732177300 
0.0000005 15075.891658 7928566400 
0.0000005 14633.992951 7735930700 
0.0000005 14406.118193 7712619300 
0.0000005 14406.118193 7674774000 
0.0000005 14394.551142 7662754400 
0.0000005 14382.995934 7594425500 
0.0000005 14472.819361 7577421200 
0.0000005 14382.995934 7692920900 
0.0000005 14406.118193 7635327200 
0.0000005 14382.995935 7732486700 
0.0000005 14497.681917 7674073600 
0.0000005 14997.706336 7635219300 
0.0000005 14382.995934 7661272800 
0.0000005 14531.333716 7583290400 
0.0000005 14485.460964 7657001200 
0.0000005 14512.882832 7755044400 
0.00000055 14480.145751 7187528400 
0.00000055 14382.995934 6988707000 
0.00000055 14382.995934 6962939300 
0.00000055 14978.967182 7184010500 
0.00000055 14394.743782 6937696200 
0.00000055 14441.793245 6957620600 
0.00000055 14406.118193 7062213700 
0.00000055 14382.995934 6983726600 
0.00000055 14406.118192 6965523700 
0.00000055 14394.551141 6995450100 
0.00000055 15196.955249 7232340500 
0.00000055 14441.793244 6953217400 
0.00000055 14439.769993 6975081200 
0.00000055 14439.702605 7001631600 
0.00000055 14512.882832 7091973200 
0.00000055 14560.977553 7152408900 
0.00000055 14440.909397 6963556800 
0.00000055 14464.031656 6903694300 
0.00000055 14440.909397 7004209000 
0.00000055 14520.804175 6855188100 
0.00000055 14420.101037 6971084500 
0.00000055 14464.915504 7001333000 
0.00000055 14382.995934 6949338000 
0.00000055 14643.622453 7062442700 
0.00000055 14608.187458 7076232400 
0.00000055 14382.995935 7095267500 
0.00000055 14406.118193 6951402400 
0.00000055 14382.995934 6850009500 
0.00000055 14406.118193 6922861200 
0.00000055 14441.793244 6803185400 
0.00000055 14382.995934 6949769800 
0.00000055 14608.409607 6879980900 
0.00000055 14406.118193 6994242100 
0.00000055 14443.223296 7014553900 
0.00000055 14382.995934 7020838500 
0.00000055 14382.995934 6967022700 
0.00000055 14382.995934 6948905300 
0.00000055 15055.075450 7023853000 
0.00000055 15219.989873 7131037800 
0.00000055 14382.995933 6920426500 
0.00000055 14406.118193 7097535600 
0.00000055 14983.246265 7483609900 
0.00000055 14556.433024 6860263400 
0.00000055 14549.987936 6959968100 
0.00000055 14429.075097 6925706300 
0.00000055 14520.804174 6938123200 
0.00000055 14615.784335 6911878700 
0.00000055 14382.995934 6945418600 
0.00000055 14382.995933 7080145500 
0.00000055 14456.853542 6898176200 
0.00000055 14452.197356 6966221700 
0.00000055 14406.118193 6823204300 
0.00000055 14382.995934 6922113400 
0.00000055 14700.167371 7283547200 
0.00000055 14394.551141 7037627600 
0.00000055 14382.995934 6963444800 
0.00000055 14534.787019 6977531100 
0.00000055 14431.656245 7021670000 
0.00000055 14443.223296 6957189000 
0.00000055 14416.647734 6964390900 
0.00000055 14441.793245 6840521600 
0.00000055 14406.118193 6993431200 
0.00000055 14420.101037 6996442700 
0.00000055 14406.118193 6902836600 
0.00000055 14406.118193 7099928900 
0.00000055 14428.754293 7073997200 
0.00000055 14382.995934 6980704300 
0.00000055 14482.310163 6978336900 
0.00000055 14382.995934 6913802800 
0.00000055 14382.995934 7041518500 
0.00000055 14382.995934 6884459500 
0.00000055 15020.235945 7380163100 
0.00000055 14441.793245 6858494100 
0.00000055 14406.118193 7011515100 
0.00000055 14382.995934 7026766500 
0.00000055 15134.101842 7084534300 
0.00000055 15099.475954 7084109900 
0.00000055 15089.516859 7165393600 
0.00000055 14406.118193 7023245300 
0.00000055 15056.630404 7097031000 
0.00000055 14456.853542 7011832200 
0.00000055 14382.995935 6962462000 
0.00000055 14519.327921 6874551400 
0.00000055 14441.793245 6890363100 
0.00000055 14382.995934 6974170600 
0.00000055 14416.647734 6827205100 
0.00000055 14631.507247 7083060600 
0.00000055 14397.054899 7009085300 
0.00000055 14406.118193 6966667800 
0.00000055 14497.681916 6946548300 
0.00000055 14382.995934 7069674500 
0.00000055 14406.118194 7066531800 
0.00000055 14838.912852 7181977400 
0.00000055 15052.995269 6878456700 
0.00000055 14417.673400 6882516000 
0.00000055 14382.995933 6904583500 
0.00000055 14406.118194 7019953400 
0.00000055 14606.462483 7048842100 
0.00000055 14441.793246 6856226000 
0.00000055 14443.223296 6944925700 
0.0000006 14443.223296 6419789100 
0.0000006 14382.995934 6403295400 
0.0000006 14611.238442 6726569700 
0.0000006 14462.406093 6371958500 
0.0000006 14512.882833 6469644300 
0.0000006 14561.685912 6380129300 
0.0000006 14441.793245 6364003000 
0.0000006 14487.678690 6562641200 
0.0000006 14420.101037 6454503600 
0.0000006 14382.995934 6443763800 
0.0000006 14600.244605 6707868200 
0.0000006 15065.001257 6596426300 
0.0000006 14546.856711 6375167900 
0.0000006 14503.504702 6355053800 
0.0000006 15277.702985 6555747000 
0.0000006 14428.754293 6401026500 
0.0000006 14439.702605 6387557200 
0.0000006 14953.599854 6532565600 
0.0000006 14382.995934 6452765900 
0.0000006 14429.075097 6298511900 
0.0000006 14459.076703 6328932800 
0.0000006 15149.396324 6340101200 
0.0000006 15141.298852 8901144400 
0.0000006 14453.253917 6533120900 
0.0000006 15038.233643 6385634300 
0.0000006 15442.293700 6404316500 
0.0000006 14764.234894 6481095800 
0.0000006 15145.322952 6857757300 
0.0000006 17288.088693 6425129000 
0.0000006 14979.848461 6372837000 
0.0000006 15054.719339 6801059900 
0.0000006 14419.340485 6371910500 
0.0000006 14470.597550 7228316600 
0.0000006 15186.816411 6572931300 
0.0000006 14885.926878 7726396000 
0.0000006 14990.567761 6991318900 
0.0000006 14831.733634 6960811900 
0.0000006 14889.393755 8133915600 
0.0000006 15037.669367 6419509700 
0.0000006 14873.990260 7600461500 
0.0000006 14441.793245 6104414600 
0.0000006 14441.793245 6297332600 
0.0000006 14382.995934 6496544700 
0.0000006 14901.908251 6532107700 
0.0000006 15302.172712 6859223300 
0.0000006 14382.995933 6452963000 
0.0000006 14441.793245 6346877500 
0.0000006 15105.627739 6445633500 
0.0000006 14382.995934 6365642800 
0.0000006 14485.528351 6314822200 
0.0000006 14443.223295 6430444900 
0.0000006 14543.440274 6441367800 
0.0000006 15031.654776 6793084100 
0.0000006 14382.995934 6462989600 
0.0000006 14406.118193 6076448600 
0.0000006 14907.701694 6399377400 
0.0000006 14441.793245 6386295300 
0.0000006 14612.802698 6263518500 
0.0000006 14382.995934 6295053900 
0.0000006 14406.118193 6397100900 
0.0000006 14572.385319 6305594400 
0.0000006 14382.995934 6449629200 
0.0000006 15022.003651 7028051900 
0.0000006 14540.609805 6388977100 
0.0000006 14501.770480 6426824300 
0.0000006 14416.647734 6346299700 
0.0000006 14568.155667 6368926600 
0.0000006 14440.909396 6333174600 
0.0000006 14416.647734 6409448000 
0.0000006 14420.101037 6448030400 
0.0000006 14586.033399 6568095500 
0.0000006 14706.944641 6129566800 
0.0000006 14608.187458 6447238800 
0.0000006 14382.995934 6541632300 
0.0000006 14417.673400 6324687000 
0.0000006 14415.303561 6478294300 
0.0000006 14984.382049 6319822600 
0.0000006 14416.647734 6403746000 
0.0000006 15012.683122 6871598800 
0.0000006 15179.131185 6618482600 
0.0000006 14397.054899 6359191400 
0.0000006 14493.788173 6497055500 
0.0000006 14642.389247 6403315700 
0.0000006 14382.995934 6420205300 
0.0000006 14832.146249 6332859700 
0.0000006 14420.101037 6335510400 
0.0000006 14441.793244 6350103200 
0.0000006 14416.647734 6356279100 
0.0000006 14420.101038 6492078600 
0.0000006 15247.342639 6637946700 
0.0000006 14382.995933 6420890000 
0.0000006 15078.968451 6272707900 
0.0000006 14441.793245 6334069100 
0.0000006 14578.125231 6258019900 
0.0000006 14429.075097 6360761900 
0.0000006 14439.702605 6376438700 
0.0000006 14406.118193 6409117800 
0.0000006 14441.793244 6358737900 
0.0000006 14382.995934 6423416700 
0.0000006 14382.995934 6367980900 
0.00000065 14382.995934 5947635700 
0.00000065 14382.995933 5935163900 
0.00000065 15127.703508 5961390300 
0.00000065 14406.118193 5968553800 
0.00000065 14647.526761 5937283700 
0.00000065 14382.995933 5979867100 
0.00000065 14382.995934 5940415200 
0.00000065 14420.101037 5907187000 
0.00000065 14406.118193 5788612800 
0.00000065 14547.347306 5872706800 
0.00000065 14429.075097 5884284800 
0.00000065 14520.804175 5846908200 
0.00000065 14595.267614 6060010200 
0.00000065 14382.995934 5971705100 
0.00000065 14482.310163 5879520100 
0.00000065 14911.697860 5924366600 
0.00000065 14443.223296 5972256800 
0.00000065 14406.118193 5843774500 
0.00000065 15003.837843 6103941700 
0.00000065 14428.202941 5879417400 
0.00000065 14406.118193 5866981400 
0.00000065 14406.118193 5856657600 
0.00000065 14382.995934 5937092800 
0.00000065 15231.907515 5895730300 
0.00000065 14453.283593 5926756500 
0.00000065 14510.242203 5982031200 
0.00000065 15010.096103 6164865900 
0.00000065 14529.823853 5938440100 
0.00000065 14382.995934 5916320900 
0.00000065 14382.995934 5972973500 
0.00000065 15103.557336 5985847000 
0.00000065 14406.118193 5962322100 
0.00000065 14382.995935 5898304900 
0.00000065 14382.995934 5994964200 
0.00000065 14976.366126 5961382100 
0.00000065 14406.118193 5893176000 
0.00000065 14382.995933 5937386400 
0.00000065 14382.995934 5988640600 
0.00000065 15255.944672 6166335500 
0.00000065 14439.769993 5922189900 
0.00000065 14524.406580 5939056900 
0.00000065 14530.883128 5966357900 
0.00000065 14382.995934 6087565000 
0.00000065 14456.226867 5852952700 
0.00000065 14487.678690 6060350100 
0.00000065 14488.541127 5869754600 
0.00000065 14382.995934 5972146500 
0.00000065 14382.995934 5936879400 
0.00000065 14549.509255 6250670100 
0.00000065 14406.118193 5963439800 
0.00000065 14382.995934 5870858900 
0.00000065 14595.545304 5976679200 
0.00000065 14382.995934 5975996000 
0.00000065 14441.793244 5930095100 
0.00000065 14558.363143 6142409500 
0.00000065 14382.995934 5799451500 
0.00000065 14659.959581 5890901900 
0.00000065 14382.995934 5866749300 
0.00000065 14382.995934 5917999200 
0.00000065 14475.445044 5776930300 
0.00000065 14416.647733 5978557100 
0.00000065 14439.702605 5867692600 
0.00000065 14594.989565 6390304400 
0.00000065 14732.414865 5795801500 
0.00000065 14693.126640 5908587000 
0.00000065 14382.995934 5999213500 
0.00000065 15142.184033 6095516600 
0.00000065 14382.995934 5939856700 
0.00000065 15049.408823 6332057900 
0.00000065 14717.605245 6078167300 
0.00000065 14440.909396 5882055700 
0.00000065 14945.349660 5938105900 
0.00000065 14497.681915 5836728400 
0.00000065 14406.118193 5924032700 
0.00000065 14472.819360 5827934800 
0.00000065 14420.101037 5971157000 
0.00000065 14576.034592 5848728900 
0.00000065 15031.395924 6186563400 
0.00000065 14616.093353 5948705500 
0.00000065 15116.767277 6128377500 
0.00000065 14439.702605 5928019200 
0.00000065 14472.897890 5877944800 
0.00000065 15070.881831 5939874600 
0.00000065 14484.732189 5855297000 
0.00000065 14451.876552 5941913700 
0.00000065 14382.995934 5807611000 
0.00000065 14464.031655 5889840800 
0.00000065 14440.909396 5912907800 
0.00000065 14503.504701 5885971200 
0.00000065 14882.929821 5836240400 
0.00000065 14853.246920 5900885000 
0.00000065 14446.277924 5832066600 
0.00000065 14382.995934 5946022000 
0.00000065 14382.995934 5832691800 
0.00000065 15197.680808 5886493000 
0.00000065 14406.118193 5877170400 
0.00000065 14503.504702 5768563100 
0.00000065 14519.026059 5871701900 
0.00000065 15002.275752 6117272900 
0.00000065 14406.118192 5867890900 
0.0000007 14382.995934 5491503500 
0.0000007 15096.611689 5525817500 
0.0000007 14441.793245 5346912200 
0.0000007 14519.327921 5399904500 
0.0000007 14443.223296 5491202600 
0.0000007 15030.204240 5421851100 
0.0000007 15065.355894 5563789100 
0.0000007 14394.743783 5486533600 
0.0000007 14460.228749 5491538900 
0.0000007 14382.995934 5500920100 
0.0000007 14406.118192 5375920000 
0.0000007 14406.118192 5518820400 
0.0000007 14886.552349 5490366600 
0.0000007 14542.450179 5429114600 
0.0000007 14439.702605 5485060400 
0.0000007 14572.385319 5511857400 
0.0000007 14382.995935 5410771100 
0.0000007 14448.643736 5536935100 
0.0000007 14382.995934 5321413400 
0.0000007 14468.299034 5505993000 
0.0000007 14969.494021 5505815500 
0.0000007 14406.118192 5495308400 
0.0000007 14594.989565 5762580300 
0.0000007 14420.101037 5421398800 
0.0000007 14510.242204 5666922100 
0.0000007 15019.343468 5659804800 
0.0000007 14406.118192 5627181800 
0.0000007 14406.118193 5524810500 
0.0000007 14490.333278 5582214400 
0.0000007 14988.320745 5664652200 
0.0000007 14416.647734 5446703800 
0.0000007 15020.235946 5692911300 
0.0000007 14700.167372 5667678400 
0.0000007 14488.541128 5540707200 
0.0000007 14594.989565 5760077900 
0.0000007 14982.823540 5799349100 
0.0000007 14382.995933 5540614300 
0.0000007 14422.575068 5457792100 
0.0000007 14452.197356 5513290400 
0.0000007 14592.014942 5608282800 
0.0000007 14406.118193 5485472200 
0.0000007 14516.910432 5490274100 
0.0000007 14661.267707 5446706200 
0.0000007 14406.118193 5526069400 
0.0000007 14456.853542 5514320500 
0.0000007 14382.995934 5452416200 
0.0000007 14394.551141 5562293100 
0.0000007 14594.989566 5760307100 
0.0000007 14416.647734 5480627500 
0.0000007 14382.995934 5381754300 
0.0000007 15332.798314 5534544100 
0.0000007 14503.504702 5442786300 
0.0000007 14420.101037 5475028300 
0.0000007 14685.858529 5432550100 
0.0000007 14406.118193 5485926700 
0.0000007 14382.995934 5507122800 
0.0000007 14416.647734 5460091100 
0.0000007 14443.223296 5517280500 
0.0000007 14406.118193 5537264400 
0.0000007 15066.564989 5551989700 
0.0000007 14382.995934 5534371300 
0.0000007 14456.853542 5540594100 
0.0000007 14416.647734 5450471800 
0.0000007 14547.347307 5590832800 
0.0000007 14907.701694 5465163600 
0.0000007 14516.910432 5549886300 
0.0000007 14649.487619 5465145600 
0.0000007 14464.031655 5409818200 
0.0000007 14464.915504 5437438700 
0.0000007 14813.372476 5412805300 
0.0000007 14579.078525 5660827900 
0.0000007 15101.813776 5519194600 
0.0000007 14601.807466 5471482700 
0.0000007 14441.793245 5273034500 
0.0000007 15174.287669 5495629300 
0.0000007 14443.223296 5350402300 
0.0000007 14915.783695 5315959600 
0.0000007 15030.352777 6022769800 
0.0000007 14497.288153 5463207200 
0.0000007 15165.593483 5859228500 
0.0000007 14382.995933 5517425300 
0.0000007 14506.307912 5502845200 
0.0000007 14558.363142 5774441100 
0.0000007 14439.702605 5485913700 
0.0000007 14720.537916 5608369300 
0.0000007 14382.995934 5494685200 
0.0000007 14406.118193 5573872900 
0.0000007 14563.732064 5511376500 
0.0000007 15083.786250 5509096900 
0.0000007 14441.793245 5475469900 
0.0000007 14482.310162 5368557700 
0.0000007 14406.118193 5509107400 
0.0000007 14382.995934 5478936400 
0.0000007 14518.071322 5495559000 
0.0000007 14460.228749 5483098900 
0.0000007 14406.118193 5480534000 
0.0000007 14592.014942 5612379700 
0.0000007 14406.118193 5481944800 
0.0000007 15102.826909 5597037500 
0.0000007 14382.995934 5566210400 
0.00000075 14382.995933 5142817700 
0.00000075 14382.995934 5180137000 
0.00000075 14997.732594 5328557600 
0.00000075 15539.366278 5235618700 
0.00000075 14382.995934 5176082400 
0.00000075 14429.075097 5106714000 
0.00000075 14519.327921 5056515200 
0.00000075 14406.118193 5135270600 
0.00000075 14655.595930 5129890500 
0.00000075 14416.647734 5092742500 
0.00000075 14420.101037 5130258500 
0.00000075 14594.989565 5442857500 
0.00000075 14382.995933 5138131700 
0.00000075 14549.987935 5154387900 
0.00000075 14464.915504 5098982600 
0.00000075 14382.995934 5097520400 
0.00000075 14382.995934 5191042700 
0.00000075 14406.118193 5175255800 
0.00000075 14406.118192 5225677600 
0.00000075 14492.678698 5101115700 
0.00000075 14416.647734 4997893500 
0.00000075 14429.075097 5116597000 
0.00000075 14382.995934 5175000100 
0.00000075 15222.007254 5401263300 
0.00000075 14622.118843 5029785800 
0.00000075 14512.882833 5261830000 
0.00000075 14816.141817 5169505400 
0.00000075 14452.197356 5094950100 
0.00000075 14382.995934 5180569000 
0.00000075 14382.995934 5187384400 
0.00000075 14382.995934 5111341900 
0.00000075 14382.995934 5128149400 
0.00000075 14443.223296 5071345600 
0.00000075 14705.717940 5066220900 
0.00000075 14441.793244 5120736200 
0.00000075 14406.118193 5137975300 
0.00000075 14406.118193 5124205600 
0.00000075 14406.118193 5058735000 
0.00000075 15093.902737 5185675000 
0.00000075 14382.995934 5113277400 
0.00000075 14510.242204 5165370100 
0.00000075 14657.763973 4950234700 
0.00000075 14546.534632 5064731200 
0.00000075 14516.910433 5231950500 
0.00000075 14382.995934 5068770100 
0.00000075 14578.717637 5117240700 
0.00000075 14632.094668 5428990100 
0.00000075 14439.702605 5092609800 
0.00000075 14406.118193 5124436400 
0.00000075 14382.995934 5221486800 
0.00000075 14592.014942 5198572400 
0.00000075 14416.647734 5064894300 
0.00000075 14697.807672 5398304400 
0.00000075 14512.882833 5122978500 
0.00000075 14850.468059 5325829000 
0.00000075 14441.793245 5138033000 
0.00000075 14406.118193 5101098000 
0.00000075 14478.648221 5221391000 
0.00000075 14382.995934 5151399400 
0.00000075 14497.681915 5173675200 
0.00000075 14624.552372 5160587600 
0.00000075 14382.995934 5090493000 
0.00000075 14382.995934 5099183400 
0.00000075 14498.545819 5199149900 
0.00000075 14569.039515 5163334000 
0.00000075 14420.177158 5135329500 
0.00000075 14406.118192 5083721600 
0.00000075 14487.678691 5109790100 
0.00000075 15149.785807 5208516600 
0.00000075 14420.101037 5093991500 
0.00000075 14382.995934 5125681100 
0.00000075 14382.995934 5158347400 
0.00000075 14844.713782 5258702000 
0.00000075 14978.967182 5307502500 
0.00000075 14382.995934 5035771300 
0.00000075 15176.353606 5310570600 
0.00000075 14382.995934 5090910200 
0.00000075 14653.786875 5455930600 
0.00000075 14382.995934 5128724800 
0.00000075 14493.865370 5021568000 
0.00000075 14406.118193 5092548900 
0.00000075 14382.995934 4984009000 
0.00000075 14420.101037 5137791500 
0.00000075 14506.331501 5133843400 
0.00000075 14429.075097 5054648800 
0.00000075 14429.075097 5148051600 
0.00000075 14501.098353 5238856600 
0.00000075 14382.995934 5182077100 
0.00000075 14519.327921 5132866300 
0.00000075 14416.647734 5090509200 
0.00000075 14491.776502 5111544800 
0.00000075 14446.277925 5043960500 
0.00000075 14526.626961 5057155800 
0.00000075 14382.995934 5177668300 
0.00000075 14406.118193 5082804000 
0.00000075 14382.995934 5086756600 
0.00000075 14382.995933 5146343800 
0.00000075 14611.982969 5109688800 
0.00000075 14476.875096 5087636800 
0.00000075 14406.118193 5141579700 
0.0000008 14975.300781 4911241000 
0.0000008 14937.372017 4781825300 
0.0000008 14441.793244 4714780200 
0.0000008 14382.995934 4782566400 
0.0000008 14698.672153 4865869800 
0.0000008 14406.118193 4754750200 
0.0000008 14382.995934 4769535700 
0.0000008 14519.327921 4805288700 
0.0000008 14382.995934 4811244600 
0.0000008 14382.995934 4752460100 
0.0000008 14464.915503 4789578700 
0.0000008 14382.995933 4845109200 
0.0000008 15049.755193 5167774800 
0.0000008 15019.343468 4898764700 
0.0000008 14382.995934 4863978100 
0.0000008 15619.873265 4801541400 
0.0000008 14563.732064 4818725700 
0.0000008 14440.909396 4768265200 
0.0000008 14429.075098 4778924300 
0.0000008 14382.995933 4765528300 
0.0000008 14406.118192 4707156100 
0.0000008 14441.793245 4730391000 
0.0000008 15027.117507 5070567100 
0.0000008 14420.101037 4808440700 
0.0000008 14519.026060 4945065600 
0.0000008 14382.995934 4803322800 
0.0000008 14540.609805 4784073700 
0.0000008 14382.995934 4829100000 
0.0000008 14565.758132 4900453000 
0.0000008 14694.303793 5215235400 
0.0000008 14406.118192 4808480300 
0.0000008 14488.541127 4811998000 
0.0000008 14495.535787 4798271300 
0.0000008 14416.647734 4735322100 
0.0000008 14673.314325 4790916200 
0.0000008 14382.995934 4805406500 
0.0000008 14382.995933 4778981500 
0.0000008 14382.995934 4832513800 
0.0000008 14382.995934 4828228700 
0.0000008 15070.881831 4881771700 
0.0000008 14464.031655 4757945500 
0.0000008 14441.793244 4805829800 
0.0000008 14441.793245 4772264000 
0.0000008 14569.039514 4683417100 
0.0000008 14497.288152 4834635700 
0.0000008 15394.278516 5080708100 
0.0000008 15066.113452 4977734400 
0.0000008 14382.995934 5033500300 
0.0000008 14420.101037 4783299800 
0.0000008 14406.118193 4892972000 
0.0000008 14382.995934 4772145300 
0.0000008 14482.310162 4829545500 
0.0000008 14609.049895 4776295700 
0.0000008 14382.995934 4837268900 
0.0000008 14497.681915 4875333400 
0.0000008 14394.551141 4839216500 
0.0000008 14382.995934 4771834500 
0.0000008 14382.995933 4838478500 
0.0000008 14416.647734 4739694400 
0.0000008 15017.612761 4939276800 
0.0000008 14406.118193 4601660100 
0.0000008 14420.101037 4736983200 
0.0000008 14420.101037 4821111400 
0.0000008 14490.333277 4793633000 
0.0000008 14382.995934 4794452600 
0.0000008 14451.876551 4779958800 
0.0000008 14382.995934 4869559100 
0.0000008 14439.769993 4801390700 
0.0000008 14382.995934 4830994000 
0.0000008 14407.560387 4830278100 
0.0000008 14382.995934 4788731900 
0.0000008 14464.915503 4607010400 
0.0000008 14406.118193 4819522400 
0.0000008 14406.118193 4757574200 
0.0000008 14612.519865 4762067300 
0.0000008 15220.907074 4932238300 
0.0000008 14917.022123 4814016200 
0.0000008 14394.551141 4737480700 
0.0000008 14382.995933 4820758000 
0.0000008 14406.118193 4842809100 
0.0000008 14420.101037 4773330100 
0.0000008 14382.995934 4840935100 
0.0000008 14382.995934 4827088000 
0.0000008 14497.681916 4874143600 
0.0000008 15301.245855 4761991600 
0.0000008 15141.332881 4988644000 
0.0000008 15241.872574 5149311100 
0.0000008 14382.995933 4843844900 
0.0000008 14406.118193 4770156300 
0.0000008 14440.909396 4746055300 
0.0000008 14489.265037 4840694400 
0.0000008 14406.118193 4769234600 
0.0000008 15340.881476 4918418000 
0.0000008 15043.820072 4762283200 
0.0000008 14592.014942 4992919100 
0.0000008 14702.457388 4939505500 
0.0000008 14503.504701 4677310400 
0.0000008 14671.584356 4802754100 
0.0000008 14659.459256 4809767900 
0.0000008 15068.469046 4991934100 
0.00000085 14460.228749 4516756900 
0.00000085 14441.793244 4471405600 
0.00000085 14916.214201 4538690100 
0.00000085 14443.223296 4538270900 
0.00000085 14594.989564 4869803900 
0.00000085 14382.995934 4495609400 
0.00000085 14406.118193 4488432000 
0.00000085 14439.702605 4531955000 
0.00000085 14569.624225 4601564300 
0.00000085 14440.909396 4423417900 
0.00000085 14382.995934 4422286100 
0.00000085 14428.754293 4615719400 
0.00000085 14382.995934 4519902900 
0.00000085 14464.915503 4428554600 
0.00000085 14503.504702 4564683800 
0.00000085 14382.995934 4471998700 
0.00000085 14382.995933 4492237300 
0.00000085 14475.586862 4401382100 
0.00000085 14512.882833 4646720800 
0.00000085 14452.197356 4482488600 
0.00000085 14497.681916 4542187700 
0.00000085 14382.995933 4512336600 
0.00000085 14519.327920 4586755600 
0.00000085 15069.898675 4679420000 
0.00000085 14429.075097 4507345800 
0.00000085 15170.125464 4587035100 
0.00000085 14406.118192 4492103900 
0.00000085 14428.754293 4592501500 
0.00000085 14482.310162 4499094300 
0.00000085 14700.167372 4685566000 
0.00000085 14382.995934 4394847300 
0.00000085 15057.105219 4745744600 
0.00000085 14382.995933 4538708100 
0.00000085 15052.599342 4580410700 
0.00000085 14632.094668 4806172100 
0.00000085 14633.708722 4508961600 
0.00000085 14382.995934 4587354900 
0.00000085 14420.101037 4545293900 
0.00000085 14498.545819 4437667600 
0.00000085 14416.647734 4521630500 
0.00000085 14382.995934 4573685100 
0.00000085 14420.101037 4543544600 
0.00000085 14382.995933 4483194600 
0.00000085 14428.754292 4556318600 
0.00000085 14382.995934 4533830200 
0.00000085 14443.223296 4427298700 
0.00000085 15067.019439 4804233600 
0.00000085 14406.118192 4560432400 
0.00000085 14382.995934 4546666600 
0.00000085 15096.581444 4808401300 
0.00000085 15203.372318 4530114000 
0.00000085 14382.995934 4612575700 
0.00000085 14406.118193 4516719500 
0.00000085 14382.995934 4555262100 
0.00000085 14406.118193 4522735800 
0.00000085 14488.541128 4515977600 
0.00000085 15077.041914 4701362600 
0.00000085 14556.479227 4427145200 
0.00000085 15025.499994 4573084500 
0.00000085 14672.006069 4697078200 
0.00000085 14382.995934 4505891700 
0.00000085 14382.995934 4574252800 
0.00000085 15204.077467 4773438100 
0.00000085 14487.678691 4608467800 
0.00000085 14382.995934 4512696100 
0.00000085 14406.118193 4514950700 
0.00000085 14382.995934 4464478900 
0.00000085 14695.049965 4499843500 
0.00000085 14382.995934 4443653600 
0.00000085 14953.538424 4470948000 
0.00000085 15094.455307 4566599100 
0.00000085 14382.995934 4547585900 
0.00000085 14382.995934 4480198400 
0.00000085 14382.995934 4571115200 
0.00000085 14541.051415 4523901700 
0.00000085 14382.995933 4491625800 
0.00000085 14382.995934 4567875600 
0.00000085 14594.989565 4756826300 
0.00000085 14382.995934 4543062000 
0.00000085 14406.118192 4602437100 
0.00000085 14482.310162 4643331000 
0.00000085 14950.024888 4531620100 
0.00000085 15080.235393 4677843500 
0.00000085 14382.995934 4508143900 
0.00000085 14406.118193 4567482800 
0.00000085 14406.118193 4544177500 
0.00000085 14440.909397 4482622200 
0.00000085 14672.863877 4506159800 
0.00000085 15049.363150 4981038700 
0.00000085 14416.647734 4492367100 
0.00000085 14382.995934 4502434600 
0.00000085 14441.793245 4508908300 
0.00000085 14503.504701 4509057500 
0.00000085 14382.995934 4496604800 
0.00000085 14429.075097 4531609200 
0.00000085 14611.238442 4751079500 
0.00000085 14451.257812 4536144900 
0.00000085 14382.995934 4464252000 
0.00000085 14382.995933 4570001900 
0.00000085 14382.995933 4521721800 
0.0000009 14382.995934 4254769300 
0.0000009 14464.915504 4213391500 
0.0000009 14382.995934 4295020700 
0.0000009 14382.995934 4232555000 
0.0000009 14382.995934 4313599900 
0.0000009 14441.793245 4275038500 
0.0000009 14556.479226 4249906600 
0.0000009 15082.461115 4209243000 
0.0000009 14542.450180 4233316200 
0.0000009 14406.118193 4269378500 
0.0000009 14464.031655 4260702600 
0.0000009 14439.805103 4194185100 
0.0000009 14382.995934 4225888900 
0.0000009 14429.075097 4275092200 
0.0000009 14406.118193 4265090200 
0.0000009 14530.424502 4185541600 
0.0000009 14406.118193 4296691100 
0.0000009 14549.509255 4528339400 
0.0000009 14382.995934 4348417900 
0.0000009 14440.909396 4373543500 
0.0000009 14553.546761 4227966900 
0.0000009 14382.995934 4307701200 
0.0000009 14519.327921 4242982400 
0.0000009 14416.647734 4239583500 
0.0000009 14440.909397 4194473400 
0.0000009 14443.223296 4261024100 
0.0000009 14382.995934 4305047200 
0.0000009 14406.118193 4308606500 
0.0000009 14580.508511 4217011500 
0.0000009 14439.702605 4275437100 
0.0000009 14382.995934 4256517800 
0.0000009 14506.307912 4226297600 
0.0000009 15027.635132 4416682100 
0.0000009 14568.155666 4240248700 
0.0000009 14416.647734 4168568800 
0.0000009 14497.681915 4260497700 
0.0000009 14981.049228 4413427300 
0.0000009 15084.789609 4258555300 
0.0000009 14406.118193 4308964500 
0.0000009 14406.118193 4160678400 
0.0000009 15321.969833 4426989900 
0.0000009 14420.101037 4300164000 
0.0000009 14580.737516 4304574800 
0.0000009 15107.522503 4529081400 
0.0000009 15149.498342 4354430800 
0.0000009 14406.118193 4240425200 
0.0000009 14684.120309 4254533100 
0.0000009 14542.450179 4243754300 
0.0000009 14439.769993 4265170600 
0.0000009 14420.101037 4268177900 
0.0000009 14440.909397 4232603700 
0.0000009 14871.301861 4183186900 
0.0000009 14487.678690 4384291700 
0.0000009 14406.118192 4275058700 
0.0000009 14650.421179 4269453700 
0.0000009 14382.995934 4288682100 
0.0000009 14382.995933 4252908400 
0.0000009 14441.793245 4218217000 
0.0000009 14382.995934 4281721500 
0.0000009 14440.909396 4256328500 
0.0000009 14558.363143 4468152200 
0.0000009 14675.661114 4275115600 
0.0000009 14406.118193 4282643100 
0.0000009 14594.989564 4653065400 
0.0000009 15115.551526 4340546600 
0.0000009 15049.408823 4372925400 
0.0000009 14486.962444 4289132000 
0.0000009 14382.995933 4384600500 
0.0000009 14382.995934 4277120400 
0.0000009 14497.376734 4293002700 
0.0000009 14429.075097 4284685700 
0.0000009 15051.243887 4403184200 
0.0000009 14406.118193 4276063100 
0.0000009 14501.098352 4376911300 
0.0000009 14555.722513 4383564600 
0.0000009 14406.118192 4250976700 
0.0000009 14497.681915 4303712000 
0.0000009 14475.423560 4242514300 
0.0000009 15030.832670 4319906200 
0.0000009 14452.464604 4333338700 
0.0000009 14406.118193 4249016800 
0.0000009 14547.347307 4290822300 
0.0000009 14884.393160 4460346800 
0.0000009 14597.096478 4350845600 
0.0000009 14441.793245 4247442500 
0.0000009 14441.793245 4194340100 
0.0000009 14594.989565 4537188000 
0.0000009 15081.272049 4427556800 
0.0000009 14382.995933 4346288900 
0.0000009 14382.995934 4252174500 
0.0000009 14500.888641 4281933300 
0.0000009 15055.025249 4403671400 
0.0000009 14382.995934 4297748800 
0.0000009 14562.302012 4212517000 
0.0000009 14482.310162 4281516000 
0.0000009 15012.618981 4353254800 
0.0000009 15072.985595 4398128600 
0.0000009 14519.327921 4240359900 
0.0000009 14416.647733 4299005000 
0.0000009 14439.769992 4233483300 
0.00000095 14439.769992 3954442000 
0.00000095 14406.118192 4030828500 
0.00000095 15176.353605 4085129900 
0.00000095 14382.995933 4110429300 
0.00000095 14464.031655 3987232900 
0.00000095 14456.853542 4103884900 
0.00000095 14420.101037 4024538100 
0.00000095 14382.995934 4028290800 
0.00000095 14406.118193 4118765300 
0.00000095 14382.995934 4125670800 
0.00000095 14382.995934 4041912000 
0.00000095 14382.995934 4208171000 
0.00000095 15024.046749 4256461600 
0.00000095 14382.995934 4082771500 
0.00000095 14555.722514 4159764000 
0.00000095 14651.696237 4322965000 
0.00000095 14406.118193 4091201900 
0.00000095 14406.118193 3986672800 
0.00000095 14406.118193 4076789600 
0.00000095 14816.141816 4071435900 
0.00000095 15101.043995 4310386700 
0.00000095 14737.272474 4058791200 
0.00000095 14382.995934 4061524100 
0.00000095 14416.647734 4032182700 
0.00000095 14382.995934 4013407400 
0.00000095 14497.681916 3932555600 
0.00000095 14382.995934 4107493000 
0.00000095 14420.101037 4016758400 
0.00000095 14406.118193 4131938700 
0.00000095 14491.776502 4108664900 
0.00000095 14581.580908 3955875400 
0.00000095 14642.389248 4201778100 
0.00000095 14382.995934 4097036000 
0.00000095 14526.626960 4136043100 
0.00000095 15012.650090 4384363800 
0.00000095 14441.793245 4015119700 
0.00000095 14420.101037 4092505200 
0.00000095 14490.505342 3996030400 
0.00000095 14617.160453 4170232400 
0.00000095 15064.378810 4196205500 
0.00000095 14601.247490 3972708100 
0.00000095 14382.995934 4088311700 
0.00000095 14556.433024 4104313200 
0.00000095 15008.881109 4007010800 
0.00000095 15096.032117 3983887400 
0.00000095 14617.160453 4178880000 
0.00000095 14439.769992 3983193200 
0.00000095 14416.647734 4039234200 
0.00000095 14406.118193 4083110100 
0.00000095 14732.840102 4065087700 
0.00000095 14439.702605 4029926100 
0.00000095 14503.504701 4029883100 
0.00000095 15161.639577 4147110400 
0.00000095 14512.882833 4134339600 
0.00000095 14441.793245 4029611900 
0.00000095 14453.752837 4029570100 
0.00000095 14464.915503 4013942600 
0.00000095 14382.995934 4044728900 
0.00000095 14406.118193 4007477900 
0.00000095 14521.330491 4027404900 
0.00000095 15090.193232 4135836300 
0.00000095 14698.085721 4099009800 
0.00000095 14416.647734 4033381000 
0.00000095 14382.995934 3972819400 
0.00000095 14594.989564 4300027200 
0.00000095 14440.909396 4036554200 
0.00000095 14805.307757 4188784800 
0.00000095 14485.528351 4041708000 
0.00000095 14690.596534 4085291100 
0.00000095 14452.197356 3940274400 
0.00000095 14441.793245 4007069400 
0.00000095 14406.118192 4068183400 
0.00000095 14605.331943 4078067500 
0.00000095 14446.277925 3998167000 
0.00000095 14519.327921 4033967700 
0.00000095 14462.726897 3994976500 
0.00000095 14439.702605 4020801400 
0.00000095 14537.179651 3915051600 
0.00000095 14406.118193 4037433600 
0.00000095 14382.995934 4026857600 
0.00000095 14382.995934 4093807600 
0.00000095 14429.075097 4073206500 
0.00000095 14406.118193 4014886900 
0.00000095 14382.995933 4020143500 
0.00000095 15106.183049 4242989300 
0.00000095 14832.083520 4144921000 
0.00000095 14489.797590 3986521200 
0.00000095 14478.974469 4027476600 
0.00000095 14489.265037 4044711200 
0.00000095 14626.757643 3960740800 
0.00000095 14464.915503 4023909800 
0.00000095 15089.549286 4194536900 
0.00000095 14416.647734 4029228000 
0.00000095 15191.043382 4299305500 
0.00000095 14990.743125 4181492000 
0.00000095 14441.793244 4024164500 
0.00000095 14382.995934 4080511200 
0.00000095 14406.118192 4013317600 
0.00000095 14988.557222 4127446500 
0.00000095 14520.804175 3973438600 
