lambda E I
0.100000 -801.425926 210000
0.100000 -735.843461 180000
0.100000 -754.425588 200000
0.100000 -748.462009 170000
0.100000 -725.843091 170000
0.100000 -771.018747 170000
0.100000 -769.127848 200000
0.100000 -797.411662 190000
0.100000 -752.585209 200000
0.100000 -789.799298 220000
0.100000 -795.282151 200000
0.100000 -768.052201 180000
0.100000 -805.763873 210000
0.100000 -795.085621 190000
0.100000 -779.445955 170000
0.100000 -764.200558 200000
0.100000 -761.296126 170000
0.100000 -807.324362 200000
0.100000 -772.622858 220000
0.100000 -764.484201 200000
0.100000 -794.228389 210000
0.100000 -803.463554 200000
0.100000 -786.904791 210000
0.100000 -752.224914 170000
0.100000 -786.751350 210000
0.100000 -781.302014 220000
0.100000 -778.349792 210000
0.100000 -736.759443 170000
0.100000 -789.177477 200000
0.100000 -740.421239 190000
0.100000 -745.934401 170000
0.100000 -784.920783 230000
0.100000 -779.990239 200000
0.100000 -823.140801 210000
0.100000 -799.249725 210000
0.100000 -784.827546 200000
0.100000 -768.318569 210000
0.100000 -787.084336 230000
0.100000 -791.778177 200000
0.100000 -797.359121 200000
0.100000 -805.848147 210000
0.100000 -745.318085 180000
0.100000 -752.567807 190000
0.100000 -800.483412 200000
0.100000 -785.039554 190000
0.100000 -789.830043 190000
0.100000 -766.873789 200000
0.100000 -774.657799 200000
0.100000 -789.991781 200000
0.100000 -791.047949 220000
0.100000 -782.772583 200000
0.100000 -790.845407 220000
0.100000 -789.001052 210000
0.100000 -765.939715 170000
0.100000 -731.004442 170000
0.100000 -814.734576 180000
0.100000 -756.177989 170000
0.100000 -792.846727 190000
0.100000 -764.159507 170000
0.100000 -711.448416 170000
0.100000 -808.801646 200000
0.100000 -805.352884 210000
0.100000 -808.359481 190000
0.100000 -778.251611 170000
0.100000 -812.430331 200000
0.100000 -738.392391 190000
0.100000 -808.504554 210000
0.100000 -792.443289 200000
0.100000 -735.034204 170000
0.100000 -775.229833 230000
0.100000 -799.210694 200000
0.100000 -792.971868 190000
0.100000 -747.423467 170000
0.100000 -722.735320 170000
0.100000 -750.464751 180000
0.100000 -791.809430 190000
0.100000 -782.076137 210000
0.100000 -782.210135 240000
0.100000 -702.350669 170000
0.100000 -788.520952 190000
0.100000 -801.066245 200000
0.100000 -778.436683 210000
0.100000 -735.138473 170000
0.100000 -792.519938 220000
0.100000 -731.642784 170000
0.100000 -789.498555 210000
0.100000 -772.624434 200000
0.100000 -736.049896 190000
0.100000 -788.998053 200000
0.100000 -749.415024 170000
0.100000 -796.659476 210000
0.100000 -820.795721 220000
0.100000 -803.346475 200000
0.100000 -795.274492 200000
0.100000 -777.063797 200000
0.100000 -733.495847 170000
0.100000 -735.477687 180000
0.100000 -785.795440 190000
0.100000 -815.367052 200000
0.100000 -808.069219 210000
0.200000 -756.440503 170000
0.200000 -739.212797 170000
0.200000 -741.681430 180000
0.200000 -742.015143 170000
0.200000 -749.904311 170000
0.200000 -759.614939 180000
0.200000 -786.007914 200000
0.200000 -726.520168 170000
0.200000 -745.022289 170000
0.200000 -749.272811 180000
0.200000 -754.535824 170000
0.200000 -776.740325 170000
0.200000 -724.072403 170000
0.200000 -725.892828 180000
0.200000 -756.430703 170000
0.200000 -755.699079 170000
0.200000 -733.682559 170000
0.200000 -743.696216 170000
0.200000 -738.089225 190000
0.200000 -754.110214 170000
0.200000 -753.842934 170000
0.200000 -765.020117 200000
0.200000 -757.084986 180000
0.200000 -769.909602 170000
0.200000 -740.106543 170000
0.200000 -745.860125 170000
0.200000 -744.572312 180000
0.200000 -729.537539 170000
0.200000 -757.468756 170000
0.200000 -770.358217 170000
0.200000 -732.254324 170000
0.200000 -736.038955 180000
0.200000 -757.157082 190000
0.200000 -717.667785 170000
0.200000 -729.000467 170000
0.200000 -738.136804 180000
0.200000 -786.465182 180000
0.200000 -768.109212 180000
0.200000 -782.105416 180000
0.200000 -755.143887 190000
0.200000 -743.228620 180000
0.200000 -745.129398 170000
0.200000 -770.034526 180000
0.200000 -769.506770 170000
0.200000 -730.827316 170000
0.200000 -764.862659 170000
0.200000 -755.723489 170000
0.200000 -728.704335 170000
0.200000 -747.314068 170000
0.200000 -720.949714 170000
0.200000 -747.562956 180000
0.200000 -745.648899 170000
0.200000 -747.518721 170000
0.200000 -709.770826 170000
0.200000 -727.555824 170000
0.200000 -770.101595 170000
0.200000 -744.669137 170000
0.200000 -747.665449 180000
0.200000 -737.727370 170000
0.200000 -775.397467 170000
0.200000 -743.364356 170000
0.200000 -764.919308 170000
0.200000 -759.638819 170000
0.200000 -770.891269 180000
0.200000 -757.985168 170000
0.200000 -733.899970 170000
0.200000 -767.661586 170000
0.200000 -745.316025 170000
0.200000 -782.173963 190000
0.200000 -745.022806 170000
0.200000 -770.646271 180000
0.200000 -762.239535 170000
0.200000 -736.515353 180000
0.200000 -751.408717 170000
0.200000 -742.564234 170000
0.200000 -740.200791 170000
0.200000 -749.293725 180000
0.200000 -728.712103 200000
0.200000 -766.551686 170000
0.200000 -741.356943 180000
0.200000 -727.442959 170000
0.200000 -758.924693 170000
0.200000 -756.406316 170000
0.200000 -770.919050 170000
0.200000 -738.036412 170000
0.200000 -751.442561 180000
0.200000 -736.775476 170000
0.200000 -739.725851 170000
0.200000 -766.539670 180000
0.200000 -751.666078 170000
0.200000 -737.114979 180000
0.200000 -760.875818 180000
0.200000 -746.518024 170000
0.200000 -731.592406 170000
0.200000 -747.361540 170000
0.200000 -705.508976 170000
0.200000 -747.769245 180000
0.200000 -733.889402 180000
0.200000 -723.529713 170000
0.200000 -766.056813 170000
0.300000 -751.195106 170000
0.300000 -750.513392 170000
0.300000 -753.757614 170000
0.300000 -701.941810 160000
0.300000 -754.656817 170000
0.300000 -764.426767 170000
0.300000 -741.253765 170000
0.300000 -769.807091 170000
0.300000 -742.185900 160000
0.300000 -741.518988 170000
0.300000 -718.080778 170000
0.300000 -745.866838 180000
0.300000 -721.038102 170000
0.300000 -718.871296 180000
0.300000 -716.271256 170000
0.300000 -732.588443 170000
0.300000 -771.570380 170000
0.300000 -740.909057 170000
0.300000 -739.742498 170000
0.300000 -744.106389 170000
0.300000 -716.998163 180000
0.300000 -766.511038 170000
0.300000 -729.869679 170000
0.300000 -763.999406 170000
0.300000 -738.880051 170000
0.300000 -746.553610 170000
0.300000 -763.727669 170000
0.300000 -726.721973 170000
0.300000 -745.551755 160000
0.300000 -743.585239 190000
0.300000 -727.971921 170000
0.300000 -727.990343 170000
0.300000 -752.550697 170000
0.300000 -744.837362 170000
0.300000 -719.327523 170000
0.300000 -744.559144 170000
0.300000 -749.092137 170000
0.300000 -748.531526 180000
0.300000 -758.147299 180000
0.300000 -707.517539 170000
0.300000 -775.873657 180000
0.300000 -765.311427 170000
0.300000 -766.088015 170000
0.300000 -725.818435 170000
0.300000 -711.758856 170000
0.300000 -761.350469 170000
0.300000 -756.282520 170000
0.300000 -728.368725 170000
0.300000 -743.122366 170000
0.300000 -743.791911 180000
0.300000 -753.328718 170000
0.300000 -731.178777 170000
0.300000 -726.839261 170000
0.300000 -772.488604 170000
0.300000 -715.349986 180000
0.300000 -769.430260 170000
0.300000 -756.488385 170000
0.300000 -780.872001 170000
0.300000 -741.211724 180000
0.300000 -753.077569 170000
0.300000 -721.247038 170000
0.300000 -746.351787 170000
0.300000 -711.791705 170000
0.300000 -770.484081 170000
0.300000 -753.392770 170000
0.300000 -725.778916 170000
0.300000 -754.030026 170000
0.300000 -730.910401 170000
0.300000 -778.275454 170000
0.300000 -749.318741 170000
0.300000 -751.667021 170000
0.300000 -744.635360 170000
0.300000 -726.566616 170000
0.300000 -748.700877 170000
0.300000 -748.484998 170000
0.300000 -759.300062 170000
0.300000 -760.630283 170000
0.300000 -753.795631 170000
0.300000 -760.398998 180000
0.300000 -725.704885 170000
0.300000 -754.298988 170000
0.300000 -742.561492 170000
0.300000 -764.219586 170000
0.300000 -757.207314 180000
0.300000 -761.523489 170000
0.300000 -719.404459 170000
0.300000 -757.559928 170000
0.300000 -731.829675 170000
0.300000 -740.016654 170000
0.300000 -736.069026 170000
0.300000 -769.866146 170000
0.300000 -724.418950 170000
0.300000 -750.738096 170000
0.300000 -751.639449 170000
0.300000 -761.579494 170000
0.300000 -761.139520 170000
0.300000 -774.023423 170000
0.300000 -735.913645 170000
0.300000 -793.611309 170000
0.300000 -745.038147 170000
0.400000 -754.467153 170000
0.400000 -715.086982 170000
0.400000 -773.557495 170000
0.400000 -731.001629 170000
0.400000 -769.869159 170000
0.400000 -727.222524 170000
0.400000 -749.249534 170000
0.400000 -714.991503 170000
0.400000 -774.002348 170000
0.400000 -739.317689 170000
0.400000 -760.273183 170000
0.400000 -778.805113 170000
0.400000 -725.055787 170000
0.400000 -758.481588 170000
0.400000 -749.630381 180000
0.400000 -756.030036 170000
0.400000 -742.217283 170000
0.400000 -769.613672 170000
0.400000 -745.751912 170000
0.400000 -726.895114 170000
0.400000 -777.212311 170000
0.400000 -750.747121 170000
0.400000 -738.236598 170000
0.400000 -728.434113 170000
0.400000 -712.361235 170000
0.400000 -758.446485 170000
0.400000 -750.230714 170000
0.400000 -761.479132 170000
0.400000 -755.275071 170000
0.400000 -736.411184 170000
0.400000 -748.785645 170000
0.400000 -735.987230 170000
0.400000 -725.218793 170000
0.400000 -733.572805 170000
0.400000 -726.395088 170000
0.400000 -757.834983 170000
0.400000 -743.103604 170000
0.400000 -754.106655 170000
0.400000 -758.219345 170000
0.400000 -747.228691 170000
0.400000 -747.804648 170000
0.400000 -731.109276 190000
0.400000 -782.779284 180000
0.400000 -735.392929 170000
0.400000 -723.175305 170000
0.400000 -753.013275 180000
0.400000 -745.901431 170000
0.400000 -744.089355 180000
0.400000 -739.731735 170000
0.400000 -761.882385 170000
0.400000 -743.529085 170000
0.400000 -750.209318 170000
0.400000 -744.738544 170000
0.400000 -721.246004 170000
0.400000 -747.974173 170000
0.400000 -753.775503 170000
0.400000 -738.814125 170000
0.400000 -717.826197 170000
0.400000 -727.701402 180000
0.400000 -777.277752 180000
0.400000 -792.023410 170000
0.400000 -743.877505 170000
0.400000 -769.807024 170000
0.400000 -764.541376 180000
0.400000 -763.793963 170000
0.400000 -723.267647 170000
0.400000 -726.613420 170000
0.400000 -761.092209 170000
0.400000 -763.367966 170000
0.400000 -778.587481 170000
0.400000 -752.461302 170000
0.400000 -743.790248 170000
0.400000 -733.371420 170000
0.400000 -715.768327 170000
0.400000 -765.990235 180000
0.400000 -734.666075 170000
0.400000 -758.831159 160000
0.400000 -751.040962 170000
0.400000 -732.359459 170000
0.400000 -748.608125 170000
0.400000 -784.777167 170000
0.400000 -757.384975 180000
0.400000 -740.082366 170000
0.400000 -746.314233 170000
0.400000 -738.233631 170000
0.400000 -769.470763 170000
0.400000 -739.378015 180000
0.400000 -741.212890 170000
0.400000 -755.754774 170000
0.400000 -738.425505 180000
0.400000 -751.181301 170000
0.400000 -740.850684 170000
0.400000 -718.869001 180000
0.400000 -749.854952 170000
0.400000 -692.758892 170000
0.400000 -734.121476 170000
0.400000 -703.946910 170000
0.400000 -728.466496 170000
0.400000 -737.075789 170000
0.400000 -720.525736 160000
0.500000 -768.984933 180000
0.500000 -747.494678 170000
0.500000 -728.205564 170000
0.500000 -782.134445 180000
0.500000 -720.077384 170000
0.500000 -756.823457 170000
0.500000 -782.702886 180000
0.500000 -741.930213 170000
0.500000 -731.841290 170000
0.500000 -757.198857 170000
0.500000 -759.537870 190000
0.500000 -747.204800 170000
0.500000 -772.354947 170000
0.500000 -770.195474 170000
0.500000 -749.587685 170000
0.500000 -763.653195 170000
0.500000 -716.477199 180000
0.500000 -701.421779 170000
0.500000 -709.381825 170000
0.500000 -740.600902 170000
0.500000 -743.800737 170000
0.500000 -737.932169 170000
0.500000 -743.458677 170000
0.500000 -723.404425 170000
0.500000 -747.456433 170000
0.500000 -726.742901 170000
0.500000 -734.697034 170000
0.500000 -745.157030 170000
0.500000 -761.397565 170000
0.500000 -746.765424 170000
0.500000 -739.550531 170000
0.500000 -722.972080 170000
0.500000 -760.166718 170000
0.500000 -748.667895 170000
0.500000 -762.878443 170000
0.500000 -734.043691 170000
0.500000 -747.066924 170000
0.500000 -747.147167 170000
0.500000 -760.443097 170000
0.500000 -747.036731 170000
0.500000 -741.351684 170000
0.500000 -729.283117 170000
0.500000 -751.816382 170000
0.500000 -751.657120 170000
0.500000 -723.237470 170000
0.500000 -762.426129 170000
0.500000 -751.486203 170000
0.500000 -750.764925 170000
0.500000 -759.731718 170000
0.500000 -715.235194 170000
0.500000 -732.882694 170000
0.500000 -750.084776 170000
0.500000 -743.668353 170000
0.500000 -731.082510 180000
0.500000 -737.429741 170000
0.500000 -767.251508 170000
0.500000 -746.731717 170000
0.500000 -726.453827 170000
0.500000 -721.900412 190000
0.500000 -741.851562 170000
0.500000 -758.135755 170000
0.500000 -785.554550 180000
0.500000 -721.023303 170000
0.500000 -755.159970 180000
0.500000 -729.302031 170000
0.500000 -762.181704 170000
0.500000 -704.531409 170000
0.500000 -740.856566 170000
0.500000 -746.099710 180000
0.500000 -743.506975 170000
0.500000 -736.835554 170000
0.500000 -743.494190 170000
0.500000 -756.288002 170000
0.500000 -723.214210 180000
0.500000 -749.368519 170000
0.500000 -757.443730 170000
0.500000 -724.012762 170000
0.500000 -732.483944 180000
0.500000 -755.305159 170000
0.500000 -732.167145 170000
0.500000 -736.565166 170000
0.500000 -743.674309 170000
0.500000 -732.206137 170000
0.500000 -763.080981 170000
0.500000 -757.717203 170000
0.500000 -719.423837 170000
0.500000 -747.010593 170000
0.500000 -743.805759 170000
0.500000 -757.404016 170000
0.500000 -718.634579 170000
0.500000 -754.347925 170000
0.500000 -732.756145 170000
0.500000 -742.976037 180000
0.500000 -766.880839 170000
0.500000 -740.074933 170000
0.500000 -735.082898 170000
0.500000 -719.028604 170000
0.500000 -758.609883 170000
0.500000 -733.613218 170000
0.500000 -723.101260 170000
0.600000 -755.560607 170000
0.600000 -741.004344 170000
0.600000 -730.394675 170000
0.600000 -702.442816 170000
0.600000 -728.582878 180000
0.600000 -737.112201 170000
0.600000 -714.728212 170000
0.600000 -715.713710 170000
0.600000 -740.331146 170000
0.600000 -744.114286 170000
0.600000 -726.878312 170000
0.600000 -717.078814 170000
0.600000 -738.667379 170000
0.600000 -724.055622 170000
0.600000 -754.085166 170000
0.600000 -769.138173 170000
0.600000 -725.632169 170000
0.600000 -782.295693 180000
0.600000 -757.233371 170000
0.600000 -730.503192 170000
0.600000 -731.119430 170000
0.600000 -732.484639 160000
0.600000 -721.175595 170000
0.600000 -744.462282 170000
0.600000 -759.089374 170000
0.600000 -758.390371 170000
0.600000 -730.712933 180000
0.600000 -765.643234 170000
0.600000 -755.192977 180000
0.600000 -739.932211 170000
0.600000 -754.804064 180000
0.600000 -742.604664 170000
0.600000 -753.321943 170000
0.600000 -740.479655 170000
0.600000 -754.981752 170000
0.600000 -761.549683 170000
0.600000 -713.522280 170000
0.600000 -743.510319 170000
0.600000 -736.279775 170000
0.600000 -732.236272 170000
0.600000 -763.195028 170000
0.600000 -740.228730 170000
0.600000 -736.912481 170000
0.600000 -738.267210 170000
0.600000 -745.731207 170000
0.600000 -722.804045 170000
0.600000 -775.567508 170000
0.600000 -755.887076 170000
0.600000 -734.202924 170000
0.600000 -744.423934 170000
0.600000 -736.223501 170000
0.600000 -749.681403 170000
0.600000 -729.890087 180000
0.600000 -727.572748 170000
0.600000 -744.821421 180000
0.600000 -750.477225 170000
0.600000 -728.451112 170000
0.600000 -762.076216 170000
0.600000 -727.844563 170000
0.600000 -779.344539 170000
0.600000 -753.712316 170000
0.600000 -740.864611 180000
0.600000 -737.026383 170000
0.600000 -736.591291 170000
0.600000 -753.957327 170000
0.600000 -764.588525 170000
0.600000 -773.456596 170000
0.600000 -754.380855 190000
0.600000 -746.968602 170000
0.600000 -766.137381 170000
0.600000 -754.853643 170000
0.600000 -737.037086 170000
0.600000 -770.242495 170000
0.600000 -760.824537 170000
0.600000 -715.578188 170000
0.600000 -736.297489 170000
0.600000 -768.250710 170000
0.600000 -739.759373 170000
0.600000 -736.157502 170000
0.600000 -740.394380 170000
0.600000 -751.646176 170000
0.600000 -710.101126 170000
0.600000 -743.312113 170000
0.600000 -711.448183 170000
0.600000 -767.554918 170000
0.600000 -746.390167 170000
0.600000 -773.221464 190000
0.600000 -718.134444 170000
0.600000 -762.150556 170000
0.600000 -750.334997 170000
0.600000 -749.932108 170000
0.600000 -749.879122 170000
0.600000 -738.914122 170000
0.600000 -704.556588 170000
0.600000 -756.989734 170000
0.600000 -724.678393 180000
0.600000 -712.365309 170000
0.600000 -732.464035 170000
0.600000 -765.387542 170000
0.600000 -736.984050 170000
0.700000 -733.617652 170000
0.700000 -734.467452 170000
0.700000 -752.685302 170000
0.700000 -722.781705 170000
0.700000 -718.549813 170000
0.700000 -763.047457 180000
0.700000 -742.454377 170000
0.700000 -729.596291 170000
0.700000 -757.868245 170000
0.700000 -762.983526 170000
0.700000 -729.701604 180000
0.700000 -741.732841 170000
0.700000 -732.988404 170000
0.700000 -774.717569 170000
0.700000 -742.487394 170000
0.700000 -720.642935 170000
0.700000 -735.243012 170000
0.700000 -715.066791 160000
0.700000 -715.052098 170000
0.700000 -767.326242 170000
0.700000 -734.785889 170000
0.700000 -715.550041 170000
0.700000 -750.105773 170000
0.700000 -728.592602 170000
0.700000 -780.417175 170000
0.700000 -740.576986 170000
0.700000 -780.861581 170000
0.700000 -726.772875 170000
0.700000 -761.645972 170000
0.700000 -727.776525 170000
0.700000 -716.057581 170000
0.700000 -746.138210 170000
0.700000 -747.700347 170000
0.700000 -754.387457 170000
0.700000 -758.396525 170000
0.700000 -718.281592 170000
0.700000 -718.137492 170000
0.700000 -758.639269 170000
0.700000 -766.918402 170000
0.700000 -740.359908 170000
0.700000 -779.472287 180000
0.700000 -711.778212 170000
0.700000 -755.717026 170000
0.700000 -768.245355 160000
0.700000 -729.813373 170000
0.700000 -714.548704 180000
0.700000 -759.821172 190000
0.700000 -728.240225 170000
0.700000 -740.208161 170000
0.700000 -785.370430 170000
0.700000 -767.000347 170000
0.700000 -746.318438 180000
0.700000 -749.400557 170000
0.700000 -743.054800 170000
0.700000 -726.444192 170000
0.700000 -745.377815 170000
0.700000 -727.269211 180000
0.700000 -756.869795 180000
0.700000 -747.763434 170000
0.700000 -754.019350 170000
0.700000 -750.966104 170000
0.700000 -737.615522 170000
0.700000 -774.054883 170000
0.700000 -738.675460 170000
0.700000 -731.174464 180000
0.700000 -774.003927 170000
0.700000 -738.326170 170000
0.700000 -713.484347 170000
0.700000 -737.455195 170000
0.700000 -758.112345 170000
0.700000 -758.819427 170000
0.700000 -712.227835 170000
0.700000 -746.637975 170000
0.700000 -758.973429 170000
0.700000 -718.306871 170000
0.700000 -718.109544 170000
0.700000 -725.526325 170000
0.700000 -738.891968 170000
0.700000 -748.061499 170000
0.700000 -727.373819 170000
0.700000 -749.196248 180000
0.700000 -750.215129 170000
0.700000 -743.807343 170000
0.700000 -728.595654 170000
0.700000 -755.285705 170000
0.700000 -742.293358 170000
0.700000 -741.402896 170000
0.700000 -761.880851 170000
0.700000 -753.195267 170000
0.700000 -713.242600 170000
0.700000 -758.553949 170000
0.700000 -705.580668 170000
0.700000 -760.135527 170000
0.700000 -766.975880 170000
0.700000 -747.403039 170000
0.700000 -720.031210 170000
0.700000 -759.023847 170000
0.700000 -733.753858 170000
0.700000 -731.256000 170000
0.700000 -757.760936 160000
0.800000 -750.835305 170000
0.800000 -759.527584 170000
0.800000 -759.479870 180000
0.800000 -756.074064 170000
0.800000 -716.743870 160000
0.800000 -739.186438 170000
0.800000 -761.572615 180000
0.800000 -741.422117 180000
0.800000 -751.145248 190000
0.800000 -743.404247 170000
0.800000 -746.292228 170000
0.800000 -752.097133 170000
0.800000 -720.582170 170000
0.800000 -760.271713 170000
0.800000 -766.413160 170000
0.800000 -739.903633 200000
0.800000 -735.105474 180000
0.800000 -785.585751 170000
0.800000 -746.272451 170000
0.800000 -777.233968 170000
0.800000 -753.002625 170000
0.800000 -750.433558 170000
0.800000 -716.158166 170000
0.800000 -749.642880 170000
0.800000 -774.435036 170000
0.800000 -737.192782 170000
0.800000 -739.415942 170000
0.800000 -721.908206 170000
0.800000 -738.235790 170000
0.800000 -723.252935 170000
0.800000 -754.418616 170000
0.800000 -750.277371 170000
0.800000 -775.925714 170000
0.800000 -756.066669 170000
0.800000 -735.518223 170000
0.800000 -750.727645 170000
0.800000 -733.614363 170000
0.800000 -760.086508 180000
0.800000 -773.009562 190000
0.800000 -740.127621 170000
0.800000 -754.020277 170000
0.800000 -684.175819 170000
0.800000 -708.742616 180000
0.800000 -747.187534 170000
0.800000 -709.638246 170000
0.800000 -758.798633 180000
0.800000 -753.896028 170000
0.800000 -705.531757 180000
0.800000 -738.300258 170000
0.800000 -726.315496 170000
0.800000 -712.987275 170000
0.800000 -742.280742 170000
0.800000 -765.775128 170000
0.800000 -708.050137 170000
0.800000 -736.837192 180000
0.800000 -731.741140 170000
0.800000 -744.094719 170000
0.800000 -733.452142 170000
0.800000 -711.447012 180000
0.800000 -771.414000 170000
0.800000 -745.607408 180000
0.800000 -725.129999 170000
0.800000 -739.588608 170000
0.800000 -730.478226 180000
0.800000 -746.832434 170000
0.800000 -761.065295 170000
0.800000 -740.319917 170000
0.800000 -745.391411 170000
0.800000 -739.052903 170000
0.800000 -749.876293 180000
0.800000 -751.661469 170000
0.800000 -723.303785 170000
0.800000 -743.086052 170000
0.800000 -747.138633 190000
0.800000 -765.808978 180000
0.800000 -773.093872 170000
0.800000 -766.067244 170000
0.800000 -738.078249 180000
0.800000 -722.996425 170000
0.800000 -735.299615 170000
0.800000 -750.599786 170000
0.800000 -778.199879 170000
0.800000 -765.725398 170000
0.800000 -775.086193 170000
0.800000 -732.307959 170000
0.800000 -747.584364 170000
0.800000 -745.621007 170000
0.800000 -743.385068 180000
0.800000 -746.989756 180000
0.800000 -743.654098 180000
0.800000 -721.391092 170000
0.800000 -724.525135 180000
0.800000 -755.257446 180000
0.800000 -733.027400 180000
0.800000 -750.387960 170000
0.800000 -727.078263 170000
0.800000 -736.991445 180000
0.800000 -781.837196 170000
0.800000 -748.768338 170000
0.800000 -740.337402 170000
0.900000 -720.769878 170000
0.900000 -739.629772 170000
0.900000 -729.256558 170000
0.900000 -736.630295 170000
0.900000 -780.182064 170000
0.900000 -735.486584 170000
0.900000 -727.883102 170000
0.900000 -754.598176 170000
0.900000 -746.654141 170000
0.900000 -759.069260 170000
0.900000 -727.610285 180000
0.900000 -747.021296 180000
0.900000 -729.886101 170000
0.900000 -759.218034 170000
0.900000 -741.571919 170000
0.900000 -743.582135 170000
0.900000 -738.027807 170000
0.900000 -734.884696 180000
0.900000 -762.415944 180000
0.900000 -766.036615 170000
0.900000 -759.931959 170000
0.900000 -760.761635 170000
0.900000 -735.945373 170000
0.900000 -751.894681 170000
0.900000 -729.753952 170000
0.900000 -742.801065 170000
0.900000 -740.947793 180000
0.900000 -748.210583 170000
0.900000 -740.679763 170000
0.900000 -740.126216 180000
0.900000 -750.184264 170000
0.900000 -732.837589 180000
0.900000 -747.247807 180000
0.900000 -733.801829 170000
0.900000 -732.667327 170000
0.900000 -731.930232 170000
0.900000 -768.842610 180000
0.900000 -729.565874 170000
0.900000 -751.516632 170000
0.900000 -740.129522 170000
0.900000 -739.676586 170000
0.900000 -781.843343 170000
0.900000 -752.444262 170000
0.900000 -769.814928 170000
0.900000 -738.080804 170000
0.900000 -756.248074 170000
0.900000 -742.931556 170000
0.900000 -735.618655 170000
0.900000 -752.153589 170000
0.900000 -758.960703 170000
0.900000 -714.167972 170000
0.900000 -724.094758 170000
0.900000 -755.398312 170000
0.900000 -729.665918 180000
0.900000 -748.922157 190000
0.900000 -717.784014 170000
0.900000 -764.432564 170000
0.900000 -739.755323 170000
0.900000 -742.954809 170000
0.900000 -752.424532 170000
0.900000 -758.835347 180000
0.900000 -733.396364 180000
0.900000 -777.982420 170000
0.900000 -735.467949 160000
0.900000 -734.117134 170000
0.900000 -763.535370 180000
0.900000 -741.962290 180000
0.900000 -742.172860 180000
0.900000 -749.896009 170000
0.900000 -769.817778 190000
0.900000 -726.255444 170000
0.900000 -748.546799 170000
0.900000 -747.667334 170000
0.900000 -745.292597 170000
0.900000 -782.476811 180000
0.900000 -727.022643 170000
0.900000 -725.321940 170000
0.900000 -750.325930 170000
0.900000 -731.579609 170000
0.900000 -766.525874 170000
0.900000 -733.917766 170000
0.900000 -746.703055 170000
0.900000 -743.517593 180000
0.900000 -729.998874 170000
0.900000 -752.112433 170000
0.900000 -757.068091 180000
0.900000 -732.690503 170000
0.900000 -760.785516 170000
0.900000 -705.118576 170000
0.900000 -757.367295 170000
0.900000 -736.793268 170000
0.900000 -718.023082 170000
0.900000 -769.962131 170000
0.900000 -739.408477 170000
0.900000 -757.254101 170000
0.900000 -743.511305 170000
0.900000 -747.186781 170000
0.900000 -751.716805 170000
0.900000 -740.298137 180000
0.900000 -732.117509 170000
0.010000 -858.253258 660000
0.010000 -860.324827 870000
0.010000 -860.180743 720000
0.010000 -833.046431 730000
0.010000 -846.950200 710000
0.010000 -853.075968 740000
0.010000 -858.111048 680000
0.010000 -849.640588 840000
0.010000 -860.205084 610000
0.010000 -839.817459 690000
0.010000 -855.041084 690000
0.010000 -854.630848 630000
0.010000 -838.996956 710000
0.010000 -850.925134 720000
0.010000 -858.408520 560000
0.010000 -857.537216 660000
0.010000 -856.920218 670000
0.010000 -835.684700 670000
0.010000 -853.425755 720000
0.010000 -857.955675 610000
0.010000 -857.869018 740000
0.010000 -853.177243 730000
0.010000 -843.770461 700000
0.010000 -848.856914 660000
0.010000 -853.510206 660000
0.010000 -851.946977 540000
0.010000 -829.113821 690000
0.010000 -830.238589 710000
0.010000 -834.828170 610000
0.010000 -862.238242 690000
0.010000 -846.368180 720000
0.010000 -863.160189 650000
0.010000 -848.955588 740000
0.010000 -850.573738 730000
0.010000 -850.095745 560000
0.010000 -849.476302 620000
0.010000 -848.297869 550000
0.010000 -838.573805 800000
0.010000 -850.297429 690000
0.010000 -851.622351 850000
0.010000 -853.560312 660000
0.010000 -851.368066 560000
0.010000 -855.498895 710000
0.010000 -855.721089 650000
0.010000 -849.164324 660000
0.010000 -843.065944 770000
0.010000 -841.680265 650000
0.010000 -863.323454 660000
0.010000 -842.829613 650000
0.010000 -840.376552 830000
0.010000 -860.558614 650000
0.010000 -853.116128 1030000
0.010000 -850.769054 730000
0.010000 -856.909349 670000
0.010000 -844.386669 740000
0.010000 -847.934764 640000
0.010000 -836.540756 670000
0.010000 -858.598976 610000
0.010000 -860.974313 670000
0.010000 -850.866105 730000
0.010000 -844.673010 690000
0.010000 -850.676165 710000
0.010000 -857.424091 740000
0.010000 -855.292877 630000
0.010000 -853.334399 780000
0.010000 -853.288754 740000
0.010000 -850.000900 620000
0.010000 -844.103776 530000
0.010000 -848.936754 790000
0.010000 -841.651880 650000
0.010000 -844.713916 770000
0.010000 -844.230861 630000
0.010000 -856.669809 750000
0.010000 -846.828541 580000
0.010000 -846.126845 620000
0.010000 -855.844978 720000
0.010000 -844.855902 720000
0.010000 -844.162629 670000
0.010000 -849.912261 660000
0.010000 -857.461060 670000
0.010000 -860.135596 740000
0.010000 -853.656081 760000
0.010000 -859.657626 610000
0.010000 -846.623792 710000
0.010000 -850.788833 750000
0.010000 -848.586179 720000
0.010000 -856.764346 640000
0.010000 -847.960634 620000
0.010000 -856.784421 720000
0.010000 -855.681772 670000
0.010000 -847.025025 710000
0.010000 -841.441893 800000
0.010000 -861.488525 640000
0.010000 -857.547949 690000
0.010000 -849.344603 650000
0.010000 -833.364092 720000
0.010000 -845.695310 680000
0.010000 -842.605054 650000
0.010000 -857.046699 690000
0.010000 -838.132953 610000
0.020000 -839.035479 370000
0.020000 -839.566644 340000
0.020000 -854.499168 400000
0.020000 -823.902045 420000
0.020000 -836.932845 330000
0.020000 -851.287974 400000
0.020000 -847.843113 440000
0.020000 -833.101831 440000
0.020000 -838.506011 380000
0.020000 -850.879979 430000
0.020000 -853.773199 410000
0.020000 -852.044571 400000
0.020000 -836.375280 410000
0.020000 -833.410902 430000
0.020000 -846.525873 400000
0.020000 -850.607083 410000
0.020000 -823.774215 350000
0.020000 -849.241676 450000
0.020000 -777.847187 310000
0.020000 -850.610114 430000
0.020000 -839.700214 360000
0.020000 -760.714758 300000
0.020000 -831.422552 400000
0.020000 -846.679949 400000
0.020000 -821.334021 440000
0.020000 -842.955207 380000
0.020000 -857.445005 400000
0.020000 -842.464723 410000
0.020000 -853.789636 520000
0.020000 -835.192295 440000
0.020000 -839.589276 390000
0.020000 -839.317987 400000
0.020000 -832.613618 400000
0.020000 -843.378735 420000
0.020000 -855.743017 430000
0.020000 -853.068826 440000
0.020000 -823.763259 340000
0.020000 -836.547165 430000
0.020000 -853.098183 430000
0.020000 -832.641933 460000
0.020000 -846.051282 390000
0.020000 -848.490106 380000
0.020000 -841.786972 380000
0.020000 -853.082747 370000
0.020000 -837.459353 410000
0.020000 -855.497954 360000
0.020000 -837.931314 370000
0.020000 -837.412388 460000
0.020000 -842.393381 300000
0.020000 -853.863531 360000
0.020000 -842.556440 360000
0.020000 -848.783255 400000
0.020000 -850.218022 410000
0.020000 -838.325949 350000
0.020000 -857.098449 450000
0.020000 -828.647610 400000
0.020000 -837.782516 420000
0.020000 -836.174386 340000
0.020000 -842.016209 410000
0.020000 -816.142805 460000
0.020000 -832.588904 430000
0.020000 -847.866303 400000
0.020000 -839.983947 360000
0.020000 -847.116730 460000
0.020000 -848.962586 410000
0.020000 -826.824536 420000
0.020000 -845.847525 380000
0.020000 -844.723691 430000
0.020000 -847.057486 430000
0.020000 -827.467663 370000
0.020000 -849.100718 400000
0.020000 -840.158015 410000
0.020000 -853.743404 330000
0.020000 -826.937843 360000
0.020000 -837.685434 380000
0.020000 -828.095942 360000
0.020000 -847.601370 420000
0.020000 -828.653973 420000
0.020000 -843.387157 340000
0.020000 -833.495984 440000
0.020000 -842.601650 450000
0.020000 -842.476679 460000
0.020000 -839.399984 410000
0.020000 -832.903894 450000
0.020000 -844.524148 420000
0.020000 -854.568388 500000
0.020000 -833.693946 370000
0.020000 -830.760328 410000
0.020000 -820.513681 390000
0.020000 -838.407373 390000
0.020000 -831.447040 330000
0.020000 -831.186204 420000
0.020000 -842.870934 410000
0.020000 -859.792208 470000
0.020000 -852.480422 390000
0.020000 -836.000936 400000
0.020000 -842.407087 380000
0.020000 -824.739349 430000
0.020000 -828.539712 380000
0.020000 -847.160387 410000
0.030000 -856.827878 330000
0.030000 -737.602918 180000
0.030000 -829.215781 340000
0.030000 -828.590099 300000
0.030000 -828.972054 320000
0.030000 -832.454757 320000
0.030000 -741.776120 170000
0.030000 -825.551482 300000
0.030000 -820.556296 310000
0.030000 -831.116367 310000
0.030000 -836.833899 320000
0.030000 -837.365319 360000
0.030000 -853.109302 350000
0.030000 -844.050018 330000
0.030000 -842.853627 330000
0.030000 -831.316230 320000
0.030000 -836.565034 300000
0.030000 -831.459481 330000
0.030000 -846.222456 350000
0.030000 -836.392293 300000
0.030000 -838.759796 350000
0.030000 -844.142297 320000
0.030000 -828.384229 310000
0.030000 -818.001081 270000
0.030000 -834.664140 270000
0.030000 -815.161553 300000
0.030000 -846.868112 330000
0.030000 -840.344691 310000
0.030000 -826.424682 290000
0.030000 -848.612945 350000
0.030000 -814.197670 330000
0.030000 -831.333066 280000
0.030000 -823.557309 300000
0.030000 -823.498768 350000
0.030000 -840.992842 340000
0.030000 -837.223451 330000
0.030000 -841.259471 310000
0.030000 -808.881952 300000
0.030000 -834.341655 290000
0.030000 -814.477713 270000
0.030000 -840.863403 280000
0.030000 -843.812702 290000
0.030000 -860.219449 250000
0.030000 -813.470851 330000
0.030000 -795.609156 330000
0.030000 -838.352330 300000
0.030000 -849.384081 340000
0.030000 -823.114054 290000
0.030000 -831.158202 310000
0.030000 -844.186023 350000
0.030000 -844.818005 270000
0.030000 -825.134219 330000
0.030000 -854.420064 310000
0.030000 -828.541758 300000
0.030000 -838.355302 320000
0.030000 -834.657332 360000
0.030000 -827.535659 360000
0.030000 -825.957162 300000
0.030000 -845.958319 310000
0.030000 -831.542682 280000
0.030000 -837.618656 310000
0.030000 -850.330756 300000
0.030000 -815.300257 290000
0.030000 -831.280552 300000
0.030000 -835.697564 320000
0.030000 -840.183862 350000
0.030000 -855.653423 350000
0.030000 -831.711498 340000
0.030000 -834.833294 340000
0.030000 -828.386649 350000
0.030000 -817.816406 310000
0.030000 -840.372382 340000
0.030000 -839.660863 290000
0.030000 -839.539151 330000
0.030000 -838.104019 370000
0.030000 -834.075445 300000
0.030000 -822.471218 340000
0.030000 -808.906769 290000
0.030000 -833.607670 390000
0.030000 -827.782975 380000
0.030000 -819.283201 300000
0.030000 -827.601543 300000
0.030000 -835.452925 310000
0.030000 -838.771104 340000
0.030000 -845.367346 320000
0.030000 -851.775659 340000
0.030000 -784.426839 340000
0.030000 -839.873424 320000
0.030000 -822.586291 300000
0.030000 -823.431944 330000
0.030000 -848.751208 320000
0.030000 -840.971557 340000
0.030000 -844.193271 320000
0.030000 -840.744515 320000
0.030000 -820.355719 280000
0.030000 -828.506267 300000
0.030000 -818.906590 300000
0.030000 -849.582543 380000
0.030000 -836.650535 290000
0.030000 -832.130551 340000
0.040000 -756.543633 170000
0.040000 -804.035506 250000
0.040000 -837.455711 270000
0.040000 -823.406964 270000
0.040000 -848.861093 270000
0.040000 -810.345134 260000
0.040000 -827.357785 270000
0.040000 -827.158929 300000
0.040000 -837.420523 270000
0.040000 -802.841215 270000
0.040000 -823.557946 230000
0.040000 -840.486913 250000
0.040000 -840.799572 300000
0.040000 -836.875527 270000
0.040000 -840.869847 310000
0.040000 -814.310543 270000
0.040000 -837.651979 300000
0.040000 -850.437089 290000
0.040000 -833.891334 260000
0.040000 -839.492347 280000
0.040000 -845.582100 290000
0.040000 -838.043657 280000
0.040000 -838.967745 270000
0.040000 -802.042600 260000
0.040000 -838.718426 280000
0.040000 -833.669777 290000
0.040000 -822.241326 270000
0.040000 -833.771821 270000
0.040000 -832.488357 260000
0.040000 -792.217009 270000
0.040000 -806.401220 240000
0.040000 -771.242406 290000
0.040000 -821.718616 260000
0.040000 -827.467381 290000
0.040000 -825.290200 250000
0.040000 -837.849326 240000
0.040000 -841.897947 260000
0.040000 -824.035054 290000
0.040000 -828.287288 310000
0.040000 -825.354877 250000
0.040000 -793.457998 260000
0.040000 -803.014226 240000
0.040000 -813.806548 270000
0.040000 -809.850877 280000
0.040000 -833.756985 290000
0.040000 -803.377117 250000
0.040000 -821.827842 300000
0.040000 -814.095879 260000
0.040000 -828.460875 350000
0.040000 -801.759947 250000
0.040000 -812.431711 290000
0.040000 -821.915468 270000
0.040000 -831.231067 280000
0.040000 -837.433759 270000
0.040000 -812.402643 270000
0.040000 -734.839844 170000
0.040000 -814.905127 270000
0.040000 -800.737642 250000
0.040000 -790.933789 240000
0.040000 -832.351730 260000
0.040000 -823.662970 280000
0.040000 -752.527421 170000
0.040000 -823.911064 280000
0.040000 -835.052440 290000
0.040000 -808.519131 250000
0.040000 -832.345248 250000
0.040000 -749.106376 180000
0.040000 -839.122958 270000
0.040000 -840.776517 300000
0.040000 -836.996041 220000
0.040000 -828.535894 280000
0.040000 -835.913697 270000
0.040000 -832.346357 280000
0.040000 -826.336011 280000
0.040000 -806.344731 240000
0.040000 -827.714824 290000
0.040000 -842.688922 300000
0.040000 -826.089573 280000
0.040000 -826.347653 320000
0.040000 -811.475621 250000
0.040000 -822.347937 280000
0.040000 -843.117246 270000
0.040000 -812.971684 260000
0.040000 -824.810075 270000
0.040000 -837.527916 280000
0.040000 -832.397883 290000
0.040000 -728.427188 170000
0.040000 -786.821985 180000
0.040000 -763.273070 190000
0.040000 -804.663242 240000
0.040000 -823.860532 230000
0.040000 -829.972020 280000
0.040000 -812.439790 250000
0.040000 -779.843418 170000
0.040000 -820.880060 260000
0.040000 -836.640858 290000
0.040000 -819.917371 270000
0.040000 -797.695393 310000
0.040000 -823.705872 260000
0.040000 -839.953190 270000
0.050000 -822.357533 240000
0.050000 -808.900435 240000
0.050000 -813.491227 250000
0.050000 -817.942305 250000
0.050000 -812.189018 260000
0.050000 -806.168356 250000
0.050000 -773.984868 210000
0.050000 -770.852819 250000
0.050000 -744.868094 170000
0.050000 -741.475005 170000
0.050000 -807.619935 260000
0.050000 -797.676547 270000
0.050000 -838.442130 250000
0.050000 -823.789022 270000
0.050000 -808.396490 220000
0.050000 -802.015973 260000
0.050000 -835.231666 270000
0.050000 -805.506475 240000
0.050000 -733.956586 170000
0.050000 -812.804820 290000
0.050000 -832.923818 250000
0.050000 -792.550380 250000
0.050000 -808.555850 290000
0.050000 -817.025663 260000
0.050000 -826.235008 240000
0.050000 -829.025221 260000
0.050000 -825.551154 280000
0.050000 -821.831282 250000
0.050000 -828.090575 260000
0.050000 -836.209687 250000
0.050000 -824.976532 240000
0.050000 -775.487209 250000
0.050000 -836.372311 260000
0.050000 -790.543424 220000
0.050000 -793.670365 260000
0.050000 -839.215142 260000
0.050000 -827.434462 270000
0.050000 -802.260481 250000
0.050000 -789.371127 290000
0.050000 -783.912846 230000
0.050000 -835.128853 240000
0.050000 -845.765049 260000
0.050000 -817.271630 270000
0.050000 -827.490925 260000
0.050000 -825.121174 270000
0.050000 -831.020465 260000
0.050000 -816.915841 240000
0.050000 -818.404968 240000
0.050000 -822.384345 230000
0.050000 -752.946983 210000
0.050000 -733.632932 170000
0.050000 -832.045997 260000
0.050000 -827.483693 250000
0.050000 -812.325400 240000
0.050000 -817.692854 240000
0.050000 -752.942295 210000
0.050000 -748.132957 170000
0.050000 -809.966337 230000
0.050000 -802.679415 270000
0.050000 -829.687657 240000
0.050000 -819.622656 270000
0.050000 -815.970204 270000
0.050000 -827.752863 250000
0.050000 -792.076939 260000
0.050000 -832.355661 260000
0.050000 -838.599367 270000
0.050000 -835.059233 250000
0.050000 -834.232422 250000
0.050000 -833.363391 260000
0.050000 -811.192846 240000
0.050000 -764.830917 240000
0.050000 -818.579752 210000
0.050000 -833.125770 250000
0.050000 -787.128567 240000
0.050000 -828.435334 270000
0.050000 -815.363003 250000
0.050000 -828.497884 250000
0.050000 -809.422291 250000
0.050000 -821.859521 250000
0.050000 -827.874568 230000
0.050000 -785.421301 260000
0.050000 -815.173742 250000
0.050000 -820.544494 230000
0.050000 -818.504468 310000
0.050000 -773.061605 260000
0.050000 -836.383077 270000
0.050000 -841.501826 230000
0.050000 -830.294465 240000
0.050000 -846.940224 230000
0.050000 -833.228011 250000
0.050000 -832.180014 250000
0.050000 -819.387020 270000
0.050000 -799.991828 230000
0.050000 -794.581057 250000
0.050000 -807.078258 260000
0.050000 -817.138634 240000
0.050000 -823.333798 250000
0.050000 -805.909836 250000
0.050000 -827.246218 250000
0.050000 -830.270025 260000
0.060000 -759.373887 170000
0.060000 -802.116268 240000
0.060000 -821.419763 250000
0.060000 -819.872627 240000
0.060000 -826.041736 250000
0.060000 -807.421074 210000
0.060000 -787.427652 240000
0.060000 -740.085312 250000
0.060000 -829.917433 250000
0.060000 -741.713813 170000
0.060000 -792.503220 200000
0.060000 -816.383640 250000
0.060000 -836.212077 230000
0.060000 -825.088202 250000
0.060000 -813.353167 250000
0.060000 -821.604177 250000
0.060000 -837.225123 260000
0.060000 -779.725259 170000
0.060000 -811.501656 220000
0.060000 -823.508913 220000
0.060000 -787.785597 240000
0.060000 -829.675436 260000
0.060000 -784.967005 230000
0.060000 -810.361521 220000
0.060000 -759.239245 170000
0.060000 -810.428308 230000
0.060000 -802.464764 210000
0.060000 -839.797202 250000
0.060000 -798.339692 220000
0.060000 -801.730327 200000
0.060000 -809.565643 230000
0.060000 -798.232709 240000
0.060000 -758.276955 170000
0.060000 -823.271941 250000
0.060000 -815.873930 260000
0.060000 -797.182545 210000
0.060000 -812.123295 230000
0.060000 -785.928473 240000
0.060000 -773.661663 240000
0.060000 -738.943692 170000
0.060000 -775.065768 230000
0.060000 -832.994819 220000
0.060000 -757.640471 230000
0.060000 -799.065362 230000
0.060000 -822.704281 240000
0.060000 -832.198817 240000
0.060000 -820.487741 240000
0.060000 -794.848519 220000
0.060000 -811.628645 240000
0.060000 -795.048316 230000
0.060000 -816.797995 250000
0.060000 -775.809101 230000
0.060000 -803.789470 240000
0.060000 -819.240461 250000
0.060000 -786.816243 220000
0.060000 -815.029067 230000
0.060000 -792.882991 230000
0.060000 -727.131615 170000
0.060000 -811.606710 250000
0.060000 -811.103319 240000
0.060000 -802.722423 230000
0.060000 -814.157474 230000
0.060000 -752.575803 170000
0.060000 -817.783340 240000
0.060000 -808.306734 240000
0.060000 -821.736079 230000
0.060000 -792.433342 230000
0.060000 -835.279911 220000
0.060000 -751.536421 170000
0.060000 -749.317324 170000
0.060000 -821.385248 220000
0.060000 -759.060785 190000
0.060000 -824.076468 230000
0.060000 -818.371209 250000
0.060000 -809.766362 230000
0.060000 -808.823716 240000
0.060000 -805.719585 240000
0.060000 -731.974670 170000
0.060000 -797.752051 220000
0.060000 -826.585404 260000
0.060000 -836.966123 230000
0.060000 -808.689252 250000
0.060000 -796.414697 240000
0.060000 -783.378614 210000
0.060000 -754.924621 170000
0.060000 -814.242040 250000
0.060000 -781.745017 230000
0.060000 -797.811853 230000
0.060000 -807.444095 230000
0.060000 -774.903992 240000
0.060000 -792.684642 220000
0.060000 -829.196751 240000
0.060000 -768.968581 190000
0.060000 -795.333672 220000
0.060000 -798.585269 240000
0.060000 -774.744904 210000
0.060000 -797.857554 220000
0.060000 -833.029216 230000
0.060000 -740.503090 210000
0.060000 -823.478118 260000
0.070000 -792.043174 200000
0.070000 -776.776090 210000
0.070000 -784.641009 200000
0.070000 -731.228235 170000
0.070000 -802.160167 210000
0.070000 -800.764061 230000
0.070000 -814.522158 210000
0.070000 -806.611107 220000
0.070000 -775.456872 220000
0.070000 -745.946441 210000
0.070000 -778.406904 220000
0.070000 -763.916392 290000
0.070000 -797.599135 220000
0.070000 -817.053777 210000
0.070000 -761.717624 190000
0.070000 -735.688084 170000
0.070000 -808.752394 210000
0.070000 -788.146840 230000
0.070000 -796.795496 220000
0.070000 -828.535117 240000
0.070000 -828.339649 220000
0.070000 -798.714807 220000
0.070000 -829.165962 230000
0.070000 -831.797127 240000
0.070000 -742.790173 170000
0.070000 -790.778938 250000
0.070000 -763.239879 180000
0.070000 -815.882102 230000
0.070000 -822.230403 210000
0.070000 -730.009699 200000
0.070000 -799.594018 210000
0.070000 -798.853748 220000
0.070000 -847.913345 240000
0.070000 -804.997761 230000
0.070000 -817.026818 230000
0.070000 -794.630002 200000
0.070000 -777.088880 200000
0.070000 -780.575368 240000
0.070000 -779.929462 190000
0.070000 -807.309463 190000
0.070000 -799.128910 210000
0.070000 -822.126240 200000
0.070000 -808.490917 210000
0.070000 -794.087154 230000
0.070000 -809.707076 220000
0.070000 -826.002471 220000
0.070000 -730.771089 170000
0.070000 -781.241694 230000
0.070000 -791.914444 250000
0.070000 -789.106618 220000
0.070000 -822.336892 230000
0.070000 -787.729936 200000
0.070000 -811.820414 230000
0.070000 -797.257460 220000
0.070000 -758.664696 170000
0.070000 -803.180740 220000
0.070000 -790.946040 210000
0.070000 -804.323342 230000
0.070000 -798.508424 240000
0.070000 -775.890236 210000
0.070000 -810.248921 220000
0.070000 -777.035357 210000
0.070000 -818.102560 220000
0.070000 -808.270075 220000
0.070000 -795.119702 230000
0.070000 -814.631171 230000
0.070000 -797.056541 200000
0.070000 -801.525836 230000
0.070000 -772.761384 220000
0.070000 -826.023673 230000
0.070000 -773.168532 180000
0.070000 -816.330483 210000
0.070000 -793.830998 230000
0.070000 -795.667011 200000
0.070000 -744.002651 170000
0.070000 -795.306474 230000
0.070000 -800.423325 210000
0.070000 -802.068510 220000
0.070000 -781.210524 220000
0.070000 -799.792422 240000
0.070000 -797.552451 220000
0.070000 -803.636408 210000
0.070000 -740.128059 170000
0.070000 -791.384516 220000
0.070000 -755.348801 170000
0.070000 -761.377075 170000
0.070000 -803.557469 220000
0.070000 -779.780006 220000
0.070000 -794.279484 220000
0.070000 -708.315025 170000
0.070000 -784.256210 220000
0.070000 -787.697146 240000
0.070000 -815.108564 210000
0.070000 -819.524103 220000
0.070000 -811.635372 250000
0.070000 -797.982442 210000
0.070000 -818.986215 230000
0.070000 -788.108797 190000
0.070000 -808.787654 230000
0.070000 -807.198444 210000
0.080000 -820.297750 220000
0.080000 -807.477257 230000
0.080000 -815.811177 220000
0.080000 -803.113205 220000
0.080000 -773.875978 170000
0.080000 -760.749292 200000
0.080000 -789.955448 210000
0.080000 -788.409716 220000
0.080000 -787.655032 210000
0.080000 -725.164975 180000
0.080000 -796.939658 210000
0.080000 -808.023984 210000
0.080000 -789.330019 210000
0.080000 -817.228793 220000
0.080000 -814.081419 220000
0.080000 -800.731564 230000
0.080000 -785.182466 200000
0.080000 -822.304161 220000
0.080000 -812.667705 210000
0.080000 -794.783273 220000
0.080000 -821.779477 220000
0.080000 -816.338762 190000
0.080000 -727.169408 190000
0.080000 -795.541369 220000
0.080000 -759.283487 190000
0.080000 -823.589862 220000
0.080000 -811.919067 230000
0.080000 -746.258201 170000
0.080000 -803.707614 260000
0.080000 -793.269714 210000
0.080000 -777.471212 170000
0.080000 -794.032913 210000
0.080000 -800.086875 220000
0.080000 -797.480529 200000
0.080000 -753.778816 180000
0.080000 -807.587468 210000
0.080000 -806.347295 230000
0.080000 -757.051428 170000
0.080000 -760.694309 170000
0.080000 -773.074600 220000
0.080000 -787.375623 220000
0.080000 -772.957782 220000
0.080000 -805.571522 220000
0.080000 -796.976513 210000
0.080000 -788.127017 200000
0.080000 -731.828142 170000
0.080000 -819.759458 210000
0.080000 -795.127076 170000
0.080000 -805.428552 220000
0.080000 -742.505455 180000
0.080000 -811.648569 220000
0.080000 -789.064998 210000
0.080000 -806.008811 210000
0.080000 -823.428211 220000
0.080000 -797.598183 220000
0.080000 -760.553614 170000
0.080000 -773.888780 200000
0.080000 -732.086705 180000
0.080000 -762.446789 170000
0.080000 -792.349832 240000
0.080000 -784.935262 220000
0.080000 -804.290044 210000
0.080000 -794.465120 240000
0.080000 -768.921785 210000
0.080000 -726.997816 170000
0.080000 -808.443554 200000
0.080000 -815.123559 220000
0.080000 -786.554213 210000
0.080000 -789.886822 220000
0.080000 -811.624074 220000
0.080000 -796.786072 220000
0.080000 -763.793239 170000
0.080000 -819.197984 220000
0.080000 -751.475247 180000
0.080000 -796.877036 220000
0.080000 -801.524830 200000
0.080000 -743.842564 170000
0.080000 -794.087442 210000
0.080000 -729.901312 170000
0.080000 -795.493819 210000
0.080000 -806.931012 220000
0.080000 -798.197073 240000
0.080000 -736.055749 170000
0.080000 -795.947223 230000
0.080000 -783.971377 210000
0.080000 -802.866273 220000
0.080000 -819.700309 230000
0.080000 -812.510613 200000
0.080000 -795.984075 210000
0.080000 -800.080122 200000
0.080000 -785.867666 230000
0.080000 -718.039876 210000
0.080000 -828.533628 220000
0.080000 -730.800365 170000
0.080000 -780.474629 210000
0.080000 -810.919479 210000
0.080000 -814.182406 230000
0.080000 -792.058166 220000
0.080000 -764.304798 190000
0.080000 -800.385116 220000
0.090000 -803.856207 170000
0.090000 -775.049603 210000
0.090000 -786.462262 210000
0.090000 -811.366536 200000
0.090000 -793.882901 200000
0.090000 -798.328780 210000
0.090000 -756.902791 170000
0.090000 -799.910168 210000
0.090000 -774.077741 170000
0.090000 -787.324698 210000
0.090000 -800.736673 200000
0.090000 -828.642336 220000
0.090000 -790.511440 210000
0.090000 -804.684452 200000
0.090000 -780.521177 210000
0.090000 -771.195593 190000
0.090000 -817.120020 220000
0.090000 -769.482207 210000
0.090000 -745.844381 180000
0.090000 -823.739893 210000
0.090000 -799.012514 230000
0.090000 -796.919574 200000
0.090000 -796.001114 200000
0.090000 -798.044242 230000
0.090000 -784.910170 180000
0.090000 -737.696237 170000
0.090000 -815.880878 220000
0.090000 -771.236659 180000
0.090000 -790.094860 200000
0.090000 -815.373704 210000
0.090000 -794.406148 210000
0.090000 -792.823053 220000
0.090000 -805.109754 210000
0.090000 -786.546529 210000
0.090000 -764.655895 200000
0.090000 -744.877041 170000
0.090000 -801.332136 220000
0.090000 -790.653941 210000
0.090000 -815.124575 210000
0.090000 -805.924257 200000
0.090000 -799.620073 190000
0.090000 -784.494348 210000
0.090000 -770.127335 190000
0.090000 -779.835993 190000
0.090000 -790.872017 190000
0.090000 -790.639720 210000
0.090000 -799.848307 210000
0.090000 -759.082439 230000
0.090000 -796.091503 210000
0.090000 -787.164263 200000
0.090000 -750.226147 170000
0.090000 -816.505462 210000
0.090000 -749.000836 170000
0.090000 -755.378132 170000
0.090000 -778.800730 180000
0.090000 -790.141706 210000
0.090000 -800.487706 220000
0.090000 -720.824347 170000
0.090000 -739.762888 200000
0.090000 -793.797421 220000
0.090000 -793.433653 210000
0.090000 -765.494700 200000
0.090000 -708.983577 170000
0.090000 -742.265609 170000
0.090000 -812.915256 210000
0.090000 -765.486503 200000
0.090000 -805.057175 200000
0.090000 -764.660517 180000
0.090000 -797.327035 230000
0.090000 -725.559243 170000
0.090000 -783.837930 200000
0.090000 -791.168344 220000
0.090000 -772.309881 210000
0.090000 -756.171376 180000
0.090000 -782.443201 210000
0.090000 -799.471109 200000
0.090000 -767.985859 190000
0.090000 -797.325751 210000
0.090000 -734.291830 170000
0.090000 -736.919361 170000
0.090000 -799.796606 210000
0.090000 -768.724785 180000
0.090000 -770.261778 210000
0.090000 -754.042914 200000
0.090000 -806.023055 210000
0.090000 -816.143527 220000
0.090000 -825.228826 200000
0.090000 -806.698326 210000
0.090000 -794.379624 210000
0.090000 -776.553489 180000
0.090000 -745.832224 200000
0.090000 -801.013282 210000
0.090000 -762.673054 210000
0.090000 -804.449269 210000
0.090000 -802.095030 220000
0.090000 -759.708909 200000
0.090000 -785.868843 200000
0.090000 -788.931327 210000
0.090000 -736.076481 180000
0.090000 -753.157267 190000
0.001000 -860.623970 5890000
0.001000 -859.719731 5580000
0.001000 -857.804636 6140000
0.001000 -855.088072 6890000
0.001000 -861.160226 5300000
0.001000 -853.884641 6110000
0.001000 -863.591978 5840000
0.001000 -858.948619 5330000
0.001000 -862.087015 5770000
0.001000 -862.522754 5560000
0.001000 -856.278187 5510000
0.001000 -861.620855 6300000
0.001000 -861.979540 6220000
0.001000 -864.401247 6110000
0.001000 -852.443315 5890000
0.001000 -865.356243 5750000
0.001000 -862.883659 6430000
0.001000 -856.770175 5490000
0.001000 -860.847950 5800000
0.001000 -862.315570 5560000
0.001000 -866.667506 5670000
0.001000 -864.524541 5990000
0.001000 -864.138437 6000000
0.001000 -867.459897 6170000
0.001000 -860.111247 5930000
0.001000 -867.037855 6290000
0.001000 -859.618037 6020000
0.001000 -863.263474 5810000
0.001000 -863.204763 6010000
0.001000 -865.361227 6330000
0.001000 -853.476394 6120000
0.001000 -852.834156 6700000
0.001000 -862.851196 5870000
0.001000 -864.430842 6750000
0.001000 -856.112713 6330000
0.001000 -856.887261 5910000
0.001000 -859.032563 5760000
0.001000 -863.224966 6100000
0.001000 -855.849546 5700000
0.001000 -853.901129 5470000
0.001000 -860.225576 6090000
0.001000 -858.847217 4650000
0.001000 -861.368986 6160000
0.001000 -856.654323 5900000
0.001000 -859.981704 6140000
0.001000 -851.587570 5900000
0.001000 -863.797125 5470000
0.001000 -864.381728 6360000
0.001000 -863.005539 5680000
0.001000 -864.046426 6230000
0.001000 -859.705446 6180000
0.001000 -860.264549 6680000
0.001000 -858.590803 5780000
0.001000 -858.113646 5980000
0.001000 -852.787005 5890000
0.001000 -864.841482 5840000
0.001000 -856.605552 6190000
0.001000 -862.620982 6000000
0.001000 -858.499306 7240000
0.001000 -863.334468 6180000
0.001000 -851.270607 6420000
0.001000 -856.694691 5270000
0.001000 -865.028633 5540000
0.001000 -861.052974 5940000
0.001000 -851.531372 5660000
0.001000 -854.836409 6070000
0.001000 -863.183589 5950000
0.001000 -861.126680 6020000
0.001000 -858.819535 5920000
0.001000 -862.587024 6030000
0.001000 -863.103105 6150000
0.001000 -858.210419 7440000
0.001000 -861.386031 5860000
0.001000 -866.364145 4930000
0.001000 -856.483711 5880000
0.001000 -865.844883 6330000
0.001000 -866.645548 6240000
0.001000 -859.746112 6050000
0.001000 -862.933598 5460000
0.001000 -863.759509 5610000
0.001000 -857.284270 6310000
0.001000 -861.953525 6070000
0.001000 -860.581641 5810000
0.001000 -848.638049 6560000
0.001000 -862.226193 5870000
0.001000 -863.541901 6610000
0.001000 -859.428316 5820000
0.001000 -856.689182 6440000
0.001000 -853.350109 5330000
0.001000 -858.467339 5630000
0.001000 -860.159378 6330000
0.001000 -857.317466 6170000
0.001000 -866.781254 6510000
0.001000 -864.044911 6240000
0.001000 -861.180246 6300000
0.001000 -863.073986 5510000
0.001000 -861.785609 6080000
0.001000 -862.037378 6180000
0.001000 -860.176693 6160000
0.001000 -857.674358 5950000
0.002000 -862.381683 3030000
0.002000 -861.026784 3050000
0.002000 -853.616032 3130000
0.002000 -855.868105 2980000
0.002000 -857.588530 3890000
0.002000 -862.567288 3160000
0.002000 -851.907368 2990000
0.002000 -856.620494 3000000
0.002000 -857.379429 3470000
0.002000 -861.218381 3100000
0.002000 -859.176331 3120000
0.002000 -863.489511 2980000
0.002000 -860.091789 3070000
0.002000 -860.630040 3080000
0.002000 -855.431627 3460000
0.002000 -860.492293 3040000
0.002000 -864.430842 3220000
0.002000 -853.865076 2970000
0.002000 -852.557215 3130000
0.002000 -864.284598 3360000
0.002000 -859.455782 2820000
0.002000 -853.598036 3280000
0.002000 -859.469253 2740000
0.002000 -861.789580 2940000
0.002000 -856.423848 2870000
0.002000 -861.737680 2940000
0.002000 -862.435941 3340000
0.002000 -863.022055 3150000
0.002000 -855.106615 3350000
0.002000 -856.929977 2580000
0.002000 -866.158718 3580000
0.002000 -845.500973 3000000
0.002000 -859.851018 3510000
0.002000 -862.090442 3090000
0.002000 -855.373231 3150000
0.002000 -862.698988 3110000
0.002000 -854.189940 3440000
0.002000 -859.245459 2870000
0.002000 -855.622994 3030000
0.002000 -858.967912 2950000
0.002000 -860.103183 3120000
0.002000 -859.570146 2980000
0.002000 -846.293880 3560000
0.002000 -854.660785 3200000
0.002000 -852.184892 3360000
0.002000 -852.206983 3010000
0.002000 -858.774318 2950000
0.002000 -843.726491 3260000
0.002000 -864.600761 3260000
0.002000 -862.336695 3120000
0.002000 -850.172781 2550000
0.002000 -860.754191 3080000
0.002000 -853.560337 2750000
0.002000 -856.456751 3220000
0.002000 -863.504769 3330000
0.002000 -858.269045 3080000
0.002000 -851.453179 3380000
0.002000 -865.142319 2820000
0.002000 -861.654759 3130000
0.002000 -865.185851 3230000
0.002000 -858.191169 3220000
0.002000 -857.281742 3300000
0.002000 -858.268761 3080000
0.002000 -855.031342 3130000
0.002000 -857.977999 4030000
0.002000 -851.978471 3100000
0.002000 -863.416117 3140000
0.002000 -852.067960 2860000
0.002000 -860.460823 2990000
0.002000 -858.421537 3200000
0.002000 -852.675472 3340000
0.002000 -853.002000 3040000
0.002000 -857.548400 3040000
0.002000 -854.959730 3170000
0.002000 -866.179709 3250000
0.002000 -848.895767 3570000
0.002000 -860.912718 3140000
0.002000 -866.257474 2850000
0.002000 -858.157162 2940000
0.002000 -855.122283 2940000
0.002000 -854.952261 2740000
0.002000 -852.012172 3720000
0.002000 -855.929467 2870000
0.002000 -864.619338 3210000
0.002000 -854.352446 3160000
0.002000 -861.761026 3050000
0.002000 -858.023647 3820000
0.002000 -856.689424 3010000
0.002000 -857.847162 2900000
0.002000 -863.978056 3250000
0.002000 -855.351705 2950000
0.002000 -855.903791 2770000
0.002000 -856.292463 3330000
0.002000 -855.210277 2910000
0.002000 -841.559718 3250000
0.002000 -855.441301 2960000
0.002000 -861.062543 3080000
0.002000 -863.990769 3090000
0.002000 -866.190949 3060000
0.002000 -862.778172 3610000
0.003000 -861.367564 2060000
0.003000 -849.525912 1580000
0.003000 -863.521131 1590000
0.003000 -851.595299 2040000
0.003000 -851.963629 1940000
0.003000 -860.353869 2340000
0.003000 -847.401763 1890000
0.003000 -852.573306 2050000
0.003000 -850.209530 2080000
0.003000 -851.299881 1820000
0.003000 -855.891249 2260000
0.003000 -859.629693 2400000
0.003000 -852.388434 2030000
0.003000 -850.822664 1940000
0.003000 -859.591511 2110000
0.003000 -866.760461 2180000
0.003000 -851.384728 2040000
0.003000 -860.273775 2050000
0.003000 -858.635083 2120000
0.003000 -859.909279 1870000
0.003000 -860.637675 2060000
0.003000 -860.184699 2120000
0.003000 -858.315332 2230000
0.003000 -856.969346 2060000
0.003000 -862.198511 2190000
0.003000 -861.469714 2050000
0.003000 -856.397858 2710000
0.003000 -854.890927 2300000
0.003000 -856.827170 2140000
0.003000 -843.506584 2100000
0.003000 -859.012902 1910000
0.003000 -853.236035 1930000
0.003000 -852.540159 1970000
0.003000 -853.191692 2000000
0.003000 -865.085141 2300000
0.003000 -848.705113 2560000
0.003000 -860.511103 2280000
0.003000 -856.715231 2520000
0.003000 -857.725038 2060000
0.003000 -854.810149 2160000
0.003000 -862.782196 2110000
0.003000 -856.107761 2110000
0.003000 -855.509149 1920000
0.003000 -863.402516 2080000
0.003000 -861.870293 2190000
0.003000 -858.322614 2250000
0.003000 -865.051786 2060000
0.003000 -862.412108 2180000
0.003000 -860.495384 1980000
0.003000 -853.692908 2310000
0.003000 -858.240149 2320000
0.003000 -855.235332 2450000
0.003000 -859.684959 2160000
0.003000 -865.414692 2070000
0.003000 -849.592884 2300000
0.003000 -861.912064 2090000
0.003000 -863.144157 2350000
0.003000 -863.654761 2150000
0.003000 -863.317268 2200000
0.003000 -844.467216 2060000
0.003000 -857.818250 2100000
0.003000 -857.982436 2110000
0.003000 -856.875473 2020000
0.003000 -857.072494 2280000
0.003000 -859.793791 1920000
0.003000 -855.275315 1960000
0.003000 -862.801099 2120000
0.003000 -857.283337 2190000
0.003000 -858.048667 2410000
0.003000 -855.567367 2220000
0.003000 -848.964997 2250000
0.003000 -851.002769 1990000
0.003000 -858.749628 2160000
0.003000 -848.659312 2290000
0.003000 -862.383443 1990000
0.003000 -860.859042 2280000
0.003000 -849.501377 2110000
0.003000 -858.827256 2100000
0.003000 -861.514722 2190000
0.003000 -850.203825 2120000
0.003000 -850.412089 2020000
0.003000 -865.361227 2050000
0.003000 -852.599862 2640000
0.003000 -849.431547 2130000
0.003000 -861.306125 2070000
0.003000 -855.365978 2260000
0.003000 -856.524321 1960000
0.003000 -857.189552 2140000
0.003000 -847.510676 2040000
0.003000 -858.698154 2080000
0.003000 -859.671018 1980000
0.003000 -861.787165 1890000
0.003000 -855.912008 2070000
0.003000 -851.528696 2080000
0.003000 -864.945375 2140000
0.003000 -860.563922 1920000
0.003000 -865.468783 1940000
0.003000 -864.505574 2140000
0.003000 -854.213104 2160000
0.003000 -856.044344 2350000
0.004000 -856.751922 1420000
0.004000 -862.278883 1480000
0.004000 -847.870197 1130000
0.004000 -862.071002 1610000
0.004000 -846.056167 1860000
0.004000 -860.358276 1710000
0.004000 -860.313136 1650000
0.004000 -848.224048 1810000
0.004000 -856.796342 1670000
0.004000 -862.006976 1650000
0.004000 -853.386463 1670000
0.004000 -860.877840 1800000
0.004000 -857.901101 1510000
0.004000 -860.908342 1950000
0.004000 -853.839201 1800000
0.004000 -836.440743 1610000
0.004000 -848.687934 1520000
0.004000 -852.041598 1580000
0.004000 -860.927269 1330000
0.004000 -853.229383 1760000
0.004000 -860.609391 1640000
0.004000 -851.088016 1580000
0.004000 -835.555144 1870000
0.004000 -859.967242 1560000
0.004000 -856.750908 1950000
0.004000 -851.937875 1830000
0.004000 -863.350444 1750000
0.004000 -851.456627 1420000
0.004000 -856.632275 1450000
0.004000 -844.610976 1540000
0.004000 -856.577610 1640000
0.004000 -852.734665 1270000
0.004000 -845.557389 1580000
0.004000 -855.162806 1610000
0.004000 -857.396823 1580000
0.004000 -855.864149 1730000
0.004000 -855.933573 1530000
0.004000 -841.484938 1600000
0.004000 -858.236710 1530000
0.004000 -856.779838 1640000
0.004000 -850.448210 1520000
0.004000 -859.320960 1780000
0.004000 -857.692995 1320000
0.004000 -857.944053 1470000
0.004000 -855.136171 1310000
0.004000 -860.920360 1650000
0.004000 -854.072383 1470000
0.004000 -849.257218 1540000
0.004000 -860.127209 1310000
0.004000 -846.473917 1620000
0.004000 -832.787727 1640000
0.004000 -861.001485 1440000
0.004000 -858.428866 1430000
0.004000 -846.870604 1440000
0.004000 -847.727934 1840000
0.004000 -855.494469 1590000
0.004000 -859.196850 1500000
0.004000 -859.051076 1600000
0.004000 -853.847683 1670000
0.004000 -854.887287 1540000
0.004000 -839.596745 1340000
0.004000 -854.347680 1940000
0.004000 -854.780310 1550000
0.004000 -862.238070 1630000
0.004000 -855.420179 1560000
0.004000 -862.189120 1640000
0.004000 -863.860340 1590000
0.004000 -845.264730 1570000
0.004000 -854.493319 1910000
0.004000 -856.306272 1420000
0.004000 -853.159806 1850000
0.004000 -858.571617 1530000
0.004000 -850.811834 1620000
0.004000 -855.937988 1930000
0.004000 -862.270895 1590000
0.004000 -853.649519 1590000
0.004000 -858.312027 1630000
0.004000 -853.101364 1650000
0.004000 -858.913386 1720000
0.004000 -846.835395 1570000
0.004000 -859.723572 1480000
0.004000 -859.325732 1960000
0.004000 -861.732740 1580000
0.004000 -861.232547 1550000
0.004000 -865.554780 1510000
0.004000 -853.309668 1360000
0.004000 -842.050546 1820000
0.004000 -838.884084 1640000
0.004000 -849.402681 1550000
0.004000 -862.750018 1580000
0.004000 -842.354901 1430000
0.004000 -857.975055 1660000
0.004000 -850.380140 1450000
0.004000 -853.055520 1590000
0.004000 -858.760859 1780000
0.004000 -850.478554 1530000
0.004000 -863.663946 1680000
0.004000 -847.102374 1530000
0.004000 -853.616946 1760000
0.004000 -861.679600 1580000
0.005000 -857.179816 1340000
0.005000 -857.209601 1220000
0.005000 -840.305490 1110000
0.005000 -859.799032 1110000
0.005000 -849.713604 1270000
0.005000 -858.729083 1360000
0.005000 -857.230738 1390000
0.005000 -853.258735 1300000
0.005000 -852.738638 1310000
0.005000 -854.613892 1190000
0.005000 -848.734939 1170000
0.005000 -857.133110 1140000
0.005000 -849.565071 1180000
0.005000 -855.413774 1150000
0.005000 -864.009832 1270000
0.005000 -846.555404 1320000
0.005000 -854.723545 1140000
0.005000 -863.686312 1340000
0.005000 -856.976667 1320000
0.005000 -852.583974 1180000
0.005000 -848.835303 1290000
0.005000 -856.770924 1350000
0.005000 -862.666311 1320000
0.005000 -851.546641 1240000
0.005000 -859.563887 1360000
0.005000 -857.511807 1240000
0.005000 -855.217846 1260000
0.005000 -853.578638 1220000
0.005000 -853.226286 1290000
0.005000 -860.768011 1220000
0.005000 -855.249855 1300000
0.005000 -850.401677 1210000
0.005000 -855.639270 1320000
0.005000 -857.003397 1210000
0.005000 -863.185934 1140000
0.005000 -852.967151 1310000
0.005000 -846.250552 1250000
0.005000 -848.910975 1380000
0.005000 -860.575409 1360000
0.005000 -851.276868 1580000
0.005000 -848.449778 1600000
0.005000 -853.888051 1130000
0.005000 -861.871579 1420000
0.005000 -842.552933 1150000
0.005000 -855.392835 1270000
0.005000 -855.470176 1480000
0.005000 -860.374603 1490000
0.005000 -856.654659 1110000
0.005000 -856.188478 1400000
0.005000 -857.604296 1420000
0.005000 -847.304764 1140000
0.005000 -849.991793 1310000
0.005000 -857.012967 1200000
0.005000 -858.708929 1300000
0.005000 -863.232265 1260000
0.005000 -853.686205 1360000
0.005000 -849.570377 1270000
0.005000 -854.388345 1240000
0.005000 -845.178518 1310000
0.005000 -846.506847 1300000
0.005000 -853.977324 1070000
0.005000 -856.803442 1350000
0.005000 -849.374423 1170000
0.005000 -853.753903 1460000
0.005000 -853.378123 1110000
0.005000 -863.496478 1560000
0.005000 -845.656953 1410000
0.005000 -855.781109 1330000
0.005000 -847.682538 1510000
0.005000 -848.749583 1370000
0.005000 -852.712785 1130000
0.005000 -850.132885 1190000
0.005000 -846.100583 1330000
0.005000 -847.634438 1360000
0.005000 -850.804832 1340000
0.005000 -849.156536 1440000
0.005000 -841.999736 1300000
0.005000 -849.671894 1250000
0.005000 -853.657567 1410000
0.005000 -850.248055 1200000
0.005000 -847.618650 1230000
0.005000 -854.704823 1180000
0.005000 -854.658041 1280000
0.005000 -845.480102 1400000
0.005000 -847.920937 1170000
0.005000 -858.447804 1180000
0.005000 -855.632994 1350000
0.005000 -857.643463 1450000
0.005000 -860.551360 1500000
0.005000 -853.876826 1180000
0.005000 -849.377969 1240000
0.005000 -843.283153 1340000
0.005000 -856.722430 1120000
0.005000 -853.546149 1290000
0.005000 -854.928547 1420000
0.005000 -856.444328 1320000
0.005000 -858.662444 1240000
0.005000 -858.136636 1170000
0.005000 -853.489720 1230000
0.005000 -853.858684 1250000
0.006000 -865.890292 1090000
0.006000 -861.424487 1010000
0.006000 -859.565657 1240000
0.006000 -863.127867 1060000
0.006000 -847.424598 1160000
0.006000 -853.670847 1100000
0.006000 -856.754629 1080000
0.006000 -845.087210 950000
0.006000 -851.907190 1110000
0.006000 -848.889055 1050000
0.006000 -856.040729 990000
0.006000 -860.352557 1110000
0.006000 -847.686155 1120000
0.006000 -851.521642 1200000
0.006000 -861.052437 1040000
0.006000 -847.820614 1050000
0.006000 -853.425506 920000
0.006000 -853.932440 1050000
0.006000 -858.813315 950000
0.006000 -849.599371 1280000
0.006000 -847.087947 1120000
0.006000 -857.279672 1150000
0.006000 -846.973380 1040000
0.006000 -853.923099 1090000
0.006000 -848.096301 1090000
0.006000 -851.574201 1100000
0.006000 -845.580274 860000
0.006000 -852.662089 1130000
0.006000 -856.319308 1130000
0.006000 -848.184996 1050000
0.006000 -857.322835 1120000
0.006000 -864.646860 1260000
0.006000 -859.183411 950000
0.006000 -850.512663 1070000
0.006000 -850.441115 1090000
0.006000 -863.707923 1100000
0.006000 -853.941979 1000000
0.006000 -846.871850 1120000
0.006000 -847.597672 1060000
0.006000 -848.546988 1110000
0.006000 -853.116502 1210000
0.006000 -855.496056 1170000
0.006000 -847.263426 1120000
0.006000 -850.964860 1090000
0.006000 -845.684157 1110000
0.006000 -846.980805 950000
0.006000 -842.239609 1030000
0.006000 -854.656399 1120000
0.006000 -864.548235 1170000
0.006000 -857.139086 1070000
0.006000 -863.522448 1000000
0.006000 -856.989834 1180000
0.006000 -849.573306 1030000
0.006000 -851.077145 1220000
0.006000 -852.334913 1010000
0.006000 -854.560968 1020000
0.006000 -850.339090 1010000
0.006000 -860.291973 1100000
0.006000 -839.874809 1060000
0.006000 -850.091244 1190000
0.006000 -853.954678 1080000
0.006000 -851.263763 1020000
0.006000 -850.626446 1010000
0.006000 -854.882360 1120000
0.006000 -852.700752 1120000
0.006000 -863.835485 1200000
0.006000 -861.224634 1050000
0.006000 -854.978737 1120000
0.006000 -857.123998 1000000
0.006000 -846.148045 1080000
0.006000 -856.827899 1050000
0.006000 -846.210421 1240000
0.006000 -842.877463 1050000
0.006000 -850.477802 1090000
0.006000 -851.745441 1180000
0.006000 -853.565047 1120000
0.006000 -852.484043 1220000
0.006000 -856.321228 880000
0.006000 -849.921190 1060000
0.006000 -852.220293 1060000
0.006000 -848.790492 1050000
0.006000 -846.401946 1200000
0.006000 -862.990619 1020000
0.006000 -860.118469 1190000
0.006000 -856.864643 1110000
0.006000 -858.346998 1160000
0.006000 -839.678583 1070000
0.006000 -853.988994 1140000
0.006000 -851.868490 1280000
0.006000 -844.759045 1060000
0.006000 -850.813903 1110000
0.006000 -851.488251 1140000
0.006000 -857.326647 1110000
0.006000 -862.009601 1010000
0.006000 -862.009802 1080000
0.006000 -842.489721 1140000
0.006000 -860.117707 1280000
0.006000 -841.777949 1190000
0.006000 -852.010965 1170000
0.006000 -849.472758 1140000
0.007000 -855.725592 880000
0.007000 -850.851661 880000
0.007000 -847.743085 1000000
0.007000 -852.127363 870000
0.007000 -842.156824 860000
0.007000 -836.472898 900000
0.007000 -853.992610 920000
0.007000 -846.813982 950000
0.007000 -850.633056 980000
0.007000 -849.729976 810000
0.007000 -862.039360 940000
0.007000 -855.110854 930000
0.007000 -853.005035 950000
0.007000 -859.869906 870000
0.007000 -855.862646 950000
0.007000 -850.142143 900000
0.007000 -850.010575 880000
0.007000 -859.094628 960000
0.007000 -857.375961 920000
0.007000 -852.544824 950000
0.007000 -849.666124 1000000
0.007000 -855.299345 850000
0.007000 -845.571213 920000
0.007000 -840.123482 1050000
0.007000 -854.340922 920000
0.007000 -836.127187 1010000
0.007000 -862.023844 880000
0.007000 -845.568823 920000
0.007000 -857.927864 970000
0.007000 -834.387592 990000
0.007000 -847.546219 930000
0.007000 -851.888688 1000000
0.007000 -852.207806 840000
0.007000 -846.543463 910000
0.007000 -849.902844 980000
0.007000 -846.865452 920000
0.007000 -845.101833 980000
0.007000 -856.622958 950000
0.007000 -861.001941 890000
0.007000 -855.393623 970000
0.007000 -855.746686 980000
0.007000 -847.795009 830000
0.007000 -859.132536 1020000
0.007000 -852.139692 950000
0.007000 -857.618310 800000
0.007000 -846.111148 1020000
0.007000 -856.050160 1020000
0.007000 -855.096358 1010000
0.007000 -857.603808 890000
0.007000 -839.458316 680000
0.007000 -848.099806 800000
0.007000 -853.405587 960000
0.007000 -850.479281 1020000
0.007000 -861.779674 880000
0.007000 -844.790326 950000
0.007000 -857.945249 920000
0.007000 -856.321687 940000
0.007000 -837.557146 920000
0.007000 -858.250129 1010000
0.007000 -852.183430 1050000
0.007000 -843.833811 920000
0.007000 -850.253941 920000
0.007000 -852.612786 970000
0.007000 -849.051388 1010000
0.007000 -857.180002 1030000
0.007000 -851.854305 1060000
0.007000 -857.117218 910000
0.007000 -852.716828 910000
0.007000 -846.493787 930000
0.007000 -849.142733 940000
0.007000 -850.080967 1090000
0.007000 -834.841848 1010000
0.007000 -860.145326 870000
0.007000 -847.562229 770000
0.007000 -860.998311 990000
0.007000 -845.516582 830000
0.007000 -859.076615 840000
0.007000 -846.414762 960000
0.007000 -861.494516 920000
0.007000 -846.188887 960000
0.007000 -852.836922 970000
0.007000 -858.120461 1060000
0.007000 -850.268607 890000
0.007000 -848.187021 870000
0.007000 -851.386567 970000
0.007000 -856.586340 1070000
0.007000 -862.964120 950000
0.007000 -849.103999 840000
0.007000 -846.693985 900000
0.007000 -859.347207 950000
0.007000 -854.748940 1070000
0.007000 -851.019082 1110000
0.007000 -854.662640 990000
0.007000 -858.615602 950000
0.007000 -861.988687 980000
0.007000 -850.964239 930000
0.007000 -848.280593 860000
0.007000 -847.676814 900000
0.007000 -849.669268 1010000
0.007000 -849.883556 910000
0.008000 -847.760329 810000
0.008000 -850.608261 850000
0.008000 -841.038764 840000
0.008000 -856.766709 880000
0.008000 -855.828693 910000
0.008000 -855.642695 800000
0.008000 -838.164343 690000
0.008000 -845.353100 870000
0.008000 -853.920329 810000
0.008000 -863.892081 850000
0.008000 -838.565703 780000
0.008000 -856.285463 860000
0.008000 -845.689740 840000
0.008000 -852.094800 860000
0.008000 -850.594007 810000
0.008000 -854.146707 830000
0.008000 -837.511557 1060000
0.008000 -849.936764 840000
0.008000 -863.213025 880000
0.008000 -848.879830 730000
0.008000 -855.743329 950000
0.008000 -851.175039 840000
0.008000 -851.332269 850000
0.008000 -857.666149 910000
0.008000 -860.445531 730000
0.008000 -858.306901 730000
0.008000 -848.636113 810000
0.008000 -835.417991 780000
0.008000 -848.045979 930000
0.008000 -855.347345 970000
0.008000 -840.680625 930000
0.008000 -850.903025 860000
0.008000 -850.986336 810000
0.008000 -857.535886 800000
0.008000 -849.255966 740000
0.008000 -848.317477 810000
0.008000 -844.761292 1040000
0.008000 -842.375531 770000
0.008000 -852.483342 780000
0.008000 -857.515664 850000
0.008000 -854.650775 890000
0.008000 -841.522394 760000
0.008000 -853.581610 1000000
0.008000 -847.000111 810000
0.008000 -856.640476 870000
0.008000 -859.242860 730000
0.008000 -852.901474 780000
0.008000 -843.179635 1000000
0.008000 -846.740472 800000
0.008000 -861.575330 880000
0.008000 -842.374275 900000
0.008000 -853.369141 1020000
0.008000 -849.880932 930000
0.008000 -842.344268 830000
0.008000 -841.621609 910000
0.008000 -846.145839 860000
0.008000 -858.348412 800000
0.008000 -844.969983 840000
0.008000 -853.922615 860000
0.008000 -837.496720 810000
0.008000 -851.895848 1070000
0.008000 -850.724861 880000
0.008000 -857.677495 780000
0.008000 -843.538277 730000
0.008000 -848.604224 900000
0.008000 -858.064286 770000
0.008000 -859.097873 870000
0.008000 -840.978252 780000
0.008000 -857.516158 770000
0.008000 -858.912976 790000
0.008000 -857.827547 860000
0.008000 -862.828269 980000
0.008000 -853.381551 870000
0.008000 -842.579692 920000
0.008000 -860.808030 900000
0.008000 -858.085756 860000
0.008000 -857.319543 870000
0.008000 -853.508617 770000
0.008000 -845.542501 790000
0.008000 -850.851873 930000
0.008000 -849.704235 940000
0.008000 -853.410870 880000
0.008000 -840.790438 870000
0.008000 -851.905212 810000
0.008000 -825.836177 810000
0.008000 -834.694176 880000
0.008000 -849.511421 850000
0.008000 -848.811457 850000
0.008000 -844.031962 850000
0.008000 -854.462581 870000
0.008000 -852.916546 870000
0.008000 -852.246604 830000
0.008000 -857.334271 880000
0.008000 -856.159950 830000
0.008000 -840.483154 870000
0.008000 -863.815762 750000
0.008000 -856.503388 770000
0.008000 -846.042138 860000
0.008000 -839.031927 670000
0.008000 -857.841417 740000
0.009000 -856.319705 920000
0.009000 -849.784305 640000
0.009000 -850.929224 650000
0.009000 -841.642081 900000
0.009000 -848.623465 790000
0.009000 -853.677374 770000
0.009000 -858.356361 760000
0.009000 -838.321852 730000
0.009000 -837.015868 920000
0.009000 -851.062766 790000
0.009000 -862.983190 920000
0.009000 -852.142923 890000
0.009000 -848.800510 920000
0.009000 -864.223594 800000
0.009000 -854.117807 750000
0.009000 -848.029343 920000
0.009000 -861.722530 860000
0.009000 -851.576772 760000
0.009000 -844.263292 870000
0.009000 -836.050282 750000
0.009000 -834.678039 830000
0.009000 -844.019047 710000
0.009000 -852.331404 690000
0.009000 -854.681720 710000
0.009000 -842.676922 830000
0.009000 -853.196486 800000
0.009000 -855.738419 730000
0.009000 -845.058257 860000
0.009000 -844.677823 720000
0.009000 -856.737524 820000
0.009000 -848.937469 740000
0.009000 -848.189319 720000
0.009000 -846.841860 760000
0.009000 -852.514176 730000
0.009000 -851.021613 780000
0.009000 -856.517878 720000
0.009000 -848.622554 870000
0.009000 -846.235964 710000
0.009000 -853.988177 780000
0.009000 -854.066797 810000
0.009000 -846.992639 770000
0.009000 -843.772566 760000
0.009000 -844.149803 740000
0.009000 -850.343101 760000
0.009000 -853.856282 800000
0.009000 -854.600649 700000
0.009000 -851.491948 710000
0.009000 -836.240821 740000
0.009000 -849.565186 560000
0.009000 -859.248208 750000
0.009000 -846.979559 820000
0.009000 -866.148550 770000
0.009000 -860.261003 790000
0.009000 -844.669774 720000
0.009000 -855.956965 920000
0.009000 -846.336589 780000
0.009000 -845.845785 800000
0.009000 -837.842539 710000
0.009000 -842.146536 740000
0.009000 -852.152709 780000
0.009000 -839.507654 850000
0.009000 -844.598187 650000
0.009000 -838.615442 750000
0.009000 -863.070492 780000
0.009000 -863.539647 660000
0.009000 -858.507257 740000
0.009000 -842.361252 790000
0.009000 -846.790413 910000
0.009000 -840.829199 660000
0.009000 -850.819519 740000
0.009000 -853.248943 670000
0.009000 -856.668037 850000
0.009000 -854.723577 630000
0.009000 -859.061886 820000
0.009000 -852.144599 720000
0.009000 -851.897571 620000
0.009000 -846.822567 840000
0.009000 -856.637325 690000
0.009000 -854.008202 680000
0.009000 -844.281670 730000
0.009000 -840.661832 720000
0.009000 -849.953806 700000
0.009000 -850.168380 600000
0.009000 -843.858410 840000
0.009000 -853.714887 670000
0.009000 -853.611393 840000
0.009000 -848.550781 930000
0.009000 -851.443057 810000
0.009000 -843.364152 780000
0.009000 -851.395058 820000
0.009000 -858.254072 730000
0.009000 -841.586909 720000
0.009000 -850.523612 720000
0.009000 -852.611010 670000
0.009000 -839.958249 700000
0.009000 -859.478524 750000
0.009000 -843.217726 690000
0.009000 -850.609829 570000
0.009000 -850.824162 840000
0.009000 -852.799660 550000
0.000100 -863.762411 54530000
0.000100 -863.542608 58710000
0.000100 -864.568562 60670000
0.000100 -864.457382 58390000
0.000100 -865.245397 54810000
0.000100 -866.331745 60560000
0.000100 -865.433497 60580000
0.000100 -856.723640 59070000
0.000100 -863.323454 58860000
0.000100 -863.124541 59280000
0.000100 -861.409296 56560000
0.000100 -866.199329 62290000
0.000100 -866.106558 50330000
0.000100 -864.608214 51540000
0.000100 -864.310958 57510000
0.000100 -867.042251 63010000
0.000100 -859.710022 56500000
0.000100 -863.804574 58190000
0.000100 -864.167286 54940000
0.000100 -864.465362 57750000
0.000100 -862.946384 63470000
0.000100 -857.928602 59770000
0.000100 -865.481720 58600000
0.000100 -858.853987 58870000
0.000100 -866.037363 61710000
0.000100 -864.279059 60490000
0.000100 -862.614319 55400000
0.000100 -864.401247 59230000
0.000100 -864.765954 54870000
0.000100 -864.868336 58560000
0.000100 -864.576611 59810000
0.000100 -861.965499 59980000
0.000100 -868.689654 58580000
0.000100 -867.335086 61800000
0.000100 -864.449862 57910000
0.000100 -863.997799 56510000
0.000100 -865.028633 55530000
0.000100 -859.904199 62840000
0.000100 -863.927668 57900000
0.000100 -863.007789 72860000
0.000100 -868.669269 61190000
0.000100 -861.101809 57060000
0.000100 -866.393125 58940000
0.000100 -867.274001 59890000
0.000100 -862.518122 65300000
0.000100 -862.934285 58410000
0.000100 -867.042251 62770000
0.000100 -852.549692 58430000
0.000100 -863.308749 57590000
0.000100 -864.548235 58990000
0.000100 -864.406038 57680000
0.000100 -868.689654 60960000
0.000100 -866.037363 63100000
0.000100 -862.347936 61390000
0.000100 -863.457733 47690000
0.000100 -864.831818 56800000
0.000100 -865.555114 67180000
0.000100 -864.367094 60920000
0.000100 -862.120846 55280000
0.000100 -863.872869 55630000
0.000100 -863.416890 59320000
0.000100 -861.753093 55750000
0.000100 -856.143438 59060000
0.000100 -859.423720 55960000
0.000100 -867.637100 58520000
0.000100 -863.893515 45020000
0.000100 -863.043529 63220000
0.000100 -861.048543 40480000
0.000100 -862.123961 55900000
0.000100 -864.609209 56680000
0.000100 -863.323454 58430000
0.000100 -866.331745 59040000
0.000100 -868.689654 61360000
0.000100 -868.669269 59480000
0.000100 -866.185828 58850000
0.000100 -868.669269 60350000
0.000100 -867.335086 61790000
0.000100 -862.536395 57330000
0.000100 -865.481720 52500000
0.000100 -863.203623 58360000
0.000100 -863.210807 57700000
0.000100 -863.211432 57390000
0.000100 -865.860360 61600000
0.000100 -867.335086 59080000
0.000100 -861.051434 59330000
0.000100 -862.615060 73950000
0.000100 -865.809331 51370000
0.000100 -865.184063 58040000
0.000100 -859.210833 48710000
0.000100 -864.317430 54180000
0.000100 -862.744385 57310000
0.000100 -860.080151 55350000
0.000100 -862.426250 52630000
0.000100 -862.281914 56400000
0.000100 -862.612650 58480000
0.000100 -862.395210 58250000
0.000100 -864.987825 59210000
0.000100 -862.694679 59660000
0.000100 -862.020178 58480000
0.000100 -864.189475 60900000
0.000200 -857.328484 26720000
0.000200 -855.046891 28820000
0.000200 -867.602220 29940000
0.000200 -864.978314 31090000
0.000200 -864.465362 29360000
0.000200 -864.785099 31940000
0.000200 -863.801789 29470000
0.000200 -857.442421 27550000
0.000200 -864.013776 28720000
0.000200 -865.355246 31850000
0.000200 -866.002626 31040000
0.000200 -864.362303 28400000
0.000200 -859.285679 28070000
0.000200 -862.027051 35740000
0.000200 -862.474514 31190000
0.000200 -865.966472 30390000
0.000200 -854.502345 32350000
0.000200 -864.960516 32570000
0.000200 -860.581696 30720000
0.000200 -868.669269 30600000
0.000200 -854.736451 28090000
0.000200 -862.758744 25340000
0.000200 -862.981080 28470000
0.000200 -862.326024 21080000
0.000200 -860.307712 30230000
0.000200 -866.037363 30680000
0.000200 -862.401213 37210000
0.000200 -862.086959 30020000
0.000200 -864.600761 29670000
0.000200 -852.662451 30180000
0.000200 -867.152910 30100000
0.000200 -862.902222 27830000
0.000200 -866.199318 30390000
0.000200 -860.108907 29400000
0.000200 -862.919914 27840000
0.000200 -862.823280 28500000
0.000200 -867.335086 30040000
0.000200 -865.582915 30310000
0.000200 -860.736890 28550000
0.000200 -863.329443 30260000
0.000200 -865.426403 30050000
0.000200 -862.613730 28350000
0.000200 -862.608587 29320000
0.000200 -864.712234 30380000
0.000200 -864.465362 28850000
0.000200 -853.983344 30570000
0.000200 -864.381728 28080000
0.000200 -863.448795 23600000
0.000200 -860.275055 28630000
0.000200 -862.865915 28160000
0.000200 -864.146244 30070000
0.000200 -863.265240 23440000
0.000200 -863.671235 29350000
0.000200 -865.585184 30130000
0.000200 -866.464073 31650000
0.000200 -866.491158 29950000
0.000200 -863.029145 30450000
0.000200 -864.844053 28420000
0.000200 -866.118187 29560000
0.000200 -864.967333 26180000
0.000200 -862.399838 29880000
0.000200 -864.317430 26810000
0.000200 -867.357393 31710000
0.000200 -864.296570 29130000
0.000200 -866.002626 30860000
0.000200 -863.265240 28760000
0.000200 -866.464073 29740000
0.000200 -863.542608 28810000
0.000200 -865.218324 29480000
0.000200 -866.158718 33170000
0.000200 -861.305363 25530000
0.000200 -864.189441 28830000
0.000200 -867.042251 33030000
0.000200 -854.617592 29560000
0.000200 -866.687814 28440000
0.000200 -857.307594 29810000
0.000200 -867.335086 30450000
0.000200 -864.620794 24480000
0.000200 -865.252126 29790000
0.000200 -867.274001 30370000
0.000200 -863.378922 32730000
0.000200 -866.372351 27700000
0.000200 -863.957954 27980000
0.000200 -862.187036 36510000
0.000200 -860.361381 29810000
0.000200 -866.144456 27930000
0.000200 -863.032297 29000000
0.000200 -861.965430 32370000
0.000200 -862.016910 28480000
0.000200 -862.503608 29860000
0.000200 -862.996398 30420000
0.000200 -859.321479 29150000
0.000200 -864.381728 28490000
0.000200 -863.323454 29550000
0.000200 -868.265355 30980000
0.000200 -866.464073 30920000
0.000200 -858.791707 28690000
0.000200 -864.381728 29230000
0.000200 -866.687814 29190000
0.000200 -862.529405 28250000
0.000300 -863.074862 20470000
0.000300 -862.970737 18570000
0.000300 -862.355807 18800000
0.000300 -861.054909 19570000
0.000300 -854.876481 19330000
0.000300 -864.087835 18210000
0.000300 -867.226595 20430000
0.000300 -864.046426 19420000
0.000300 -860.871136 18810000
0.000300 -864.066521 18900000
0.000300 -862.345275 20660000
0.000300 -863.742879 19600000
0.000300 -861.489032 18320000
0.000300 -866.108972 20150000
0.000300 -860.982751 20180000
0.000300 -864.381728 20310000
0.000300 -868.669269 21550000
0.000300 -864.531834 20120000
0.000300 -865.932692 20540000
0.000300 -862.468044 20680000
0.000300 -864.340554 20640000
0.000300 -865.145562 20690000
0.000300 -864.858267 19620000
0.000300 -863.862185 19880000
0.000300 -859.190517 21860000
0.000300 -862.850397 19790000
0.000300 -863.032963 18750000
0.000300 -861.871476 20590000
0.000300 -864.296570 19970000
0.000300 -865.998176 20290000
0.000300 -864.645562 20270000
0.000300 -853.446087 19900000
0.000300 -861.456444 19730000
0.000300 -866.059094 20090000
0.000300 -863.251763 20620000
0.000300 -863.642514 18160000
0.000300 -861.405408 19140000
0.000300 -858.521713 16110000
0.000300 -859.890972 23930000
0.000300 -861.339379 20240000
0.000300 -856.284134 19530000
0.000300 -864.463303 19200000
0.000300 -861.225096 22880000
0.000300 -864.734479 20280000
0.000300 -864.042046 19130000
0.000300 -859.868331 18460000
0.000300 -863.224621 18700000
0.000300 -866.199318 20120000
0.000300 -859.978714 16780000
0.000300 -863.856051 20210000
0.000300 -865.116466 21290000
0.000300 -857.886421 19860000
0.000300 -860.863598 21130000
0.000300 -858.703333 16970000
0.000300 -861.599322 18430000
0.000300 -861.767012 22390000
0.000300 -862.708843 19980000
0.000300 -866.910787 20310000
0.000300 -862.912291 19500000
0.000300 -859.814299 20410000
0.000300 -864.504400 18370000
0.000300 -861.549791 19020000
0.000300 -863.963437 20570000
0.000300 -864.083224 20150000
0.000300 -864.131647 19670000
0.000300 -863.170436 22890000
0.000300 -856.610045 18770000
0.000300 -863.661204 19860000
0.000300 -862.249579 17510000
0.000300 -859.680538 18730000
0.000300 -861.776111 20560000
0.000300 -861.038065 19540000
0.000300 -861.181707 18940000
0.000300 -863.326187 23940000
0.000300 -863.123807 18770000
0.000300 -863.062410 20340000
0.000300 -862.946384 20330000
0.000300 -866.091612 19280000
0.000300 -864.223594 20480000
0.000300 -863.465656 19780000
0.000300 -864.600761 21050000
0.000300 -863.258066 22750000
0.000300 -862.653571 18520000
0.000300 -864.868336 20490000
0.000300 -863.416890 20070000
0.000300 -862.730964 19860000
0.000300 -865.248501 20420000
0.000300 -860.921682 19270000
0.000300 -864.516287 20470000
0.000300 -864.702944 19190000
0.000300 -860.634623 18560000
0.000300 -867.897766 19900000
0.000300 -857.587413 19840000
0.000300 -858.387243 19820000
0.000300 -862.884717 20540000
0.000300 -864.707165 20550000
0.000300 -865.444625 19760000
0.000300 -862.102446 18230000
0.000300 -863.903847 20880000
0.000300 -864.384379 19650000
0.000400 -866.002626 15220000
0.000400 -864.316263 14610000
0.000400 -859.962805 14620000
0.000400 -863.014756 14910000
0.000400 -865.404847 15020000
0.000400 -864.548235 13820000
0.000400 -863.129329 15220000
0.000400 -861.522398 14080000
0.000400 -865.987030 14250000
0.000400 -865.147440 13400000
0.000400 -865.820915 15140000
0.000400 -859.251469 14870000
0.000400 -863.405081 14360000
0.000400 -858.827621 12760000
0.000400 -867.274001 15140000
0.000400 -864.482700 15530000
0.000400 -861.188699 15350000
0.000400 -867.451004 17160000
0.000400 -866.758361 14710000
0.000400 -863.308336 13530000
0.000400 -866.372351 13910000
0.000400 -861.679600 14170000
0.000400 -860.915066 18310000
0.000400 -864.381728 16050000
0.000400 -863.910018 13720000
0.000400 -855.819381 14080000
0.000400 -857.558998 14860000
0.000400 -862.365393 14980000
0.000400 -858.413749 14560000
0.000400 -855.952120 14740000
0.000400 -860.725849 15040000
0.000400 -860.855360 14740000
0.000400 -860.735113 14870000
0.000400 -859.650508 15430000
0.000400 -863.170436 18140000
0.000400 -861.085135 14470000
0.000400 -859.887412 14570000
0.000400 -858.795264 14350000
0.000400 -861.854746 15360000
0.000400 -861.931508 14470000
0.000400 -866.076886 14310000
0.000400 -860.672028 15500000
0.000400 -866.155465 14630000
0.000400 -863.426552 13930000
0.000400 -862.195931 13840000
0.000400 -857.687784 14340000
0.000400 -853.884377 14890000
0.000400 -866.302039 14430000
0.000400 -856.698573 13060000
0.000400 -862.656869 11240000
0.000400 -856.035498 14470000
0.000400 -866.114094 15560000
0.000400 -866.455852 15280000
0.000400 -863.899057 13600000
0.000400 -858.684697 15900000
0.000400 -863.222662 12890000
0.000400 -866.037363 16410000
0.000400 -864.252575 13470000
0.000400 -862.767985 15700000
0.000400 -858.683287 14050000
0.000400 -858.273286 14970000
0.000400 -856.893036 14580000
0.000400 -866.319561 14480000
0.000400 -866.464073 15750000
0.000400 -861.934245 15380000
0.000400 -864.439402 14400000
0.000400 -860.955541 15180000
0.000400 -862.718675 14670000
0.000400 -861.736510 15000000
0.000400 -858.886401 14120000
0.000400 -861.567641 14600000
0.000400 -859.823877 10640000
0.000400 -865.265844 15760000
0.000400 -863.352331 15540000
0.000400 -851.757555 14000000
0.000400 -858.615736 15030000
0.000400 -860.539708 14560000
0.000400 -868.265355 14780000
0.000400 -868.669269 15480000
0.000400 -864.422160 14580000
0.000400 -861.450026 14640000
0.000400 -863.120437 18590000
0.000400 -867.274001 15790000
0.000400 -861.800804 14530000
0.000400 -862.178586 14510000
0.000400 -866.076886 15100000
0.000400 -861.097205 14460000
0.000400 -863.618844 15200000
0.000400 -858.939259 14000000
0.000400 -862.400651 14300000
0.000400 -860.937030 14010000
0.000400 -866.661025 15380000
0.000400 -862.706067 14110000
0.000400 -864.105639 15050000
0.000400 -862.440917 14790000
0.000400 -863.333528 15080000
0.000400 -859.192800 18670000
0.000400 -864.723160 15180000
0.000400 -856.523532 16420000
0.000400 -864.266381 13990000
0.000500 -863.259508 11380000
0.000500 -861.142986 12660000
0.000500 -864.659139 13110000
0.000500 -863.457733 12110000
0.000500 -857.174247 11600000
0.000500 -860.214649 12700000
0.000500 -861.806436 12420000
0.000500 -859.026320 12500000
0.000500 -863.186022 11970000
0.000500 -863.762411 10870000
0.000500 -863.686555 12210000
0.000500 -863.132173 11610000
0.000500 -863.575126 11880000
0.000500 -860.369184 12850000
0.000500 -863.813766 12140000
0.000500 -862.139146 11240000
0.000500 -856.889016 11600000
0.000500 -862.678907 12160000
0.000500 -856.486567 12120000
0.000500 -864.124076 11630000
0.000500 -856.859758 12210000
0.000500 -856.343838 11720000
0.000500 -867.108116 11950000
0.000500 -862.149770 11860000
0.000500 -862.952316 11550000
0.000500 -864.401247 12440000
0.000500 -867.375118 10290000
0.000500 -864.046426 12310000
0.000500 -852.735539 13440000
0.000500 -855.622626 12010000
0.000500 -856.999042 11420000
0.000500 -864.967333 10830000
0.000500 -862.342653 12580000
0.000500 -857.775144 12140000
0.000500 -857.889888 11430000
0.000500 -862.865915 12080000
0.000500 -857.973943 10380000
0.000500 -863.915335 12340000
0.000500 -860.093124 11440000
0.000500 -865.931005 10690000
0.000500 -864.401247 12090000
0.000500 -863.290352 12380000
0.000500 -855.066308 11790000
0.000500 -858.650327 12340000
0.000500 -862.739434 12050000
0.000500 -854.695818 12390000
0.000500 -864.892508 11970000
0.000500 -861.761026 11930000
0.000500 -862.517246 14510000
0.000500 -860.266890 13560000
0.000500 -851.463182 11160000
0.000500 -857.311047 11590000
0.000500 -862.114747 12250000
0.000500 -862.994021 12270000
0.000500 -862.815024 10200000
0.000500 -861.678536 11230000
0.000500 -862.343247 12400000
0.000500 -865.179250 12680000
0.000500 -858.742604 11040000
0.000500 -860.928836 11480000
0.000500 -861.277223 11090000
0.000500 -861.050145 12510000
0.000500 -858.451291 12950000
0.000500 -866.757495 12470000
0.000500 -865.559902 11770000
0.000500 -861.808419 11720000
0.000500 -854.704446 11870000
0.000500 -857.953878 12240000
0.000500 -865.318935 11890000
0.000500 -852.761848 12130000
0.000500 -861.772560 11860000
0.000500 -859.832372 11010000
0.000500 -864.989302 11690000
0.000500 -863.824521 10840000
0.000500 -859.275953 11560000
0.000500 -861.032980 11470000
0.000500 -860.407982 12460000
0.000500 -862.216871 11830000
0.000500 -856.837877 11320000
0.000500 -859.864830 10650000
0.000500 -860.088009 12060000
0.000500 -863.416618 11060000
0.000500 -863.023176 12180000
0.000500 -863.152698 11820000
0.000500 -863.326757 12760000
0.000500 -864.377811 10590000
0.000500 -865.860360 12710000
0.000500 -867.597593 12150000
0.000500 -863.205724 12400000
0.000500 -864.289327 10910000
0.000500 -859.971334 12300000
0.000500 -867.212801 11840000
0.000500 -867.337009 11010000
0.000500 -861.433338 12140000
0.000500 -860.026280 11340000
0.000500 -860.096529 12540000
0.000500 -858.219695 11610000
0.000500 -863.166004 10900000
0.000500 -866.336867 11930000
0.000500 -865.481720 10770000
0.000600 -867.337009 10060000
0.000600 -862.445550 12220000
0.000600 -850.576934 9900000
0.000600 -857.516221 10420000
0.000600 -862.122385 9540000
0.000600 -864.288092 9820000
0.000600 -859.537275 10400000
0.000600 -860.114337 10810000
0.000600 -856.975397 9920000
0.000600 -863.798289 10350000
0.000600 -861.255457 10020000
0.000600 -862.412108 9380000
0.000600 -862.746923 9950000
0.000600 -855.213287 9740000
0.000600 -858.623114 9710000
0.000600 -854.297154 10070000
0.000600 -862.221300 8740000
0.000600 -863.641739 9990000
0.000600 -864.234376 10300000
0.000600 -863.344949 10440000
0.000600 -859.590848 12070000
0.000600 -863.733736 9140000
0.000600 -859.434306 9950000
0.000600 -858.282145 11640000
0.000600 -864.278550 9810000
0.000600 -863.282690 9640000
0.000600 -859.267626 9850000
0.000600 -863.213025 10340000
0.000600 -862.550891 10260000
0.000600 -863.884772 10060000
0.000600 -859.440429 10190000
0.000600 -864.820127 9670000
0.000600 -863.983803 10240000
0.000600 -864.122316 11020000
0.000600 -853.024510 9740000
0.000600 -864.580439 10110000
0.000600 -863.234344 9930000
0.000600 -862.653230 9830000
0.000600 -863.888724 10480000
0.000600 -860.891974 9250000
0.000600 -858.325628 15320000
0.000600 -863.833463 9760000
0.000600 -855.582438 9420000
0.000600 -863.983803 9730000
0.000600 -858.283415 10140000
0.000600 -861.658271 10180000
0.000600 -864.340554 10400000
0.000600 -851.442810 9590000
0.000600 -859.611891 9740000
0.000600 -867.042251 11060000
0.000600 -864.340554 10330000
0.000600 -866.076886 8120000
0.000600 -858.278147 10080000
0.000600 -852.560119 9440000
0.000600 -863.725835 9960000
0.000600 -860.173393 11900000
0.000600 -863.755667 9260000
0.000600 -865.225586 9890000
0.000600 -868.244970 10510000
0.000600 -855.421605 9980000
0.000600 -856.873839 9260000
0.000600 -862.863275 10220000
0.000600 -857.726121 10180000
0.000600 -860.105967 7990000
0.000600 -863.157489 9580000
0.000600 -860.141853 8130000
0.000600 -866.865248 10180000
0.000600 -862.119451 11980000
0.000600 -861.066531 10200000
0.000600 -862.034911 9480000
0.000600 -862.497318 9460000
0.000600 -860.703965 8830000
0.000600 -857.941375 11310000
0.000600 -864.755604 8620000
0.000600 -859.293014 9610000
0.000600 -864.010910 9910000
0.000600 -863.186442 10390000
0.000600 -867.335086 10200000
0.000600 -864.381728 10090000
0.000600 -863.987735 9490000
0.000600 -852.192630 10250000
0.000600 -863.642439 10370000
0.000600 -865.972270 9650000
0.000600 -863.783120 10190000
0.000600 -856.413024 11170000
0.000600 -866.372351 9830000
0.000600 -866.953980 9810000
0.000600 -868.689654 9510000
0.000600 -859.155718 10690000
0.000600 -859.419997 10200000
0.000600 -858.957628 10570000
0.000600 -865.722900 10650000
0.000600 -862.598714 10100000
0.000600 -858.903632 9820000
0.000600 -861.222792 12750000
0.000600 -858.918306 10100000
0.000600 -858.579120 10380000
0.000600 -849.148319 10580000
0.000600 -864.647594 9990000
0.000600 -864.878082 10220000
0.000700 -852.058479 8930000
0.000700 -863.962578 8640000
0.000700 -861.674261 8960000
0.000700 -859.822808 9290000
0.000700 -856.301284 8560000
0.000700 -859.418829 8350000
0.000700 -861.374147 8130000
0.000700 -859.634568 7160000
0.000700 -859.764044 8350000
0.000700 -859.716567 6260000
0.000700 -858.166157 8410000
0.000700 -863.213025 8440000
0.000700 -860.121944 10290000
0.000700 -863.066902 9790000
0.000700 -862.975475 7310000
0.000700 -850.117935 8260000
0.000700 -853.518637 8260000
0.000700 -863.268788 8530000
0.000700 -866.190949 8310000
0.000700 -860.503915 8510000
0.000700 -852.217001 8210000
0.000700 -861.213218 8900000
0.000700 -862.497126 9080000
0.000700 -864.796746 8130000
0.000700 -860.599257 8150000
0.000700 -866.953980 8260000
0.000700 -860.421286 8970000
0.000700 -855.446715 9630000
0.000700 -863.185959 9120000
0.000700 -859.631291 8300000
0.000700 -863.920133 9620000
0.000700 -865.225945 8590000
0.000700 -852.813625 8260000
0.000700 -858.141402 8980000
0.000700 -864.956476 8540000
0.000700 -859.928578 8660000
0.000700 -864.401247 9170000
0.000700 -859.079104 8560000
0.000700 -860.700987 8430000
0.000700 -856.325030 9310000
0.000700 -855.832143 7910000
0.000700 -860.201948 8690000
0.000700 -857.453768 10780000
0.000700 -859.674182 7650000
0.000700 -858.292829 8790000
0.000700 -855.828635 10050000
0.000700 -850.786396 6610000
0.000700 -863.346580 8620000
0.000700 -863.666074 8440000
0.000700 -863.623308 8680000
0.000700 -855.589118 8050000
0.000700 -852.405475 8660000
0.000700 -856.202609 9060000
0.000700 -853.431047 10500000
0.000700 -863.145889 8940000
0.000700 -859.978193 8620000
0.000700 -858.570173 8140000
0.000700 -860.297742 7650000
0.000700 -862.444881 8760000
0.000700 -862.823266 8600000
0.000700 -851.630116 8750000
0.000700 -862.707474 7730000
0.000700 -860.940749 8170000
0.000700 -857.696541 8130000
0.000700 -860.021325 8330000
0.000700 -860.812936 8490000
0.000700 -864.342055 7850000
0.000700 -862.966813 8340000
0.000700 -861.789797 8470000
0.000700 -856.151691 8250000
0.000700 -860.979359 8040000
0.000700 -862.665707 8580000
0.000700 -863.475836 9000000
0.000700 -863.438627 8980000
0.000700 -860.753357 8410000
0.000700 -861.412282 7580000
0.000700 -863.029145 8640000
0.000700 -856.769831 8260000
0.000700 -866.037363 9580000
0.000700 -862.900194 8870000
0.000700 -857.951551 8430000
0.000700 -866.697946 8580000
0.000700 -861.288711 8800000
0.000700 -858.284885 8150000
0.000700 -860.330867 8780000
0.000700 -860.914346 8840000
0.000700 -862.104468 8900000
0.000700 -862.482591 10350000
0.000700 -850.628640 8310000
0.000700 -861.295191 8910000
0.000700 -863.287297 7810000
0.000700 -856.393312 9040000
0.000700 -866.118187 8480000
0.000700 -860.290231 8330000
0.000700 -862.369182 8720000
0.000700 -857.834572 8610000
0.000700 -863.808770 7170000
0.000700 -867.554834 8960000
0.000700 -863.157489 7920000
0.000700 -862.955026 8810000
0.000800 -862.073132 7690000
0.000800 -857.206237 7390000
0.000800 -861.740273 7690000
0.000800 -857.853914 7450000
0.000800 -857.073066 7380000
0.000800 -860.694572 7640000
0.000800 -857.749331 7560000
0.000800 -852.272614 7110000
0.000800 -855.990801 7300000
0.000800 -853.639509 8570000
0.000800 -864.109937 7650000
0.000800 -858.754303 6660000
0.000800 -860.288510 5570000
0.000800 -860.418160 7340000
0.000800 -862.657425 7430000
0.000800 -859.232592 7720000
0.000800 -866.479148 7500000
0.000800 -862.354210 9490000
0.000800 -858.838510 7830000
0.000800 -858.540858 7660000
0.000800 -864.698639 7790000
0.000800 -864.449862 7680000
0.000800 -861.435692 8240000
0.000800 -864.837087 7490000
0.000800 -862.237519 8300000
0.000800 -863.940716 7150000
0.000800 -863.839139 7560000
0.000800 -856.663573 9920000
0.000800 -868.669269 7840000
0.000800 -850.097376 7590000
0.000800 -862.210204 8010000
0.000800 -868.265355 7870000
0.000800 -857.042679 7890000
0.000800 -863.127867 7610000
0.000800 -856.862375 7520000
0.000800 -862.514729 6990000
0.000800 -856.818830 7460000
0.000800 -853.215338 6950000
0.000800 -866.527069 7670000
0.000800 -863.788774 7510000
0.000800 -862.376931 8580000
0.000800 -855.508016 7260000
0.000800 -864.567101 7170000
0.000800 -863.280424 6320000
0.000800 -864.410918 7490000
0.000800 -862.749858 7610000
0.000800 -858.500920 7650000
0.000800 -858.115575 7410000
0.000800 -864.272015 7880000
0.000800 -859.142710 7390000
0.000800 -864.577527 7960000
0.000800 -865.586949 7560000
0.000800 -859.733785 6620000
0.000800 -859.413265 7660000
0.000800 -866.448595 7910000
0.000800 -860.148997 7500000
0.000800 -856.046504 7280000
0.000800 -864.401247 7450000
0.000800 -858.281306 8680000
0.000800 -861.374459 7840000
0.000800 -866.149578 7520000
0.000800 -864.506404 8000000
0.000800 -862.118025 8100000
0.000800 -847.004044 7490000
0.000800 -862.516397 6590000
0.000800 -863.262042 7700000
0.000800 -861.182952 6280000
0.000800 -851.386871 6870000
0.000800 -864.381728 7830000
0.000800 -861.134422 6580000
0.000800 -859.680673 7150000
0.000800 -856.401636 8000000
0.000800 -855.995043 7330000
0.000800 -860.882294 7760000
0.000800 -863.357241 7510000
0.000800 -858.698162 7180000
0.000800 -863.118510 7550000
0.000800 -859.630126 6740000
0.000800 -863.857551 8270000
0.000800 -857.238502 7770000
0.000800 -855.534536 6910000
0.000800 -860.361441 7560000
0.000800 -866.336867 7460000
0.000800 -860.066193 8230000
0.000800 -855.453216 6820000
0.000800 -864.910968 7650000
0.000800 -863.960368 7300000
0.000800 -863.542608 6870000
0.000800 -861.203708 7400000
0.000800 -862.442803 6700000
0.000800 -865.746241 8070000
0.000800 -868.574333 7640000
0.000800 -861.438943 10820000
0.000800 -862.332724 7720000
0.000800 -858.084844 6540000
0.000800 -850.986115 7760000
0.000800 -861.828383 7250000
0.000800 -866.823182 7880000
0.000800 -854.337527 7660000
0.000800 -863.187802 7360000
0.000900 -858.178126 4930000
0.000900 -860.334765 6260000
0.000900 -858.223029 7090000
0.000900 -863.699534 6560000
0.000900 -859.418829 6530000
0.000900 -855.767345 6740000
0.000900 -867.509567 7540000
0.000900 -864.449772 7040000
0.000900 -864.881821 6970000
0.000900 -861.934245 6280000
0.000900 -859.443036 6220000
0.000900 -858.131923 6490000
0.000900 -857.995785 7090000
0.000900 -861.445008 6800000
0.000900 -855.847752 6690000
0.000900 -864.495285 6950000
0.000900 -855.572787 6240000
0.000900 -850.274012 6690000
0.000900 -851.158205 6510000
0.000900 -857.840876 6960000
0.000900 -862.503194 6440000
0.000900 -862.750003 6890000
0.000900 -855.939552 6650000
0.000900 -860.163252 5930000
0.000900 -848.182959 6770000
0.000900 -863.160765 7360000
0.000900 -857.558393 7830000
0.000900 -859.757012 6610000
0.000900 -849.579874 7810000
0.000900 -853.544191 7020000
0.000900 -860.004626 6610000
0.000900 -861.549959 5960000
0.000900 -861.557952 5900000
0.000900 -862.488533 6740000
0.000900 -859.618962 6030000
0.000900 -863.674458 6610000
0.000900 -856.345916 6650000
0.000900 -858.891590 6650000
0.000900 -865.212076 6810000
0.000900 -852.942254 6470000
0.000900 -856.993630 6700000
0.000900 -864.146244 6890000
0.000900 -856.998955 6040000
0.000900 -861.409458 6170000
0.000900 -860.080762 8140000
0.000900 -852.841197 6790000
0.000900 -864.895654 6950000
0.000900 -859.263246 7550000
0.000900 -864.296570 6870000
0.000900 -859.701423 6830000
0.000900 -859.692694 6560000
0.000900 -861.844749 6590000
0.000900 -865.265844 7010000
0.000900 -854.588058 6910000
0.000900 -856.859244 7030000
0.000900 -860.651562 6770000
0.000900 -863.813766 6910000
0.000900 -861.749581 6900000
0.000900 -860.799127 7080000
0.000900 -865.998176 7030000
0.000900 -865.185851 6410000
0.000900 -858.016760 6480000
0.000900 -865.811142 6900000
0.000900 -864.461834 6820000
0.000900 -858.002704 6340000
0.000900 -854.730942 6570000
0.000900 -859.658995 6820000
0.000900 -862.722514 6790000
0.000900 -856.710031 6670000
0.000900 -862.104397 7200000
0.000900 -866.150344 5780000
0.000900 -865.481720 6390000
0.000900 -854.042079 6380000
0.000900 -862.366622 6760000
0.000900 -861.946087 7700000
0.000900 -860.522494 5940000
0.000900 -865.895189 6810000
0.000900 -854.794230 6350000
0.000900 -862.295324 6410000
0.000900 -862.155313 6430000
0.000900 -861.802094 6890000
0.000900 -854.424642 6740000
0.000900 -862.285426 6410000
0.000900 -864.028832 6760000
0.000900 -862.450775 7130000
0.000900 -860.520570 6870000
0.000900 -854.332403 6850000
0.000900 -857.743239 7150000
0.000900 -860.419725 6730000
0.000900 -858.094308 6700000
0.000900 -854.955090 6930000
0.000900 -853.129073 6210000
0.000900 -854.657768 6700000
0.000900 -866.180025 7010000
0.000900 -859.327097 7000000
0.000900 -862.495910 6550000
0.000900 -862.086959 6590000
0.000900 -858.835854 6620000
0.000900 -852.446532 6100000
0.000900 -865.115944 7440000
0.000010 -865.554907 601060000
0.000010 -864.585011 541320000
0.000010 -863.803879 541580000
0.000010 -863.157489 566330000
0.000010 -867.259778 568400000
0.000010 -866.372351 524710000
0.000010 -864.496326 572120000
0.000010 -865.987030 522230000
0.000010 -865.259098 576080000
0.000010 -863.841520 533790000
0.000010 -864.381728 594960000
0.000010 -860.561069 536340000
0.000010 -865.367566 539710000
0.000010 -864.263996 609590000
0.000010 -864.457382 574840000
0.000010 -867.274001 608920000
0.000010 -865.225586 571630000
0.000010 -864.410918 565990000
0.000010 -867.357393 578480000
0.000010 -863.452320 581260000
0.000010 -866.037363 608680000
0.000010 -864.841482 602670000
0.000010 -868.689654 581970000
0.000010 -861.956863 570510000
0.000010 -860.161914 629550000
0.000010 -865.890292 563570000
0.000010 -867.897766 569220000
0.000010 -868.669269 586160000
0.000010 -864.381728 578940000
0.000010 -865.217004 553700000
0.000010 -863.927668 576100000
0.000010 -863.874598 554050000
0.000010 -866.718458 573430000
0.000010 -864.335763 584830000
0.000010 -866.844516 567480000
0.000010 -867.824994 593000000
0.000010 -863.361008 567260000
0.000010 -863.289199 583940000
0.000010 -868.669269 576270000
0.000010 -865.533440 575650000
0.000010 -865.932692 567730000
0.000010 -867.357393 574730000
0.000010 -866.687814 571230000
0.000010 -864.401247 557060000
0.000010 -866.953980 556100000
0.000010 -866.737976 578900000
0.000010 -867.144823 571030000
0.000010 -863.983803 576020000
0.000010 -865.589423 590830000
0.000010 -868.553949 583010000
0.000010 -864.831831 569070000
0.000010 -864.278038 565900000
0.000010 -868.265355 576900000
0.000010 -865.367566 541860000
0.000010 -866.372351 539990000
0.000010 -865.969735 593740000
0.000010 -865.446384 593410000
0.000010 -863.548814 552280000
0.000010 -867.407858 577750000
0.000010 -863.041186 701460000
0.000010 -864.939230 562350000
0.000010 -864.728519 605180000
0.000010 -868.689654 600960000
0.000010 -865.057643 532630000
0.000010 -866.704702 587450000
0.000010 -866.737976 605370000
0.000010 -864.781407 580140000
0.000010 -866.443287 571590000
0.000010 -861.538253 562270000
0.000010 -862.577354 574500000
0.000010 -863.329481 573430000
0.000010 -867.357393 573530000
0.000010 -867.824994 577920000
0.000010 -868.689654 582140000
0.000010 -867.602220 582720000
0.000010 -863.489064 568710000
0.000010 -867.029502 567830000
0.000010 -868.669269 579250000
0.000010 -863.323454 557950000
0.000010 -864.415499 524540000
0.000010 -866.758361 579750000
0.000010 -863.575126 548880000
0.000010 -864.976571 543830000
0.000010 -863.496522 530370000
0.000010 -862.992312 659830000
0.000010 -867.451004 613100000
0.000010 -865.722900 590670000
0.000010 -868.689654 589800000
0.000010 -862.105007 575640000
0.000010 -862.685332 563460000
0.000010 -866.698074 583470000
0.000010 -864.410918 571190000
0.000010 -863.716464 563120000
0.000010 -864.340554 569840000
0.000010 -864.384379 572020000
0.000010 -868.689654 599690000
0.000010 -864.362303 573310000
0.000010 -862.863540 575050000
0.000010 -868.689654 586120000
0.000010 -865.481720 551230000
0.000020 -864.430842 291050000
0.000020 -865.481720 272470000
0.000020 -863.213025 292660000
0.000020 -866.191191 271380000
0.000020 -864.432175 269680000
0.000020 -863.447529 277770000
0.000020 -866.824131 288780000
0.000020 -855.179047 288390000
0.000020 -864.123734 306370000
0.000020 -862.815916 270510000
0.000020 -864.039362 269310000
0.000020 -864.296570 281850000
0.000020 -866.865248 305430000
0.000020 -865.860360 305060000
0.000020 -861.394038 297550000
0.000020 -865.968176 275260000
0.000020 -868.265355 286200000
0.000020 -864.430842 285640000
0.000020 -867.274001 303570000
0.000020 -866.126746 275890000
0.000020 -864.296570 287740000
0.000020 -864.441382 275130000
0.000020 -864.367094 288430000
0.000020 -867.824994 291700000
0.000020 -862.845408 287820000
0.000020 -868.669269 294210000
0.000020 -863.643023 289080000
0.000020 -862.928280 279020000
0.000020 -867.321532 281720000
0.000020 -863.867554 281850000
0.000020 -865.551539 272400000
0.000020 -864.532735 284620000
0.000020 -867.144823 289120000
0.000020 -864.690218 270740000
0.000020 -867.274001 300920000
0.000020 -865.450423 325100000
0.000020 -862.815916 280140000
0.000020 -868.689654 289630000
0.000020 -868.689654 295270000
0.000020 -867.824994 295550000
0.000020 -865.252126 281840000
0.000020 -863.262292 280820000
0.000020 -863.124541 289770000
0.000020 -864.362303 291180000
0.000020 -865.722900 301950000
0.000020 -866.331745 277120000
0.000020 -864.381728 292150000
0.000020 -868.689654 294070000
0.000020 -868.689654 289870000
0.000020 -864.545350 300580000
0.000020 -863.575126 238050000
0.000020 -864.343879 269390000
0.000020 -865.860360 302020000
0.000020 -866.857490 289130000
0.000020 -865.252126 278840000
0.000020 -866.214795 287710000
0.000020 -864.197380 286350000
0.000020 -868.265355 285170000
0.000020 -863.927668 291810000
0.000020 -867.337009 292830000
0.000020 -867.616715 295180000
0.000020 -865.269464 273110000
0.000020 -866.953980 297970000
0.000020 -863.109436 283350000
0.000020 -866.091612 249710000
0.000020 -863.989736 292760000
0.000020 -861.367899 300750000
0.000020 -862.705895 294720000
0.000020 -867.451004 307700000
0.000020 -865.665056 267250000
0.000020 -863.186965 277900000
0.000020 -864.248115 298210000
0.000020 -866.155465 289760000
0.000020 -862.713955 272430000
0.000020 -866.737976 288630000
0.000020 -867.824994 293490000
0.000020 -862.599511 284530000
0.000020 -865.085141 298730000
0.000020 -863.170436 354650000
0.000020 -865.544446 277240000
0.000020 -864.926701 284530000
0.000020 -867.321532 293460000
0.000020 -866.367230 259320000
0.000020 -861.689836 292730000
0.000020 -867.337009 298620000
0.000020 -863.279203 280270000
0.000020 -866.464073 305920000
0.000020 -868.689654 298720000
0.000020 -862.803935 290650000
0.000020 -865.367566 270490000
0.000020 -862.593852 283370000
0.000020 -862.567214 281690000
0.000020 -864.810669 306300000
0.000020 -863.803407 270810000
0.000020 -864.384379 293300000
0.000020 -865.746241 302410000
0.000020 -864.296570 295020000
0.000020 -863.803407 258630000
0.000020 -864.837298 274790000
0.000020 -862.377667 264000000
0.000030 -867.226595 198040000
0.000030 -863.740962 179020000
0.000030 -863.207085 188600000
0.000030 -862.158577 198210000
0.000030 -862.821364 183750000
0.000030 -865.225586 186880000
0.000030 -868.689654 194830000
0.000030 -867.451004 207850000
0.000030 -867.451004 200940000
0.000030 -868.244970 199230000
0.000030 -864.335763 198050000
0.000030 -864.296570 196470000
0.000030 -867.274001 201560000
0.000030 -864.204553 201280000
0.000030 -863.326187 233110000
0.000030 -865.741303 181390000
0.000030 -862.423652 182800000
0.000030 -865.481720 190720000
0.000030 -868.244970 199160000
0.000030 -863.932459 192670000
0.000030 -866.150344 191870000
0.000030 -861.085332 231460000
0.000030 -867.602220 194930000
0.000030 -867.451004 209220000
0.000030 -866.476236 189330000
0.000030 -863.157489 187360000
0.000030 -866.037363 193260000
0.000030 -868.669269 188910000
0.000030 -863.141476 189050000
0.000030 -862.729967 192050000
0.000030 -867.337009 190060000
0.000030 -862.918791 192410000
0.000030 -864.482700 202850000
0.000030 -864.310958 192120000
0.000030 -866.718458 199780000
0.000030 -863.837878 191730000
0.000030 -864.844053 189020000
0.000030 -867.357393 193950000
0.000030 -866.953980 196730000
0.000030 -864.111909 195340000
0.000030 -866.106558 179340000
0.000030 -864.296570 192020000
0.000030 -866.118187 189900000
0.000030 -863.019148 192350000
0.000030 -866.796731 199160000
0.000030 -857.839685 181460000
0.000030 -864.602223 185110000
0.000030 -864.926701 189810000
0.000030 -866.547453 194940000
0.000030 -866.448595 195540000
0.000030 -863.927668 192120000
0.000030 -866.037363 207610000
0.000030 -865.386880 222210000
0.000030 -864.496326 194730000
0.000030 -864.555487 196150000
0.000030 -868.669269 201230000
0.000030 -864.384379 189820000
0.000030 -865.862009 178470000
0.000030 -863.634344 188620000
0.000030 -860.901877 206300000
0.000030 -862.417074 234860000
0.000030 -863.893515 193460000
0.000030 -864.532735 185610000
0.000030 -866.865248 196450000
0.000030 -865.972270 182400000
0.000030 -862.644969 193320000
0.000030 -860.983515 202980000
0.000030 -866.002626 202980000
0.000030 -860.711513 184430000
0.000030 -862.737595 191240000
0.000030 -864.367094 191290000
0.000030 -867.341916 189000000
0.000030 -864.669033 185610000
0.000030 -865.265634 184570000
0.000030 -864.737738 179180000
0.000030 -868.689654 192010000
0.000030 -866.708199 183530000
0.000030 -868.689654 194770000
0.000030 -863.957264 196160000
0.000030 -865.473722 186410000
0.000030 -862.881070 195100000
0.000030 -863.323454 178080000
0.000030 -866.597010 173170000
0.000030 -866.953980 197840000
0.000030 -866.072823 194990000
0.000030 -864.296570 189520000
0.000030 -864.066521 190730000
0.000030 -865.028633 189190000
0.000030 -867.341916 196950000
0.000030 -865.318935 192360000
0.000030 -866.336867 192730000
0.000030 -863.862185 192750000
0.000030 -866.463671 200170000
0.000030 -867.274001 198460000
0.000030 -863.893515 198100000
0.000030 -861.954005 203560000
0.000030 -865.225945 162590000
0.000030 -864.429166 192480000
0.000030 -863.131279 181090000
0.000030 -865.332018 193520000
0.000040 -866.336867 142240000
0.000040 -868.689654 146940000
0.000040 -865.844883 145170000
0.000040 -867.897766 146610000
0.000040 -866.823182 150240000
0.000040 -865.225586 145250000
0.000040 -866.547453 145870000
0.000040 -863.213025 145990000
0.000040 -866.185828 141640000
0.000040 -864.912067 139030000
0.000040 -866.566794 105720000
0.000040 -862.882800 145580000
0.000040 -863.224966 127990000
0.000040 -864.410918 144440000
0.000040 -864.377322 126360000
0.000040 -864.381728 137700000
0.000040 -856.734743 181740000
0.000040 -863.837380 144240000
0.000040 -863.376584 152790000
0.000040 -859.418829 146260000
0.000040 -865.297177 131200000
0.000040 -864.381728 146530000
0.000040 -867.824994 145520000
0.000040 -868.689654 143270000
0.000040 -863.115688 147280000
0.000040 -862.086959 151770000
0.000040 -864.581716 136920000
0.000040 -867.321532 147490000
0.000040 -866.593866 142080000
0.000040 -862.877651 139590000
0.000040 -865.862009 137330000
0.000040 -862.857224 142730000
0.000040 -866.581263 145730000
0.000040 -868.669269 149080000
0.000040 -863.144107 149040000
0.000040 -861.854118 147610000
0.000040 -862.037923 145520000
0.000040 -856.380956 135670000
0.000040 -863.984371 142270000
0.000040 -866.688014 146650000
0.000040 -864.265696 151950000
0.000040 -868.689654 147410000
0.000040 -866.776346 142570000
0.000040 -863.304514 144250000
0.000040 -865.318935 147010000
0.000040 -862.045394 146160000
0.000040 -864.575684 143960000
0.000040 -858.521681 134840000
0.000040 -866.477197 142930000
0.000040 -864.482700 146380000
0.000040 -862.861782 145290000
0.000040 -867.824994 150400000
0.000040 -864.701380 154270000
0.000040 -866.776346 146110000
0.000040 -864.317795 144110000
0.000040 -865.355246 149980000
0.000040 -863.313712 141110000
0.000040 -863.888127 142970000
0.000040 -864.110854 148570000
0.000040 -860.776894 177930000
0.000040 -865.950546 146460000
0.000040 -862.207611 142670000
0.000040 -867.439513 153570000
0.000040 -861.716615 134840000
0.000040 -864.831818 142480000
0.000040 -863.860005 143550000
0.000040 -865.876788 162420000
0.000040 -862.746939 186800000
0.000040 -868.689654 142350000
0.000040 -867.824994 147380000
0.000040 -866.153671 140660000
0.000040 -862.498863 152380000
0.000040 -860.727160 177390000
0.000040 -863.323454 151380000
0.000040 -866.776346 138730000
0.000040 -867.451004 151880000
0.000040 -864.245475 145850000
0.000040 -863.145889 148190000
0.000040 -864.701380 155410000
0.000040 -868.689654 150930000
0.000040 -863.542608 147020000
0.000040 -863.021666 139690000
0.000040 -866.823182 151530000
0.000040 -864.381728 148360000
0.000040 -863.844253 141320000
0.000040 -865.252126 142550000
0.000040 -863.542608 146390000
0.000040 -867.087731 146770000
0.000040 -866.737976 147290000
0.000040 -864.185765 133550000
0.000040 -863.783853 139880000
0.000040 -865.479210 139460000
0.000040 -867.897766 141990000
0.000040 -863.277378 143390000
0.000040 -863.213670 147010000
0.000040 -865.844883 144190000
0.000040 -859.050603 135440000
0.000040 -863.593719 183530000
0.000040 -864.912067 145740000
0.000040 -862.707474 150200000
0.000050 -862.430868 110030000
0.000050 -865.617626 127820000
0.000050 -867.042251 125420000
0.000050 -862.463683 118700000
0.000050 -864.701980 122970000
0.000050 -865.986251 116500000
0.000050 -863.771897 114260000
0.000050 -862.968013 113960000
0.000050 -864.430842 115190000
0.000050 -861.616679 97960000
0.000050 -866.186960 121690000
0.000050 -864.041437 117360000
0.000050 -858.941751 128670000
0.000050 -864.837298 113930000
0.000050 -862.898912 115620000
0.000050 -860.601619 115360000
0.000050 -861.817899 121780000
0.000050 -861.367830 108650000
0.000050 -863.213025 113840000
0.000050 -863.896987 105360000
0.000050 -862.934285 116220000
0.000050 -864.296570 114570000
0.000050 -863.183213 110480000
0.000050 -864.110854 119290000
0.000050 -866.144456 107640000
0.000050 -864.381728 116580000
0.000050 -863.558585 114070000
0.000050 -867.274001 119520000
0.000050 -861.146533 116690000
0.000050 -867.335086 116610000
0.000050 -866.190949 115810000
0.000050 -868.689654 121420000
0.000050 -866.164152 123520000
0.000050 -864.430842 117690000
0.000050 -866.118144 106730000
0.000050 -864.324393 124450000
0.000050 -860.480877 113110000
0.000050 -860.721884 117160000
0.000050 -864.926701 116710000
0.000050 -862.935982 117650000
0.000050 -861.824829 114340000
0.000050 -863.213025 117380000
0.000050 -863.520551 111660000
0.000050 -863.848503 124530000
0.000050 -865.217004 108180000
0.000050 -864.937802 117720000
0.000050 -857.622163 118720000
0.000050 -863.344949 122660000
0.000050 -865.929383 113430000
0.000050 -868.265355 115440000
0.000050 -861.906559 140330000
0.000050 -865.665056 109890000
0.000050 -868.689654 123140000
0.000050 -862.687791 109090000
0.000050 -862.962218 115300000
0.000050 -864.696259 123320000
0.000050 -867.321532 113840000
0.000050 -859.281602 122040000
0.000050 -867.357393 114990000
0.000050 -866.448595 119580000
0.000050 -862.733168 102020000
0.000050 -865.671334 119560000
0.000050 -864.384379 114580000
0.000050 -852.457370 108300000
0.000050 -865.481720 113370000
0.000050 -866.190949 111250000
0.000050 -863.950974 110670000
0.000050 -863.837380 120200000
0.000050 -862.340082 112410000
0.000050 -865.254312 109910000
0.000050 -866.002626 120160000
0.000050 -866.372351 107150000
0.000050 -861.438943 140620000
0.000050 -867.897766 115690000
0.000050 -867.897766 119600000
0.000050 -865.287126 108190000
0.000050 -867.153176 120980000
0.000050 -868.689654 116190000
0.000050 -865.931005 111570000
0.000050 -864.193401 111990000
0.000050 -864.457382 116620000
0.000050 -863.213025 115670000
0.000050 -861.498229 119120000
0.000050 -865.224395 116670000
0.000050 -864.433430 108750000
0.000050 -867.112313 117380000
0.000050 -864.310958 117930000
0.000050 -864.422996 110280000
0.000050 -863.120437 136300000
0.000050 -863.115342 124100000
0.000050 -864.477579 121560000
0.000050 -860.113184 114450000
0.000050 -865.768351 107920000
0.000050 -863.671500 119080000
0.000050 -866.555993 117740000
0.000050 -863.824849 111590000
0.000050 -865.252126 115200000
0.000050 -863.943312 111950000
0.000050 -866.091612 117050000
0.000050 -856.415333 113970000
0.000060 -865.617626 103510000
0.000060 -862.420032 92430000
0.000060 -867.274001 101930000
0.000060 -862.834132 104700000
0.000060 -859.188704 92620000
0.000060 -865.384785 90060000
0.000060 -863.445692 95690000
0.000060 -863.771903 78740000
0.000060 -863.661204 95540000
0.000060 -863.609416 95040000
0.000060 -863.866976 98870000
0.000060 -864.317795 76670000
0.000060 -863.485402 96280000
0.000060 -862.703549 119760000
0.000060 -867.274001 102560000
0.000060 -857.670594 82220000
0.000060 -865.924202 92570000
0.000060 -864.335763 99150000
0.000060 -862.518894 94170000
0.000060 -862.954423 89090000
0.000060 -861.799467 97450000
0.000060 -864.381728 97830000
0.000060 -865.876963 88980000
0.000060 -859.733861 107140000
0.000060 -864.432607 96090000
0.000060 -861.571234 90650000
0.000060 -862.627554 102090000
0.000060 -866.372351 91500000
0.000060 -866.155465 98880000
0.000060 -858.826387 91750000
0.000060 -864.228512 100870000
0.000060 -864.401247 98290000
0.000060 -866.396271 79350000
0.000060 -864.461978 97820000
0.000060 -864.926701 95860000
0.000060 -863.565835 90670000
0.000060 -864.381728 95680000
0.000060 -866.153671 96600000
0.000060 -864.272015 95530000
0.000060 -864.602223 97500000
0.000060 -863.983803 97610000
0.000060 -863.352331 97640000
0.000060 -868.689654 73840000
0.000060 -864.134377 93540000
0.000060 -852.514490 96740000
0.000060 -864.910773 97310000
0.000060 -863.867554 93980000
0.000060 -862.884975 97610000
0.000060 -864.781407 99780000
0.000060 -863.893515 102750000
0.000060 -864.770107 94780000
0.000060 -853.804948 94570000
0.000060 -867.451004 106890000
0.000060 -864.344334 95980000
0.000060 -867.042251 103750000
0.000060 -868.689654 93780000
0.000060 -864.806170 95880000
0.000060 -864.430842 97710000
0.000060 -858.454139 91780000
0.000060 -865.722900 100080000
0.000060 -856.184164 98780000
0.000060 -864.850511 87640000
0.000060 -863.207085 81940000
0.000060 -866.857490 100280000
0.000060 -864.615560 100800000
0.000060 -866.265463 100720000
0.000060 -860.988364 98780000
0.000060 -866.479148 97430000
0.000060 -867.451004 105460000
0.000060 -860.876494 96990000
0.000060 -868.150034 97970000
0.000060 -864.567101 95580000
0.000060 -857.977146 98390000
0.000060 -859.786301 90270000
0.000060 -858.983254 100240000
0.000060 -866.047928 100240000
0.000060 -862.910581 91650000
0.000060 -865.860360 97700000
0.000060 -866.438386 73200000
0.000060 -862.511871 97570000
0.000060 -867.042251 106470000
0.000060 -862.862266 90000000
0.000060 -863.118548 95920000
0.000060 -863.888724 96790000
0.000060 -864.574624 91450000
0.000060 -861.920250 104610000
0.000060 -866.367230 95570000
0.000060 -867.824994 97090000
0.000060 -864.949062 94130000
0.000060 -868.669269 98500000
0.000060 -862.932071 99630000
0.000060 -866.114094 100340000
0.000060 -864.000800 89090000
0.000060 -856.982808 94840000
0.000060 -864.131647 98560000
0.000060 -864.384379 96800000
0.000060 -863.152698 99180000
0.000060 -863.042712 95860000
0.000060 -864.150643 90670000
0.000060 -863.697280 100050000
0.000070 -864.637637 83220000
0.000070 -862.628215 85900000
0.000070 -864.834929 88980000
0.000070 -865.927570 84270000
0.000070 -865.877469 84320000
0.000070 -867.337009 83830000
0.000070 -867.335086 86830000
0.000070 -867.357393 83310000
0.000070 -863.984371 77440000
0.000070 -863.208836 81650000
0.000070 -865.265844 82200000
0.000070 -864.367094 85360000
0.000070 -867.451004 87760000
0.000070 -867.451004 89800000
0.000070 -867.451004 92390000
0.000070 -861.781417 86520000
0.000070 -864.381728 85910000
0.000070 -865.440623 87170000
0.000070 -866.168233 84570000
0.000070 -862.701147 82300000
0.000070 -863.575126 83010000
0.000070 -863.575126 79330000
0.000070 -858.582662 93040000
0.000070 -861.897444 79960000
0.000070 -865.369363 86870000
0.000070 -861.032349 86950000
0.000070 -863.383071 76860000
0.000070 -864.046426 83460000
0.000070 -863.912951 78360000
0.000070 -867.451004 89210000
0.000070 -862.665563 101570000
0.000070 -863.881008 82900000
0.000070 -859.846208 82790000
0.000070 -864.615159 84540000
0.000070 -864.270318 64090000
0.000070 -862.542397 84980000
0.000070 -864.284180 85910000
0.000070 -863.575126 85490000
0.000070 -863.007789 95110000
0.000070 -864.831818 82230000
0.000070 -867.602220 86140000
0.000070 -863.837380 84540000
0.000070 -861.517438 98980000
0.000070 -861.459327 100700000
0.000070 -862.637079 83540000
0.000070 -865.900135 81840000
0.000070 -864.381728 82320000
0.000070 -866.164575 85730000
0.000070 -864.384379 79870000
0.000070 -858.176652 86990000
0.000070 -863.000869 80870000
0.000070 -865.961864 82130000
0.000070 -859.250843 83820000
0.000070 -862.890746 82380000
0.000070 -868.244970 82580000
0.000070 -867.451004 89470000
0.000070 -862.931939 81560000
0.000070 -865.860360 86630000
0.000070 -861.814690 78190000
0.000070 -859.654183 100090000
0.000070 -866.448595 88770000
0.000070 -864.410918 71050000
0.000070 -867.337009 83200000
0.000070 -863.779076 81650000
0.000070 -864.457382 80560000
0.000070 -863.186022 86640000
0.000070 -864.496326 84340000
0.000070 -865.895414 81080000
0.000070 -864.276798 82170000
0.000070 -866.559376 79220000
0.000070 -862.431288 80970000
0.000070 -867.357393 85550000
0.000070 -867.341916 82680000
0.000070 -865.570591 84360000
0.000070 -868.669269 83590000
0.000070 -864.598617 86770000
0.000070 -863.020361 78520000
0.000070 -862.639340 85890000
0.000070 -858.853987 85460000
0.000070 -864.381728 82510000
0.000070 -864.316263 79690000
0.000070 -863.312239 81520000
0.000070 -863.326187 100690000
0.000070 -864.637637 77660000
0.000070 -862.188455 79260000
0.000070 -864.105639 86960000
0.000070 -859.200844 85040000
0.000070 -863.094209 81990000
0.000070 -864.482136 86770000
0.000070 -866.464073 85500000
0.000070 -864.111909 79400000
0.000070 -862.703333 81270000
0.000070 -862.337854 81910000
0.000070 -861.424871 84330000
0.000070 -863.043529 93170000
0.000070 -861.930151 89580000
0.000070 -861.836333 85120000
0.000070 -866.179629 90800000
0.000070 -861.835937 85060000
0.000070 -862.238488 82520000
0.000080 -865.422705 63540000
0.000080 -867.407858 76110000
0.000080 -862.423012 74750000
0.000080 -863.957264 74060000
0.000080 -862.354210 93690000
0.000080 -863.864576 71840000
0.000080 -866.781254 71030000
0.000080 -863.120437 88320000
0.000080 -864.362303 74210000
0.000080 -864.113913 67600000
0.000080 -863.168332 76060000
0.000080 -863.862185 73610000
0.000080 -866.150344 72990000
0.000080 -864.410918 74980000
0.000080 -867.451004 78380000
0.000080 -867.602220 72880000
0.000080 -857.500761 73500000
0.000080 -862.112820 67960000
0.000080 -867.335086 74360000
0.000080 -865.888549 70800000
0.000080 -862.176310 77270000
0.000080 -863.517049 73740000
0.000080 -865.749496 69510000
0.000080 -865.093480 76280000
0.000080 -864.046559 73840000
0.000080 -861.295156 71650000
0.000080 -866.411884 71320000
0.000080 -858.747691 79970000
0.000080 -864.022747 73070000
0.000080 -864.430842 73470000
0.000080 -867.451004 79480000
0.000080 -867.112313 74020000
0.000080 -860.345917 70380000
0.000080 -865.325417 74900000
0.000080 -865.344758 76220000
0.000080 -866.155465 73920000
0.000080 -868.244970 74460000
0.000080 -864.496326 74170000
0.000080 -868.244970 72990000
0.000080 -861.175743 69360000
0.000080 -857.732238 67850000
0.000080 -864.244572 72820000
0.000080 -868.669269 72190000
0.000080 -866.114094 72440000
0.000080 -860.473491 88130000
0.000080 -861.781753 74350000
0.000080 -866.865248 68420000
0.000080 -861.456878 72640000
0.000080 -866.479148 73720000
0.000080 -864.575684 69260000
0.000080 -866.156964 72100000
0.000080 -862.549294 65870000
0.000080 -867.357393 76150000
0.000080 -864.737738 69290000
0.000080 -866.144456 71440000
0.000080 -865.805438 74620000
0.000080 -862.819819 72860000
0.000080 -861.608353 69250000
0.000080 -865.179250 75480000
0.000080 -866.168233 76850000
0.000080 -866.113066 73110000
0.000080 -864.296570 72360000
0.000080 -866.132671 72850000
0.000080 -868.689654 72320000
0.000080 -860.085252 70180000
0.000080 -863.408813 76690000
0.000080 -863.326187 88950000
0.000080 -867.451004 79120000
0.000080 -863.603327 73660000
0.000080 -866.808654 72060000
0.000080 -866.983559 74890000
0.000080 -864.430842 72370000
0.000080 -867.177921 51110000
0.000080 -862.935181 71980000
0.000080 -859.434306 70250000
0.000080 -861.442245 78940000
0.000080 -863.938201 70410000
0.000080 -865.716123 73630000
0.000080 -864.335763 72270000
0.000080 -865.274061 66200000
0.000080 -860.660607 83020000
0.000080 -860.727644 75890000
0.000080 -867.112313 76550000
0.000080 -862.946154 69030000
0.000080 -862.613776 90440000
0.000080 -863.357241 74520000
0.000080 -863.923948 72700000
0.000080 -862.260643 72440000
0.000080 -863.157489 70250000
0.000080 -864.406853 79330000
0.000080 -861.773560 69990000
0.000080 -864.837298 73100000
0.000080 -858.988823 70760000
0.000080 -860.684377 68850000
0.000080 -868.669269 66270000
0.000080 -865.943284 75650000
0.000080 -864.496326 72320000
0.000080 -862.962218 62860000
0.000080 -860.489114 70080000
0.000080 -864.795452 73260000
0.000090 -867.274001 66110000
0.000090 -865.967148 64450000
0.000090 -866.331745 64000000
0.000090 -865.860360 67780000
0.000090 -865.966472 67260000
0.000090 -866.118187 63130000
0.000090 -864.384379 64590000
0.000090 -866.547453 66960000
0.000090 -864.430842 65890000
0.000090 -866.464073 64120000
0.000090 -865.446384 67050000
0.000090 -862.039519 64430000
0.000090 -863.634344 61240000
0.000090 -855.823164 80710000
0.000090 -863.829946 60980000
0.000090 -863.782538 71670000
0.000090 -864.567101 58640000
0.000090 -863.452320 65560000
0.000090 -866.953980 66680000
0.000090 -864.770107 62310000
0.000090 -866.190949 60550000
0.000090 -865.252126 61950000
0.000090 -862.851196 63220000
0.000090 -863.607687 58680000
0.000090 -865.925777 60190000
0.000090 -868.669269 66090000
0.000090 -863.447529 66300000
0.000090 -863.837380 63070000
0.000090 -864.344334 61980000
0.000090 -864.869679 68230000
0.000090 -862.784049 64750000
0.000090 -864.346684 64110000
0.000090 -863.083761 53810000
0.000090 -864.296570 64580000
0.000090 -864.029212 61900000
0.000090 -862.685534 70440000
0.000090 -864.837298 65470000
0.000090 -864.504893 65500000
0.000090 -856.371059 51640000
0.000090 -864.585586 65970000
0.000090 -862.683174 63800000
0.000090 -868.669269 61840000
0.000090 -865.039058 65120000
0.000090 -863.120437 78830000
0.000090 -867.824994 66670000
0.000090 -865.178682 61060000
0.000090 -861.222792 73650000
0.000090 -862.408529 63520000
0.000090 -866.273775 65640000
0.000090 -863.185981 63020000
0.000090 -861.841569 65370000
0.000090 -864.457382 64770000
0.000090 -864.784130 69030000
0.000090 -859.686998 64120000
0.000090 -863.429198 67250000
0.000090 -862.427477 64210000
0.000090 -859.285152 63890000
0.000090 -868.689654 68620000
0.000090 -862.323969 63790000
0.000090 -864.969282 63550000
0.000090 -864.235767 62330000
0.000090 -863.380068 69630000
0.000090 -864.758563 63570000
0.000090 -863.089631 64520000
0.000090 -863.798436 64700000
0.000090 -864.310958 63390000
0.000090 -866.687814 58510000
0.000090 -862.404442 65210000
0.000090 -857.643417 64760000
0.000090 -865.927570 66790000
0.000090 -855.679419 65510000
0.000090 -863.281451 63420000
0.000090 -866.331745 65810000
0.000090 -862.701792 64010000
0.000090 -864.406038 63480000
0.000090 -867.824994 67100000
0.000090 -861.161164 62120000
0.000090 -867.274001 68820000
0.000090 -864.969282 65220000
0.000090 -863.906179 67380000
0.000090 -859.434306 67860000
0.000090 -866.214795 69380000
0.000090 -864.111909 54480000
0.000090 -862.895537 81440000
0.000090 -860.514164 67270000
0.000090 -865.246095 68130000
0.000090 -864.381728 66450000
0.000090 -862.052645 64970000
0.000090 -863.273298 63180000
0.000090 -863.758311 64980000
0.000090 -858.686535 61520000
0.000090 -861.409581 77220000
0.000090 -866.953980 63970000
0.000090 -864.138437 65360000
0.000090 -864.955712 65460000
0.000090 -864.381728 67930000
0.000090 -862.578046 65140000
0.000090 -864.831818 67780000
0.000090 -865.860360 66220000
0.000090 -857.868298 68910000
0.000001 -865.252126 5393760000
0.000001 -865.274061 5352080000
0.000001 -868.669269 5745100000
0.000001 -865.589423 5685050000
0.000001 -865.981909 5062250000
0.000001 -866.367230 5104600000
0.000001 -864.296570 5603700000
0.000001 -864.193106 5509310000
0.000001 -867.824994 5734280000
0.000001 -865.876963 5227850000
0.000001 -867.042251 5891980000
0.000001 -860.565007 5505800000
0.000001 -867.337009 5683550000
0.000001 -867.897766 5765320000
0.000001 -864.837298 5524660000
0.000001 -868.689654 5834610000
0.000001 -867.341916 5713100000
0.000001 -868.689654 5891230000
0.000001 -867.897766 5451740000
0.000001 -864.296570 5764300000
0.000001 -863.067995 5539720000
0.000001 -868.669269 5750750000
0.000001 -865.473722 5347330000
0.000001 -867.357393 5633480000
0.000001 -868.669269 5762430000
0.000001 -868.669269 5690730000
0.000001 -867.400694 5433850000
0.000001 -865.554907 5649410000
0.000001 -868.689654 5720340000
0.000001 -867.357393 5760010000
0.000001 -868.689654 5824000000
0.000001 -868.669269 5666260000
0.000001 -867.357393 5681910000
0.000001 -863.028051 6207950000
0.000001 -863.798436 5821930000
0.000001 -864.406038 5617800000
0.000001 -864.837298 5452720000
0.000001 -868.689654 5758070000
0.000001 -864.238674 5723980000
0.000001 -866.938503 5533500000
0.000001 -868.689654 5081860000
0.000001 -868.689654 5776450000
0.000001 -866.336867 5335440000
0.000001 -867.602220 5737990000
0.000001 -868.689654 5886230000
0.000001 -868.689654 5308000000
0.000001 -868.669269 5762470000
0.000001 -864.406038 5695450000
0.000001 -866.704702 5639230000
0.000001 -864.346684 5669260000
0.000001 -866.796731 5684910000
0.000001 -867.108116 5736760000
0.000001 -868.553949 5751650000
0.000001 -868.689654 5802030000
0.000001 -865.644310 5536620000
0.000001 -868.669269 5730910000
0.000001 -864.837298 5482920000
0.000001 -868.689654 5847370000
0.000001 -866.760869 5518580000
0.000001 -868.689654 5710220000
0.000001 -867.897766 5714780000
0.000001 -867.357393 5675820000
0.000001 -866.106558 5306060000
0.000001 -864.296570 5672080000
0.000001 -863.983803 5759780000
0.000001 -864.276798 5320440000
0.000001 -864.245475 5484740000
0.000001 -868.689654 5730850000
0.000001 -864.449862 5538190000
0.000001 -868.669269 5723740000
0.000001 -867.341916 5732210000
0.000001 -868.689654 5703140000
0.000001 -868.244970 5478680000
0.000001 -868.669269 5831610000
0.000001 -865.966472 5734000000
0.000001 -866.796731 5658340000
0.000001 -864.502860 5615790000
0.000001 -866.179629 5970240000
0.000001 -868.574333 5777480000
0.000001 -866.118144 5262030000
0.000001 -866.781254 5663830000
0.000001 -868.669269 5677520000
0.000001 -867.451004 6069980000
0.000001 -867.451004 5820660000
0.000001 -866.938503 5808950000
0.000001 -867.357393 5714230000
0.000001 -868.689654 5707760000
0.000001 -866.190949 5396950000
0.000001 -868.689654 5759850000
0.000001 -868.689654 5744850000
0.000001 -868.669269 5762400000
0.000001 -864.362303 5653800000
0.000001 -864.401247 5731100000
0.000001 -868.689654 5902150000
0.000001 -868.689654 5778040000
0.000001 -865.943195 5367300000
0.000001 -868.669269 5685200000
0.000001 -867.357393 5774300000
0.000001 -867.357393 5691180000
0.000001 -868.689654 5673970000
0.000002 -866.992795 2844470000
0.000002 -866.708811 2780290000
0.000002 -864.819132 3032970000
0.000002 -866.336867 2644420000
0.000002 -864.272015 2932990000
0.000002 -868.265355 2809720000
0.000002 -867.274001 2887060000
0.000002 -865.217004 2701830000
0.000002 -864.362303 2863270000
0.000002 -868.689654 2831520000
0.000002 -866.037363 3047160000
0.000002 -867.824994 2532880000
0.000002 -867.072254 2855180000
0.000002 -864.272015 2891610000
0.000002 -867.451004 3047870000
0.000002 -865.932692 2684810000
0.000002 -868.689654 2902930000
0.000002 -866.443287 2793930000
0.000002 -867.092638 2819810000
0.000002 -867.897766 2784270000
0.000002 -864.819132 3005180000
0.000002 -863.247777 2837450000
0.000002 -867.451004 3103870000
0.000002 -865.920115 2784970000
0.000002 -868.689654 2860200000
0.000002 -867.042251 3027650000
0.000002 -866.593866 2883400000
0.000002 -866.335038 2868680000
0.000002 -862.665707 2892130000
0.000002 -864.410918 2769700000
0.000002 -860.661292 2993360000
0.000002 -866.757495 2770250000
0.000002 -864.193393 2882400000
0.000002 -864.381728 2905640000
0.000002 -865.265844 2916950000
0.000002 -868.669269 2892890000
0.000002 -867.824994 2812220000
0.000002 -864.449862 2860480000
0.000002 -867.451004 3010990000
0.000002 -864.381728 2868680000
0.000002 -866.720524 2708790000
0.000002 -867.087731 2938120000
0.000002 -864.296570 2788420000
0.000002 -865.365092 2536920000
0.000002 -864.621284 3071690000
0.000002 -867.274001 2927710000
0.000002 -866.667506 2848950000
0.000002 -866.760869 2820670000
0.000002 -864.927940 2633470000
0.000002 -864.567101 2681700000
0.000002 -866.185828 2694180000
0.000002 -864.138437 2847260000
0.000002 -864.632117 2908530000
0.000002 -866.358843 2824230000
0.000002 -866.758361 2887670000
0.000002 -868.689654 2873620000
0.000002 -865.644310 2674240000
0.000002 -868.669269 2903230000
0.000002 -866.185828 2688810000
0.000002 -864.384379 2792210000
0.000002 -867.144823 2847140000
0.000002 -864.553750 2788120000
0.000002 -863.472595 2531370000
0.000002 -867.451004 3039470000
0.000002 -864.926701 2681710000
0.000002 -868.689654 2872400000
0.000002 -864.296570 2870040000
0.000002 -867.321532 2859830000
0.000002 -867.616715 2892260000
0.000002 -867.897766 2928400000
0.000002 -868.574333 2842470000
0.000002 -864.335763 2885390000
0.000002 -868.669269 2816860000
0.000002 -868.689654 2850580000
0.000002 -868.689654 2847870000
0.000002 -866.796731 2872050000
0.000002 -865.481720 2727130000
0.000002 -868.689654 2891480000
0.000002 -865.217004 2760780000
0.000002 -866.622656 2844920000
0.000002 -863.983803 2700000000
0.000002 -866.464073 2922680000
0.000002 -866.844516 2788110000
0.000002 -868.669269 2805740000
0.000002 -865.954862 2633960000
0.000002 -868.669269 2852720000
0.000002 -866.757495 2904690000
0.000002 -864.575684 2747380000
0.000002 -864.635748 2647050000
0.000002 -865.707423 2793670000
0.000002 -868.689654 2865650000
0.000002 -867.112313 2995380000
0.000002 -866.953980 2792740000
0.000002 -865.987149 2938580000
0.000002 -868.669269 2927310000
0.000002 -864.138437 2873240000
0.000002 -863.319640 3005720000
0.000002 -864.362303 2862840000
0.000002 -861.833654 2966990000
0.000002 -868.689654 2910740000
0.000003 -863.798436 1926530000
0.000003 -862.639685 1837430000
0.000003 -864.296570 1904740000
0.000003 -863.326187 2073780000
0.000003 -867.337009 1880840000
0.000003 -866.263906 1891350000
0.000003 -867.321532 1947160000
0.000003 -867.341916 1913850000
0.000003 -866.333196 1835740000
0.000003 -864.406038 1929650000
0.000003 -865.318935 1871820000
0.000003 -868.689654 1955370000
0.000003 -868.669269 1930710000
0.000003 -866.865248 1966380000
0.000003 -868.574333 1906030000
0.000003 -862.727312 2331260000
0.000003 -867.897766 1895080000
0.000003 -868.689654 1976590000
0.000003 -864.457382 1903880000
0.000003 -862.726028 2170850000
0.000003 -866.938503 1834990000
0.000003 -867.335086 1955370000
0.000003 -868.669269 1820980000
0.000003 -863.207085 1910400000
0.000003 -864.422160 1935630000
0.000003 -863.007789 2236390000
0.000003 -868.689654 1949370000
0.000003 -865.521518 1915710000
0.000003 -867.897766 1926000000
0.000003 -862.329696 1884260000
0.000003 -868.244970 1836580000
0.000003 -863.489968 1941870000
0.000003 -867.824994 1984680000
0.000003 -868.689654 1972490000
0.000003 -868.689654 1898330000
0.000003 -867.108116 1954450000
0.000003 -865.953660 1943490000
0.000003 -868.669269 1897680000
0.000003 -867.341916 1903040000
0.000003 -868.689654 1919130000
0.000003 -867.087731 1935350000
0.000003 -867.824994 1943570000
0.000003 -864.406038 1934180000
0.000003 -864.496326 1833340000
0.000003 -865.995670 1886620000
0.000003 -868.689654 1928230000
0.000003 -866.865248 2004340000
0.000003 -868.689654 1930280000
0.000003 -864.296570 1868150000
0.000003 -868.669269 1896210000
0.000003 -867.451004 1993300000
0.000003 -867.042251 2047430000
0.000003 -865.881689 1940290000
0.000003 -867.092638 1913840000
0.000003 -867.087731 1680060000
0.000003 -864.296570 1692800000
0.000003 -862.404442 1888200000
0.000003 -863.207085 1912760000
0.000003 -864.159225 1783210000
0.000003 -863.036057 1777960000
0.000003 -868.689654 1955900000
0.000003 -865.481720 1860780000
0.000003 -866.331745 1782590000
0.000003 -861.995869 1898330000
0.000003 -864.502860 1924290000
0.000003 -868.689654 1947480000
0.000003 -865.598659 1888300000
0.000003 -864.993791 1975490000
0.000003 -862.382790 1567860000
0.000003 -866.118187 1806640000
0.000003 -868.669269 1928870000
0.000003 -864.223594 1924410000
0.000003 -864.296570 1864840000
0.000003 -867.357393 1909140000
0.000003 -868.265355 1956680000
0.000003 -865.262475 1748450000
0.000003 -863.109903 1749140000
0.000003 -867.357393 1902860000
0.000003 -868.669269 1947370000
0.000003 -868.669269 1941930000
0.000003 -868.669269 1896650000
0.000003 -868.265355 1909470000
0.000003 -864.504893 1644730000
0.000003 -868.689654 1921780000
0.000003 -860.214058 1316170000
0.000003 -868.669269 1939260000
0.000003 -865.481720 1717680000
0.000003 -862.400558 1800100000
0.000003 -868.689654 1966120000
0.000003 -864.551428 1792270000
0.000003 -866.168233 1901990000
0.000003 -866.108972 1810830000
0.000003 -866.479148 1950700000
0.000003 -867.112313 1836820000
0.000003 -863.489968 1542050000
0.000003 -868.689654 1879410000
0.000003 -867.824994 1525460000
0.000003 -867.451004 2024820000
0.000003 -868.689654 1934660000
0.000003 -868.669269 1953320000
0.000004 -863.328143 1398730000
0.000004 -868.689654 1440850000
0.000004 -867.451004 1531610000
0.000004 -868.689654 1455550000
0.000004 -865.968176 1392380000
0.000004 -867.357393 1398540000
0.000004 -868.669269 1452550000
0.000004 -867.451004 1535490000
0.000004 -868.689654 1425540000
0.000004 -866.114094 1399160000
0.000004 -867.042251 1519010000
0.000004 -864.362303 1414450000
0.000004 -867.274001 1481150000
0.000004 -866.938503 1457680000
0.000004 -867.451004 1512720000
0.000004 -867.824994 1456270000
0.000004 -868.689654 1483560000
0.000004 -864.338364 1143350000
0.000004 -867.335086 1476210000
0.000004 -863.010655 1357020000
0.000004 -867.335086 1492420000
0.000004 -865.028633 1350970000
0.000004 -863.771897 1418560000
0.000004 -866.708199 1451930000
0.000004 -868.689654 1416830000
0.000004 -867.335086 1445450000
0.000004 -866.781254 1407510000
0.000004 -866.428986 1328950000
0.000004 -862.472373 1175860000
0.000004 -867.824994 1466030000
0.000004 -864.208766 1420320000
0.000004 -866.844516 1431360000
0.000004 -867.451004 1507360000
0.000004 -866.214795 1432790000
0.000004 -865.262475 1295050000
0.000004 -868.574333 1447770000
0.000004 -865.707423 1459150000
0.000004 -863.542608 1378070000
0.000004 -864.381728 1237110000
0.000004 -866.776346 1416060000
0.000004 -862.405078 1423330000
0.000004 -867.451004 1539780000
0.000004 -864.496326 1451750000
0.000004 -864.496326 1411050000
0.000004 -865.153324 1297540000
0.000004 -868.689654 1468150000
0.000004 -868.689654 1454320000
0.000004 -866.708199 1422440000
0.000004 -866.737976 1413770000
0.000004 -865.376704 1440130000
0.000004 -868.689654 1440920000
0.000004 -868.689654 1453600000
0.000004 -866.579761 1412510000
0.000004 -868.689654 1420500000
0.000004 -864.539116 1362980000
0.000004 -863.542608 1443320000
0.000004 -864.650703 1385270000
0.000004 -866.614251 1421410000
0.000004 -864.296570 1437270000
0.000004 -868.689654 1447840000
0.000004 -863.696428 1378010000
0.000004 -865.943195 1266520000
0.000004 -866.150344 1430340000
0.000004 -868.689654 1488490000
0.000004 -864.310958 1391870000
0.000004 -864.496326 1423130000
0.000004 -863.575126 1438590000
0.000004 -867.341916 1401280000
0.000004 -866.757495 1439010000
0.000004 -866.708199 1456690000
0.000004 -866.992795 1459820000
0.000004 -863.814445 1386980000
0.000004 -868.689654 1465180000
0.000004 -864.401247 1443620000
0.000004 -867.335086 1463300000
0.000004 -866.704702 1413830000
0.000004 -866.072823 1462190000
0.000004 -868.669269 1468130000
0.000004 -864.579889 1477110000
0.000004 -862.992312 1615490000
0.000004 -866.367230 1343470000
0.000004 -866.983559 1396540000
0.000004 -866.149578 1328420000
0.000004 -866.511591 1419760000
0.000004 -867.321532 1463550000
0.000004 -868.669269 1480280000
0.000004 -868.689654 1461460000
0.000004 -867.897766 1410070000
0.000004 -864.384379 1435660000
0.000004 -868.689654 1464300000
0.000004 -863.938490 1366510000
0.000004 -863.684325 1415620000
0.000004 -868.669269 1454930000
0.000004 -860.642328 1425110000
0.000004 -866.737976 1427080000
0.000004 -864.609260 1319820000
0.000004 -864.410918 1457170000
0.000004 -864.296570 1425070000
0.000004 -867.897766 1460040000
0.000004 -866.930171 1417790000
0.000005 -864.806170 1153540000
0.000005 -866.844516 1170540000
0.000005 -868.689654 1124910000
0.000005 -863.323454 1154710000
0.000005 -863.983803 1158410000
0.000005 -863.213025 1149190000
0.000005 -862.593852 1189810000
0.000005 -866.865248 1181700000
0.000005 -867.451004 1232260000
0.000005 -867.824994 1186490000
0.000005 -867.341916 1171400000
0.000005 -867.337009 1120920000
0.000005 -863.208836 1105350000
0.000005 -868.689654 1170620000
0.000005 -865.876963 986840000
0.000005 -861.292189 1155470000
0.000005 -867.602220 1142840000
0.000005 -863.710865 1102560000
0.000005 -866.718458 1119890000
0.000005 -865.981909 1071990000
0.000005 -863.331732 1149260000
0.000005 -866.106558 1032910000
0.000005 -865.665056 1097400000
0.000005 -862.388322 1141590000
0.000005 -864.296570 1148630000
0.000005 -866.758361 1163410000
0.000005 -866.155465 940910000
0.000005 -866.614251 1110880000
0.000005 -864.741506 1087590000
0.000005 -864.384379 1148340000
0.000005 -866.118144 1052500000
0.000005 -866.118144 1065280000
0.000005 -864.401247 1161090000
0.000005 -862.837710 1160910000
0.000005 -864.384379 1131740000
0.000005 -866.708199 1166160000
0.000005 -866.938503 1133420000
0.000005 -863.000869 1147290000
0.000005 -864.600452 1168800000
0.000005 -868.689654 1185770000
0.000005 -866.144456 1059160000
0.000005 -867.643083 1070000000
0.000005 -866.263515 1142400000
0.000005 -864.046426 1124610000
0.000005 -867.192416 1109020000
0.000005 -864.272015 1169120000
0.000005 -868.669269 1164820000
0.000005 -864.223594 1138290000
0.000005 -868.669269 1164850000
0.000005 -867.897766 1113120000
0.000005 -865.481720 1110240000
0.000005 -866.796731 1141610000
0.000005 -864.335763 1157440000
0.000005 -866.757495 1145950000
0.000005 -865.481720 1106730000
0.000005 -865.987149 1145160000
0.000005 -864.340554 1138400000
0.000005 -866.708199 1142780000
0.000005 -863.684325 1106800000
0.000005 -865.844883 1175370000
0.000005 -864.831818 1098070000
0.000005 -865.800507 1070410000
0.000005 -864.245475 1151460000
0.000005 -862.657502 1006350000
0.000005 -864.496326 1134070000
0.000005 -867.274001 1181230000
0.000005 -866.865248 1179170000
0.000005 -865.822362 1145840000
0.000005 -865.252126 1093070000
0.000005 -864.193393 1120800000
0.000005 -867.602220 1154870000
0.000005 -868.689654 1170280000
0.000005 -866.687814 1150280000
0.000005 -862.834673 1104810000
0.000005 -863.866976 1165890000
0.000005 -864.449862 1142540000
0.000005 -863.346580 1136080000
0.000005 -868.689654 1176080000
0.000005 -868.553949 1162400000
0.000005 -866.757495 1171310000
0.000005 -863.289199 1157440000
0.000005 -864.022747 1156160000
0.000005 -866.037363 1200550000
0.000005 -863.957264 1163170000
0.000005 -860.380350 1077350000
0.000005 -866.776346 1040440000
0.000005 -864.269910 1074870000
0.000005 -868.689654 1154530000
0.000005 -867.824994 1189480000
0.000005 -868.265355 1111990000
0.000005 -867.782445 1150640000
0.000005 -864.110760 1187770000
0.000005 -866.153671 1086550000
0.000005 -866.953980 1122780000
0.000005 -867.824994 1168120000
0.000005 -866.865248 1198420000
0.000005 -867.400694 1108560000
0.000005 -868.689654 1156680000
0.000005 -866.953980 1145120000
0.000005 -865.987149 1148100000
0.000006 -868.689654 976160000
0.000006 -867.824994 958870000
0.000006 -866.595713 1024860000
0.000006 -867.451004 1034570000
0.000006 -866.443287 950120000
0.000006 -866.555993 957530000
0.000006 -866.953980 891410000
0.000006 -863.575126 954650000
0.000006 -867.897766 959720000
0.000006 -866.737976 974460000
0.000006 -868.689654 965140000
0.000006 -868.689654 951980000
0.000006 -867.602220 982000000
0.000006 -864.669033 919340000
0.000006 -865.888549 893100000
0.000006 -867.824994 982740000
0.000006 -864.912067 943120000
0.000006 -864.362303 930450000
0.000006 -862.806052 1031590000
0.000006 -867.897766 965430000
0.000006 -868.669269 962480000
0.000006 -865.707423 986520000
0.000006 -863.416890 946500000
0.000006 -865.173073 946780000
0.000006 -863.957264 972940000
0.000006 -867.274001 989310000
0.000006 -862.632685 951680000
0.000006 -865.318935 943090000
0.000006 -864.138437 955570000
0.000006 -866.037363 997910000
0.000006 -866.781254 951550000
0.000006 -865.252126 929760000
0.000006 -867.335086 985980000
0.000006 -868.265355 945710000
0.000006 -865.860360 981970000
0.000006 -863.278460 893560000
0.000006 -866.372351 898150000
0.000006 -864.711198 902210000
0.000006 -865.714047 907820000
0.000006 -864.831818 930590000
0.000006 -866.485488 911920000
0.000006 -862.792952 1044100000
0.000006 -863.542608 940460000
0.000006 -862.946384 1031450000
0.000006 -859.198821 925410000
0.000006 -866.593866 975980000
0.000006 -868.689654 945660000
0.000006 -864.575684 937220000
0.000006 -867.337009 949470000
0.000006 -864.428926 888500000
0.000006 -864.669033 901610000
0.000006 -866.776346 886530000
0.000006 -866.199329 974070000
0.000006 -865.876963 879010000
0.000006 -862.889862 973700000
0.000006 -863.932459 975050000
0.000006 -865.969735 942480000
0.000006 -866.953980 965420000
0.000006 -866.464073 970380000
0.000006 -866.214795 949490000
0.000006 -863.070492 926490000
0.000006 -865.217004 935120000
0.000006 -865.554907 974320000
0.000006 -863.447529 962080000
0.000006 -867.602220 971780000
0.000006 -865.876788 1036850000
0.000006 -867.108116 965260000
0.000006 -865.936785 943360000
0.000006 -866.021886 1023660000
0.000006 -864.131647 981600000
0.000006 -868.669269 974770000
0.000006 -863.844632 920990000
0.000006 -867.274001 978940000
0.000006 -864.296570 952880000
0.000006 -862.865915 940110000
0.000006 -860.511313 897000000
0.000006 -864.926701 765020000
0.000006 -864.046426 970960000
0.000006 -868.689654 960660000
0.000006 -867.824994 980870000
0.000006 -865.970773 927540000
0.000006 -864.193393 921710000
0.000006 -867.637100 960890000
0.000006 -865.481720 931700000
0.000006 -867.108116 964050000
0.000006 -866.704702 962030000
0.000006 -867.451004 1007400000
0.000006 -866.953980 967070000
0.000006 -864.144316 945840000
0.000006 -863.183031 948030000
0.000006 -867.637100 954920000
0.000006 -865.481720 719770000
0.000006 -867.341916 1018910000
0.000006 -864.449862 956720000
0.000006 -867.451004 1030850000
0.000006 -863.089631 920260000
0.000006 -863.485402 963040000
0.000006 -866.367230 702880000
0.000006 -863.932459 959670000
0.000006 -866.844516 950710000
0.000007 -864.457382 837410000
0.000007 -866.977318 816110000
0.000007 -867.144823 802380000
0.000007 -864.296570 830950000
0.000007 -864.296570 834250000
0.000007 -863.472637 812600000
0.000007 -867.112313 837500000
0.000007 -866.150344 682040000
0.000007 -863.056802 808930000
0.000007 -868.669269 838610000
0.000007 -868.689654 816960000
0.000007 -868.669269 837890000
0.000007 -867.242073 818280000
0.000007 -867.337009 827380000
0.000007 -868.689654 843790000
0.000007 -866.179629 883220000
0.000007 -861.602998 754410000
0.000007 -866.781254 792970000
0.000007 -868.669269 847020000
0.000007 -863.856051 724140000
0.000007 -867.824994 781840000
0.000007 -867.824994 857540000
0.000007 -864.410918 818860000
0.000007 -868.689654 860450000
0.000007 -864.977111 642230000
0.000007 -864.831818 784460000
0.000007 -864.296570 835900000
0.000007 -864.034199 780530000
0.000007 -867.092638 824430000
0.000007 -868.689654 821260000
0.000007 -868.244970 815360000
0.000007 -868.689654 835750000
0.000007 -864.193393 811830000
0.000007 -864.362303 842070000
0.000007 -861.888618 802100000
0.000007 -864.296570 804000000
0.000007 -867.824994 849610000
0.000007 -866.838659 831100000
0.000007 -867.824994 842290000
0.000007 -864.381728 820890000
0.000007 -864.401247 818440000
0.000007 -868.689654 838150000
0.000007 -867.274001 851780000
0.000007 -862.600582 826010000
0.000007 -865.314861 792800000
0.000007 -863.866976 833030000
0.000007 -867.321532 810620000
0.000007 -864.449862 826930000
0.000007 -862.757510 810540000
0.000007 -864.362303 827660000
0.000007 -864.381728 806470000
0.000007 -863.904578 827550000
0.000007 -863.837878 799340000
0.000007 -861.589015 795250000
0.000007 -868.669269 845810000
0.000007 -867.274001 836220000
0.000007 -864.279059 831550000
0.000007 -864.193393 810830000
0.000007 -868.689654 838730000
0.000007 -868.689654 654420000
0.000007 -865.809331 735510000
0.000007 -868.669269 853560000
0.000007 -866.796731 803930000
0.000007 -868.689654 839990000
0.000007 -863.485402 814450000
0.000007 -864.457382 816980000
0.000007 -868.689654 855440000
0.000007 -863.152698 831150000
0.000007 -863.575126 811280000
0.000007 -868.244970 825050000
0.000007 -867.321532 803100000
0.000007 -868.689654 836600000
0.000007 -868.669269 834990000
0.000007 -866.796731 793510000
0.000007 -863.489968 794130000
0.000007 -864.296570 783500000
0.000007 -861.761026 814520000
0.000007 -868.574333 829450000
0.000007 -864.223594 896230000
0.000007 -864.669033 777950000
0.000007 -866.737976 758310000
0.000007 -864.926701 811480000
0.000007 -866.372351 702920000
0.000007 -862.961925 830570000
0.000007 -868.689654 818690000
0.000007 -868.669269 845650000
0.000007 -861.778376 799420000
0.000007 -863.866976 836380000
0.000007 -862.798070 855030000
0.000007 -866.443287 850400000
0.000007 -858.502323 796080000
0.000007 -864.837298 816530000
0.000007 -867.782445 825820000
0.000007 -863.652474 761010000
0.000007 -867.407858 844680000
0.000007 -863.771897 821240000
0.000007 -867.407858 844760000
0.000007 -863.029145 826010000
0.000007 -867.337009 825590000
0.000007 -868.689654 846250000
0.000008 -867.108116 731860000
0.000008 -864.278038 679170000
0.000008 -866.953980 748760000
0.000008 -866.760869 727220000
0.000008 -864.696259 753950000
0.000008 -867.897766 720690000
0.000008 -863.861579 652830000
0.000008 -868.669269 732810000
0.000008 -862.746939 879430000
0.000008 -868.689654 721360000
0.000008 -866.106558 671790000
0.000008 -864.384379 709790000
0.000008 -868.689654 712640000
0.000008 -865.746241 764370000
0.000008 -868.669269 741450000
0.000008 -866.758361 736320000
0.000008 -868.669269 751730000
0.000008 -863.983803 710290000
0.000008 -866.479148 728850000
0.000008 -865.481720 684720000
0.000008 -868.689654 733120000
0.000008 -864.449862 709950000
0.000008 -867.897766 727000000
0.000008 -866.953980 733670000
0.000008 -859.274169 713910000
0.000008 -864.637637 680480000
0.000008 -865.987030 664340000
0.000008 -864.272015 733570000
0.000008 -863.940163 699850000
0.000008 -865.844883 728640000
0.000008 -868.689654 733900000
0.000008 -866.760869 738360000
0.000008 -865.481720 688030000
0.000008 -863.542608 724930000
0.000008 -868.669269 730050000
0.000008 -863.758311 541360000
0.000008 -864.831818 688190000
0.000008 -868.689654 744810000
0.000008 -866.276781 730190000
0.000008 -865.969735 745710000
0.000008 -868.669269 717000000
0.000008 -862.761767 796670000
0.000008 -867.824994 735640000
0.000008 -865.860360 751390000
0.000008 -863.323454 705070000
0.000008 -868.669269 751710000
0.000008 -863.323454 712670000
0.000008 -868.689654 714550000
0.000008 -864.410918 722770000
0.000008 -866.331745 743980000
0.000008 -864.381728 719960000
0.000008 -865.570591 725780000
0.000008 -864.430842 716490000
0.000008 -867.407858 729600000
0.000008 -864.223594 725390000
0.000008 -864.223594 728800000
0.000008 -867.341916 696840000
0.000008 -867.824994 739130000
0.000008 -866.179629 776230000
0.000008 -867.407858 706020000
0.000008 -865.367566 664060000
0.000008 -864.722236 667270000
0.000008 -864.410918 730240000
0.000008 -858.897669 748990000
0.000008 -865.890517 696030000
0.000008 -867.824994 731440000
0.000008 -864.381728 705370000
0.000008 -865.860360 734090000
0.000008 -862.187036 860020000
0.000008 -864.381728 731350000
0.000008 -866.776346 727610000
0.000008 -866.527069 710490000
0.000008 -868.669269 733370000
0.000008 -865.953660 733390000
0.000008 -862.968013 695410000
0.000008 -866.463671 694900000
0.000008 -866.938503 719780000
0.000008 -867.400694 717560000
0.000008 -868.689654 732690000
0.000008 -863.984371 708150000
0.000008 -863.009335 713190000
0.000008 -864.105639 741020000
0.000008 -866.953980 725280000
0.000008 -866.372351 677310000
0.000008 -864.022747 721340000
0.000008 -863.224966 718000000
0.000008 -868.669269 723840000
0.000008 -867.637100 732620000
0.000008 -865.860360 738410000
0.000008 -864.858267 699360000
0.000008 -860.643689 725340000
0.000008 -862.834132 768510000
0.000008 -863.433289 678010000
0.000008 -868.574333 708150000
0.000008 -861.126725 791310000
0.000008 -867.357393 724250000
0.000008 -867.124439 741820000
0.000008 -866.106558 661230000
0.000008 -864.276798 680600000
0.000008 -868.689654 739950000
0.000009 -863.957264 658220000
0.000009 -867.335086 660140000
0.000009 -868.669269 653780000
0.000009 -863.007789 722120000
0.000009 -866.188015 617890000
0.000009 -865.252126 623720000
0.000009 -868.689654 626400000
0.000009 -865.355246 642020000
0.000009 -868.689654 646110000
0.000009 -868.669269 653080000
0.000009 -862.439637 623100000
0.000009 -867.529952 629870000
0.000009 -868.689654 642370000
0.000009 -866.708199 641820000
0.000009 -866.235117 640570000
0.000009 -863.457733 641380000
0.000009 -865.967148 586450000
0.000009 -866.614403 639860000
0.000009 -864.602223 624860000
0.000009 -865.862009 605520000
0.000009 -866.106558 497120000
0.000009 -866.796731 643950000
0.000009 -863.877248 612210000
0.000009 -863.007789 777450000
0.000009 -868.669269 646230000
0.000009 -863.631306 634200000
0.000009 -866.718458 464970000
0.000009 -866.037363 680580000
0.000009 -868.689654 655730000
0.000009 -866.458764 637550000
0.000009 -863.453492 590570000
0.000009 -866.593866 550080000
0.000009 -868.669269 664040000
0.000009 -863.490013 633950000
0.000009 -866.331745 608430000
0.000009 -864.009832 646200000
0.000009 -863.932459 631380000
0.000009 -863.120437 781180000
0.000009 -866.037363 676810000
0.000009 -865.252126 618470000
0.000009 -860.770757 644770000
0.000009 -866.687814 631430000
0.000009 -867.897766 630050000
0.000009 -862.726172 643760000
0.000009 -861.761154 615990000
0.000009 -863.326187 775230000
0.000009 -868.689654 645920000
0.000009 -866.776346 642480000
0.000009 -867.274001 653010000
0.000009 -866.199318 657080000
0.000009 -867.144823 645120000
0.000009 -868.689654 654030000
0.000009 -863.127867 641660000
0.000009 -866.576378 616290000
0.000009 -864.317795 623770000
0.000009 -865.252126 617680000
0.000009 -868.689654 643380000
0.000009 -866.758361 617490000
0.000009 -864.317795 623510000
0.000009 -864.457382 626310000
0.000009 -866.448595 659060000
0.000009 -866.531801 597070000
0.000009 -866.796731 635460000
0.000009 -867.274001 668700000
0.000009 -865.361227 647300000
0.000009 -868.669269 646550000
0.000009 -865.481720 627150000
0.000009 -868.553949 643520000
0.000009 -868.689654 658370000
0.000009 -868.669269 648330000
0.000009 -868.689654 635870000
0.000009 -866.448595 654610000
0.000009 -867.897766 639290000
0.000009 -868.669269 654910000
0.000009 -868.689654 644130000
0.000009 -862.364184 618210000
0.000009 -866.698074 614840000
0.000009 -865.998176 615080000
0.000009 -866.118187 634360000
0.000009 -868.553949 647430000
0.000009 -864.279059 634730000
0.000009 -862.818849 673250000
0.000009 -866.443287 659510000
0.000009 -863.070492 626330000
0.000009 -863.862673 672560000
0.000009 -866.547453 616340000
0.000009 -868.689654 658740000
0.000009 -868.689654 623150000
0.000009 -868.669269 655520000
0.000009 -866.372351 578850000
0.000009 -863.637959 626130000
0.000009 -864.926701 642400000
0.000009 -863.837878 599270000
0.000009 -867.274001 665540000
0.000009 -862.944549 598700000
0.000009 -864.367061 614790000
0.000009 -864.187396 631790000
0.000009 -865.367566 619350000
0.000009 -864.105639 668650000
0.000009 -867.357393 643650000
0.0000002 -865.225586 22132200000
0.0000003 -864.449862 17435400000
0.0000003 -868.669269 19158960000
0.0000003 -868.689654 18988670000
0.0000003 -864.401247 18753170000
0.0000003 -864.496326 18525460000
0.0000003 -867.112313 18657720000
0.0000003 -868.689654 18608830000
0.0000003 -868.669269 19110300000
0.0000003 -866.796731 18513830000
0.0000003 -865.369363 18465030000
0.0000003 -864.281201 18204170000
0.0000003 -863.308749 18678750000
0.0000003 -864.034199 17774110000
0.0000003 -867.824994 19410750000
0.0000003 -866.776346 18322790000
0.0000003 -864.384379 18813150000
0.0000003 -868.689654 18992000000
0.0000003 -866.336867 16242130000
0.0000003 -868.689654 19466250000
0.0000003 -866.661025 18808410000
0.0000003 -867.087731 18665840000
0.0000003 -868.574333 19031050000
0.0000003 -868.574333 15666810000
0.0000003 -865.969735 18576870000
0.0000003 -868.689654 18753440000
0.0000003 -868.669269 19160570000
0.0000003 -867.897766 18364570000
0.0000003 -866.595713 18742560000
0.0000003 -867.357393 19111110000
0.0000003 -868.689654 19221870000
0.0000003 -868.689654 19030200000
0.0000003 -867.341916 18995610000
0.0000003 -867.451004 18339040000
0.0000003 -868.689654 18086580000
0.0000003 -865.462136 17708390000
0.0000003 -864.457382 18896420000
0.0000003 -864.430842 18577280000
0.0000003 -864.138437 18603290000
0.0000003 -867.451004 19783200000
0.0000003 -864.496326 19069790000
0.0000004 -864.340554 14024830000
0.0000005 -868.689654 11261350000
0.0000005 -868.689654 11579240000
0.0000005 -863.007789 11604310000
0.0000005 -868.689654 10140150000
0.0000005 -868.689654 11502530000
0.0000005 -866.483422 11210140000
0.0000005 -868.689654 11503680000
0.0000005 -868.689654 11630280000
0.0000005 -864.367094 11228740000
0.0000005 -865.318935 10683490000
0.0000005 -868.689654 11571380000
0.0000005 -864.669033 11073610000
0.0000005 -863.932459 11429060000
0.0000005 -867.451004 12249890000
0.0000005 -865.860360 11514190000
0.0000005 -864.296570 10831910000
0.0000005 -866.176860 10596030000
0.0000005 -864.770721 10873050000
0.0000005 -867.451004 11833310000
0.0000005 -868.574333 11510560000
0.0000005 -866.758361 11191230000
0.0000005 -868.689654 11512210000
0.0000005 -866.411748 11182390000
0.0000005 -867.637100 11233170000
0.0000005 -868.265355 10783730000
0.0000005 -868.689654 11632370000
0.0000005 -868.689654 11511350000
0.0000005 -868.689654 11334580000
0.0000005 -865.481720 10864540000
0.0000005 -865.714012 11154490000
0.0000005 -868.553949 11561110000
0.0000005 -868.689654 11588740000
0.0000005 -866.698074 11374170000
0.0000005 -868.244970 10942720000
0.0000005 -868.689654 11469080000
0.0000005 -864.296570 11368180000
0.0000005 -865.551539 10245260000
0.0000005 -868.689654 11399550000
0.0000005 -868.669269 11255840000
0.0000005 -866.781254 11031100000
0.0000007 -867.337009 7975850000
0.0000007 -866.047928 7909770000
0.0000007 -866.199329 7875600000
0.0000007 -867.824994 8079860000
0.0000007 -868.689654 8079120000
0.0000007 -865.876963 7674590000
0.0000007 -868.689654 8255300000
0.0000007 -868.689654 8089680000
0.0000007 -867.341916 8189790000
0.0000007 -868.669269 8224860000
0.0000007 -868.689654 8218750000
0.0000007 -866.757495 8136840000
0.0000007 -866.155465 7820520000
0.0000007 -868.689654 8125880000
0.0000007 -864.322911 7497810000
0.0000007 -868.669269 8020780000
0.0000007 -867.897766 7871360000
0.0000007 -867.337009 8251920000
0.0000007 -867.451004 8552690000
0.0000007 -865.265844 7867630000
0.0000008 -864.831818 6810480000
0.0000008 -868.689654 7242660000
0.0000008 -868.689654 7134350000
0.0000008 -865.145562 6861560000
0.0000008 -863.457733 7125380000
0.0000008 -868.689654 7087180000
0.0000008 -868.244970 6871520000
0.0000008 -865.481720 6822560000
0.0000008 -864.022747 6978250000
0.0000008 -868.669269 7154390000
0.0000008 -864.138437 7129200000
0.0000008 -868.669269 6999780000
0.0000008 -865.217004 6766840000
0.0000008 -867.357393 7174480000
0.0000008 -868.689654 6973200000
0.0000008 -864.652755 6605900000
0.0000008 -864.193393 7109780000
0.0000008 -868.689654 7354290000
0.0000008 -868.689654 5851060000
0.0000008 -864.022747 7131110000
