lambda E I
0.1 62840.914979 293600 
0.1 51857.006677 298300 
0.1 56043.876268 309900 
0.1 49437.261136 293800 
0.1 53973.759426 296000 
0.1 54492.468584 314700 
0.1 53462.255124 296500 
0.1 56219.892794 295800 
0.1 56716.013140 301400 
0.1 52385.087936 297000 
0.1 58575.376966 287900 
0.1 46741.498935 295300 
0.1 52498.365763 299100 
0.1 59823.920172 289800 
0.1 58391.159420 305500 
0.1 53139.958185 296800 
0.1 56213.619166 308400 
0.1 55985.150413 311200 
0.1 54367.604963 299800 
0.1 55021.087735 294400 
0.1 53705.686468 298400 
0.1 55646.339029 303100 
0.1 61726.470165 292100 
0.1 59479.471196 295300 
0.1 51022.548181 294800 
0.1 50258.313148 296300 
0.1 53239.791304 295900 
0.1 58378.763203 300500 
0.1 56193.939732 298400 
0.1 55168.738695 291000 
0.1 56421.254105 300900 
0.1 57763.091969 295100 
0.1 50902.974213 296200 
0.1 50771.911829 298100 
0.1 49901.822612 296500 
0.1 51865.691320 308200 
0.1 54647.217901 294700 
0.1 50277.845031 320400 
0.1 56029.935938 301800 
0.1 57813.575548 295900 
0.1 48880.072727 326900 
0.1 52972.105895 294000 
0.1 58519.145308 288800 
0.1 56937.268132 306900 
0.1 65540.079186 294000 
0.1 52100.193590 308100 
0.1 51401.944297 303800 
0.1 62247.103605 296600 
0.1 53946.542993 292600 
0.1 57035.250202 296700 
0.1 61229.771365 304400 
0.1 54317.102933 298100 
0.1 54290.039081 290100 
0.1 53283.594830 298300 
0.1 54446.618625 296400 
0.1 56336.761853 306000 
0.1 59909.127975 298600 
0.1 53657.725765 288400 
0.1 57398.367192 294500 
0.1 53236.354645 291600 
0.1 54665.643853 295500 
0.1 46291.366788 320100 
0.1 49126.315913 298800 
0.1 47636.957223 305700 
0.1 52580.844029 290100 
0.1 51443.518045 301100 
0.1 50021.606257 299200 
0.1 50523.728469 305000 
0.1 52388.265888 298700 
0.1 48851.795965 301900 
0.1 53690.085731 300200 
0.1 49280.690165 306200 
0.1 50996.986911 322300 
0.1 51195.543088 308900 
0.1 51727.445794 303000 
0.1 50699.627616 297100 
0.1 51442.052799 296300 
0.1 59561.651782 282900 
0.1 49244.929630 300400 
0.1 53057.859083 296500 
0.1 53681.913209 295100 
0.1 51280.101037 306900 
0.1 55662.650446 318200 
0.1 60377.891149 294900 
0.1 62558.149053 296700 
0.1 56524.244967 300000 
0.1 55928.424139 301900 
0.1 54942.693358 303400 
0.1 53506.599776 300400 
0.1 49798.545386 306600 
0.1 48583.361170 315200 
0.1 55167.479269 286500 
0.1 59960.768716 298800 
0.1 57655.678057 304500 
0.1 51286.802804 311800 
0.1 53711.089509 290100 
0.1 57097.599438 296700 
0.1 48993.415330 298700 
0.1 54504.119582 293400 
0.1 56635.011040 305300 
0.125 54903.588322 291400 
0.125 58086.994453 309900 
0.125 58467.188250 283900 
0.125 51478.837031 289000 
0.125 64530.208606 294000 
0.125 52265.481797 301500 
0.125 58107.906318 283700 
0.125 49693.568327 292100 
0.125 57665.091163 291100 
0.125 55672.272706 295700 
0.125 59292.264467 283900 
0.125 54336.674156 282800 
0.125 55682.624999 292600 
0.125 51206.644422 292600 
0.125 61691.875754 290000 
0.125 59066.949831 286000 
0.125 54638.261266 296000 
0.125 57329.715164 290500 
0.125 51065.646826 275200 
0.125 54567.514565 300500 
0.125 57394.466030 261100 
0.125 48076.458097 292600 
0.125 57164.388894 283600 
0.125 63901.439785 292300 
0.125 55204.728138 285900 
0.125 56715.490472 289000 
0.125 61952.365073 288400 
0.125 54931.951091 288800 
0.125 54660.334832 280500 
0.125 54522.763626 290700 
0.125 52017.691739 290200 
0.125 59512.831323 284000 
0.125 54916.037060 308100 
0.125 56318.217268 295000 
0.125 52809.187185 286300 
0.125 54194.838102 284400 
0.125 57235.782800 279500 
0.125 58590.923669 284100 
0.125 55169.433555 289600 
0.125 53915.372064 289100 
0.125 64253.990383 248700 
0.125 54783.502120 297500 
0.125 62272.138754 285900 
0.125 57636.664712 297300 
0.125 65759.920240 287300 
0.125 57398.738669 286700 
0.125 58904.679187 279300 
0.125 64249.171173 289200 
0.125 61812.093560 282200 
0.125 49128.744320 294000 
0.125 52675.853085 292700 
0.125 64110.468585 290200 
0.125 49944.875700 278500 
0.125 55126.027604 278600 
0.125 51312.747449 291800 
0.125 62327.407317 280600 
0.125 56440.498386 285200 
0.125 50875.082067 286500 
0.125 58450.188018 279100 
0.125 51649.926468 280400 
0.125 59061.247845 298900 
0.125 53783.301343 291400 
0.125 53749.592980 283700 
0.125 51743.696363 286200 
0.125 54674.806948 323600 
0.125 56759.527289 287600 
0.125 62079.537510 293200 
0.125 59190.450265 287800 
0.125 57016.492803 283100 
0.125 61304.930817 290500 
0.125 55209.771928 291900 
0.125 50657.389036 293200 
0.125 55563.509957 292900 
0.125 57216.854685 286400 
0.125 51994.499765 294300 
0.125 52960.271780 298300 
0.125 65349.266663 283200 
0.125 49238.034724 284600 
0.125 48380.732631 287700 
0.125 56056.431885 303000 
0.125 59735.070330 305400 
0.125 59142.367033 288000 
0.125 51089.477175 285600 
0.125 57596.927806 282300 
0.125 59054.606984 281700 
0.125 48779.338322 282400 
0.125 67145.559991 277700 
0.125 55476.597058 288800 
0.125 54786.319116 292800 
0.125 54235.019748 290000 
0.125 59818.203583 289400 
0.125 58314.515536 285800 
0.125 57425.625774 282500 
0.125 57973.151871 287900 
0.125 56309.657563 286000 
0.125 55392.243723 286600 
0.125 59285.304247 277500 
0.125 51244.749293 287200 
0.125 58221.995648 299600 
0.125 57367.406425 291700 
0.15 58064.732920 277400 
0.15 53655.760370 272400 
0.15 54968.228986 276300 
0.15 55763.755402 276300 
0.15 58432.870924 281000 
0.15 57076.898950 280400 
0.15 57518.298791 279700 
0.15 61320.240837 281500 
0.15 56458.560741 280900 
0.15 55490.718425 276000 
0.15 59598.839531 292500 
0.15 54848.006354 280400 
0.15 61283.122173 278300 
0.15 52159.402332 277500 
0.15 58210.485618 280800 
0.15 56570.831755 298000 
0.15 54618.060266 274200 
0.15 55854.652695 270900 
0.15 58204.550679 296000 
0.15 59917.635301 283700 
0.15 58065.303165 292400 
0.15 58062.281832 286200 
0.15 50459.891493 286400 
0.15 62740.856339 281500 
0.15 55850.601366 256600 
0.15 57379.871108 277500 
0.15 54718.472001 277300 
0.15 58135.021245 275900 
0.15 54483.921639 274300 
0.15 56275.754388 280600 
0.15 58268.138625 280200 
0.15 63062.615290 282100 
0.15 56910.687431 278700 
0.15 58665.361375 280600 
0.15 60149.866875 281600 
0.15 49280.168861 276900 
0.15 63984.682366 301500 
0.15 58561.154634 280500 
0.15 56777.404927 281200 
0.15 57968.394106 278700 
0.15 55904.664351 278500 
0.15 54246.950454 290100 
0.15 59303.121694 272100 
0.15 60849.452831 278000 
0.15 77608.170258 232600 
0.15 58788.112208 276900 
0.15 57441.146607 289800 
0.15 64254.525376 273400 
0.15 49029.593882 286000 
0.15 56694.408156 280000 
0.15 59956.891089 275000 
0.15 58544.987898 284800 
0.15 55747.156707 283400 
0.15 55792.984604 299200 
0.15 61284.576944 271600 
0.15 62200.737422 278100 
0.15 60519.419347 276300 
0.15 56675.635240 277400 
0.15 55312.323252 284500 
0.15 58158.578467 277900 
0.15 55778.533851 277500 
0.15 53227.668890 278700 
0.15 57644.157030 280100 
0.15 55590.688225 279300 
0.15 58103.220869 295200 
0.15 63983.351438 281100 
0.15 52827.996231 285000 
0.15 56589.143070 275800 
0.15 49833.882491 275300 
0.15 61153.336264 276500 
0.15 50782.865412 286500 
0.15 57946.448590 282900 
0.15 66459.746552 290800 
0.15 54575.866372 279000 
0.15 62196.843414 279800 
0.15 63770.180164 277200 
0.15 57985.454901 271200 
0.15 52463.384234 277400 
0.15 56189.745712 275700 
0.15 52005.297369 285200 
0.15 52937.748246 279800 
0.15 52720.596761 283200 
0.15 60323.218309 290000 
0.15 54380.701415 274000 
0.15 59117.456571 281800 
0.15 59240.301042 273800 
0.15 46125.284793 274900 
0.15 60568.053346 276200 
0.15 54783.254896 286500 
0.15 58392.805239 270300 
0.15 52952.396719 276100 
0.15 58735.955941 278500 
0.15 53143.154661 286300 
0.15 54114.023101 274700 
0.15 54133.752217 279900 
0.15 62711.474032 276500 
0.15 58455.004334 274500 
0.15 55034.642311 277300 
0.15 54565.412494 276500 
0.15 49429.491771 278100 
0.175 57104.966777 277200 
0.175 56966.153860 274200 
0.175 55169.028259 281600 
0.175 57989.736754 270500 
0.175 63605.256424 279200 
0.175 62116.389461 273500 
0.175 56680.223727 270900 
0.175 55286.804680 278500 
0.175 55706.000959 282900 
0.175 69309.716897 242400 
0.175 59669.739643 271300 
0.175 63055.391545 240900 
0.175 56861.597918 278700 
0.175 53789.616462 268400 
0.175 58036.901773 271700 
0.175 58537.797973 283300 
0.175 61528.631127 271600 
0.175 59384.965628 280800 
0.175 61473.855421 266300 
0.175 54780.630446 282100 
0.175 60414.003127 275100 
0.175 57398.358119 281300 
0.175 56816.971761 276800 
0.175 49843.035419 276800 
0.175 58464.047248 274200 
0.175 49586.934442 269500 
0.175 67061.471413 277100 
0.175 58675.407985 273000 
0.175 55209.672239 269700 
0.175 62054.649932 278200 
0.175 63506.716201 266500 
0.175 54325.206593 279400 
0.175 59652.274201 269100 
0.175 57730.110821 269600 
0.175 66160.739556 276500 
0.175 49070.404690 274700 
0.175 59443.376216 268000 
0.175 58309.354372 272300 
0.175 52402.021529 272200 
0.175 61250.741034 280600 
0.175 64843.618861 269700 
0.175 58811.601980 282700 
0.175 60422.528183 272100 
0.175 58555.837901 275900 
0.175 57664.352209 265800 
0.175 53667.501395 270500 
0.175 55350.264567 275100 
0.175 59127.767803 280500 
0.175 60964.984295 274100 
0.175 56547.564094 269600 
0.175 58219.379819 275600 
0.175 61573.755734 269700 
0.175 52281.514197 278800 
0.175 57401.396255 269600 
0.175 53869.415328 270300 
0.175 55311.798444 275900 
0.175 59008.691187 278200 
0.175 49295.906102 273900 
0.175 61727.096637 275700 
0.175 50058.847144 270700 
0.175 61293.791891 273900 
0.175 60812.641615 276200 
0.175 63838.711694 272400 
0.175 55121.572160 285200 
0.175 54869.269454 284300 
0.175 58171.764849 270500 
0.175 57048.638467 271900 
0.175 60151.048225 280600 
0.175 62772.621937 283700 
0.175 54981.473393 269100 
0.175 54543.062956 270500 
0.175 55334.791627 272500 
0.175 53183.378912 271400 
0.175 59576.266990 274400 
0.175 60987.794333 280000 
0.175 58329.007164 282500 
0.175 59452.082030 284100 
0.175 63714.844051 271800 
0.175 64302.988368 266600 
0.175 64255.791228 282200 
0.175 55523.643386 271600 
0.175 68391.899490 290600 
0.175 54049.294440 294300 
0.175 57390.307715 279200 
0.175 59467.287531 283700 
0.175 60173.143080 268300 
0.175 51099.972472 277500 
0.175 57317.741200 265300 
0.175 58155.751488 272500 
0.175 56725.884182 275900 
0.175 68643.309021 277300 
0.175 59932.085170 278700 
0.175 69957.649245 273200 
0.175 55982.722991 276900 
0.175 64561.414762 265600 
0.175 52071.109611 272900 
0.175 62068.950520 274000 
0.175 55800.762898 276500 
0.175 57353.336794 270700 
0.175 58075.233620 272900 
0.2 65629.038841 274200 
0.2 58546.022036 269400 
0.2 60522.310721 268100 
0.2 57733.584871 269700 
0.2 58645.688412 261900 
0.2 61669.012794 270300 
0.2 54955.311498 276900 
0.2 56054.306974 271100 
0.2 50897.369971 273900 
0.2 51378.371480 268400 
0.2 53642.769060 271200 
0.2 56129.246033 268600 
0.2 54777.594215 266700 
0.2 54680.256195 274100 
0.2 63597.674909 269500 
0.2 61843.803643 271600 
0.2 53874.407585 273700 
0.2 63013.828901 246400 
0.2 62640.723973 275000 
0.2 56965.082819 271200 
0.2 56897.564495 270500 
0.2 54528.039750 262500 
0.2 56264.818542 272800 
0.2 61511.660032 266200 
0.2 75318.319452 236900 
0.2 60609.567348 265700 
0.2 59715.695268 269400 
0.2 54844.436379 272900 
0.2 58375.168434 265200 
0.2 60347.851544 278100 
0.2 61757.591996 265000 
0.2 60982.231314 266900 
0.2 59354.107360 264000 
0.2 56884.973612 274700 
0.2 67218.662094 278000 
0.2 61822.192311 271200 
0.2 55374.460358 284200 
0.2 68787.630733 271800 
0.2 59650.813863 272200 
0.2 61061.459741 266700 
0.2 57848.374692 268400 
0.2 54316.678847 272300 
0.2 60667.083615 264300 
0.2 60307.590771 274400 
0.2 54398.694025 271000 
0.2 55802.925820 268600 
0.2 57906.385690 268000 
0.2 53748.361374 280900 
0.2 54637.164765 269100 
0.2 57139.106124 272000 
0.2 56977.113770 270600 
0.2 58715.951083 275900 
0.2 62938.626217 265500 
0.2 63931.847477 268900 
0.2 53753.531022 271900 
0.2 60772.508631 269000 
0.2 50396.386523 267300 
0.2 53393.354247 271500 
0.2 54642.449723 268600 
0.2 59841.049276 272400 
0.2 61992.866736 268500 
0.2 59410.651787 254400 
0.2 65519.403180 267900 
0.2 57155.638601 276400 
0.2 55205.526152 269100 
0.2 63544.761765 270800 
0.2 57242.218586 270000 
0.2 54986.173502 279800 
0.2 53327.683444 274800 
0.2 63427.631409 275000 
0.2 53531.545609 268900 
0.2 71101.991810 271700 
0.2 56220.941280 263300 
0.2 60771.152092 267300 
0.2 58605.224980 275800 
0.2 55018.060229 266800 
0.2 59911.106000 284100 
0.2 58542.375535 271000 
0.2 65489.592641 273300 
0.2 59400.379780 261900 
0.2 59727.743841 268200 
0.2 65137.495929 275200 
0.2 55210.605214 274000 
0.2 51380.091297 264700 
0.2 54136.327024 264300 
0.2 60370.894279 243200 
0.2 52204.846076 273400 
0.2 57168.549562 267200 
0.2 55426.439230 268300 
0.2 65725.426658 267900 
0.2 58818.638670 268700 
0.2 53897.932987 254000 
0.2 58689.175463 266700 
0.2 63394.430959 271400 
0.2 76967.935947 237300 
0.2 55120.851925 275300 
0.2 62631.230052 265600 
0.2 61321.317606 264200 
0.2 61347.570317 266200 
0.2 65741.312540 272500 
0.225 67630.560884 262100 
0.225 56347.459840 267000 
0.225 59536.061757 265600 
0.225 59615.805946 272200 
0.225 66359.555811 265500 
0.225 52798.871599 270000 
0.225 62410.749817 268000 
0.225 56603.754415 266200 
0.225 65302.609211 241600 
0.225 55692.071156 272600 
0.225 56386.839528 268700 
0.225 56180.719984 265600 
0.225 66431.491158 266200 
0.225 62633.523392 270200 
0.225 60852.760998 268000 
0.225 59918.860455 277200 
0.225 58199.735692 268500 
0.225 73715.495771 225600 
0.225 60857.968418 261300 
0.225 58351.818088 272300 
0.225 61100.836328 280800 
0.225 61627.969210 264700 
0.225 58024.294756 268000 
0.225 57251.739261 265300 
0.225 60689.852969 242700 
0.225 57794.421228 268800 
0.225 65170.547747 265700 
0.225 65105.707890 263500 
0.225 62332.845902 268300 
0.225 55049.652284 265700 
0.225 51846.974421 267800 
0.225 57797.948932 278400 
0.225 55759.751631 267300 
0.225 53975.833404 280500 
0.225 60479.471348 267300 
0.225 59949.588360 267000 
0.225 65701.607540 263500 
0.225 60394.090293 271400 
0.225 59404.722762 268500 
0.225 65336.617272 236400 
0.225 60382.147892 277300 
0.225 62765.396083 264900 
0.225 55291.280544 281700 
0.225 54779.009913 263500 
0.225 56888.947703 260200 
0.225 58783.170019 262500 
0.225 70019.104968 239600 
0.225 57297.061613 274100 
0.225 57695.462006 268100 
0.225 62420.895177 265400 
0.225 58871.920218 272900 
0.225 67101.030560 245800 
0.225 65094.626045 258100 
0.225 65558.472698 268100 
0.225 58892.576865 273800 
0.225 63968.541207 270500 
0.225 57474.524838 266400 
0.225 53014.569042 270000 
0.225 60130.960710 267200 
0.225 66212.949588 267800 
0.225 56702.571208 271000 
0.225 61329.323339 267600 
0.225 76920.988391 245200 
0.225 52960.616424 271400 
0.225 55824.208590 267100 
0.225 62116.111673 272300 
0.225 58087.420266 266500 
0.225 55801.631835 267000 
0.225 58934.078990 265300 
0.225 61237.993455 267800 
0.225 53633.210998 266800 
0.225 60754.496317 266000 
0.225 52885.868475 271000 
0.225 67571.714502 270800 
0.225 69994.109057 260000 
0.225 58324.309184 267200 
0.225 64121.095660 269300 
0.225 57906.111620 265900 
0.225 61207.112885 262400 
0.225 61893.225884 266800 
0.225 63951.652603 268300 
0.225 62853.822903 262100 
0.225 58540.278173 268400 
0.225 62621.581828 264800 
0.225 56057.892039 262500 
0.225 59520.572337 272000 
0.225 70902.867868 264000 
0.225 62956.103638 268500 
0.225 59714.698583 262800 
0.225 71725.511559 237700 
0.225 61344.998815 265500 
0.225 58256.621201 268200 
0.225 56964.663032 262700 
0.225 65603.785380 269500 
0.225 53711.309953 263800 
0.225 63324.332944 268500 
0.225 57299.475052 256200 
0.225 57246.297912 269500 
0.225 62944.453236 275700 
0.225 58986.246437 275300 
0.25 58259.856844 261100 
0.25 67690.196976 237400 
0.25 53849.463267 265800 
0.25 66135.811367 268500 
0.25 62615.290973 239800 
0.25 58751.253281 268400 
0.25 65801.404210 240800 
0.25 57984.977083 267800 
0.25 53684.350690 272900 
0.25 59539.915161 260800 
0.25 56520.232746 268000 
0.25 71343.855029 259100 
0.25 57786.139112 263800 
0.25 55906.620503 273500 
0.25 62552.088528 263400 
0.25 55677.448995 262100 
0.25 61320.508507 265700 
0.25 65807.331790 263300 
0.25 60162.643916 256700 
0.25 58131.480372 254100 
0.25 68339.956275 269000 
0.25 58781.935949 269000 
0.25 63515.695327 264900 
0.25 67268.089212 246000 
0.25 61273.672844 264800 
0.25 56362.596726 268300 
0.25 62431.652094 261400 
0.25 64468.067638 275300 
0.25 61707.427774 266900 
0.25 55770.132213 262500 
0.25 66155.724847 266900 
0.25 66426.411566 266100 
0.25 62431.343439 263500 
0.25 57088.208226 265200 
0.25 65197.441778 260400 
0.25 66964.873234 252200 
0.25 54288.431539 267600 
0.25 67628.567146 270100 
0.25 57186.421007 265000 
0.25 59691.379767 268300 
0.25 51538.730740 266700 
0.25 65745.301482 266200 
0.25 59613.488293 263800 
0.25 66101.958883 257700 
0.25 68826.387991 267300 
0.25 57101.813646 269500 
0.25 65088.814168 247200 
0.25 57326.326327 271200 
0.25 56731.285236 272000 
0.25 61478.968677 263100 
0.25 58538.739168 262000 
0.25 64920.161388 266600 
0.25 65163.736878 260100 
0.25 55609.396611 266600 
0.25 62311.301699 260900 
0.25 87929.020551 214800 
0.25 57346.448484 248700 
0.25 56937.098978 264300 
0.25 58155.105093 262800 
0.25 56148.250840 266500 
0.25 59417.209351 264600 
0.25 56254.644353 262300 
0.25 65567.866657 260600 
0.25 55203.125032 268500 
0.25 61850.328495 261700 
0.25 65491.957570 267400 
0.25 58856.661693 265200 
0.25 54071.430348 262300 
0.25 64968.082674 260700 
0.25 52373.191485 266500 
0.25 61153.461326 260500 
0.25 58948.821315 263200 
0.25 67952.635752 269900 
0.25 62689.691251 264300 
0.25 60142.022866 269400 
0.25 67866.976787 261900 
0.25 59210.759585 266900 
0.25 58040.565944 265000 
0.25 60596.175706 265600 
0.25 59305.116894 264200 
0.25 62501.188015 260300 
0.25 57652.817797 267300 
0.25 62238.341724 251900 
0.25 62485.651900 240900 
0.25 68180.173399 240200 
0.25 80741.058634 241000 
0.25 59767.698854 260200 
0.25 61686.451700 272900 
0.25 60445.019301 267100 
0.25 59811.148740 265900 
0.25 60639.468608 267100 
0.25 59958.696676 262600 
0.25 61097.437129 269200 
0.25 64952.889460 264000 
0.25 56329.407257 267800 
0.25 57678.099689 262300 
0.25 62227.993409 252800 
0.25 57531.567601 268600 
0.25 65573.308766 259000 
0.25 59250.230981 264800 
0.275 62871.825556 261700 
0.275 61656.773208 260100 
0.275 58958.460312 261200 
0.275 63639.344526 266000 
0.275 57602.427153 264600 
0.275 59517.183330 261200 
0.275 65254.691674 264400 
0.275 59638.223760 268800 
0.275 63454.801748 264900 
0.275 56450.936111 265200 
0.275 58503.954598 260500 
0.275 60113.359948 261700 
0.275 63961.264360 263900 
0.275 60214.491841 264300 
0.275 57414.428781 274600 
0.275 50364.536080 262900 
0.275 64212.063425 263000 
0.275 61467.645619 246700 
0.275 53898.238214 268700 
0.275 56753.029915 259200 
0.275 62038.998021 267700 
0.275 58085.813791 259400 
0.275 56698.660545 263800 
0.275 58873.523011 267900 
0.275 61567.785506 262200 
0.275 49136.272579 259700 
0.275 60051.554215 240900 
0.275 61324.239488 260000 
0.275 69070.784146 242300 
0.275 59189.667931 256000 
0.275 58451.644871 264500 
0.275 61270.858754 249700 
0.275 67339.709939 265200 
0.275 59395.872920 265500 
0.275 59514.429889 268600 
0.275 57007.934987 268800 
0.275 70979.036529 234800 
0.275 60298.852345 267000 
0.275 59595.141551 266800 
0.275 64001.159456 251100 
0.275 62955.494979 268800 
0.275 65900.182523 252700 
0.275 62416.286678 258000 
0.275 58325.600190 259100 
0.275 64023.848414 254900 
0.275 66213.761232 256900 
0.275 57313.104640 266300 
0.275 66960.425057 263400 
0.275 61541.780181 262500 
0.275 58779.399222 264900 
0.275 52355.339997 261100 
0.275 59949.002650 261000 
0.275 58251.839317 261100 
0.275 54264.324684 259500 
0.275 74604.446133 224200 
0.275 65729.502602 265300 
0.275 73292.295681 241900 
0.275 57698.249001 272700 
0.275 58575.128851 264700 
0.275 62402.081105 239800 
0.275 61944.280647 250700 
0.275 63388.112791 249800 
0.275 72320.347841 236300 
0.275 54229.340980 265300 
0.275 57939.128394 261700 
0.275 64315.306298 260600 
0.275 60561.407867 254100 
0.275 71085.725530 265000 
0.275 63500.170820 261700 
0.275 62699.159968 268000 
0.275 65916.157814 257200 
0.275 83670.272000 225900 
0.275 62062.497367 262000 
0.275 62285.909207 265300 
0.275 61788.992223 270100 
0.275 52107.958463 265200 
0.275 60680.649194 260900 
0.275 56212.005475 265100 
0.275 58713.036091 263800 
0.275 57949.633939 260200 
0.275 57580.377118 262900 
0.275 59040.430961 268800 
0.275 60147.121828 263600 
0.275 85368.653156 226000 
0.275 55218.422614 261100 
0.275 69333.384854 247600 
0.275 59921.540887 261400 
0.275 72076.619942 233300 
0.275 59315.556217 250400 
0.275 65920.425792 260600 
0.275 62194.460356 263300 
0.275 63513.838623 268900 
0.275 58300.747869 264900 
0.275 66345.141969 256100 
0.275 65373.589983 262900 
0.275 60333.019979 271000 
0.275 69202.961880 234000 
0.275 67199.188720 260400 
0.275 59159.844337 262600 
0.275 56918.325711 264800 
0.3 59310.253540 264400 
0.3 68745.201911 271800 
0.3 64539.535778 262000 
0.3 54106.552403 257200 
0.3 64452.080548 266400 
0.3 67883.395143 241500 
0.3 63307.358924 260300 
0.3 76138.636549 241500 
0.3 70741.825936 262700 
0.3 64033.191030 257900 
0.3 67033.736349 266700 
0.3 53621.116956 262000 
0.3 62139.556540 255700 
0.3 60182.734824 261700 
0.3 65391.112318 249000 
0.3 70815.424633 257300 
0.3 66299.051951 245000 
0.3 61106.809589 258100 
0.3 72539.424549 265100 
0.3 53352.975622 256200 
0.3 63242.028061 259900 
0.3 59441.895995 261500 
0.3 69849.037490 258900 
0.3 55893.958840 259900 
0.3 57507.291564 258700 
0.3 76778.147362 235200 
0.3 61905.142738 262100 
0.3 55996.072325 257100 
0.3 58224.201481 239800 
0.3 55837.625016 262300 
0.3 62346.943468 258700 
0.3 76741.279863 223700 
0.3 59764.479797 260900 
0.3 67895.548717 256700 
0.3 56317.214828 270200 
0.3 66336.117580 266100 
0.3 59997.559335 242300 
0.3 62127.871938 256800 
0.3 67033.414776 235200 
0.3 63662.347291 264200 
0.3 60060.770839 259300 
0.3 58101.639252 259300 
0.3 69021.395348 242600 
0.3 65600.889179 261800 
0.3 58492.590652 264000 
0.3 60477.405063 261600 
0.3 64672.672177 265600 
0.3 62799.247035 259300 
0.3 67741.370206 261200 
0.3 65072.085659 264400 
0.3 70139.937427 238300 
0.3 64167.248289 265800 
0.3 67022.976188 260000 
0.3 58224.390706 258000 
0.3 66740.567831 238300 
0.3 66610.282819 237600 
0.3 56815.490292 245600 
0.3 65764.699248 242000 
0.3 59542.935624 241000 
0.3 61942.320764 260100 
0.3 71212.816187 230300 
0.3 65359.054703 242700 
0.3 67575.785260 259500 
0.3 60787.204807 260900 
0.3 70189.079976 243000 
0.3 64452.934727 262400 
0.3 65709.015911 263500 
0.3 62510.223464 257800 
0.3 56107.129975 258800 
0.3 60193.921521 245500 
0.3 67867.359388 260200 
0.3 59684.061749 258700 
0.3 63061.317652 263300 
0.3 56850.670204 261200 
0.3 67909.693783 260100 
0.3 58257.080247 266600 
0.3 64775.461966 257900 
0.3 66295.741305 260100 
0.3 67177.577205 256300 
0.3 61710.267801 273500 
0.3 70420.533864 261200 
0.3 66840.125264 261500 
0.3 64343.064852 237200 
0.3 69115.850134 266700 
0.3 64668.739307 262700 
0.3 56474.095914 257700 
0.3 64913.819485 239000 
0.3 61450.767151 256700 
0.3 59136.278201 268000 
0.3 60961.362640 256100 
0.3 57781.210932 259300 
0.3 65913.783827 237100 
0.3 54931.395416 263500 
0.3 55430.222951 260800 
0.3 64205.752237 256900 
0.3 59765.642885 246100 
0.3 63499.568586 261200 
0.3 64025.401129 247300 
0.3 57849.263758 252100 
0.3 54316.786479 258900 
0.325 65091.127665 234600 
0.325 73604.702358 237200 
0.325 61189.206567 263400 
0.325 58560.845406 263300 
0.325 56343.176164 265500 
0.325 69028.801955 233900 
0.325 57772.326893 268200 
0.325 63598.043771 257100 
0.325 64338.041307 257400 
0.325 57787.674546 259000 
0.325 61209.895399 240800 
0.325 61596.481169 250900 
0.325 62954.133652 247800 
0.325 62279.973237 260600 
0.325 60200.501444 264000 
0.325 62867.444042 259200 
0.325 84249.536894 238300 
0.325 62986.639968 249000 
0.325 63710.867456 257900 
0.325 69305.305952 261700 
0.325 62312.475699 254800 
0.325 61184.026165 248200 
0.325 92849.253789 224000 
0.325 74569.297185 249100 
0.325 57339.237321 259800 
0.325 71553.175903 259800 
0.325 70148.558789 259200 
0.325 62983.581943 262200 
0.325 60993.266176 258700 
0.325 69071.039428 258800 
0.325 58679.853361 260700 
0.325 59769.023183 255500 
0.325 63219.614983 256800 
0.325 70210.060653 237800 
0.325 70213.002994 240100 
0.325 70383.206777 245700 
0.325 65495.866287 265500 
0.325 69121.904442 233900 
0.325 64021.124451 263100 
0.325 72254.330689 259000 
0.325 61818.639136 260900 
0.325 60476.828589 261600 
0.325 56085.484184 244300 
0.325 66937.229069 260000 
0.325 64029.649404 259500 
0.325 62777.712672 245100 
0.325 58820.410235 252300 
0.325 57740.654227 258500 
0.325 61031.537867 260600 
0.325 74962.991720 231300 
0.325 63912.138981 263900 
0.325 61411.367773 265100 
0.325 69674.189148 259100 
0.325 61945.114929 240800 
0.325 68363.176667 237100 
0.325 57670.493038 257400 
0.325 64353.142635 256500 
0.325 58098.259615 258900 
0.325 62226.930201 258900 
0.325 59318.983969 254000 
0.325 56453.726324 258200 
0.325 73462.446025 262600 
0.325 66619.200573 263100 
0.325 57879.628391 261100 
0.325 69780.744973 258100 
0.325 67986.875764 259500 
0.325 55905.109753 262500 
0.325 64493.940426 246900 
0.325 60255.373939 252000 
0.325 56467.020393 254700 
0.325 54052.870335 254400 
0.325 65981.686234 256700 
0.325 60035.067865 257600 
0.325 61267.034142 259300 
0.325 57938.803315 266300 
0.325 61300.264335 260000 
0.325 64421.392336 263300 
0.325 75564.548487 259400 
0.325 58617.163830 245500 
0.325 65704.553894 242100 
0.325 66655.296997 247300 
0.325 71952.941315 238600 
0.325 59717.824229 257900 
0.325 54595.950925 261100 
0.325 60805.181753 267000 
0.325 60500.646619 270000 
0.325 61433.683087 244500 
0.325 64979.826974 251600 
0.325 59972.437599 257000 
0.325 65051.275187 256400 
0.325 56017.035130 256700 
0.325 57855.425414 258300 
0.325 67582.020045 255100 
0.325 52220.026885 261900 
0.325 67218.928917 261500 
0.325 61855.247295 253200 
0.325 62649.514963 234100 
0.325 68137.771913 230800 
0.325 62388.813934 257700 
0.325 79630.476455 226300 
0.35 66500.208223 257800 
0.35 68096.204400 258700 
0.35 63784.994194 239100 
0.35 65264.651948 260300 
0.35 74940.609530 230500 
0.35 57701.839006 258800 
0.35 59769.052830 234500 
0.35 69755.251056 240700 
0.35 72222.251439 235800 
0.35 63197.068985 244700 
0.35 67124.723310 265000 
0.35 58698.918932 242600 
0.35 65512.931584 267400 
0.35 65943.420901 258500 
0.35 67580.293350 254500 
0.35 66014.017098 232600 
0.35 68008.799698 248300 
0.35 68946.020935 253000 
0.35 74955.267924 259800 
0.35 65770.076683 255700 
0.35 72869.487392 236600 
0.35 55411.354193 254900 
0.35 65381.117438 238200 
0.35 72157.648774 234000 
0.35 68814.007988 245100 
0.35 64610.010718 239000 
0.35 64032.433281 239200 
0.35 66892.211987 257400 
0.35 59962.751083 256000 
0.35 64214.074383 263000 
0.35 61452.555354 265300 
0.35 56830.727136 256500 
0.35 62686.169195 238400 
0.35 58387.978621 245800 
0.35 59452.323960 253800 
0.35 69696.489885 240800 
0.35 69129.982028 233600 
0.35 60049.512062 256900 
0.35 60989.093883 260400 
0.35 70266.812153 234100 
0.35 55345.799682 258300 
0.35 66581.500376 239900 
0.35 57945.306685 239100 
0.35 73632.311030 234100 
0.35 70806.745476 235500 
0.35 78947.555510 226900 
0.35 59981.215264 262300 
0.35 59443.106466 260900 
0.35 72709.749223 239000 
0.35 63581.945271 257100 
0.35 71071.327457 236200 
0.35 57773.962551 258800 
0.35 56518.811718 259400 
0.35 60511.222929 262500 
0.35 72283.013834 231200 
0.35 57354.683740 259800 
0.35 71610.309373 234900 
0.35 62190.608369 248500 
0.35 68258.990965 236900 
0.35 64942.232291 259000 
0.35 59837.365077 261200 
0.35 63922.591165 262100 
0.35 65873.839851 243200 
0.35 61927.309925 255000 
0.35 72951.800042 236200 
0.35 68741.062052 251100 
0.35 66142.993495 251100 
0.35 61090.034797 262100 
0.35 67979.710585 239100 
0.35 67635.386894 247200 
0.35 64189.016035 259000 
0.35 65688.301093 258400 
0.35 59149.116428 263700 
0.35 62235.221176 259800 
0.35 70620.354393 252100 
0.35 62702.875870 258400 
0.35 57751.310059 256200 
0.35 62614.319191 257500 
0.35 60766.708824 252000 
0.35 55832.604863 262500 
0.35 73057.886907 243400 
0.35 66049.015654 246000 
0.35 77419.267537 237600 
0.35 61328.978670 258000 
0.35 65873.797149 260300 
0.35 59102.590872 242100 
0.35 73073.559092 243500 
0.35 63903.285312 260000 
0.35 62815.199325 244600 
0.35 62984.256056 258700 
0.35 65108.894762 253500 
0.35 66116.566673 245300 
0.35 59571.889652 256100 
0.35 58827.440249 261200 
0.35 57791.381177 255700 
0.35 58514.621112 257500 
0.35 59063.247064 252100 
0.35 72599.971114 237700 
0.35 67814.352761 239100 
0.35 68493.741694 236900 
0.375 60992.503353 242700 
0.375 60564.580304 254400 
0.375 63102.747902 244900 
0.375 78885.140355 235800 
0.375 66833.044215 240900 
0.375 60642.530006 259000 
0.375 53812.936702 258900 
0.375 64436.711018 255500 
0.375 57612.463184 256900 
0.375 64895.627321 261900 
0.375 62576.963387 257100 
0.375 69159.610017 230700 
0.375 58213.156117 257800 
0.375 61912.096314 259300 
0.375 63725.962832 255300 
0.375 60522.960614 259600 
0.375 67062.228443 239300 
0.375 65136.409262 252200 
0.375 65916.741571 236400 
0.375 70943.603634 255300 
0.375 57018.157792 260000 
0.375 72030.571451 233600 
0.375 60622.651462 261500 
0.375 63705.665117 259600 
0.375 64652.629429 259700 
0.375 67588.018711 238100 
0.375 62613.740770 260800 
0.375 60865.736751 257700 
0.375 61398.196829 242200 
0.375 67511.409566 259600 
0.375 69850.637979 241400 
0.375 65602.119253 233200 
0.375 56961.242373 253300 
0.375 67409.970254 248200 
0.375 67699.400844 259000 
0.375 66692.790318 243000 
0.375 61788.953784 247700 
0.375 62058.668504 256900 
0.375 62309.275507 242100 
0.375 63127.283045 252400 
0.375 60197.885954 258800 
0.375 56393.417210 248500 
0.375 61828.742783 255800 
0.375 73899.925805 225000 
0.375 67732.282976 262600 
0.375 58736.497214 257800 
0.375 61374.600313 255900 
0.375 69087.853661 237400 
0.375 61251.261439 259500 
0.375 66400.173435 243100 
0.375 59698.886517 260000 
0.375 69915.671782 255200 
0.375 69231.464394 238600 
0.375 66637.395891 245100 
0.375 64927.793988 261000 
0.375 72611.195387 226400 
0.375 72067.551388 229300 
0.375 65642.086184 237600 
0.375 69688.992412 235600 
0.375 58371.074934 263700 
0.375 72465.928378 258700 
0.375 69737.867634 259000 
0.375 59717.034817 258900 
0.375 60803.542436 248600 
0.375 62573.873361 251800 
0.375 68532.055863 243300 
0.375 72649.958048 238400 
0.375 68934.264308 253900 
0.375 68198.765163 246300 
0.375 62244.142022 257500 
0.375 55639.371154 242400 
0.375 73429.141165 235700 
0.375 58012.276355 260400 
0.375 69183.442483 237400 
0.375 72944.428031 229500 
0.375 60352.046914 258100 
0.375 59304.827781 264100 
0.375 62281.670673 262100 
0.375 67680.315475 237400 
0.375 68887.376802 234300 
0.375 56763.676902 264500 
0.375 72437.912116 243500 
0.375 67407.154333 255100 
0.375 69113.955077 236200 
0.375 58812.488642 273500 
0.375 60725.648198 257400 
0.375 69113.791428 234000 
0.375 59642.181423 250800 
0.375 59474.441169 265100 
0.375 66783.648189 244300 
0.375 71047.804438 234700 
0.375 73406.060901 237800 
0.375 65796.453936 256800 
0.375 71095.057263 255800 
0.375 73342.823768 228100 
0.375 76230.705322 249200 
0.375 68223.196460 234500 
0.375 68804.579086 221800 
0.375 64025.962334 254200 
0.375 68931.953614 256500 
0.4 59916.242341 260700 
0.4 62481.868184 258100 
0.4 66325.605048 239300 
0.4 55301.449232 260000 
0.4 77093.944631 226700 
0.4 58442.000028 250800 
0.4 62268.219511 255800 
0.4 61604.451796 256100 
0.4 59222.541483 239900 
0.4 51672.070508 262700 
0.4 62151.419508 239500 
0.4 68370.376922 238000 
0.4 62956.690034 242000 
0.4 58802.100566 255300 
0.4 71687.523381 256800 
0.4 61014.535472 257500 
0.4 66896.895842 257100 
0.4 68894.840369 243100 
0.4 65692.013419 252000 
0.4 59980.541320 260800 
0.4 63652.380932 253200 
0.4 60389.855034 258800 
0.4 55715.603866 256900 
0.4 62493.140521 255700 
0.4 67517.174516 234500 
0.4 69625.187679 233900 
0.4 61904.321986 251100 
0.4 74278.725072 223500 
0.4 68753.688755 242000 
0.4 72352.596032 228800 
0.4 58821.059650 245000 
0.4 55424.986318 262000 
0.4 60093.401571 259300 
0.4 56449.575472 258100 
0.4 64355.693339 244000 
0.4 63843.040210 248000 
0.4 62992.701611 244400 
0.4 69975.406424 238000 
0.4 59037.490394 258100 
0.4 64826.548949 255500 
0.4 54002.462411 260200 
0.4 60185.252872 257900 
0.4 58194.029304 256400 
0.4 55801.737848 252400 
0.4 70066.126794 236500 
0.4 62385.098671 256400 
0.4 66874.545229 260200 
0.4 70390.636470 233100 
0.4 70540.187891 256700 
0.4 59241.527855 257400 
0.4 82932.241977 223300 
0.4 70282.321205 241000 
0.4 56922.042550 261900 
0.4 68642.848659 239200 
0.4 69105.322621 250100 
0.4 70088.716831 255800 
0.4 65091.665773 244900 
0.4 77118.237405 254900 
0.4 67607.703065 257000 
0.4 65691.761454 248000 
0.4 58413.979003 257900 
0.4 66103.233690 254200 
0.4 63186.774573 257400 
0.4 60251.108968 258600 
0.4 76552.865348 226300 
0.4 69462.351383 248500 
0.4 64685.497065 239000 
0.4 67373.516733 244300 
0.4 69227.135717 232000 
0.4 66479.348332 238000 
0.4 60228.255492 258600 
0.4 66119.275612 242800 
0.4 60303.089363 257300 
0.4 62889.616005 248400 
0.4 56789.684261 250200 
0.4 57881.030996 246300 
0.4 64783.504215 257000 
0.4 73764.339564 235500 
0.4 64544.017838 257900 
0.4 67219.191891 256000 
0.4 62387.577619 255100 
0.4 69455.858256 227800 
0.4 67804.645079 252300 
0.4 63525.401229 257700 
0.4 61826.859888 239600 
0.4 68902.245784 234300 
0.4 64840.732348 263100 
0.4 76660.451580 230500 
0.4 59917.164905 260600 
0.4 68833.411810 241700 
0.4 66562.886777 243000 
0.4 64636.314388 254100 
0.4 76081.326503 226300 
0.4 63183.176444 254100 
0.4 63150.407406 258800 
0.4 66926.757916 253000 
0.4 73295.777137 240200 
0.4 68274.437263 259300 
0.4 59652.466438 258000 
0.4 67050.730738 257000 
0.425 76045.212643 233000 
0.425 56903.960478 256700 
0.425 69696.672157 236200 
0.425 65033.951601 236200 
0.425 76055.070507 227100 
0.425 60890.587388 254800 
0.425 73275.614236 227100 
0.425 61238.698726 256200 
0.425 60310.634398 268100 
0.425 73790.882123 236400 
0.425 64506.920590 242900 
0.425 67753.839108 247100 
0.425 63881.337730 258600 
0.425 63650.175847 248100 
0.425 75971.150352 237400 
0.425 67116.782728 250400 
0.425 68216.048197 249500 
0.425 60577.639474 245600 
0.425 61342.237090 257700 
0.425 68363.873294 253300 
0.425 71638.931303 242100 
0.425 69694.558968 241400 
0.425 67337.839760 240200 
0.425 60345.290165 244500 
0.425 70498.443756 228500 
0.425 70586.074434 232500 
0.425 75919.913712 228300 
0.425 77993.945439 223500 
0.425 63217.961436 254400 
0.425 59775.988051 256900 
0.425 59755.025650 258400 
0.425 67372.891811 258500 
0.425 70002.675696 234100 
0.425 67804.096567 237700 
0.425 63680.541454 256100 
0.425 70135.444138 242800 
0.425 67014.376510 239000 
0.425 61228.699107 245600 
0.425 66749.889077 251100 
0.425 62828.266301 256200 
0.425 86554.758403 229700 
0.425 58917.391749 260200 
0.425 66287.968707 246600 
0.425 71427.996900 234700 
0.425 76935.050694 230700 
0.425 60172.223488 238900 
0.425 58510.676993 254400 
0.425 70889.539235 235500 
0.425 75475.443286 224400 
0.425 76117.519835 237800 
0.425 60535.112318 258800 
0.425 69164.447390 243500 
0.425 66232.361796 233400 
0.425 70883.270230 240300 
0.425 70015.818215 254600 
0.425 60131.084177 258100 
0.425 53134.813122 263800 
0.425 63309.065722 245700 
0.425 76294.730835 228600 
0.425 73602.976713 227200 
0.425 62779.440443 241800 
0.425 70855.621801 230300 
0.425 66511.124910 241400 
0.425 57873.252660 257500 
0.425 72405.510949 225200 
0.425 65215.348695 242400 
0.425 61443.643474 255200 
0.425 62751.108761 260400 
0.425 67820.855150 257200 
0.425 67235.586324 250600 
0.425 65469.822854 255200 
0.425 58575.213442 246000 
0.425 74075.046111 237700 
0.425 65666.637016 253300 
0.425 63118.077406 260400 
0.425 59569.477486 256400 
0.425 70432.667262 240100 
0.425 63338.072099 243200 
0.425 58486.475939 258200 
0.425 61586.359490 251700 
0.425 68589.879172 232900 
0.425 63966.980442 251400 
0.425 62657.604852 241600 
0.425 66834.328292 252300 
0.425 64410.149720 246100 
0.425 72456.452076 236600 
0.425 70147.225730 256500 
0.425 64155.792229 246500 
0.425 70264.368063 256600 
0.425 58252.242197 260800 
0.425 65417.211750 260000 
0.425 70337.629666 257900 
0.425 75026.737630 229700 
0.425 57127.841026 257500 
0.425 68190.227205 256600 
0.425 63740.022033 235200 
0.425 57054.610066 255900 
0.425 73050.064208 242400 
0.425 73248.202871 231100 
0.425 62381.666285 239400 
0.45 69752.966431 237500 
0.45 59764.442065 240100 
0.45 74176.727533 225300 
0.45 75694.161799 231600 
0.45 59684.211648 240600 
0.45 70463.746722 256000 
0.45 60479.860931 248000 
0.45 73489.975049 237900 
0.45 64730.515585 258700 
0.45 75292.682118 235500 
0.45 74211.578365 238500 
0.45 68532.806955 241100 
0.45 63162.983915 253800 
0.45 73531.251270 239900 
0.45 66579.740849 231700 
0.45 64077.580171 238900 
0.45 72323.097003 248600 
0.45 68486.833430 234600 
0.45 61173.824339 247000 
0.45 66594.762304 240200 
0.45 71953.696770 253900 
0.45 55513.956361 256300 
0.45 70265.274838 235900 
0.45 73547.484994 224200 
0.45 75741.427478 236800 
0.45 72589.706672 241000 
0.45 66403.017985 253400 
0.45 64301.247993 258900 
0.45 81751.115015 233900 
0.45 66862.396708 237100 
0.45 69560.505246 244500 
0.45 72332.942033 229300 
0.45 65862.310664 238600 
0.45 60890.459011 234100 
0.45 76060.904636 235200 
0.45 73824.769678 236000 
0.45 61408.368433 248200 
0.45 65964.018962 251200 
0.45 62383.767227 247700 
0.45 65685.337736 241800 
0.45 58242.022452 257500 
0.45 71400.181128 235300 
0.45 70337.267406 239700 
0.45 67954.314960 235400 
0.45 65389.470029 241800 
0.45 69170.805911 252200 
0.45 60785.319665 254000 
0.45 72523.925651 226300 
0.45 85398.571338 244200 
0.45 65475.021832 238700 
0.45 66607.750442 247100 
0.45 68017.428634 255200 
0.45 67351.997984 252100 
0.45 59311.759541 253100 
0.45 77754.851609 241800 
0.45 78871.608651 227500 
0.45 67364.501393 258700 
0.45 65483.491663 252400 
0.45 69970.371636 239400 
0.45 63339.683339 243700 
0.45 58072.047790 241700 
0.45 63933.978887 240400 
0.45 70018.842285 234700 
0.45 72353.296174 235400 
0.45 72633.147477 232500 
0.45 53696.787986 252000 
0.45 59929.262867 256000 
0.45 74370.278233 230700 
0.45 58303.187307 253300 
0.45 59369.120712 234400 
0.45 63003.466022 253400 
0.45 79089.845834 230500 
0.45 67791.447930 231800 
0.45 65669.455833 245400 
0.45 68107.517166 235200 
0.45 68157.868624 239600 
0.45 71304.985820 232300 
0.45 73189.669933 239000 
0.45 71765.635460 248300 
0.45 73155.427766 237600 
0.45 67591.901578 250300 
0.45 68250.379874 234000 
0.45 71388.834257 252300 
0.45 59628.793091 250700 
0.45 78287.030304 229000 
0.45 86122.404008 222900 
0.45 79138.529149 229600 
0.45 69449.337153 254200 
0.45 73189.767859 230800 
0.45 70280.463519 245500 
0.45 69428.664260 228700 
0.45 62181.146467 251100 
0.45 61806.446325 260400 
0.45 81271.477455 234300 
0.45 62407.290499 244000 
0.45 62547.126705 252400 
0.45 64197.311323 240300 
0.45 70080.666771 235700 
0.45 60305.227905 249200 
0.45 57314.912489 251100 
0.475 76748.902925 240800 
0.475 59481.980034 249200 
0.475 60459.994248 247300 
0.475 57306.441866 255900 
0.475 82232.242321 245400 
0.475 65612.921210 255800 
0.475 89888.925212 222800 
0.475 60183.304128 243700 
0.475 74853.591059 237300 
0.475 62397.651979 256200 
0.475 67697.368968 240700 
0.475 63464.361552 256400 
0.475 63913.501017 254600 
0.475 64449.222967 254000 
0.475 64234.706924 253100 
0.475 71480.634455 243000 
0.475 69189.004585 254000 
0.475 70143.199888 233500 
0.475 64705.054602 247300 
0.475 70105.542449 229200 
0.475 70748.822583 229300 
0.475 77962.208057 224400 
0.475 61125.236864 252900 
0.475 69117.203730 231700 
0.475 72857.163315 227100 
0.475 72681.526150 229700 
0.475 74194.142905 243200 
0.475 64570.599333 255000 
0.475 62911.385688 254900 
0.475 75519.324381 228100 
0.475 63277.581402 240200 
0.475 68257.073488 230800 
0.475 71519.156421 242400 
0.475 78936.305398 234600 
0.475 64878.458893 258600 
0.475 70406.818543 241600 
0.475 72293.728649 244700 
0.475 61953.898776 250400 
0.475 69394.459076 227900 
0.475 68605.582282 232800 
0.475 70252.522828 229400 
0.475 76824.296698 230600 
0.475 66264.161165 258800 
0.475 71584.126110 229100 
0.475 66136.621012 235800 
0.475 63823.659506 257300 
0.475 72346.536181 245300 
0.475 62716.576099 250800 
0.475 70648.182846 254400 
0.475 61513.147028 252800 
0.475 62799.044401 253000 
0.475 72626.755374 241100 
0.475 66888.508875 241000 
0.475 65069.028558 243200 
0.475 66841.413255 242600 
0.475 65666.854607 260800 
0.475 64799.986035 254000 
0.475 75855.727995 229700 
0.475 71625.917860 225000 
0.475 72102.679905 228800 
0.475 76542.054631 236500 
0.475 70612.118235 254600 
0.475 67707.152788 237800 
0.475 70401.613203 229800 
0.475 59933.552404 255000 
0.475 75127.679683 224100 
0.475 67524.316347 234700 
0.475 60808.537070 256800 
0.475 69270.373220 226200 
0.475 66655.737274 240400 
0.475 69607.997342 233400 
0.475 74390.710379 224000 
0.475 65149.167324 248200 
0.475 66688.053862 251300 
0.475 60883.919003 247500 
0.475 62831.037560 243700 
0.475 69521.286531 233900 
0.475 64196.603713 244300 
0.475 68018.112988 258800 
0.475 66513.242205 241300 
0.475 65245.296703 237000 
0.475 65625.308007 241300 
0.475 67637.442018 228900 
0.475 66574.590470 253000 
0.475 62352.478824 258100 
0.475 69497.421176 234600 
0.475 61213.514746 257400 
0.475 64883.220197 255500 
0.475 73172.503547 229200 
0.475 79811.347513 233600 
0.475 64304.052474 250100 
0.475 72908.914293 234300 
0.475 61798.438438 245100 
0.475 69685.721486 258700 
0.475 69852.108370 238100 
0.475 59519.624735 253600 
0.475 76260.962577 227500 
0.475 68894.408243 243800 
0.475 69361.891652 233700 
0.475 74957.685438 230600 
0.5 72479.887485 227000 
0.5 73419.379482 224800 
0.5 68036.015163 241500 
0.5 77905.085833 235600 
0.5 58141.500548 246100 
0.5 74415.041185 229400 
0.5 61272.974089 251600 
0.5 68000.755836 232400 
0.5 78074.919741 246500 
0.5 69904.471925 237400 
0.5 59505.260942 244100 
0.5 77436.062168 236700 
0.5 58349.062279 252300 
0.5 74977.661678 247800 
0.5 58362.145962 237900 
0.5 61160.937034 233900 
0.5 71207.319560 231000 
0.5 66926.974388 238100 
0.5 66507.611658 248900 
0.5 67673.167032 247000 
0.5 70713.037892 233500 
0.5 68662.801177 238200 
0.5 62048.441303 242200 
0.5 63975.353205 242800 
0.5 68201.763492 236100 
0.5 70487.899790 230500 
0.5 62540.969280 248500 
0.5 65024.165684 245500 
0.5 82252.349690 236800 
0.5 59979.130739 254900 
0.5 68984.724459 238500 
0.5 77517.295361 235500 
0.5 68840.668139 238500 
0.5 63484.303372 227200 
0.5 63621.819216 256700 
0.5 68352.104874 255300 
0.5 69157.224913 242300 
0.5 75958.711210 235700 
0.5 63758.711421 238700 
0.5 62974.536819 256900 
0.5 67981.795130 230900 
0.5 61832.220202 250400 
0.5 80965.306145 230600 
0.5 66556.735413 236800 
0.5 55642.181787 254700 
0.5 73637.391302 234100 
0.5 71528.609406 228300 
0.5 72791.176971 228500 
0.5 60915.570809 251900 
0.5 70625.312278 229100 
0.5 82524.995527 235700 
0.5 72450.478738 231300 
0.5 67886.949588 245600 
0.5 65250.680449 238800 
0.5 68698.950301 247800 
0.5 59894.762314 253900 
0.5 62017.879261 253800 
0.5 74168.007029 236500 
0.5 69668.416607 243300 
0.5 66543.297420 236700 
0.5 65217.890800 237500 
0.5 78834.065851 229200 
0.5 64511.115346 254300 
0.5 66638.870547 236900 
0.5 73541.706474 231200 
0.5 79861.346091 228000 
0.5 70709.694455 242700 
0.5 67240.179817 233400 
0.5 72175.332553 245600 
0.5 69505.052794 240000 
0.5 75082.362009 235700 
0.5 78433.214436 232300 
0.5 60872.118763 256600 
0.5 66293.478108 253400 
0.5 78817.891535 232400 
0.5 59978.228567 251600 
0.5 66752.311155 251300 
0.5 69622.749692 237700 
0.5 65559.126690 252600 
0.5 54441.661563 252100 
0.5 70025.969070 252900 
0.5 68603.513966 238300 
0.5 84670.078719 223000 
0.5 73246.177194 228800 
0.5 76358.640639 239900 
0.5 65079.522262 251800 
0.5 76358.854156 237300 
0.5 65871.496455 255100 
0.5 56912.170169 255000 
0.5 86518.388759 229200 
0.5 65274.082370 231900 
0.5 66275.383681 243100 
0.5 75200.863170 245900 
0.5 68389.756156 236700 
0.5 72349.551357 230900 
0.5 67084.235770 239800 
0.5 65478.344243 247400 
0.5 72201.421761 253400 
0.5 72799.049282 236800 
0.5 69557.462103 254700 
0.525 61289.530528 252800 
0.525 71911.073230 235400 
0.525 67010.256965 235400 
0.525 64917.170746 238600 
0.525 62063.449994 247000 
0.525 68602.913338 252400 
0.525 72876.776328 245900 
0.525 80619.607168 228900 
0.525 70190.754774 235500 
0.525 66397.608415 256500 
0.525 59717.809161 242200 
0.525 64178.921636 236200 
0.525 68623.060504 239200 
0.525 72522.836375 229300 
0.525 68210.934059 230900 
0.525 73355.553958 226400 
0.525 74054.184008 234500 
0.525 76093.036156 230600 
0.525 73286.173679 229600 
0.525 78394.631773 221300 
0.525 76952.620109 215200 
0.525 62919.903370 232200 
0.525 59530.762587 246300 
0.525 67989.796336 231600 
0.525 64885.101877 237500 
0.525 54995.524919 255200 
0.525 68823.827064 247100 
0.525 64106.169734 239200 
0.525 64206.430345 252700 
0.525 60036.183805 250500 
0.525 64900.382492 247700 
0.525 76783.564994 252700 
0.525 74536.565936 232400 
0.525 70765.488164 230200 
0.525 69721.097650 229600 
0.525 69871.681288 227800 
0.525 74096.152314 242000 
0.525 67172.102077 239900 
0.525 65110.771775 231900 
0.525 72610.712381 227300 
0.525 68621.793965 239400 
0.525 63757.136521 243200 
0.525 66725.371664 257600 
0.525 64662.837278 236400 
0.525 66165.637516 239500 
0.525 68261.870681 234500 
0.525 74394.910542 225300 
0.525 76160.092361 232700 
0.525 64528.925054 245700 
0.525 67584.452942 239100 
0.525 66336.277071 251800 
0.525 65503.266738 237700 
0.525 65381.820998 235400 
0.525 65591.584063 245300 
0.525 71029.181218 251400 
0.525 65545.725703 250300 
0.525 78489.954354 223800 
0.525 72974.759298 230300 
0.525 62457.441208 240500 
0.525 73728.275445 227800 
0.525 65416.962251 248100 
0.525 65827.889012 243800 
0.525 59168.236623 256800 
0.525 65184.428224 252900 
0.525 66847.430043 237900 
0.525 65425.232691 242400 
0.525 71359.427402 235700 
0.525 72630.801301 230700 
0.525 74867.866147 230400 
0.525 71289.953850 235500 
0.525 86566.264461 222300 
0.525 74266.289425 234200 
0.525 68107.146674 240400 
0.525 73031.610626 249900 
0.525 64935.502017 239500 
0.525 71498.215848 239300 
0.525 72186.483291 238100 
0.525 59871.208279 254600 
0.525 70252.664728 234100 
0.525 64471.841812 235300 
0.525 75197.460635 232900 
0.525 69858.907239 230500 
0.525 63153.451423 256300 
0.525 68601.347520 244500 
0.525 65783.419851 251400 
0.525 65752.583208 246900 
0.525 70279.380038 233800 
0.525 62252.087341 241400 
0.525 73205.749129 234000 
0.525 72791.148197 232700 
0.525 64818.213723 229100 
0.525 71215.470524 235700 
0.525 64624.206878 252700 
0.525 66910.181547 241400 
0.525 69838.627165 249300 
0.525 64635.862789 243700 
0.525 71896.047621 227900 
0.525 74713.903237 228500 
0.525 64584.812694 230600 
0.525 66570.158361 253000 
0.55 63173.340273 253800 
0.55 70485.748904 235000 
0.55 77322.877639 224800 
0.55 66744.868511 234800 
0.55 65642.382064 237500 
0.55 59300.812758 243800 
0.55 68514.459010 244400 
0.55 72785.720510 226900 
0.55 72343.332753 232700 
0.55 68851.495921 234300 
0.55 67097.981849 234200 
0.55 73012.982661 232400 
0.55 67677.700146 242600 
0.55 68549.180595 250400 
0.55 66597.622120 228200 
0.55 69343.338028 256000 
0.55 62926.136853 235300 
0.55 63678.276144 243700 
0.55 62486.809461 242900 
0.55 61097.043216 251400 
0.55 72711.051090 252500 
0.55 74188.969636 235800 
0.55 71223.892711 235700 
0.55 63655.312832 255400 
0.55 70897.760410 250200 
0.55 76685.738600 232500 
0.55 71601.067774 236200 
0.55 69202.015682 233400 
0.55 68563.796703 236100 
0.55 72662.232703 229400 
0.55 79017.008858 223000 
0.55 71366.702227 255200 
0.55 66243.394447 230900 
0.55 71259.587931 231000 
0.55 73633.370031 233300 
0.55 68830.944498 234400 
0.55 60704.699385 245000 
0.55 62872.069366 236700 
0.55 72495.309470 236800 
0.55 65506.822255 235200 
0.55 73765.597179 234000 
0.55 70885.116391 231700 
0.55 74242.548728 230600 
0.55 73925.395034 246000 
0.55 70712.025535 232100 
0.55 84687.841185 224700 
0.55 67425.190508 254100 
0.55 68952.197596 250500 
0.55 65657.965833 233700 
0.55 73072.229937 243300 
0.55 73976.360207 235900 
0.55 64953.579501 232200 
0.55 64147.822399 243100 
0.55 65205.354265 231300 
0.55 62986.725313 230900 
0.55 75895.375672 221300 
0.55 81421.765547 235800 
0.55 71154.549004 252400 
0.55 63216.171289 241800 
0.55 77358.672653 230600 
0.55 62290.219912 252100 
0.55 73241.865103 246800 
0.55 68312.909548 229400 
0.55 66659.195927 237800 
0.55 63044.701973 249300 
0.55 67810.198108 233600 
0.55 64510.336338 249000 
0.55 81579.206557 231200 
0.55 70343.671402 233300 
0.55 68220.878478 255000 
0.55 65753.983660 253400 
0.55 72662.913207 227300 
0.55 70377.628674 250100 
0.55 65053.685848 254400 
0.55 69223.026656 237000 
0.55 67115.767807 236900 
0.55 69922.687477 234400 
0.55 63957.610309 240400 
0.55 66896.891018 245800 
0.55 84583.992678 216700 
0.55 69054.740398 230100 
0.55 64773.833871 239900 
0.55 70366.967901 231300 
0.55 69789.875557 230200 
0.55 62871.536771 241400 
0.55 64330.829510 240100 
0.55 69820.241786 232800 
0.55 77557.280820 235300 
0.55 72957.173651 234000 
0.55 79320.548851 222700 
0.55 77850.541656 235700 
0.55 65872.928671 244600 
0.55 63787.685214 254400 
0.55 74581.673387 227900 
0.55 73137.563512 233900 
0.55 76126.637372 242100 
0.55 75774.774760 243900 
0.55 66627.731446 259500 
0.55 63895.981802 245900 
0.55 73068.835138 226900 
0.575 78027.371406 230800 
0.575 71479.847656 237800 
0.575 69307.891288 228700 
0.575 65756.498962 244400 
0.575 67959.092820 236900 
0.575 71373.086896 235500 
0.575 74023.429918 231000 
0.575 67857.629436 232500 
0.575 72324.520984 228800 
0.575 75224.701482 239500 
0.575 73621.342398 231900 
0.575 68774.771563 235200 
0.575 73108.273051 226500 
0.575 71525.370461 238100 
0.575 67838.030062 235600 
0.575 66325.637446 231700 
0.575 82592.913755 221400 
0.575 63743.227856 250000 
0.575 72908.118680 232500 
0.575 64800.674495 255400 
0.575 75485.963183 243500 
0.575 60240.535297 234800 
0.575 66206.683941 247800 
0.575 67116.543541 240500 
0.575 73604.873027 227200 
0.575 76652.737661 229900 
0.575 72291.677421 247100 
0.575 71909.065907 235000 
0.575 87272.999731 231300 
0.575 73881.180838 225300 
0.575 67174.219116 239700 
0.575 76329.331113 234800 
0.575 65932.255947 253000 
0.575 84030.009871 227300 
0.575 70241.962444 237700 
0.575 74012.453939 248200 
0.575 68719.823243 233100 
0.575 71086.843107 230500 
0.575 75222.923180 235500 
0.575 62015.393863 238400 
0.575 72569.878631 230400 
0.575 64716.475332 233500 
0.575 79473.432596 228200 
0.575 70935.019456 227200 
0.575 60264.137463 244300 
0.575 70846.545102 231700 
0.575 81196.678466 227000 
0.575 68947.574297 244200 
0.575 70372.564690 236400 
0.575 82791.692913 226700 
0.575 65121.629335 240100 
0.575 82136.133598 226200 
0.575 65064.836877 253000 
0.575 72649.635304 238600 
0.575 78086.645665 223800 
0.575 68809.927697 234400 
0.575 67329.885564 227000 
0.575 70957.971737 234000 
0.575 86205.843695 223200 
0.575 70912.290759 238000 
0.575 75318.752440 232600 
0.575 74979.044869 231900 
0.575 60725.957327 236000 
0.575 78488.878416 237500 
0.575 72835.258155 230600 
0.575 67383.863507 232700 
0.575 70058.689770 236500 
0.575 68666.560670 247200 
0.575 74161.958874 231500 
0.575 64467.474597 248900 
0.575 68138.460601 253300 
0.575 58801.345070 254200 
0.575 65816.210807 234600 
0.575 65133.186574 239600 
0.575 63130.834555 255100 
0.575 77236.482162 236700 
0.575 73813.160407 236700 
0.575 56602.504271 253200 
0.575 70080.082773 237400 
0.575 78143.282212 234700 
0.575 62952.878118 242700 
0.575 72330.569686 232400 
0.575 71657.241341 241800 
0.575 71866.539890 243500 
0.575 74973.519291 228200 
0.575 73356.178671 241400 
0.575 69249.353909 230000 
0.575 75762.869556 236500 
0.575 69609.848294 231800 
0.575 59995.450812 249100 
0.575 67114.433232 233900 
0.575 72712.680164 229200 
0.575 64285.078777 230900 
0.575 70787.768210 234200 
0.575 77652.444498 242000 
0.575 63381.111666 235000 
0.575 68768.911880 237700 
0.575 65767.692218 244500 
0.575 68650.012554 243400 
0.575 74413.232222 232800 
0.6 72908.787436 221500 
0.6 61681.664182 248100 
0.6 74540.734238 223600 
0.6 71574.890571 240700 
0.6 66201.069913 251500 
0.6 78363.456948 239900 
0.6 74726.632272 234600 
0.6 64068.327618 247700 
0.6 62214.993259 238400 
0.6 68105.925606 232000 
0.6 63956.756767 237800 
0.6 72597.667985 232100 
0.6 65187.963953 236800 
0.6 86798.921026 222200 
0.6 74318.086701 224400 
0.6 70363.402170 228600 
0.6 75108.409480 231500 
0.6 68817.769583 234900 
0.6 68081.518920 231500 
0.6 71780.363668 233300 
0.6 70302.195121 239900 
0.6 75913.884373 227600 
0.6 64809.823677 245300 
0.6 61951.615524 240500 
0.6 80975.596897 226300 
0.6 74034.994336 240900 
0.6 69184.441720 245900 
0.6 68880.670778 231500 
0.6 62379.101634 250400 
0.6 69962.728856 246800 
0.6 65575.969826 240400 
0.6 66317.676985 229400 
0.6 63643.532636 251200 
0.6 69613.838184 236700 
0.6 68028.697091 229400 
0.6 60801.642224 236700 
0.6 77971.837776 244300 
0.6 74674.176077 235800 
0.6 68961.750857 235000 
0.6 69736.563893 245200 
0.6 64712.880516 250900 
0.6 63609.831906 252600 
0.6 64738.710342 251700 
0.6 69150.174926 244200 
0.6 77923.931041 231300 
0.6 64231.981894 239900 
0.6 63199.445104 232700 
0.6 77323.012676 228100 
0.6 72412.318502 232700 
0.6 70056.078741 231000 
0.6 70779.392312 235600 
0.6 76552.706012 236900 
0.6 74258.723758 236300 
0.6 63894.346319 234900 
0.6 68594.839024 252000 
0.6 67360.837122 255000 
0.6 78370.007174 223600 
0.6 63295.876551 240700 
0.6 84038.721113 223600 
0.6 69447.830914 246600 
0.6 74923.880030 235000 
0.6 61761.971664 248900 
0.6 69880.848548 229900 
0.6 69870.987510 229700 
0.6 80124.082158 233800 
0.6 75605.296378 226600 
0.6 74168.603613 233600 
0.6 66219.052222 228500 
0.6 67787.886752 238600 
0.6 68686.575563 230100 
0.6 73467.310299 228700 
0.6 67658.839587 231000 
0.6 68667.633843 236200 
0.6 65038.817745 242400 
0.6 65623.683130 249300 
0.6 73296.810465 229300 
0.6 71361.010505 228400 
0.6 69790.644676 228200 
0.6 66518.414782 251500 
0.6 65982.014494 236000 
0.6 62877.493286 238700 
0.6 64361.190792 244300 
0.6 69336.686215 238000 
0.6 79520.132842 229900 
0.6 62254.717914 250500 
0.6 75689.654865 235700 
0.6 70275.772822 244800 
0.6 62614.307975 248800 
0.6 81294.910355 230700 
0.6 79696.810503 222500 
0.6 65697.119165 254700 
0.6 67216.172572 250300 
0.6 67443.022106 240000 
0.6 66797.128382 244000 
0.6 79942.307490 228600 
0.6 71721.431533 227000 
0.6 71889.233033 229500 
0.6 72180.061830 247400 
0.6 68056.416148 244900 
0.6 76675.447418 238100 
0.625 71131.884468 244000 
0.625 76842.877597 231100 
0.625 68711.560599 251200 
0.625 77895.821121 226600 
0.625 59175.204306 246500 
0.625 72537.104615 230800 
0.625 71194.397950 232800 
0.625 79653.031155 240600 
0.625 69293.356754 239300 
0.625 77399.277598 229700 
0.625 70122.961157 238900 
0.625 76431.059049 232600 
0.625 78619.665277 230400 
0.625 78552.191700 232300 
0.625 70043.167299 236200 
0.625 67307.557653 241600 
0.625 68644.162956 237900 
0.625 82529.771978 218900 
0.625 70328.747570 227100 
0.625 67403.796165 236700 
0.625 80671.871967 229700 
0.625 85329.818585 229100 
0.625 69732.807577 232400 
0.625 77092.452738 226800 
0.625 70261.045443 239200 
0.625 71764.872745 231000 
0.625 66946.007289 251400 
0.625 65276.561920 232100 
0.625 71993.737700 234100 
0.625 66422.165831 251300 
0.625 78590.136947 233800 
0.625 72058.029199 233900 
0.625 81307.470703 233600 
0.625 76996.023618 225100 
0.625 59403.739417 255300 
0.625 73199.228354 240200 
0.625 73879.142289 237900 
0.625 69618.189832 239100 
0.625 69006.518939 244100 
0.625 64128.195641 246900 
0.625 60279.295973 251500 
0.625 69152.143794 242000 
0.625 61727.286464 251900 
0.625 67025.853778 234300 
0.625 68548.983902 234700 
0.625 66009.393520 229400 
0.625 70410.127630 226100 
0.625 73515.959271 222200 
0.625 71384.521956 236200 
0.625 70377.722523 230000 
0.625 73647.229860 229600 
0.625 73986.867206 234500 
0.625 70418.854803 232800 
0.625 66259.035645 236000 
0.625 70253.253104 230900 
0.625 69631.772674 236000 
0.625 79940.106714 233400 
0.625 72502.806046 240800 
0.625 79238.009761 225900 
0.625 86418.382423 220800 
0.625 73234.064104 236000 
0.625 75759.912340 236300 
0.625 71492.922914 234100 
0.625 61829.934924 235400 
0.625 73127.962939 255700 
0.625 82827.516837 233400 
0.625 74193.438010 237900 
0.625 67926.014877 230200 
0.625 76353.968627 228200 
0.625 80489.825995 227300 
0.625 68952.827047 229600 
0.625 79799.683309 228900 
0.625 68164.113777 232500 
0.625 62852.797530 240500 
0.625 66649.988097 246200 
0.625 88268.787606 226400 
0.625 66515.566748 251200 
0.625 65618.857620 248600 
0.625 68478.774722 233400 
0.625 67967.995272 250600 
0.625 60207.152168 254000 
0.625 74997.173973 224600 
0.625 77063.123047 222800 
0.625 71482.976212 234600 
0.625 72350.618076 236600 
0.625 82180.496705 220200 
0.625 63146.933412 235200 
0.625 74784.183999 239100 
0.625 72090.250379 233200 
0.625 70395.608909 231500 
0.625 75205.291246 228900 
0.625 64468.360670 235100 
0.625 73473.258602 243900 
0.625 80777.445376 225500 
0.625 72732.761843 237700 
0.625 73467.141013 226700 
0.625 67500.986149 233400 
0.625 70356.359626 253400 
0.625 69618.080165 235400 
0.625 76867.694577 236100 
0.65 72055.476024 226300 
0.65 65356.081728 239500 
0.65 68340.951181 239300 
0.65 66472.300534 246800 
0.65 74918.252863 222900 
0.65 80004.202831 231000 
0.65 80190.760801 227700 
0.65 64190.174361 230100 
0.65 75072.827931 238600 
0.65 72998.546138 224600 
0.65 74461.995979 230100 
0.65 61183.028227 241500 
0.65 79581.787013 230500 
0.65 77229.963506 226000 
0.65 70038.549293 248100 
0.65 62320.289324 253300 
0.65 68655.003076 239900 
0.65 75892.342627 234400 
0.65 79825.468140 226500 
0.65 69413.891164 246900 
0.65 69317.027903 233600 
0.65 65829.162538 243500 
0.65 66677.083105 245100 
0.65 60174.725098 233900 
0.65 70636.033612 229700 
0.65 65720.827997 235000 
0.65 56569.015767 251800 
0.65 73269.888146 250500 
0.65 60811.232551 250800 
0.65 63795.348390 234900 
0.65 75129.441499 233400 
0.65 69384.756705 230400 
0.65 79432.716637 233800 
0.65 68434.027020 230000 
0.65 70256.826068 233600 
0.65 71972.329114 237300 
0.65 74074.226821 233800 
0.65 59700.288235 249300 
0.65 76507.952797 225500 
0.65 86551.934153 223600 
0.65 72031.237517 236400 
0.65 64691.319660 241400 
0.65 78754.925910 220800 
0.65 73653.676498 230200 
0.65 77614.801329 223000 
0.65 70411.345358 234500 
0.65 56433.942815 245800 
0.65 70679.207620 235900 
0.65 74804.327678 240400 
0.65 73777.441235 233500 
0.65 67624.161056 242100 
0.65 74338.920407 230600 
0.65 79441.936829 229700 
0.65 69535.784960 235500 
0.65 67544.854976 237200 
0.65 67180.966549 234300 
0.65 68157.438394 242400 
0.65 63839.200273 240300 
0.65 73443.465828 231100 
0.65 74271.682042 230800 
0.65 64173.486347 250200 
0.65 76110.547607 238500 
0.65 73151.054966 242500 
0.65 63976.278787 239900 
0.65 77142.132299 225900 
0.65 56754.570081 245500 
0.65 79773.092930 230500 
0.65 66822.716270 243800 
0.65 66104.589153 231800 
0.65 86254.575334 225900 
0.65 77403.788808 230800 
0.65 68949.290888 233500 
0.65 80431.267309 234700 
0.65 64987.369551 250400 
0.65 75993.867234 227600 
0.65 73455.740499 238100 
0.65 67495.584869 237900 
0.65 67087.437694 250400 
0.65 77231.321449 224600 
0.65 76047.039039 229200 
0.65 73167.933036 250500 
0.65 78452.991423 236100 
0.65 83804.683583 227300 
0.65 64026.125379 237400 
0.65 70944.456008 223700 
0.65 72782.359444 227200 
0.65 71425.425612 241300 
0.65 54956.919079 250300 
0.65 65856.520810 252600 
0.65 78036.445655 220000 
0.65 77949.556733 225400 
0.65 67289.558941 233900 
0.65 80287.491513 233700 
0.65 67112.806794 232600 
0.65 74586.280021 226600 
0.65 74156.696549 232000 
0.65 60809.753555 250800 
0.65 66826.502335 240800 
0.65 88038.289336 233000 
0.65 69706.602389 227900 
0.675 69078.494773 238600 
0.675 73645.115673 230300 
0.675 67833.049625 234500 
0.675 72021.277867 227000 
0.675 65021.496997 245800 
0.675 69995.392365 230100 
0.675 77757.346272 232500 
0.675 73622.641788 229700 
0.675 73307.311090 231700 
0.675 66275.986403 242100 
0.675 77716.002561 236600 
0.675 74661.026897 228700 
0.675 64687.787653 242200 
0.675 67661.559792 230100 
0.675 68880.767342 233900 
0.675 77265.972132 230900 
0.675 81454.753869 228300 
0.675 72696.918384 232000 
0.675 77643.601857 233400 
0.675 63084.115922 241900 
0.675 77810.779656 229100 
0.675 74211.666602 228500 
0.675 72839.871600 227900 
0.675 80039.859019 222700 
0.675 70042.285828 238600 
0.675 74840.134874 251700 
0.675 74244.199622 227600 
0.675 73371.324678 236000 
0.675 75832.916395 234700 
0.675 63705.790849 232500 
0.675 65931.017560 244600 
0.675 68873.780788 227100 
0.675 67689.390956 250700 
0.675 71223.432122 236000 
0.675 74047.034337 231700 
0.675 80420.760714 246700 
0.675 69616.479249 228400 
0.675 71844.147609 231400 
0.675 62343.849026 232800 
0.675 60191.221901 252900 
0.675 72598.172092 232000 
0.675 73675.931810 245200 
0.675 64750.295935 238800 
0.675 82305.045418 227800 
0.675 77900.428137 221800 
0.675 72453.453911 232000 
0.675 68825.578562 245800 
0.675 70846.169436 227700 
0.675 73720.398549 231400 
0.675 63105.671297 228300 
0.675 70191.511527 243800 
0.675 67749.287811 227900 
0.675 73449.761827 237900 
0.675 67613.483592 243100 
0.675 71955.181328 237100 
0.675 72562.798541 228300 
0.675 72206.023698 234200 
0.675 68015.396322 249500 
0.675 68962.982269 229000 
0.675 67589.452776 240900 
0.675 71785.584592 229000 
0.675 70998.792348 234300 
0.675 69581.904577 232400 
0.675 72166.177477 250500 
0.675 79795.112044 221500 
0.675 64109.503550 233700 
0.675 68012.905973 241100 
0.675 74452.596428 230200 
0.675 68389.961110 234200 
0.675 79614.795881 223700 
0.675 80221.251810 226700 
0.675 67175.483667 235000 
0.675 67436.745672 251600 
0.675 70220.411116 236300 
0.675 72880.457612 230700 
0.675 72916.946500 232300 
0.675 61415.601380 236000 
0.675 61501.812971 253800 
0.675 73186.454160 240300 
0.675 69866.875806 231900 
0.675 73306.494546 233200 
0.675 65148.318442 227800 
0.675 77623.070680 236800 
0.675 71340.850026 238600 
0.675 77921.629327 241000 
0.675 67486.450070 246300 
0.675 71720.820603 234600 
0.675 82506.745935 232700 
0.675 72761.629606 228500 
0.675 82753.629293 233600 
0.675 66919.766611 233800 
0.675 70219.998878 229800 
0.675 73729.748485 228500 
0.675 68943.662377 240200 
0.675 64580.076821 244400 
0.675 70084.335981 226600 
0.675 71892.868229 230600 
0.675 63462.536031 246600 
0.675 78514.723467 235600 
0.675 66554.017642 241200 
0.7 64651.282877 238000 
0.7 67833.476728 236600 
0.7 76842.233154 234900 
0.7 74848.098267 230800 
0.7 74079.755956 222300 
0.7 74712.309958 232200 
0.7 80454.745496 226500 
0.7 81483.447080 216700 
0.7 66419.241922 227900 
0.7 74737.625548 232200 
0.7 72302.087678 234700 
0.7 70089.131930 232600 
0.7 64109.563393 238000 
0.7 61064.083646 247600 
0.7 75230.848517 224500 
0.7 67243.107396 228100 
0.7 69246.535952 239200 
0.7 70637.440361 227100 
0.7 72787.879787 233500 
0.7 63066.889212 244600 
0.7 72946.908627 226100 
0.7 76058.430325 230300 
0.7 62306.011238 240300 
0.7 63970.264090 237200 
0.7 66508.464638 244900 
0.7 75450.651344 237100 
0.7 72854.711388 242700 
0.7 74839.456094 231100 
0.7 69076.596859 243800 
0.7 73538.140546 252300 
0.7 72057.192339 228300 
0.7 66388.761518 242500 
0.7 67930.122394 232200 
0.7 73455.103840 238500 
0.7 78931.411712 229600 
0.7 76034.925291 227600 
0.7 74780.401998 227500 
0.7 64515.014259 246800 
0.7 67606.621932 239300 
0.7 69253.908578 233400 
0.7 75325.017371 232700 
0.7 66636.388173 230100 
0.7 67043.556433 232100 
0.7 67405.501190 251200 
0.7 66858.999994 242300 
0.7 79581.538564 234600 
0.7 71718.346999 249800 
0.7 68147.979030 231900 
0.7 66660.199279 229600 
0.7 75331.360006 227700 
0.7 62003.770134 240200 
0.7 70952.640886 228200 
0.7 69477.237455 228800 
0.7 62049.390435 238900 
0.7 78695.097663 228700 
0.7 75129.301433 220300 
0.7 77410.683015 240100 
0.7 69216.357427 250400 
0.7 64522.870990 244900 
0.7 71634.235834 230800 
0.7 70662.657951 236500 
0.7 67126.651024 233300 
0.7 72170.164621 232300 
0.7 71414.539319 240400 
0.7 69663.765855 228700 
0.7 70902.649988 240900 
0.7 78992.550983 239600 
0.7 72344.384298 230900 
0.7 68757.519262 251500 
0.7 76573.355050 230100 
0.7 83929.548568 223600 
0.7 69477.600085 228800 
0.7 70608.521584 230900 
0.7 76925.531976 244000 
0.7 68203.217547 239100 
0.7 78540.439585 228700 
0.7 87639.418991 225900 
0.7 61361.109228 245400 
0.7 58939.880748 247400 
0.7 71403.367280 235000 
0.7 71035.989070 228000 
0.7 75343.310170 226400 
0.7 65278.343185 241700 
0.7 74696.910281 242000 
0.7 74824.213712 225100 
0.7 74528.921227 228600 
0.7 78114.154773 229500 
0.7 73555.902218 228000 
0.7 74375.108934 221800 
0.7 72195.102775 233600 
0.7 74756.900726 238400 
0.7 74500.283364 231100 
0.7 65234.882400 245000 
0.7 71219.247870 234900 
0.7 68640.988408 236800 
0.7 72316.555853 238300 
0.7 73326.731668 229100 
0.7 74049.900761 227100 
0.7 79304.606009 230200 
0.7 68578.751845 234800 
0.725 69216.342245 250000 
0.725 71476.942379 235400 
0.725 65103.711819 243500 
0.725 70370.666031 240600 
0.725 70989.603824 241500 
0.725 65546.247660 252800 
0.725 74720.931882 226200 
0.725 81099.096009 233600 
0.725 70732.880925 232800 
0.725 63934.587431 233200 
0.725 67750.156550 236400 
0.725 78873.886351 231600 
0.725 81225.374053 228500 
0.725 79439.309798 237500 
0.725 68568.476064 238200 
0.725 86253.183451 225100 
0.725 70181.542657 231500 
0.725 69380.122981 232900 
0.725 72671.475083 234200 
0.725 62817.443596 238000 
0.725 72953.158760 225100 
0.725 74933.230008 245200 
0.725 68389.265889 247300 
0.725 77260.692986 230500 
0.725 70388.016139 232400 
0.725 63389.875035 251200 
0.725 70467.297689 240400 
0.725 61614.483006 245400 
0.725 63783.414966 246600 
0.725 70656.167518 230900 
0.725 82130.373274 226200 
0.725 77115.477173 227600 
0.725 67271.366932 241200 
0.725 87786.572156 219000 
0.725 69477.534853 227900 
0.725 76441.113769 232800 
0.725 64213.793079 243100 
0.725 68197.622789 233400 
0.725 70471.796663 232100 
0.725 66106.261144 231400 
0.725 60957.911646 244000 
0.725 78275.943153 233900 
0.725 67527.461725 229500 
0.725 76837.674581 229400 
0.725 69718.516860 233000 
0.725 77220.679316 229900 
0.725 68161.348886 236000 
0.725 68783.898847 234800 
0.725 78172.345296 225300 
0.725 68908.640762 235300 
0.725 72436.306777 237100 
0.725 71089.246351 233200 
0.725 74198.783219 221900 
0.725 81589.557710 222000 
0.725 65033.714809 243700 
0.725 69601.911883 230700 
0.725 74046.523512 237900 
0.725 68279.910052 247900 
0.725 67768.703984 232000 
0.725 82898.140447 222200 
0.725 69686.675113 232400 
0.725 70770.713922 242200 
0.725 72931.747721 229900 
0.725 66891.755630 231000 
0.725 79244.529106 225900 
0.725 73274.888894 233500 
0.725 72236.664849 250400 
0.725 60836.212678 238400 
0.725 62241.245326 234600 
0.725 70179.871403 229900 
0.725 65426.573619 239000 
0.725 65317.455390 232100 
0.725 78576.991915 219400 
0.725 77401.842245 229300 
0.725 74403.919932 239100 
0.725 64872.175816 238800 
0.725 68650.004372 240100 
0.725 70840.039041 231300 
0.725 62319.990399 240000 
0.725 68862.290723 235900 
0.725 70537.027208 230100 
0.725 73815.609379 235900 
0.725 79099.692590 228600 
0.725 75386.661177 234200 
0.725 71741.104383 236300 
0.725 71642.666350 234000 
0.725 66258.264264 250200 
0.725 62519.884159 250800 
0.725 69425.403695 230500 
0.725 96226.603694 225000 
0.725 71563.229383 242300 
0.725 74113.187662 235600 
0.725 71008.002282 231700 
0.725 68472.780436 228500 
0.725 75437.158374 238200 
0.725 71000.348253 224300 
0.725 66501.705385 233500 
0.725 67113.296558 242200 
0.725 68335.163382 227900 
0.725 79185.562952 229000 
0.75 68046.632280 230100 
0.75 65144.313287 242100 
0.75 81326.584655 222800 
0.75 67732.305644 236700 
0.75 74503.504495 231800 
0.75 73160.866495 235600 
0.75 65279.073660 244300 
0.75 70485.028290 225800 
0.75 68627.350162 244100 
0.75 70311.109737 248300 
0.75 77069.481396 229200 
0.75 74696.547173 224100 
0.75 67952.750906 243400 
0.75 75388.437235 249200 
0.75 66117.694133 240500 
0.75 72856.826059 239900 
0.75 75023.579559 230600 
0.75 76464.848862 233500 
0.75 89790.761089 227600 
0.75 75535.335056 226800 
0.75 75907.701739 248000 
0.75 70795.942421 253000 
0.75 72883.488745 229000 
0.75 64265.060061 230800 
0.75 75208.161859 237400 
0.75 74818.786470 235300 
0.75 74124.342080 237400 
0.75 70272.928957 239900 
0.75 76101.187649 227200 
0.75 68405.135775 235400 
0.75 76312.891055 240300 
0.75 71197.031970 238500 
0.75 80983.589313 227900 
0.75 71708.610074 228700 
0.75 64033.128338 253100 
0.75 69884.316351 242600 
0.75 61094.539881 250900 
0.75 65626.044128 236800 
0.75 65058.388842 240900 
0.75 71176.031038 223400 
0.75 66552.252358 239600 
0.75 70590.721447 233500 
0.75 71664.348343 235400 
0.75 76583.381602 228500 
0.75 71378.366891 234500 
0.75 82022.508463 217800 
0.75 71924.820721 231800 
0.75 71111.136315 233800 
0.75 74093.890380 226300 
0.75 66716.114024 243600 
0.75 78510.107174 225900 
0.75 75693.276376 238600 
0.75 74404.670737 228500 
0.75 76219.224470 234600 
0.75 77145.841013 235900 
0.75 77023.355655 228400 
0.75 70137.502243 232500 
0.75 76443.586202 241300 
0.75 83285.401547 231500 
0.75 73391.766374 229900 
0.75 71379.339451 235100 
0.75 76432.840961 237800 
0.75 66905.276621 236900 
0.75 70119.529009 230700 
0.75 69294.926149 228800 
0.75 79026.362374 230500 
0.75 73335.993676 243900 
0.75 73833.098644 224300 
0.75 65330.594220 237800 
0.75 70562.576989 228900 
0.75 77688.096980 224000 
0.75 69091.242771 233600 
0.75 67914.926512 239900 
0.75 79067.746142 241800 
0.75 71616.054575 229700 
0.75 73022.676503 232600 
0.75 76962.651921 224700 
0.75 65775.116048 233400 
0.75 75345.515461 229500 
0.75 74065.773333 226800 
0.75 78203.763223 232100 
0.75 58620.637934 231800 
0.75 83338.434734 224100 
0.75 71689.347164 232800 
0.75 66184.010264 233300 
0.75 81326.574865 228100 
0.75 69829.653582 252000 
0.75 73202.800833 239400 
0.75 78999.495008 232200 
0.75 78642.225610 231400 
0.75 71532.071716 234500 
0.75 81184.243891 223700 
0.75 67642.152418 226600 
0.75 70153.033429 235400 
0.75 75844.574940 231900 
0.75 69581.712306 237100 
0.75 68617.679079 235700 
0.75 69809.446325 242200 
0.75 72752.868924 233000 
0.75 75242.543823 227500 
0.775 67091.076743 230800 
0.775 71143.142911 228800 
0.775 70808.072219 231800 
0.775 68514.131772 239900 
0.775 67919.029504 232600 
0.775 86436.638798 216900 
0.775 74746.620001 236300 
0.775 63532.689836 250100 
0.775 78141.275280 234300 
0.775 64909.724861 239100 
0.775 75180.685348 226900 
0.775 69602.527964 226200 
0.775 78238.249540 240600 
0.775 75480.794590 215000 
0.775 83890.957726 228700 
0.775 67760.063211 244900 
0.775 64670.442825 234800 
0.775 67287.900815 236400 
0.775 73567.704133 223200 
0.775 81538.899525 220700 
0.775 72483.759753 228600 
0.775 77255.518819 225000 
0.775 72094.909959 239700 
0.775 65697.386260 247100 
0.775 72216.099273 231600 
0.775 60393.972712 249300 
0.775 53555.241764 255400 
0.775 85882.059451 228300 
0.775 67283.763787 238000 
0.775 75859.998245 232500 
0.775 70877.373185 246900 
0.775 80335.643724 226300 
0.775 78320.467296 236500 
0.775 76865.206567 231400 
0.775 76542.071706 221300 
0.775 66585.568136 236600 
0.775 81120.468422 221500 
0.775 77593.022981 221200 
0.775 68226.853999 235500 
0.775 76207.817553 237400 
0.775 72924.513572 231500 
0.775 74987.841262 225700 
0.775 76980.509439 228700 
0.775 75583.773089 234400 
0.775 73254.746231 232700 
0.775 75537.508385 232000 
0.775 77683.684375 234000 
0.775 75218.953954 228900 
0.775 77968.106056 225800 
0.775 64864.654313 232400 
0.775 69525.013054 250200 
0.775 67707.965043 234400 
0.775 90799.413704 220700 
0.775 68217.672795 236200 
0.775 81839.800534 222900 
0.775 80210.727441 230300 
0.775 69315.369941 221200 
0.775 77646.733939 231100 
0.775 68021.853054 239900 
0.775 73835.133196 237600 
0.775 76491.275149 236000 
0.775 67200.064164 237800 
0.775 72122.981024 234100 
0.775 69383.077955 225800 
0.775 63798.441982 236400 
0.775 74707.332499 222900 
0.775 78036.856514 233200 
0.775 67526.105979 231100 
0.775 71616.674482 250700 
0.775 70788.891216 231200 
0.775 73756.030021 227000 
0.775 60413.791706 235700 
0.775 78123.675009 229800 
0.775 70921.159669 228800 
0.775 76336.419258 230800 
0.775 72634.331141 235200 
0.775 80464.972830 223000 
0.775 82242.185027 228000 
0.775 71664.942098 241300 
0.775 67494.015545 238300 
0.775 71794.089840 237600 
0.775 72270.492165 226600 
0.775 71493.764025 229500 
0.775 80328.481578 228800 
0.775 72116.574756 229900 
0.775 78319.087924 225700 
0.775 72520.710205 234400 
0.775 64751.327888 233100 
0.775 66341.655191 228900 
0.775 75422.584768 226700 
0.775 70317.439425 236600 
0.775 72542.115981 234900 
0.775 72924.000484 232200 
0.775 78389.945515 230400 
0.775 78729.013757 224400 
0.775 78212.220431 223400 
0.775 68970.172073 231200 
0.775 76384.662914 224300 
0.775 77636.864799 222900 
0.775 77923.566768 233200 
0.8 67110.458658 233600 
0.8 72530.023052 226700 
0.8 91610.478365 221500 
0.8 80532.232866 223700 
0.8 74298.167914 236700 
0.8 80057.478026 227500 
0.8 77489.967336 233300 
0.8 80387.483600 218700 
0.8 75382.042206 232800 
0.8 79924.613688 235900 
0.8 75867.993634 232300 
0.8 73663.552111 231000 
0.8 68406.543875 230600 
0.8 73710.924798 234500 
0.8 74236.334143 234900 
0.8 65812.663277 233600 
0.8 74913.482345 223100 
0.8 78560.972788 226700 
0.8 73151.955404 233900 
0.8 77642.699718 236600 
0.8 69712.003087 236300 
0.8 74521.301356 230300 
0.8 89652.769628 216700 
0.8 76282.386405 235100 
0.8 72294.375436 242000 
0.8 66639.640169 241100 
0.8 72602.621344 231600 
0.8 75649.066397 235800 
0.8 74948.682352 234700 
0.8 64739.799873 224600 
0.8 81285.563429 227100 
0.8 70468.075573 235800 
0.8 73049.558814 237700 
0.8 74932.826703 227900 
0.8 76028.927955 229200 
0.8 77076.930614 226800 
0.8 70365.827126 249500 
0.8 70860.709911 221600 
0.8 66311.666995 238800 
0.8 67062.433846 238200 
0.8 72764.130610 237600 
0.8 79133.585854 230500 
0.8 69537.446774 233400 
0.8 88190.368834 219300 
0.8 68785.359026 236200 
0.8 76842.650765 231400 
0.8 82994.759421 223900 
0.8 69239.310078 244500 
0.8 80471.966235 222900 
0.8 73173.668760 231100 
0.8 74799.428103 231700 
0.8 72182.252998 221000 
0.8 68509.900918 237200 
0.8 56540.798063 246000 
0.8 91597.523587 229700 
0.8 78844.142785 224800 
0.8 65318.541065 249600 
0.8 82096.165827 233200 
0.8 65766.609202 233400 
0.8 64334.114452 250100 
0.8 81577.261608 223900 
0.8 80422.391334 223300 
0.8 78363.384255 219200 
0.8 63133.870413 243900 
0.8 73545.889195 232300 
0.8 81732.251599 220800 
0.8 73703.182268 251800 
0.8 81542.853887 227600 
0.8 70484.103950 232800 
0.8 70487.312559 229200 
0.8 80966.219530 227400 
0.8 70806.385104 233500 
0.8 70766.480943 232000 
0.8 78585.681697 231900 
0.8 72466.738820 234600 
0.8 68255.113659 242000 
0.8 76413.294762 233000 
0.8 73108.386208 233300 
0.8 74464.757313 244100 
0.8 71712.035081 227200 
0.8 68547.928120 242800 
0.8 75378.844375 233400 
0.8 67014.850981 234600 
0.8 74385.603090 228200 
0.8 75711.447293 229300 
0.8 79089.816777 221900 
0.8 83844.819459 234100 
0.8 76999.046247 231900 
0.8 73759.823512 230300 
0.8 77067.354230 222000 
0.8 67459.080990 231800 
0.8 78180.088680 221000 
0.8 70307.732081 242500 
0.8 74397.710433 227500 
0.8 76084.898551 228700 
0.8 77230.417198 232300 
0.8 72119.800314 242200 
0.8 74720.785418 226900 
0.8 64206.404336 234700 
0.8 79089.233969 224700 
0.825 79192.332466 237500 
0.825 77700.018475 245600 
0.825 81062.149362 227300 
0.825 72150.441215 233900 
0.825 69521.091671 234400 
0.825 72547.478473 225500 
0.825 67688.416204 230200 
0.825 66830.328748 238200 
0.825 77809.121619 230100 
0.825 62575.707912 243100 
0.825 78222.973214 228900 
0.825 84651.448831 218600 
0.825 67435.180542 228900 
0.825 63316.851236 227700 
0.825 87338.782873 226800 
0.825 78182.769694 229500 
0.825 72928.719983 235600 
0.825 68357.428855 232100 
0.825 71036.652618 230200 
0.825 67974.002799 240600 
0.825 69881.762762 248000 
0.825 69679.283312 229600 
0.825 69383.836903 235800 
0.825 70027.833473 228900 
0.825 77704.938105 235100 
0.825 79728.697299 222300 
0.825 70708.413171 233100 
0.825 77146.244314 223100 
0.825 70493.560591 225300 
0.825 74625.824951 237800 
0.825 76890.302548 229400 
0.825 69004.780245 250800 
0.825 68076.716461 226500 
0.825 66897.682723 243900 
0.825 69057.978153 234700 
0.825 72087.069837 241900 
0.825 67406.102904 249300 
0.825 65360.703290 238200 
0.825 76360.121830 239200 
0.825 80171.306337 218600 
0.825 71925.797206 231500 
0.825 81274.032285 220600 
0.825 74468.379993 228200 
0.825 72150.116274 238900 
0.825 79187.114831 220600 
0.825 72353.891701 249300 
0.825 75622.386364 224500 
0.825 73868.237970 231400 
0.825 71578.274457 229900 
0.825 73521.580573 225500 
0.825 72328.336696 229000 
0.825 73652.256604 235800 
0.825 75361.779986 233600 
0.825 72065.354410 244900 
0.825 70513.554003 223600 
0.825 71726.839562 235100 
0.825 70028.430466 237500 
0.825 62599.622365 249500 
0.825 67722.088666 240000 
0.825 83135.720516 222800 
0.825 83726.573538 222300 
0.825 79466.322222 223200 
0.825 74859.638010 225200 
0.825 84483.072569 223900 
0.825 70308.602437 225500 
0.825 76339.045019 235400 
0.825 75621.926817 229300 
0.825 79855.910621 227400 
0.825 85518.537433 217900 
0.825 70183.112798 230700 
0.825 74998.277743 225900 
0.825 74279.527643 241100 
0.825 74974.530142 232100 
0.825 73900.829172 236600 
0.825 78098.569669 227700 
0.825 81701.135870 230300 
0.825 65732.878314 227700 
0.825 75529.197276 228000 
0.825 80406.013084 233300 
0.825 79062.504349 231400 
0.825 64880.966125 229400 
0.825 68648.761763 235600 
0.825 69818.899180 250500 
0.825 79002.645476 232400 
0.825 66103.149236 237000 
0.825 74307.017820 236500 
0.825 72496.430459 225700 
0.825 75652.625954 228700 
0.825 75686.877383 227900 
0.825 74930.619433 233400 
0.825 73920.586031 230900 
0.825 71337.760129 238800 
0.825 71521.087003 231200 
0.825 61796.637764 245200 
0.825 77595.288832 237200 
0.825 65885.794646 240100 
0.825 72004.362583 226900 
0.825 68856.890597 229400 
0.825 78639.438856 231900 
0.825 66101.802334 243200 
0.85 81590.702970 220500 
0.85 70758.019458 246600 
0.85 76355.081596 240100 
0.85 68764.882117 224500 
0.85 72034.978295 234200 
0.85 74928.035409 234400 
0.85 75976.154453 232800 
0.85 85344.443170 229300 
0.85 68852.983311 227300 
0.85 73880.386681 236000 
0.85 78571.391316 222600 
0.85 74181.417071 230500 
0.85 72985.012347 222500 
0.85 74888.977866 225100 
0.85 70163.156792 226500 
0.85 70185.754667 240600 
0.85 87473.316262 218100 
0.85 68143.418433 231900 
0.85 68331.028122 235300 
0.85 72752.334861 231000 
0.85 70304.564835 240400 
0.85 71462.285770 238600 
0.85 81497.151526 231000 
0.85 70338.250978 235000 
0.85 68537.721335 231700 
0.85 73333.070524 234700 
0.85 72706.877788 237900 
0.85 75898.524904 223100 
0.85 73691.743185 220900 
0.85 80613.609393 231800 
0.85 78317.475844 227500 
0.85 71780.283827 226800 
0.85 71257.562480 232700 
0.85 60236.631200 237500 
0.85 68203.631044 228800 
0.85 72913.240168 229800 
0.85 78463.904326 216900 
0.85 72271.864591 228400 
0.85 69758.926449 238300 
0.85 79289.856932 227400 
0.85 76137.548716 224100 
0.85 67416.713257 227500 
0.85 78983.355717 219600 
0.85 81273.483640 228700 
0.85 73531.005390 238400 
0.85 72507.186040 233300 
0.85 73104.727167 238600 
0.85 82604.733941 236800 
0.85 80421.715636 220800 
0.85 74734.331928 233600 
0.85 71510.287671 240600 
0.85 70396.931250 231400 
0.85 78004.823286 228800 
0.85 74472.488246 230000 
0.85 76393.626204 228100 
0.85 84478.480860 225900 
0.85 71515.960976 242500 
0.85 74277.546338 233500 
0.85 82457.671312 226300 
0.85 73504.253706 228300 
0.85 69178.401231 237600 
0.85 67306.288398 243800 
0.85 78067.005378 224800 
0.85 71869.465395 241200 
0.85 69930.986687 235200 
0.85 81943.379120 227700 
0.85 83429.850776 219900 
0.85 75838.673149 228400 
0.85 73516.410118 225600 
0.85 62283.362676 249400 
0.85 74326.565577 235700 
0.85 58376.861814 249700 
0.85 69315.026249 234500 
0.85 69863.048450 235400 
0.85 63817.177032 235300 
0.85 73489.389793 232300 
0.85 81256.632681 229000 
0.85 69780.237130 243100 
0.85 72502.774318 239200 
0.85 87561.117768 227200 
0.85 73646.333469 234600 
0.85 73218.268838 222500 
0.85 75214.587600 238000 
0.85 66602.872211 247200 
0.85 90503.811904 223800 
0.85 84659.478239 226700 
0.85 81171.124146 227200 
0.85 72268.442679 236700 
0.85 68817.424269 250100 
0.85 81408.469527 225700 
0.85 69927.658156 220300 
0.85 79189.421877 229400 
0.85 74809.303169 233000 
0.85 73523.919200 225900 
0.85 95292.738508 214200 
0.85 79172.231258 223900 
0.85 70949.058986 232300 
0.85 78804.735611 225000 
0.85 69370.536539 229000 
0.85 69601.295409 234100 
0.875 76466.284733 245400 
0.875 74476.493012 236200 
0.875 62941.519471 239400 
0.875 81306.145412 229200 
0.875 82761.520855 220700 
0.875 81542.870020 223700 
0.875 71790.330413 232600 
0.875 76265.121570 230200 
0.875 79697.405230 228500 
0.875 75925.135907 225500 
0.875 62694.795554 250400 
0.875 72639.266442 233300 
0.875 74392.448493 231100 
0.875 68661.866368 234500 
0.875 63470.169823 242000 
0.875 67186.115268 238800 
0.875 77290.298474 231800 
0.875 65640.028923 231600 
0.875 76895.988655 231700 
0.875 71654.228733 227500 
0.875 74856.264655 228900 
0.875 73011.991443 241600 
0.875 71156.741329 240400 
0.875 85269.087734 226600 
0.875 67391.637877 237200 
0.875 77524.369314 221000 
0.875 66089.737811 240400 
0.875 62095.936100 239700 
0.875 76876.043754 226900 
0.875 70233.892238 239000 
0.875 79685.599624 223000 
0.875 80806.166104 232800 
0.875 71951.330297 236500 
0.875 67804.754473 250000 
0.875 72614.491577 238200 
0.875 68410.089997 242300 
0.875 75200.543038 235300 
0.875 74102.785816 226000 
0.875 69281.431400 233800 
0.875 80614.366447 227600 
0.875 78531.913144 235500 
0.875 62972.433250 249400 
0.875 77990.161600 229000 
0.875 77741.022906 220900 
0.875 68539.849780 250100 
0.875 80000.432808 223200 
0.875 70607.879506 231000 
0.875 75187.130530 232200 
0.875 78902.107963 223100 
0.875 81857.214436 234800 
0.875 83514.947177 232900 
0.875 69947.542544 228800 
0.875 69764.939368 235700 
0.875 80227.817969 229300 
0.875 81159.968789 238200 
0.875 70676.129798 232400 
0.875 74052.611265 233400 
0.875 71800.171793 243100 
0.875 82684.845891 234000 
0.875 76222.721842 235100 
0.875 62642.153811 247100 
0.875 75341.606158 239700 
0.875 74779.178101 229000 
0.875 71172.498108 230800 
0.875 76167.822714 234000 
0.875 81510.623924 225100 
0.875 76291.440813 230600 
0.875 65160.741026 235300 
0.875 65592.058606 240300 
0.875 67120.973433 237200 
0.875 85027.242933 226500 
0.875 77214.774824 230600 
0.875 74961.512028 225400 
0.875 70752.610639 250300 
0.875 80907.155740 233400 
0.875 64596.931296 230900 
0.875 69118.122343 229300 
0.875 76902.098494 226200 
0.875 66981.158773 240500 
0.875 77741.199819 222200 
0.875 70433.643974 240300 
0.875 79196.807179 221500 
0.875 77442.508768 234000 
0.875 68217.723526 241600 
0.875 73786.385605 227400 
0.875 74178.975631 229200 
0.875 82891.319211 224900 
0.875 75097.819380 221700 
0.875 71555.141781 231200 
0.875 72520.285376 230800 
0.875 74537.125157 226200 
0.875 94508.731779 227500 
0.875 69927.082243 235900 
0.875 74830.829878 227200 
0.875 82774.916763 226300 
0.875 68274.538946 250900 
0.875 68167.250665 231000 
0.875 83931.521450 226200 
0.875 89464.121556 229000 
0.875 85241.772543 223700 
0.9 70575.180075 225800 
0.9 95191.614478 218700 
0.9 76899.865304 232000 
0.9 77251.696920 241800 
0.9 74501.127316 240200 
0.9 82877.679712 228800 
0.9 73996.708986 233200 
0.9 83438.026968 233500 
0.9 81387.220637 231000 
0.9 69370.970097 242700 
0.9 63050.830425 240000 
0.9 70722.648979 230200 
0.9 82886.937316 221900 
0.9 82648.640397 221500 
0.9 84290.680736 219500 
0.9 75873.015734 221700 
0.9 69828.174749 230800 
0.9 68402.696024 239100 
0.9 72161.682063 234400 
0.9 70365.789226 231700 
0.9 75884.125281 228800 
0.9 77203.391650 230500 
0.9 76301.386090 226100 
0.9 69191.461138 240900 
0.9 82055.351137 226400 
0.9 75166.612492 233200 
0.9 75615.460386 235100 
0.9 81259.700378 230100 
0.9 74639.565769 227900 
0.9 80578.941178 225900 
0.9 69141.816564 243200 
0.9 66307.881306 233600 
0.9 79555.440528 220800 
0.9 64473.980532 237000 
0.9 67486.354187 231900 
0.9 68623.399336 251400 
0.9 79313.708773 220200 
0.9 72169.379479 233600 
0.9 66993.670149 243100 
0.9 71664.415395 250200 
0.9 76823.355111 233000 
0.9 61910.871980 241900 
0.9 73446.095294 230900 
0.9 75105.329213 218500 
0.9 78206.797010 226400 
0.9 72248.722780 231700 
0.9 70230.242208 237800 
0.9 74504.734517 224500 
0.9 68933.045231 237000 
0.9 79573.629686 224600 
0.9 73225.974604 228300 
0.9 72526.920792 234200 
0.9 68604.799334 238600 
0.9 82103.565653 223700 
0.9 62088.649790 249500 
0.9 69524.509234 248500 
0.9 74083.325284 241600 
0.9 71961.282465 228500 
0.9 85442.843011 224100 
0.9 81870.075763 225800 
0.9 79619.569155 224500 
0.9 84493.105452 224800 
0.9 64942.764633 244800 
0.9 79343.091943 225000 
0.9 80590.087752 226900 
0.9 80546.136794 228700 
0.9 70714.770222 238400 
0.9 63196.069357 235900 
0.9 70514.946073 234700 
0.9 77542.828584 219700 
0.9 67550.082882 235900 
0.9 65246.342226 237900 
0.9 78016.397791 223800 
0.9 72081.033013 234000 
0.9 82473.692605 229400 
0.9 61099.540685 242000 
0.9 79818.889020 227100 
0.9 67344.990283 248200 
0.9 67748.477402 236100 
0.9 72803.746429 231200 
0.9 69209.035413 229800 
0.9 68289.956022 227900 
0.9 65393.661904 250900 
0.9 77465.998974 238900 
0.9 69600.561337 244300 
0.9 71790.001437 231600 
0.9 70534.405269 233400 
0.9 84258.446264 217700 
0.9 83752.789763 224500 
0.9 71442.822817 230100 
0.9 69475.308703 227300 
0.9 60702.244457 250000 
0.9 81317.911900 225600 
0.9 73948.060483 240000 
0.9 72419.759774 234800 
0.9 79555.287501 232200 
0.9 79785.933886 228700 
0.9 73948.051434 224700 
0.9 69928.238444 228100 
0.9 68726.095712 229000 
0.925 71197.245668 231100 
0.925 74353.765396 231300 
0.925 68677.547463 226300 
0.925 67501.407584 231800 
0.925 72436.519549 228400 
0.925 63740.108959 248900 
0.925 78338.981575 229800 
0.925 69525.089161 227200 
0.925 73429.317201 228200 
0.925 70251.688592 232700 
0.925 73731.136440 248100 
0.925 76584.876245 221500 
0.925 75896.162521 221400 
0.925 62040.871371 231500 
0.925 76224.354787 231100 
0.925 74595.547495 240300 
0.925 73738.697604 241400 
0.925 90900.538827 227700 
0.925 80292.202958 227600 
0.925 68915.300710 244300 
0.925 81636.182217 226900 
0.925 74422.106248 234700 
0.925 79878.592717 232200 
0.925 67586.853683 231400 
0.925 71817.403624 234600 
0.925 78183.558432 222300 
0.925 81343.494327 226600 
0.925 74902.081561 229900 
0.925 76764.779908 232500 
0.925 74619.021217 237300 
0.925 72473.928227 234900 
0.925 63159.072362 251100 
0.925 71543.816167 232000 
0.925 69616.396105 248300 
0.925 73043.614019 221500 
0.925 85658.910106 220900 
0.925 66979.931171 237400 
0.925 70016.312465 223000 
0.925 85709.100131 221500 
0.925 69390.042322 238000 
0.925 66430.379168 246500 
0.925 73831.087430 229600 
0.925 65847.329162 246800 
0.925 72519.258828 234700 
0.925 70156.456458 226200 
0.925 78415.194765 231300 
0.925 75427.224948 221800 
0.925 70697.017731 229800 
0.925 87600.087670 225300 
0.925 75366.181278 245300 
0.925 79313.994566 232500 
0.925 71987.081103 243700 
0.925 70103.521728 241900 
0.925 65561.793611 236000 
0.925 65472.734389 232700 
0.925 70316.748100 231300 
0.925 80939.739229 217700 
0.925 80204.639812 222800 
0.925 69909.540186 227300 
0.925 80492.147698 226600 
0.925 69967.190159 239400 
0.925 70543.959557 229100 
0.925 81904.039469 223400 
0.925 67832.445059 226700 
0.925 69612.620884 241300 
0.925 71871.097480 237500 
0.925 65510.244883 249500 
0.925 72555.198275 232000 
0.925 68544.331568 231100 
0.925 73207.700332 229900 
0.925 79298.862271 227900 
0.925 89673.701875 222600 
0.925 71835.374281 234600 
0.925 81084.365751 220200 
0.925 76904.304729 225600 
0.925 70338.973765 242000 
0.925 69653.903441 232000 
0.925 69045.409497 229700 
0.925 76138.651598 231700 
0.925 65996.228165 239300 
0.925 78356.176415 226400 
0.925 68518.175654 239100 
0.925 75945.184284 229400 
0.925 76522.676922 230100 
0.925 77507.977468 238000 
0.925 76440.091206 233700 
0.925 77189.107376 226200 
0.925 75122.665918 223200 
0.925 72278.310888 227900 
0.925 81910.599580 219000 
0.925 65745.299183 247800 
0.925 75396.223021 226200 
0.925 77797.798545 232500 
0.925 78017.085042 230500 
0.925 67220.834500 241500 
0.925 78114.736123 225600 
0.925 67357.384124 250900 
0.925 76991.369964 230800 
0.925 63206.917008 250600 
0.925 76428.091279 224200 
0.95 60236.643877 243900 
0.95 85725.072838 237300 
0.95 77843.086230 226200 
0.95 75859.882044 230400 
0.95 77070.284720 238600 
0.95 70452.730812 232700 
0.95 75226.938009 234700 
0.95 67109.168492 232000 
0.95 67470.830355 236800 
0.95 73409.082944 233900 
0.95 79805.632136 229100 
0.95 81886.632600 223000 
0.95 75924.633478 226500 
0.95 70199.549449 237300 
0.95 72739.001318 234700 
0.95 73824.680754 230100 
0.95 81605.126136 241900 
0.95 68336.567779 250700 
0.95 74475.687991 231000 
0.95 80399.820574 223700 
0.95 71313.873850 224400 
0.95 81550.534541 227300 
0.95 78301.991524 226200 
0.95 65433.828343 252100 
0.95 72639.479110 228500 
0.95 79805.549815 222700 
0.95 82081.952518 221900 
0.95 70372.715912 229500 
0.95 83324.879665 228200 
0.95 63985.958312 252400 
0.95 69507.838216 246600 
0.95 73594.434379 241900 
0.95 71924.055229 238900 
0.95 79347.316942 221700 
0.95 69335.379252 222600 
0.95 81046.728560 227000 
0.95 83126.578549 224400 
0.95 66720.858121 241400 
0.95 72704.643150 233300 
0.95 78309.800799 229000 
0.95 82241.913245 224300 
0.95 75004.804382 232300 
0.95 71027.002381 225100 
0.95 72485.421831 240900 
0.95 77744.628028 233000 
0.95 71993.495080 249200 
0.95 70907.443063 234900 
0.95 75424.398419 227500 
0.95 72348.402146 248900 
0.95 69598.859865 238500 
0.95 77657.478822 225900 
0.95 71469.268267 231500 
0.95 67382.531469 238300 
0.95 79466.140075 230000 
0.95 71479.607737 228100 
0.95 76471.925985 221700 
0.95 72625.019109 230700 
0.95 84770.826005 223900 
0.95 82766.416991 220300 
0.95 84270.460459 230000 
0.95 68965.053448 233600 
0.95 77017.468202 248900 
0.95 83644.002339 223700 
0.95 75608.071254 227000 
0.95 79312.767156 231800 
0.95 76271.400522 233900 
0.95 78320.440111 225100 
0.95 74984.027348 235300 
0.95 78051.759904 240000 
0.95 68267.301850 251500 
0.95 75464.329945 233500 
0.95 70149.465326 244600 
0.95 77365.574261 223300 
0.95 68548.724673 234300 
0.95 75516.049613 241900 
0.95 76788.667301 223600 
0.95 75997.246262 222600 
0.95 66412.957574 235200 
0.95 67105.285262 236300 
0.95 70422.507967 239200 
0.95 89887.514702 216800 
0.95 69055.915354 229900 
0.95 76576.547133 223600 
0.95 71223.473836 232700 
0.95 79103.649436 232200 
0.95 63555.935420 240900 
0.95 69766.713502 230800 
0.95 81327.973957 231500 
0.95 81628.487296 235800 
0.95 75430.700114 231000 
0.95 71527.202996 223300 
0.95 69968.556199 234400 
0.95 75933.982893 228900 
0.95 82375.051734 220500 
0.95 73223.729348 224500 
0.95 71466.209890 229400 
0.95 78119.557775 227400 
0.95 68493.330970 235300 
0.95 78214.836804 223500 
0.95 75017.167946 228200 
0.975 66229.058863 238700 
0.975 72608.885624 228400 
0.975 78156.911828 234900 
0.975 76976.600115 226700 
0.975 72671.370401 225800 
0.975 75162.449147 226300 
0.975 75770.251853 234400 
0.975 76908.270835 225600 
0.975 84210.692278 218500 
0.975 73388.067560 225000 
0.975 73338.779639 232400 
0.975 71176.213982 231200 
0.975 77201.086291 241000 
0.975 76956.676288 224800 
0.975 81473.952192 232900 
0.975 71762.626749 242100 
0.975 61007.107242 241400 
0.975 80515.325822 232200 
0.975 66549.097520 233100 
0.975 59395.256474 249600 
0.975 76054.697685 236600 
0.975 80380.490798 235500 
0.975 66594.723061 231400 
0.975 71855.605527 229500 
0.975 59989.424984 245300 
0.975 67510.089241 234700 
0.975 78983.452178 219100 
0.975 63296.334511 242700 
0.975 64020.565008 227300 
0.975 63920.401635 236900 
0.975 73528.931962 228500 
0.975 71841.774483 237900 
0.975 79226.363782 219600 
0.975 87301.585364 214100 
0.975 72606.730215 237200 
0.975 76580.246297 228000 
0.975 76394.858062 225300 
0.975 82987.316745 236100 
0.975 82596.323893 237400 
0.975 78218.018046 220200 
0.975 76166.091357 229300 
0.975 70119.581165 240600 
0.975 78408.798007 232700 
0.975 78576.369757 237200 
0.975 80953.567656 239700 
0.975 72737.407859 247000 
0.975 79074.168148 222700 
0.975 65840.180805 229900 
0.975 68051.915463 232600 
0.975 72971.776154 227700 
0.975 72378.946659 232600 
0.975 84245.367051 222400 
0.975 69594.805507 250400 
0.975 80194.769958 218600 
0.975 78277.823750 221500 
0.975 66858.123042 229200 
0.975 84061.380764 236500 
0.975 67663.033770 225400 
0.975 80073.416143 228000 
0.975 78127.624799 223400 
0.975 62071.985729 250100 
0.975 77903.415998 230100 
0.975 70870.608652 228400 
0.975 71885.329932 244200 
0.975 69353.022826 240000 
0.975 69757.696530 229000 
0.975 84686.595764 224400 
0.975 63730.940404 233600 
0.975 71029.406547 231300 
0.975 66222.514849 233300 
0.975 72154.985404 237900 
0.975 78197.699567 230300 
0.975 77669.457862 232700 
0.975 79382.849361 231200 
0.975 74320.388772 238400 
0.975 69455.537002 236200 
0.975 67689.905372 234900 
0.975 73836.550202 227100 
0.975 86250.314997 217900 
0.975 70918.734785 225100 
0.975 64260.829911 246200 
0.975 79297.971137 224800 
0.975 93227.345188 219700 
0.975 78634.474507 225000 
0.975 72446.271184 228300 
0.975 79215.353819 229700 
0.975 77799.645787 224900 
0.975 76399.764755 223900 
0.975 68168.746489 234100 
0.975 71746.884667 233900 
0.975 70206.194582 229100 
0.975 72727.954255 234600 
0.975 75935.048964 251300 
0.975 75224.919898 225500 
0.975 69807.830409 233600 
0.975 69986.198815 234200 
0.975 78612.502378 234300 
0.975 74896.729880 239700 
0.975 80359.454646 221000 
0.975 61365.632085 231800 
0.01 38985.901249 962200 
0.01 37875.379221 974900 
0.01 39584.226773 989300 
0.01 41727.818389 933900 
0.01 37304.875485 916500 
0.01 44094.495983 1020600 
0.01 40651.898127 1004300 
0.01 36466.802092 1025000 
0.01 38434.853639 958200 
0.01 38074.115028 966200 
0.01 41188.136464 975500 
0.01 40007.642921 956600 
0.01 41173.994617 989900 
0.01 40057.008043 942600 
0.01 38976.776486 1006800 
0.01 40784.831185 949400 
0.01 39163.420286 902200 
0.01 41644.955731 932300 
0.01 38647.426311 948300 
0.01 40918.814637 969600 
0.01 44451.756958 976700 
0.01 38874.914389 1038900 
0.01 39868.048438 936800 
0.01 39757.953287 1079300 
0.01 42537.181734 970900 
0.01 41780.045167 951100 
0.01 39736.505295 972600 
0.01 39055.512965 913700 
0.01 40727.334783 894300 
0.01 37154.496232 952300 
0.01 37536.257994 872500 
0.01 37967.324721 996700 
0.01 40763.192850 946700 
0.01 37094.432156 963300 
0.01 38261.950061 885800 
0.01 39545.810134 930500 
0.01 40300.072764 988300 
0.01 39269.388670 977800 
0.01 42902.376394 992600 
0.01 41647.725781 964400 
0.01 39647.086181 964500 
0.01 39616.696402 973900 
0.01 38004.883871 980100 
0.01 43737.235522 1026700 
0.01 41400.442319 966500 
0.01 40772.282090 924400 
0.01 39535.772484 1000500 
0.01 39793.080297 913300 
0.01 42279.339376 944000 
0.01 39358.064051 1195300 
0.01 39667.973395 963400 
0.01 42765.387434 948100 
0.01 38670.483151 883300 
0.01 39430.042492 949000 
0.01 41091.327573 914900 
0.01 40155.299217 961100 
0.01 40720.454627 903700 
0.01 43261.049360 940200 
0.01 39594.186278 966800 
0.01 40815.182695 931600 
0.01 38566.356593 932000 
0.01 41745.315272 963200 
0.01 39157.753944 992500 
0.01 41315.502114 884200 
0.01 42260.862023 922000 
0.01 41940.667728 911900 
0.01 38320.934049 1009600 
0.01 41027.660501 998100 
0.01 39348.230189 991100 
0.01 39392.878694 951600 
0.01 40117.901719 871600 
0.01 42163.923750 908400 
0.01 40622.297458 928100 
0.01 39773.349072 1001800 
0.01 39309.724675 1003300 
0.01 38601.839918 966500 
0.01 40666.287245 946500 
0.01 40953.890355 980800 
0.01 38230.207346 982400 
0.01 39162.757601 937600 
0.01 41656.824262 830200 
0.01 40785.457847 896800 
0.01 37405.547464 1045900 
0.01 40258.954761 948500 
0.01 38270.218939 925500 
0.01 39016.830592 960600 
0.01 44116.988557 901900 
0.01 37355.611790 963200 
0.01 38647.801125 1007500 
0.01 41583.269670 985000 
0.01 38333.954763 905100 
0.01 41400.109278 919200 
0.01 37770.300085 969000 
0.01 39407.079880 988600 
0.01 39527.213843 875800 
0.01 46294.250736 963800 
0.01 45953.021422 957900 
0.01 36600.803669 947800 
0.01 42806.786167 936500 
0.01 37663.586245 1049000 
0.0125 41380.337467 838300 
0.0125 41997.762845 701500 
0.0125 38777.397038 788200 
0.0125 43382.830559 829000 
0.0125 39031.641181 840100 
0.0125 43377.990976 793000 
0.0125 44629.710474 817100 
0.0125 41678.991304 809400 
0.0125 41043.286716 781900 
0.0125 39616.493778 744600 
0.0125 41388.753701 766100 
0.0125 41319.126061 767500 
0.0125 40870.418214 791300 
0.0125 38442.519269 785900 
0.0125 39122.156782 853700 
0.0125 40163.480573 746400 
0.0125 41206.489426 836900 
0.0125 44060.583741 799700 
0.0125 39261.727429 727900 
0.0125 39437.481018 793600 
0.0125 45296.110018 792700 
0.0125 42957.713649 838900 
0.0125 38667.080063 904800 
0.0125 40061.205151 788300 
0.0125 37815.900918 758400 
0.0125 41464.549952 819600 
0.0125 41183.786919 867900 
0.0125 41418.751511 887900 
0.0125 39752.941240 776000 
0.0125 42085.162405 853200 
0.0125 37873.654576 960000 
0.0125 39964.082445 726600 
0.0125 39799.575897 848900 
0.0125 41495.581384 889000 
0.0125 40967.013127 745000 
0.0125 42266.310599 773400 
0.0125 39279.209168 746800 
0.0125 39069.780923 853400 
0.0125 43176.573664 832700 
0.0125 42283.047525 787300 
0.0125 41860.384826 846600 
0.0125 41860.180286 906300 
0.0125 40991.202689 830500 
0.0125 44266.622071 741300 
0.0125 42070.073636 827100 
0.0125 37865.568379 794600 
0.0125 43302.678225 792200 
0.0125 39579.896715 874100 
0.0125 36775.779221 913900 
0.0125 40344.971607 818600 
0.0125 39809.119169 771900 
0.0125 44805.706927 834800 
0.0125 44857.217211 840200 
0.0125 39453.279541 752800 
0.0125 44862.083649 816700 
0.0125 39168.045399 820100 
0.0125 43780.198173 774400 
0.0125 38980.830955 837000 
0.0125 45478.154050 768700 
0.0125 39919.267409 829100 
0.0125 42511.576197 816500 
0.0125 41099.892731 845700 
0.0125 40608.022459 786300 
0.0125 40172.120248 791400 
0.0125 41367.241947 802800 
0.0125 42384.615157 925400 
0.0125 41724.937782 776100 
0.0125 42250.853364 807200 
0.0125 43885.522391 795800 
0.0125 40219.277687 879800 
0.0125 36099.865422 858400 
0.0125 41520.714833 767600 
0.0125 45097.301477 750500 
0.0125 41497.028997 816000 
0.0125 37894.469156 793900 
0.0125 42150.001180 819800 
0.0125 43408.075128 719300 
0.0125 42255.419031 801200 
0.0125 40061.980120 826800 
0.0125 40582.548221 822800 
0.0125 40057.979204 832300 
0.0125 38267.289263 835400 
0.0125 40970.593129 788800 
0.0125 41237.725422 758400 
0.0125 42233.982905 789600 
0.0125 40065.334226 800300 
0.0125 38641.293405 861300 
0.0125 40634.675540 835300 
0.0125 41581.213917 762600 
0.0125 39185.476436 814600 
0.0125 38337.088614 804400 
0.0125 38171.754234 824900 
0.0125 40288.941871 725400 
0.0125 43678.128543 846600 
0.0125 43042.752826 851700 
0.0125 41560.092558 863500 
0.0125 41689.745277 872500 
0.0125 36228.522159 911400 
0.0125 41742.073920 859000 
0.0125 41444.412640 775600 
0.015 41258.820673 677800 
0.015 44190.749145 743700 
0.015 41795.087420 748300 
0.015 46307.066600 702600 
0.015 42032.578474 704100 
0.015 41931.733885 714300 
0.015 43106.203380 729400 
0.015 43640.809362 714200 
0.015 39647.968219 703500 
0.015 44827.632869 692700 
0.015 43403.604026 707100 
0.015 42936.169629 688900 
0.015 43970.033308 739200 
0.015 43487.642634 707000 
0.015 44929.173884 780300 
0.015 40756.271763 744700 
0.015 43905.062336 751400 
0.015 39491.855915 711400 
0.015 38196.506319 688800 
0.015 41767.775565 680300 
0.015 40821.664105 701500 
0.015 40977.966195 887200 
0.015 42684.405916 766200 
0.015 40517.061618 680000 
0.015 39523.097113 706000 
0.015 41415.261765 710500 
0.015 44463.668739 708000 
0.015 42221.677402 731600 
0.015 40180.965277 724100 
0.015 41299.691395 673300 
0.015 40652.100269 758000 
0.015 41245.643024 767100 
0.015 40600.174371 696500 
0.015 41938.556541 758700 
0.015 41542.516119 735600 
0.015 41650.414192 648900 
0.015 43700.302573 732700 
0.015 40805.118819 674700 
0.015 44842.848960 713300 
0.015 41514.153975 694700 
0.015 42798.143593 703200 
0.015 40138.022769 713700 
0.015 42835.836191 648700 
0.015 48140.973529 651000 
0.015 42281.064096 663900 
0.015 43215.575004 745000 
0.015 42949.027446 781700 
0.015 43204.992332 681000 
0.015 40281.666700 699700 
0.015 40566.442987 736700 
0.015 43730.235617 722400 
0.015 42340.287868 745400 
0.015 39805.500125 723800 
0.015 43045.446732 661100 
0.015 40658.526308 677300 
0.015 41810.675768 711700 
0.015 42058.492143 677300 
0.015 44117.557306 720300 
0.015 40989.119389 752600 
0.015 42460.362649 669100 
0.015 42556.997408 734400 
0.015 43677.497197 721900 
0.015 40286.286192 727900 
0.015 45393.798389 694600 
0.015 46465.065083 755200 
0.015 40405.018947 754100 
0.015 40473.664979 684400 
0.015 44434.315832 733000 
0.015 40286.293316 762000 
0.015 42268.167528 703200 
0.015 43278.623396 685800 
0.015 41674.137264 733800 
0.015 47056.913743 680300 
0.015 40274.725709 685400 
0.015 41994.463290 700500 
0.015 42011.083973 714800 
0.015 43910.513142 710400 
0.015 44103.365585 675800 
0.015 41253.944973 774800 
0.015 43129.344193 674200 
0.015 42072.439659 677600 
0.015 43370.934894 687900 
0.015 42298.326609 696400 
0.015 44604.945227 712100 
0.015 44198.786692 726100 
0.015 40876.703426 709600 
0.015 42421.912289 713900 
0.015 42871.685941 745700 
0.015 42267.274888 664000 
0.015 41962.574109 686000 
0.015 41596.827372 734400 
0.015 43753.507267 726500 
0.015 43880.548080 679400 
0.015 40532.896725 766700 
0.015 39412.522637 726500 
0.015 39854.075397 706000 
0.015 44065.688049 697800 
0.015 40992.556930 737800 
0.015 45816.583548 719700 
0.015 43847.772419 729200 
0.0175 43361.739951 676900 
0.0175 46353.572377 612600 
0.0175 49811.365139 680700 
0.0175 42366.779330 675600 
0.0175 40916.588015 635800 
0.0175 45287.805507 722600 
0.0175 47626.245807 621200 
0.0175 40038.916706 629300 
0.0175 44343.911361 631400 
0.0175 40437.996092 611100 
0.0175 42320.605256 638300 
0.0175 39337.980555 611300 
0.0175 45354.628306 607500 
0.0175 42884.470969 648400 
0.0175 44240.540437 604600 
0.0175 39339.374429 670500 
0.0175 41417.522488 637100 
0.0175 45854.928777 613700 
0.0175 42526.453217 648100 
0.0175 41855.622455 603200 
0.0175 40007.001865 649500 
0.0175 49946.253991 664400 
0.0175 40002.767063 622100 
0.0175 40905.505113 628400 
0.0175 39563.701967 661000 
0.0175 40664.561048 682500 
0.0175 41156.947613 678200 
0.0175 40512.817238 692600 
0.0175 42284.636716 660400 
0.0175 44508.068731 669000 
0.0175 42705.068577 675400 
0.0175 46172.600510 638700 
0.0175 42585.639834 628600 
0.0175 45557.465371 629400 
0.0175 42121.737070 633100 
0.0175 43796.078970 678000 
0.0175 42303.435061 601300 
0.0175 42579.271407 602700 
0.0175 47638.686332 615300 
0.0175 43928.601777 668200 
0.0175 43248.490893 596100 
0.0175 44155.653478 631400 
0.0175 41989.203770 609400 
0.0175 41628.477344 671300 
0.0175 47438.532469 649100 
0.0175 42158.447240 587000 
0.0175 39324.828078 642100 
0.0175 44459.890248 675200 
0.0175 42641.497234 610200 
0.0175 39336.606800 611500 
0.0175 41674.091528 673400 
0.0175 46503.756275 678300 
0.0175 47204.239736 620200 
0.0175 44451.727266 689100 
0.0175 40492.722606 621200 
0.0175 42592.715769 638800 
0.0175 45231.448210 631200 
0.0175 45629.652603 653100 
0.0175 39566.357662 659000 
0.0175 46141.288453 678700 
0.0175 41918.676490 645600 
0.0175 42315.194985 592900 
0.0175 40742.753566 625500 
0.0175 42299.359428 665300 
0.0175 41510.176997 663300 
0.0175 42705.265317 666700 
0.0175 44823.912764 640700 
0.0175 39837.031739 638900 
0.0175 41428.811470 616000 
0.0175 43330.062230 670100 
0.0175 42368.619981 613400 
0.0175 46382.499094 658300 
0.0175 43503.141970 634300 
0.0175 42393.080875 613800 
0.0175 42422.218365 647700 
0.0175 41827.460818 632800 
0.0175 45978.325720 622200 
0.0175 42941.745262 615500 
0.0175 40341.554269 652700 
0.0175 46207.529820 645700 
0.0175 45580.479447 639400 
0.0175 41274.136437 641800 
0.0175 47763.718911 635700 
0.0175 42243.607388 694000 
0.0175 41520.961116 648300 
0.0175 44609.359201 664000 
0.0175 40903.333885 649700 
0.0175 43999.621483 649700 
0.0175 42452.663346 654900 
0.0175 41493.406616 705800 
0.0175 47322.499964 646000 
0.0175 41653.477756 701900 
0.0175 44225.799584 622600 
0.0175 46248.550046 636100 
0.0175 40870.429290 661300 
0.0175 42815.651046 573100 
0.0175 42856.850502 634500 
0.0175 39883.005614 610700 
0.0175 41366.140839 638400 
0.0175 41218.244096 620200 
0.02 45369.918876 542200 
0.02 45791.645421 605600 
0.02 44129.647286 543900 
0.02 46730.870265 573500 
0.02 43395.340397 583100 
0.02 43447.205163 575000 
0.02 40037.212970 594900 
0.02 43987.210209 585400 
0.02 40238.963101 551400 
0.02 42397.944392 600600 
0.02 42523.059929 561400 
0.02 41305.968278 574200 
0.02 45065.744617 616600 
0.02 41836.503734 597900 
0.02 50374.042294 580300 
0.02 43569.744591 595100 
0.02 41737.880511 612900 
0.02 50388.475677 585900 
0.02 44328.559680 634300 
0.02 43878.436779 556100 
0.02 44057.108678 596100 
0.02 44660.058521 559100 
0.02 40176.076620 595900 
0.02 48914.538486 579600 
0.02 43888.175909 595400 
0.02 39964.258161 567300 
0.02 43331.961194 592600 
0.02 44562.335371 634600 
0.02 45606.799499 650100 
0.02 43434.299254 606400 
0.02 46707.741633 580700 
0.02 41855.453146 615100 
0.02 44690.541792 599200 
0.02 46409.513431 585800 
0.02 38948.503328 574500 
0.02 44379.532639 623900 
0.02 41394.091207 570400 
0.02 43098.934968 617600 
0.02 44151.273719 574900 
0.02 44316.547003 597100 
0.02 44780.586019 593400 
0.02 46805.238797 544900 
0.02 42337.609441 572900 
0.02 39252.091220 647700 
0.02 46134.952152 639800 
0.02 44963.270569 565500 
0.02 43664.505665 567700 
0.02 42199.763841 569900 
0.02 40926.302891 578200 
0.02 44430.319995 622300 
0.02 45025.988641 605000 
0.02 41578.514857 588800 
0.02 43124.692341 573800 
0.02 39682.644968 563100 
0.02 44377.436975 577900 
0.02 48382.668790 594400 
0.02 41358.776795 592300 
0.02 40799.598563 540500 
0.02 44887.154303 619200 
0.02 41241.725309 618400 
0.02 40893.454720 611300 
0.02 41719.032113 558400 
0.02 41870.918419 604800 
0.02 44454.394375 576800 
0.02 42994.434202 600800 
0.02 44506.445215 581500 
0.02 42339.453914 611100 
0.02 50496.896306 649800 
0.02 44054.872961 587300 
0.02 41168.075454 619800 
0.02 44364.456537 563900 
0.02 46099.550467 638600 
0.02 43391.702280 558700 
0.02 43796.283494 607700 
0.02 39115.701114 579500 
0.02 45508.631502 597600 
0.02 41493.004776 577200 
0.02 45988.887508 543400 
0.02 45937.378694 567300 
0.02 42312.830723 596400 
0.02 42540.555787 545100 
0.02 40034.254550 601100 
0.02 47778.898534 547600 
0.02 42786.868337 579600 
0.02 41031.806600 582800 
0.02 40967.422687 615200 
0.02 45264.111095 628500 
0.02 41691.614557 570100 
0.02 46134.742611 567600 
0.02 44938.924318 560300 
0.02 45478.839035 593700 
0.02 41664.418193 583000 
0.02 40540.196767 595800 
0.02 40895.223760 593600 
0.02 43625.917340 528500 
0.02 46524.474633 558900 
0.02 41551.912802 601400 
0.02 45512.134803 583500 
0.02 42988.776615 610500 
0.02 41896.968827 568000 
0.0225 46326.457930 532000 
0.0225 45043.484033 553000 
0.0225 43768.793713 633100 
0.0225 47542.714020 558700 
0.0225 48111.722584 543900 
0.0225 42113.468474 520600 
0.0225 44640.091656 543600 
0.0225 45029.746653 594200 
0.0225 45029.359275 554600 
0.0225 42488.807985 562800 
0.0225 50298.521337 611600 
0.0225 47467.245495 524800 
0.0225 45382.288466 514200 
0.0225 45669.781784 545100 
0.0225 46337.293467 558400 
0.0225 43913.460982 574600 
0.0225 47165.598953 550700 
0.0225 41136.133694 604000 
0.0225 43702.202919 508600 
0.0225 39937.256365 587100 
0.0225 43597.367107 556100 
0.0225 41352.230298 564900 
0.0225 44674.771122 556100 
0.0225 43175.492471 555400 
0.0225 48483.801178 562900 
0.0225 44814.906994 511600 
0.0225 50731.503325 513400 
0.0225 44804.085240 500700 
0.0225 44914.428078 580100 
0.0225 43666.115017 543400 
0.0225 41787.504639 541400 
0.0225 44025.756878 525200 
0.0225 46337.532126 552400 
0.0225 45285.957042 580300 
0.0225 45454.385264 517000 
0.0225 45182.921698 521600 
0.0225 43604.747273 562300 
0.0225 46158.927749 509400 
0.0225 42228.687163 549200 
0.0225 44653.245575 527700 
0.0225 41781.521335 568800 
0.0225 44923.203524 535800 
0.0225 45395.050797 534900 
0.0225 50147.869833 518600 
0.0225 45804.280485 522300 
0.0225 45876.584065 530700 
0.0225 45585.190107 530800 
0.0225 43289.186426 530400 
0.0225 39203.500824 543000 
0.0225 43650.521323 553200 
0.0225 45636.400716 555500 
0.0225 43097.376002 492700 
0.0225 44860.204626 526100 
0.0225 42628.700332 527800 
0.0225 44211.377671 584900 
0.0225 41460.556392 512900 
0.0225 43586.218241 568300 
0.0225 43841.796833 551700 
0.0225 43310.388855 551900 
0.0225 45703.679911 568700 
0.0225 45913.426944 542200 
0.0225 41782.067579 553400 
0.0225 40745.002131 569800 
0.0225 45160.499282 571700 
0.0225 48917.471597 559600 
0.0225 45513.159053 547000 
0.0225 40711.505475 502300 
0.0225 45615.115804 549600 
0.0225 46558.607310 529100 
0.0225 46008.291266 548100 
0.0225 40918.730689 560700 
0.0225 41948.014955 535100 
0.0225 44355.044560 598200 
0.0225 40984.852856 633800 
0.0225 43918.621836 571300 
0.0225 47242.875980 573500 
0.0225 44587.415277 564400 
0.0225 44843.124984 535100 
0.0225 44542.607779 558300 
0.0225 45481.002003 558400 
0.0225 48235.469529 536000 
0.0225 44784.358923 550900 
0.0225 44430.478465 549000 
0.0225 45266.886500 495600 
0.0225 48178.832548 540300 
0.0225 41029.390483 524400 
0.0225 39411.219846 595200 
0.0225 46846.273175 565800 
0.0225 43021.214995 502700 
0.0225 41001.344862 552600 
0.0225 43291.467997 557200 
0.0225 41639.950258 520200 
0.0225 44019.346136 521100 
0.0225 44595.113867 525200 
0.0225 42810.622736 613400 
0.0225 47104.729806 558600 
0.0225 45343.396224 514000 
0.0225 44590.285898 529800 
0.0225 41962.305324 533300 
0.0225 46407.852447 580700 
0.025 42545.553348 523700 
0.025 42176.059972 504200 
0.025 47364.117181 517900 
0.025 39954.658135 505400 
0.025 47675.913474 549700 
0.025 43397.644637 506900 
0.025 46032.392733 511400 
0.025 47631.204902 521500 
0.025 44547.137746 510200 
0.025 46576.814873 545500 
0.025 45965.068629 504600 
0.025 42428.232731 554700 
0.025 44001.580503 506300 
0.025 44418.562616 525000 
0.025 44238.606804 523100 
0.025 44140.991963 495100 
0.025 45074.975426 538900 
0.025 50534.727231 523700 
0.025 47325.127588 469000 
0.025 41094.792110 530800 
0.025 42730.537972 496500 
0.025 45733.508879 529900 
0.025 42689.007584 506800 
0.025 46493.275775 495000 
0.025 46062.534926 473700 
0.025 45783.944792 494700 
0.025 49864.511455 477200 
0.025 45535.594223 508300 
0.025 47155.167660 527000 
0.025 47371.198561 480000 
0.025 45147.029627 518000 
0.025 46811.492761 514300 
0.025 40672.413982 502600 
0.025 45272.774460 529000 
0.025 44983.330606 505700 
0.025 46701.933300 530200 
0.025 41783.748385 541000 
0.025 45525.502369 526900 
0.025 47303.128088 506100 
0.025 44046.463060 503700 
0.025 43726.821132 510300 
0.025 41875.175401 500900 
0.025 42417.379983 558100 
0.025 46030.405675 525400 
0.025 40251.065052 509900 
0.025 48847.161500 494600 
0.025 46293.150265 492300 
0.025 43758.752604 528100 
0.025 42463.787208 527800 
0.025 45905.241977 499100 
0.025 39510.577270 491000 
0.025 43840.116104 529900 
0.025 49992.960494 491100 
0.025 40953.024139 494500 
0.025 40162.926650 509800 
0.025 47809.976675 505400 
0.025 42969.417595 501000 
0.025 47327.331858 465000 
0.025 42320.289195 498200 
0.025 44581.047580 492300 
0.025 45336.920154 557700 
0.025 42713.280668 523900 
0.025 43379.919204 568600 
0.025 46495.418436 499900 
0.025 41394.545672 505000 
0.025 44591.129156 517400 
0.025 49687.873829 493000 
0.025 43360.814180 517900 
0.025 45397.458758 552500 
0.025 44356.990863 515700 
0.025 46308.414188 463800 
0.025 46654.444502 534200 
0.025 43682.650749 528500 
0.025 44752.845163 571400 
0.025 42592.229544 511400 
0.025 46108.053924 517300 
0.025 42015.525018 498100 
0.025 45639.788882 525400 
0.025 43384.119712 525100 
0.025 44258.517269 516400 
0.025 43376.128828 517300 
0.025 44425.438323 504900 
0.025 44312.563613 500600 
0.025 42940.150293 502200 
0.025 46619.819975 486900 
0.025 43469.608765 536000 
0.025 45173.115917 479000 
0.025 46827.468338 501700 
0.025 43824.483406 510500 
0.025 44286.171952 512700 
0.025 43235.689224 518100 
0.025 46928.294700 486600 
0.025 46439.532338 500600 
0.025 42205.117660 496400 
0.025 43015.488902 517900 
0.025 46657.905458 544700 
0.025 51410.952360 504300 
0.025 43328.291397 540000 
0.025 52287.812807 500400 
0.025 42193.410813 554500 
0.0275 43494.095642 487900 
0.0275 49415.270869 485000 
0.0275 45214.860858 500000 
0.0275 48635.826915 460800 
0.0275 47397.479059 503700 
0.0275 44750.129479 474500 
0.0275 47308.237503 466100 
0.0275 43016.824654 486500 
0.0275 44846.105548 522000 
0.0275 43190.925400 462600 
0.0275 48539.459871 510600 
0.0275 39963.792587 477600 
0.0275 46525.261909 513200 
0.0275 48986.442038 479300 
0.0275 43760.089101 497700 
0.0275 44838.956425 478800 
0.0275 43004.856634 475100 
0.0275 46718.562786 509200 
0.0275 51356.291373 494900 
0.0275 46026.055873 456000 
0.0275 46872.743215 458700 
0.0275 42375.203148 505500 
0.0275 46194.259109 526100 
0.0275 44169.355158 499500 
0.0275 50923.939760 499800 
0.0275 43278.402780 477400 
0.0275 46028.633197 479200 
0.0275 47440.017818 469200 
0.0275 48171.712772 461400 
0.0275 46415.746592 458800 
0.0275 49459.642240 469800 
0.0275 50209.555705 501500 
0.0275 46646.927746 486800 
0.0275 45027.163560 504000 
0.0275 43336.492387 480700 
0.0275 45263.193512 508600 
0.0275 49196.595528 466100 
0.0275 49540.953594 466300 
0.0275 43695.985317 461500 
0.0275 43873.492241 496400 
0.0275 44673.935597 492700 
0.0275 42989.672281 533600 
0.0275 45489.300053 490800 
0.0275 45613.043659 541700 
0.0275 41017.061290 484500 
0.0275 46121.931473 508000 
0.0275 47534.464800 501100 
0.0275 48460.203010 486400 
0.0275 44604.594118 492000 
0.0275 46427.148574 481800 
0.0275 49212.617074 489700 
0.0275 47653.243565 497100 
0.0275 42311.456676 492200 
0.0275 43849.407182 469800 
0.0275 49626.599465 469300 
0.0275 44334.245235 471200 
0.0275 47736.233638 460700 
0.0275 46117.205154 487500 
0.0275 46057.558810 483000 
0.0275 47849.148755 449200 
0.0275 42656.269294 480000 
0.0275 42656.490510 507800 
0.0275 45095.745222 461700 
0.0275 45307.058327 507200 
0.0275 42354.161106 455200 
0.0275 44835.210237 480300 
0.0275 46359.549909 481900 
0.0275 45712.016633 439700 
0.0275 50110.073996 480600 
0.0275 44477.135701 479400 
0.0275 46726.289989 542400 
0.0275 45989.037184 452800 
0.0275 44286.339046 461000 
0.0275 47179.238019 547100 
0.0275 44495.905692 503000 
0.0275 44159.385504 475600 
0.0275 44260.637362 480600 
0.0275 46936.259393 547400 
0.0275 45100.561390 524000 
0.0275 48165.437852 528400 
0.0275 48804.183632 466500 
0.0275 46716.258683 505300 
0.0275 47917.149984 451100 
0.0275 42106.915612 553000 
0.0275 43685.150252 537200 
0.0275 45875.329069 491400 
0.0275 46876.505816 465000 
0.0275 47997.222389 511800 
0.0275 45395.538485 477600 
0.0275 45673.273286 503300 
0.0275 44598.954288 481200 
0.0275 43462.243486 505800 
0.0275 44772.455291 495800 
0.0275 41560.845978 498000 
0.0275 47612.060064 512200 
0.0275 43666.568277 473300 
0.0275 43180.258946 587500 
0.0275 46203.357380 449200 
0.0275 42070.266034 498400 
0.0275 44777.181132 518500 
0.03 41584.663480 468400 
0.03 43418.233729 443100 
0.03 46036.071876 451200 
0.03 41387.698353 504700 
0.03 45375.923634 452000 
0.03 43309.171508 429700 
0.03 43358.176530 444900 
0.03 44493.503158 458800 
0.03 42574.125209 581200 
0.03 44955.923139 456300 
0.03 46156.495793 480200 
0.03 46044.769522 473400 
0.03 47662.441250 469600 
0.03 47549.510892 479400 
0.03 44066.425348 456500 
0.03 47161.525939 437200 
0.03 44700.923834 473700 
0.03 41168.571567 474500 
0.03 46278.785543 468900 
0.03 42258.393130 459600 
0.03 51710.149783 480000 
0.03 42895.090493 478800 
0.03 47641.027848 492500 
0.03 45351.663160 453600 
0.03 47272.108933 443300 
0.03 45989.218704 476600 
0.03 48915.948664 444900 
0.03 45036.016151 443100 
0.03 45919.108814 458700 
0.03 44220.487031 450700 
0.03 46435.359119 450700 
0.03 41395.345276 462200 
0.03 48882.407972 457400 
0.03 46731.715652 478300 
0.03 40912.221356 469800 
0.03 46001.677507 449700 
0.03 41759.096755 439900 
0.03 46061.360032 466000 
0.03 39605.556477 422800 
0.03 46908.440264 452500 
0.03 44569.835175 518200 
0.03 44432.310929 466900 
0.03 40492.162682 447200 
0.03 49413.149771 455000 
0.03 46026.812429 473000 
0.03 43197.098171 438000 
0.03 45417.549663 478400 
0.03 43706.289094 454100 
0.03 47427.826458 469700 
0.03 46363.165450 434500 
0.03 49065.939926 472900 
0.03 44321.656887 471600 
0.03 46379.189318 514500 
0.03 48436.986370 435500 
0.03 43072.763038 432600 
0.03 48349.283929 478000 
0.03 46233.713363 446900 
0.03 44252.447565 431500 
0.03 47021.441527 510900 
0.03 48394.074115 476200 
0.03 42590.115696 494500 
0.03 46621.416164 483000 
0.03 47476.846607 463400 
0.03 45739.979424 485800 
0.03 47592.097687 442100 
0.03 43524.490275 470300 
0.03 42913.732462 492400 
0.03 43828.269405 453200 
0.03 43860.651142 520600 
0.03 42997.399601 452800 
0.03 42048.813577 439800 
0.03 42997.301413 459400 
0.03 46628.998557 461500 
0.03 50943.267295 435600 
0.03 43302.471528 474600 
0.03 47672.039079 465400 
0.03 55141.532191 475800 
0.03 44263.331931 432700 
0.03 43627.342458 433900 
0.03 51625.796522 446000 
0.03 43863.546272 491200 
0.03 48520.614340 435500 
0.03 45868.982955 478700 
0.03 48084.824847 468900 
0.03 50755.341408 459500 
0.03 53172.923510 441500 
0.03 43601.083688 457900 
0.03 48659.348074 494200 
0.03 45124.924189 465200 
0.03 45791.243969 467300 
0.03 45372.651285 482500 
0.03 42275.532116 443600 
0.03 43873.542516 461300 
0.03 44737.797386 449200 
0.03 45248.059603 467400 
0.03 42693.334591 509900 
0.03 47188.058469 459000 
0.03 45194.019149 440700 
0.03 43564.401199 464600 
0.03 43691.951929 501100 
0.0325 43428.141979 469600 
0.0325 50494.324531 473200 
0.0325 47413.925592 452600 
0.0325 48065.221230 443300 
0.0325 50251.353043 421400 
0.0325 50702.249366 447900 
0.0325 44765.287414 436000 
0.0325 42320.254834 475400 
0.0325 43695.429598 427300 
0.0325 44153.530947 477900 
0.0325 44028.599335 436800 
0.0325 45464.495307 514500 
0.0325 47792.299256 475000 
0.0325 44974.838015 464600 
0.0325 48321.969885 433600 
0.0325 45724.676379 448100 
0.0325 47116.000910 488800 
0.0325 52848.282185 442500 
0.0325 49154.627452 423600 
0.0325 46211.392168 493500 
0.0325 43756.128299 477000 
0.0325 43391.001824 463000 
0.0325 45799.667763 466200 
0.0325 49030.077487 479600 
0.0325 42629.017882 455300 
0.0325 46157.428874 467800 
0.0325 45193.676847 426800 
0.0325 50969.859237 429300 
0.0325 49777.078241 467500 
0.0325 46709.004456 417200 
0.0325 45835.653737 452500 
0.0325 47125.763962 454200 
0.0325 42336.414200 447300 
0.0325 47258.897687 452500 
0.0325 47563.497960 448900 
0.0325 45067.087736 442600 
0.0325 43841.367947 437700 
0.0325 48223.288649 448500 
0.0325 43198.072029 436200 
0.0325 42366.478274 455600 
0.0325 45437.610136 472100 
0.0325 46346.793311 459600 
0.0325 45821.505477 487000 
0.0325 51667.942178 439800 
0.0325 45591.738584 439300 
0.0325 45669.113571 462600 
0.0325 42140.798636 448700 
0.0325 43083.337734 477100 
0.0325 48877.793964 406000 
0.0325 45953.453252 394800 
0.0325 45736.281595 444000 
0.0325 48557.945721 469800 
0.0325 46378.675545 431200 
0.0325 49855.148436 473800 
0.0325 43272.693752 446900 
0.0325 46469.711258 425300 
0.0325 45877.438135 497200 
0.0325 47366.107411 441200 
0.0325 47632.191191 468200 
0.0325 42105.640788 437100 
0.0325 47798.613692 439700 
0.0325 44993.630506 464900 
0.0325 45492.310861 431000 
0.0325 47374.572707 464500 
0.0325 43804.037802 419000 
0.0325 45288.993944 467000 
0.0325 49037.132449 457800 
0.0325 48140.906923 439400 
0.0325 42692.178067 451900 
0.0325 47079.518603 439600 
0.0325 52807.465389 454400 
0.0325 48822.241448 425000 
0.0325 42006.257438 436800 
0.0325 45372.673750 431900 
0.0325 46542.108522 443100 
0.0325 48429.715290 426600 
0.0325 40903.195853 456100 
0.0325 54412.431147 468300 
0.0325 48665.517782 458300 
0.0325 42159.445873 431700 
0.0325 41183.548619 417100 
0.0325 49420.614997 442800 
0.0325 44903.136724 447200 
0.0325 48398.420840 435300 
0.0325 48855.717395 431900 
0.0325 40764.736697 407200 
0.0325 47512.991478 431700 
0.0325 42057.466796 453300 
0.0325 44754.313961 455900 
0.0325 47402.034877 477800 
0.0325 44172.064715 462600 
0.0325 43512.727635 434400 
0.0325 44987.540369 468300 
0.0325 47859.256193 423100 
0.0325 50782.206029 444500 
0.0325 42186.634809 444900 
0.0325 42168.009723 441300 
0.0325 44944.918582 467400 
0.0325 46702.510352 475500 
0.0325 44715.660354 428500 
0.035 46757.580297 446100 
0.035 42554.493238 416500 
0.035 50196.816615 446200 
0.035 50157.268928 409300 
0.035 53161.120153 413100 
0.035 46416.898971 444700 
0.035 40728.311741 408600 
0.035 44746.346092 480000 
0.035 46532.658666 469300 
0.035 48055.127807 426200 
0.035 46284.781286 431000 
0.035 44721.075296 454600 
0.035 45275.355130 425000 
0.035 43549.813541 438600 
0.035 42182.713634 474100 
0.035 43666.269717 429700 
0.035 45935.952914 429500 
0.035 41672.960767 476500 
0.035 54400.013031 414200 
0.035 42871.256868 426500 
0.035 47413.329321 430100 
0.035 47541.186726 465800 
0.035 48357.095194 392200 
0.035 48928.701991 432400 
0.035 46322.485659 428300 
0.035 50549.901443 411500 
0.035 44897.321249 410100 
0.035 43277.775862 428300 
0.035 44840.295134 379300 
0.035 54352.084018 432500 
0.035 49421.227537 462000 
0.035 45783.006755 442900 
0.035 43675.580146 427400 
0.035 49517.205022 442600 
0.035 44578.867185 423600 
0.035 52089.060132 438900 
0.035 50820.303105 439400 
0.035 49699.606209 401000 
0.035 46664.954748 463700 
0.035 48600.809310 413900 
0.035 46789.606680 423600 
0.035 46440.335052 413400 
0.035 50736.127348 408300 
0.035 45242.990438 425200 
0.035 45634.105072 415600 
0.035 52101.263141 444800 
0.035 43138.299195 440400 
0.035 48892.984184 421700 
0.035 45594.819692 422100 
0.035 45759.370508 428200 
0.035 42599.643621 450500 
0.035 42967.771634 440600 
0.035 48757.240704 406100 
0.035 49576.765820 415200 
0.035 90050.012564 215600 
0.035 48405.894916 427600 
0.035 44575.663664 423600 
0.035 45411.071642 463600 
0.035 50192.739007 429100 
0.035 48545.320213 433400 
0.035 43527.903903 423700 
0.035 45886.260246 416500 
0.035 47013.234693 421800 
0.035 45191.276939 432500 
0.035 47936.273531 421900 
0.035 51206.104014 441800 
0.035 49050.555237 400600 
0.035 43121.897569 429300 
0.035 49098.743699 425400 
0.035 54364.629752 437800 
0.035 45688.361408 461800 
0.035 42638.697646 405400 
0.035 48493.401965 408500 
0.035 44182.296331 426600 
0.035 40356.063052 463300 
0.035 47964.178233 431100 
0.035 48055.492713 421300 
0.035 46289.966511 428500 
0.035 46387.945740 414800 
0.035 45688.944537 457700 
0.035 49480.711231 436800 
0.035 44902.235883 409100 
0.035 49803.319873 435200 
0.035 47324.570621 425900 
0.035 43988.352079 420700 
0.035 49109.176832 424500 
0.035 46319.938344 487400 
0.035 48116.455304 434700 
0.035 48377.198891 400400 
0.035 46991.347599 427900 
0.035 46671.342342 430100 
0.035 44854.048378 419800 
0.035 43125.843894 432600 
0.035 49910.094219 419900 
0.035 45594.852040 460100 
0.035 47567.381327 401800 
0.035 43370.157805 447800 
0.035 45357.767168 410400 
0.035 42254.463706 414300 
0.035 45486.311925 424800 
0.0375 50854.917889 412000 
0.0375 46675.894928 405100 
0.0375 51864.082424 414200 
0.0375 49534.470677 415700 
0.0375 48055.209619 411500 
0.0375 42446.689005 406500 
0.0375 46444.598881 438800 
0.0375 50478.849671 434000 
0.0375 46677.596276 414100 
0.0375 45930.821645 448000 
0.0375 48827.208687 426900 
0.0375 44860.640676 419600 
0.0375 43779.724912 420700 
0.0375 50679.542343 391900 
0.0375 48641.409852 420200 
0.0375 44876.799971 392200 
0.0375 48165.596354 377000 
0.0375 47589.465806 417100 
0.0375 46809.883722 416700 
0.0375 46477.996746 398300 
0.0375 45914.382502 463700 
0.0375 51288.718459 422700 
0.0375 46358.521377 397000 
0.0375 46116.059680 405200 
0.0375 45623.560878 429300 
0.0375 46708.058885 397200 
0.0375 46309.005106 432000 
0.0375 49025.048839 442600 
0.0375 47203.824053 424300 
0.0375 48515.652738 417000 
0.0375 49158.709810 446500 
0.0375 47320.575970 412000 
0.0375 45908.627124 425100 
0.0375 46928.949123 414700 
0.0375 45494.098900 428200 
0.0375 50395.221496 414000 
0.0375 49397.184632 494200 
0.0375 49313.528042 413800 
0.0375 45120.055797 421900 
0.0375 47987.903686 403700 
0.0375 43749.764373 415800 
0.0375 49765.544160 418900 
0.0375 49543.231529 403400 
0.0375 45836.570601 421600 
0.0375 47565.380100 400100 
0.0375 46207.212991 414400 
0.0375 48253.513735 429700 
0.0375 41819.231346 434000 
0.0375 42501.652120 384800 
0.0375 50878.599226 381800 
0.0375 49814.843292 409400 
0.0375 49383.376451 412800 
0.0375 50047.790520 443100 
0.0375 47322.525689 405400 
0.0375 45926.467654 384700 
0.0375 52371.146091 414900 
0.0375 52378.269824 429500 
0.0375 48489.565064 410200 
0.0375 48654.488576 426000 
0.0375 51452.528416 411600 
0.0375 45874.747686 414200 
0.0375 48431.793182 430100 
0.0375 44889.059778 430800 
0.0375 50094.315449 434000 
0.0375 43959.834072 427200 
0.0375 47930.609531 415600 
0.0375 47384.243835 434300 
0.0375 50799.335514 391100 
0.0375 45694.428072 404900 
0.0375 49694.031541 421100 
0.0375 52799.874415 438200 
0.0375 45600.072243 436200 
0.0375 44280.909578 410400 
0.0375 41613.880655 467400 
0.0375 44742.388336 390800 
0.0375 45561.467279 406500 
0.0375 40756.831252 437900 
0.0375 43541.801247 447900 
0.0375 43728.926140 440500 
0.0375 50856.656430 412900 
0.0375 46523.653270 412900 
0.0375 49894.043300 417200 
0.0375 48671.655563 427300 
0.0375 50041.122751 433800 
0.0375 47297.646686 389000 
0.0375 47006.865876 404200 
0.0375 46284.443101 397000 
0.0375 43107.893935 409000 
0.0375 48356.684250 416700 
0.0375 43975.939261 406000 
0.0375 44950.539645 413800 
0.0375 48832.688051 414200 
0.0375 47079.159224 395500 
0.0375 42706.994386 404100 
0.0375 47753.541137 398600 
0.0375 42607.502167 383700 
0.0375 45887.590781 409500 
0.0375 43685.645422 417600 
0.0375 51650.647152 441600 
0.0375 43565.057297 433800 
0.04 44155.506873 386500 
0.04 47905.539029 421300 
0.04 47860.632149 403000 
0.04 48511.961815 391300 
0.04 46537.936896 405100 
0.04 51518.756173 398100 
0.04 47768.024351 408100 
0.04 45296.721304 395500 
0.04 45142.133297 393600 
0.04 45324.107986 426700 
0.04 48488.175567 380500 
0.04 51131.371467 410600 
0.04 46513.972113 384600 
0.04 48796.367659 397400 
0.04 43489.991165 397800 
0.04 46523.767995 455300 
0.04 47715.403228 387800 
0.04 48381.761044 386100 
0.04 48548.960642 432000 
0.04 45868.399616 378300 
0.04 45625.868881 417600 
0.04 48182.151016 436500 
0.04 49065.224831 432400 
0.04 50981.421960 406400 
0.04 51506.078233 388100 
0.04 49106.695669 394400 
0.04 48164.452704 428700 
0.04 42048.204955 389900 
0.04 52004.769247 400500 
0.04 44884.610542 429600 
0.04 44882.092462 414400 
0.04 44974.212971 436800 
0.04 48848.352196 414200 
0.04 50990.517615 377400 
0.04 48395.676539 410000 
0.04 51291.146522 380000 
0.04 49132.732959 398700 
0.04 49078.937572 421900 
0.04 49369.751724 399600 
0.04 47737.916365 409500 
0.04 52868.174991 437200 
0.04 47061.381590 395900 
0.04 48840.039118 400900 
0.04 48008.114049 429800 
0.04 46076.460104 397000 
0.04 55212.232195 400700 
0.04 46828.580565 406700 
0.04 47892.669607 423300 
0.04 44671.298321 402600 
0.04 48267.578536 383600 
0.04 47318.601855 401500 
0.04 47662.631641 414000 
0.04 49371.719490 384600 
0.04 47934.770947 380800 
0.04 50881.666021 415200 
0.04 52626.081988 431700 
0.04 48607.903040 399000 
0.04 47254.427348 442900 
0.04 48418.760862 386400 
0.04 40938.674887 402900 
0.04 49865.473870 435100 
0.04 47816.054635 377700 
0.04 47893.751358 395000 
0.04 45435.641713 385300 
0.04 43513.968736 419200 
0.04 47582.875433 374500 
0.04 49890.746399 402400 
0.04 43191.739569 399400 
0.04 51206.248182 397600 
0.04 48175.101062 455600 
0.04 47090.317357 406800 
0.04 45070.599807 421600 
0.04 46777.012032 375100 
0.04 48146.446103 434700 
0.04 54478.589167 395600 
0.04 58414.314707 421500 
0.04 44766.122120 423400 
0.04 47198.469342 386200 
0.04 51695.389047 405500 
0.04 50546.993905 387200 
0.04 54381.671802 416400 
0.04 51054.539497 414300 
0.04 46243.766248 413300 
0.04 44943.205699 401800 
0.04 46932.726403 405100 
0.04 42557.089619 413500 
0.04 48219.381569 438600 
0.04 48914.387357 389600 
0.04 48426.430325 425500 
0.04 47031.886302 417600 
0.04 45287.166688 433200 
0.04 51401.213397 422200 
0.04 49627.542219 392600 
0.04 48782.016480 385400 
0.04 48423.197877 450700 
0.04 47228.307235 390100 
0.04 53387.491671 382900 
0.04 50378.776046 407500 
0.04 46832.586264 392700 
0.04 51380.626364 433800 
0.0425 49776.118979 455500 
0.0425 46532.769669 385100 
0.0425 49879.558987 376200 
0.0425 47078.385568 407600 
0.0425 50414.595089 393600 
0.0425 48214.243442 387400 
0.0425 50320.770716 416100 
0.0425 49440.686734 376500 
0.0425 49558.514528 392400 
0.0425 49353.196748 383500 
0.0425 43766.563383 400400 
0.0425 55303.560792 376200 
0.0425 48300.935000 424700 
0.0425 49649.572978 375500 
0.0425 52886.243539 398900 
0.0425 46204.092193 391600 
0.0425 42009.837231 377800 
0.0425 50783.131149 398800 
0.0425 52078.884533 404800 
0.0425 48543.582662 403400 
0.0425 45433.657946 393900 
0.0425 52378.994901 389000 
0.0425 49201.770320 388100 
0.0425 47469.710021 397500 
0.0425 51151.282078 392100 
0.0425 46657.510664 417500 
0.0425 49653.106759 403600 
0.0425 44570.026479 375700 
0.0425 46914.022797 415300 
0.0425 51686.769559 383000 
0.0425 47287.141571 375800 
0.0425 46495.565611 392700 
0.0425 48269.464723 390400 
0.0425 47893.182760 397700 
0.0425 47790.423389 369700 
0.0425 49600.108577 406400 
0.0425 48250.638017 382300 
0.0425 45488.523324 395000 
0.0425 48443.532688 381800 
0.0425 46228.784552 389500 
0.0425 45851.466491 391800 
0.0425 46399.435263 400900 
0.0425 47181.091046 404700 
0.0425 46748.095074 397900 
0.0425 47488.691314 375500 
0.0425 47375.960384 404700 
0.0425 47658.738032 418100 
0.0425 50292.063070 405800 
0.0425 47299.996432 404300 
0.0425 50576.282723 394900 
0.0425 48486.780504 397400 
0.0425 50639.441373 400900 
0.0425 47398.764287 403300 
0.0425 48216.507515 410500 
0.0425 50783.608327 364700 
0.0425 47012.385151 387800 
0.0425 49511.290670 391000 
0.0425 48308.280661 384500 
0.0425 47691.719211 369800 
0.0425 45406.692649 400300 
0.0425 49440.658863 379700 
0.0425 52965.729722 407600 
0.0425 49601.831121 411500 
0.0425 53549.180036 430400 
0.0425 46478.811100 381700 
0.0425 43814.211193 384900 
0.0425 46602.019670 383800 
0.0425 49361.668227 418900 
0.0425 42461.279988 376200 
0.0425 47645.071337 416300 
0.0425 49983.638853 374200 
0.0425 52491.532225 409300 
0.0425 49780.615290 399600 
0.0425 48156.353468 389000 
0.0425 46085.781023 402200 
0.0425 47914.143791 424600 
0.0425 48839.091380 380000 
0.0425 51306.282343 398100 
0.0425 45876.353434 373800 
0.0425 47711.288236 379500 
0.0425 50443.475126 382400 
0.0425 48646.472591 396900 
0.0425 51615.089458 415300 
0.0425 47389.448877 370100 
0.0425 45552.001319 385900 
0.0425 59028.036248 404900 
0.0425 47210.686117 370700 
0.0425 51148.401997 391800 
0.0425 48753.404709 391000 
0.0425 55129.880720 417700 
0.0425 47944.166531 389200 
0.0425 49556.981502 371200 
0.0425 54131.200798 396500 
0.0425 56964.403034 418500 
0.0425 47697.656406 384600 
0.0425 47430.165392 416700 
0.0425 53547.326742 405900 
0.0425 47198.410128 430000 
0.0425 46654.273636 381300 
0.0425 51583.312383 390700 
0.045 51792.847944 380900 
0.045 53069.612258 366600 
0.045 51997.332763 362500 
0.045 54359.680600 367000 
0.045 48932.593303 356000 
0.045 47858.340073 367900 
0.045 47306.834679 403200 
0.045 48015.241768 373200 
0.045 48297.737611 356700 
0.045 42282.966754 407000 
0.045 49444.870519 368100 
0.045 49260.637849 417400 
0.045 45658.087534 376800 
0.045 44706.120989 379100 
0.045 50771.072601 364100 
0.045 42548.379388 366500 
0.045 46926.603819 405200 
0.045 49384.625721 406100 
0.045 57176.998160 397300 
0.045 47717.608016 401000 
0.045 51563.685894 370000 
0.045 50308.128890 388800 
0.045 46071.413058 401500 
0.045 53790.911702 375600 
0.045 48990.873464 379600 
0.045 47930.528662 385500 
0.045 46321.986819 430300 
0.045 53756.811964 379200 
0.045 56440.152864 377200 
0.045 50874.578041 380700 
0.045 51616.898839 398700 
0.045 48048.167809 385200 
0.045 46123.609262 373300 
0.045 49197.395626 391400 
0.045 51254.960639 410700 
0.045 52312.861120 369900 
0.045 50212.190547 376500 
0.045 50665.064255 391500 
0.045 49036.044846 382200 
0.045 48430.573899 386100 
0.045 48561.039571 368600 
0.045 55959.171253 372700 
0.045 52311.377522 374600 
0.045 49959.366142 383300 
0.045 44927.802494 366100 
0.045 50698.483590 371700 
0.045 52498.747278 372100 
0.045 46288.474924 369800 
0.045 52755.973206 389800 
0.045 49828.915067 370900 
0.045 52302.938402 385000 
0.045 48284.846456 406000 
0.045 48731.856928 365800 
0.045 44161.436799 375500 
0.045 49782.565704 426600 
0.045 53860.285169 375000 
0.045 52301.658525 386300 
0.045 58862.570697 376300 
0.045 50296.133903 378900 
0.045 47976.479995 397100 
0.045 48445.359908 390900 
0.045 47602.920326 387700 
0.045 45225.594130 398800 
0.045 48752.843730 389300 
0.045 47417.238660 388100 
0.045 50276.632071 377000 
0.045 48606.467886 383200 
0.045 51401.812904 376800 
0.045 53244.655638 362700 
0.045 48828.278214 393900 
0.045 47564.321028 385100 
0.045 46507.882206 365800 
0.045 53085.452285 383000 
0.045 46947.806965 405000 
0.045 43709.854921 387400 
0.045 47523.710070 372100 
0.045 48788.962621 379000 
0.045 46654.816698 365300 
0.045 44987.779588 374600 
0.045 50877.015979 355500 
0.045 47707.024863 410200 
0.045 45069.181235 390600 
0.045 52003.893843 384000 
0.045 46910.131789 374100 
0.045 52066.843883 386000 
0.045 48248.196050 381300 
0.045 48869.942768 384100 
0.045 54020.835895 382000 
0.045 47966.163343 366900 
0.045 49257.009306 386900 
0.045 47840.585280 425400 
0.045 49063.115875 379000 
0.045 54162.054853 387400 
0.045 49697.927445 390800 
0.045 47591.158800 390600 
0.045 45062.777746 380700 
0.045 48257.847866 419200 
0.045 55249.639511 399100 
0.045 47758.580854 369200 
0.045 42843.845429 394800 
0.0475 51003.456158 387800 
0.0475 48559.792300 360500 
0.0475 48330.572590 385500 
0.0475 48384.610315 370200 
0.0475 48859.209086 375500 
0.0475 44528.596187 408100 
0.0475 52325.569688 382300 
0.0475 49939.021144 381200 
0.0475 45196.240855 401600 
0.0475 55704.555944 363500 
0.0475 46574.155096 430600 
0.0475 49088.344614 376800 
0.0475 48406.701251 370700 
0.0475 44772.548793 396800 
0.0475 48144.844720 381900 
0.0475 50550.400285 382000 
0.0475 45383.159758 377000 
0.0475 51970.376790 383300 
0.0475 49492.757994 393500 
0.0475 49578.163752 353100 
0.0475 48475.338830 409800 
0.0475 43108.486420 371400 
0.0475 55078.927022 374800 
0.0475 49861.280122 375400 
0.0475 53111.590915 350500 
0.0475 46645.971995 374300 
0.0475 50616.459228 379700 
0.0475 50392.271498 378900 
0.0475 50863.139096 393800 
0.0475 49265.267961 381800 
0.0475 46046.129335 389400 
0.0475 49394.021473 367400 
0.0475 49896.536604 382500 
0.0475 47152.344649 361600 
0.0475 48485.415763 362100 
0.0475 56871.434500 375000 
0.0475 52470.937988 372900 
0.0475 45944.667122 390600 
0.0475 46516.973688 383200 
0.0475 51524.605471 382400 
0.0475 48425.402481 354500 
0.0475 51279.861486 361500 
0.0475 53801.636634 427200 
0.0475 44449.884132 380000 
0.0475 48698.003156 384300 
0.0475 48234.419378 379300 
0.0475 46203.651328 382600 
0.0475 47869.233035 376400 
0.0475 46254.120978 364400 
0.0475 50788.798073 363600 
0.0475 46203.925040 405300 
0.0475 50319.355481 358500 
0.0475 44406.878336 364000 
0.0475 48598.526555 408300 
0.0475 46611.032116 379600 
0.0475 45717.402348 363800 
0.0475 51640.297493 378700 
0.0475 52102.330042 364800 
0.0475 45875.156431 388400 
0.0475 54103.486695 349200 
0.0475 53690.948976 375600 
0.0475 50803.722395 365200 
0.0475 49319.303179 389500 
0.0475 55502.938008 375100 
0.0475 48559.258532 398500 
0.0475 49152.019954 339600 
0.0475 47043.037981 353600 
0.0475 46737.410887 392100 
0.0475 53032.833669 384100 
0.0475 49284.638637 372500 
0.0475 48151.762623 364100 
0.0475 49203.925631 363700 
0.0475 53886.930785 399400 
0.0475 41457.454892 377700 
0.0475 43969.566334 375100 
0.0475 47667.956722 380600 
0.0475 48120.812177 389100 
0.0475 44222.983596 392100 
0.0475 45721.775335 387900 
0.0475 56091.940983 364300 
0.0475 46763.256547 413000 
0.0475 53387.179701 367200 
0.0475 48665.650192 419400 
0.0475 52163.642415 401600 
0.0475 51138.678766 367500 
0.0475 52986.361383 370100 
0.0475 44370.178204 378200 
0.0475 52441.756213 430900 
0.0475 54948.341594 377100 
0.0475 45594.147761 398200 
0.0475 45522.522642 382400 
0.0475 47744.995383 373300 
0.0475 44557.052484 367200 
0.0475 44208.975481 350600 
0.0475 46294.601707 351300 
0.0475 49622.277025 363000 
0.0475 47662.220821 380500 
0.0475 44764.169112 367100 
0.0475 54583.409544 356800 
0.0475 54043.071550 368300 
0.05 51110.484676 381200 
0.05 52755.771993 365400 
0.05 43797.038693 367400 
0.05 54199.251574 371800 
0.05 50568.713205 368100 
0.05 47916.355225 371500 
0.05 54203.029891 347100 
0.05 52068.544519 368900 
0.05 47660.678094 370400 
0.05 48384.835656 380700 
0.05 46438.337313 365500 
0.05 43224.861992 365400 
0.05 48591.304392 389500 
0.05 47917.581184 365600 
0.05 50536.433233 380000 
0.05 52781.032678 368800 
0.05 50207.352999 369600 
0.05 42803.845578 362000 
0.05 54234.971599 360000 
0.05 50176.679300 362700 
0.05 46067.515424 356700 
0.05 49056.007263 360400 
0.05 47365.726161 382300 
0.05 46153.266772 378000 
0.05 46903.179633 378800 
0.05 46440.394504 391800 
0.05 46907.340011 350300 
0.05 51896.454802 351300 
0.05 44965.837271 380400 
0.05 53460.580023 348200 
0.05 48117.379905 361600 
0.05 47111.043173 362300 
0.05 47021.460919 369500 
0.05 48896.692229 358000 
0.05 46271.492181 361700 
0.05 54708.766814 364400 
0.05 51298.841509 378600 
0.05 48104.797070 370300 
0.05 47840.679517 374900 
0.05 43126.597318 363200 
0.05 50834.850493 358100 
0.05 50155.448084 354700 
0.05 54813.921151 376800 
0.05 49291.295214 340800 
0.05 50615.187238 367600 
0.05 48904.190745 365900 
0.05 50190.993176 353100 
0.05 48679.992005 350200 
0.05 48705.845859 374900 
0.05 44914.785201 361000 
0.05 49065.780673 389600 
0.05 51394.834196 338000 
0.05 46832.014170 358400 
0.05 56089.318644 362600 
0.05 47866.540310 369700 
0.05 53170.306435 374000 
0.05 54870.873321 378100 
0.05 57050.177934 356200 
0.05 52250.388859 352600 
0.05 48729.432382 398700 
0.05 45249.471899 412800 
0.05 47641.241341 373000 
0.05 47683.801722 383100 
0.05 49440.899344 365900 
0.05 50268.818064 348300 
0.05 50234.459023 371700 
0.05 55557.321215 387500 
0.05 55037.174529 365400 
0.05 50522.619763 347500 
0.05 49673.667684 350800 
0.05 55769.050898 360000 
0.05 49709.702842 369400 
0.05 48117.247992 368200 
0.05 49564.970542 372700 
0.05 53299.585413 342500 
0.05 49792.860790 378600 
0.05 51355.877361 351600 
0.05 52620.521114 359700 
0.05 52358.168819 348300 
0.05 53658.991455 368700 
0.05 54060.745947 352600 
0.05 50675.997613 366800 
0.05 47042.191361 362900 
0.05 45864.808519 379200 
0.05 51797.737566 345700 
0.05 51145.133455 361400 
0.05 45244.288736 377700 
0.05 51931.944034 380300 
0.05 54613.369635 361000 
0.05 47531.488067 396500 
0.05 50135.605638 367600 
0.05 50050.794277 351300 
0.05 45951.454210 378500 
0.05 45528.025183 370700 
0.05 50759.339447 378500 
0.05 51094.517829 356800 
0.05 52978.391996 359500 
0.05 55174.451613 367500 
0.05 44823.632939 354700 
0.05 52503.166745 367400 
0.0525 54011.042064 348400 
0.0525 50987.169488 369300 
0.0525 48097.900960 345100 
0.0525 48087.024322 379800 
0.0525 55089.712006 354000 
0.0525 48369.948440 350600 
0.0525 53670.109075 380000 
0.0525 44157.352071 350100 
0.0525 50292.225731 352600 
0.0525 47997.299362 362700 
0.0525 46701.789320 364800 
0.0525 53045.098772 345700 
0.0525 43737.697394 377900 
0.0525 48689.020521 348900 
0.0525 46183.812692 366400 
0.0525 49682.881261 342500 
0.0525 49938.425533 366700 
0.0525 48429.510596 377300 
0.0525 51124.568842 374700 
0.0525 52601.713185 367200 
0.0525 46600.283164 350600 
0.0525 51689.491956 353800 
0.0525 45187.824061 351800 
0.0525 47438.467965 355000 
0.0525 48242.856153 353500 
0.0525 47766.087117 355500 
0.0525 45345.706670 379100 
0.0525 48244.183362 339100 
0.0525 49722.552778 374100 
0.0525 48522.460797 370600 
0.0525 53786.440290 360900 
0.0525 46883.174077 352600 
0.0525 53251.047422 356700 
0.0525 47251.285339 360800 
0.0525 51632.558472 371300 
0.0525 47963.460517 345000 
0.0525 52898.735451 395200 
0.0525 48647.290888 371300 
0.0525 52094.065347 377400 
0.0525 46611.694125 361900 
0.0525 51158.633778 354700 
0.0525 45168.262742 354400 
0.0525 50506.025513 365400 
0.0525 48708.593782 357600 
0.0525 52207.850864 349400 
0.0525 50744.562031 367600 
0.0525 43374.641729 370100 
0.0525 49288.173044 336400 
0.0525 51163.676869 343100 
0.0525 54203.318538 399600 
0.0525 59463.007418 359500 
0.0525 50982.414128 383200 
0.0525 55497.072406 398700 
0.0525 50096.282644 380400 
0.0525 52153.976478 389100 
0.0525 50640.781057 362800 
0.0525 52666.334387 343000 
0.0525 53005.709418 364900 
0.0525 49067.952794 366100 
0.0525 51247.832310 369400 
0.0525 50656.869964 346800 
0.0525 44969.421696 374200 
0.0525 52882.906774 364600 
0.0525 46941.060073 356600 
0.0525 52600.508498 360800 
0.0525 47553.522395 367300 
0.0525 49171.377306 341800 
0.0525 52046.277305 371000 
0.0525 47706.455247 359900 
0.0525 50819.805544 382500 
0.0525 48970.425856 342900 
0.0525 46489.234023 359900 
0.0525 42806.978914 365400 
0.0525 61267.321622 387200 
0.0525 48830.030319 358600 
0.0525 50868.822894 388500 
0.0525 52999.847137 379400 
0.0525 54933.065531 361400 
0.0525 57736.028731 343200 
0.0525 48143.350310 368400 
0.0525 47643.668819 359600 
0.0525 47597.935299 358700 
0.0525 54232.067001 345200 
0.0525 52661.443385 370200 
0.0525 48975.175760 375300 
0.0525 54705.110524 362600 
0.0525 51302.151978 374400 
0.0525 52877.228272 361100 
0.0525 50127.393514 358300 
0.0525 48002.721652 356000 
0.0525 51312.611068 365600 
0.0525 50522.329416 349200 
0.0525 48290.754544 371600 
0.0525 50435.764724 346600 
0.0525 51850.199735 349200 
0.0525 45608.968792 369600 
0.0525 48095.136356 357200 
0.0525 49298.544784 368300 
0.0525 48395.931266 395700 
0.0525 54639.974600 363300 
0.055 48074.740870 349700 
0.055 44908.466465 382800 
0.055 50300.033765 362400 
0.055 47316.259192 366500 
0.055 46629.876825 346700 
0.055 45378.782717 358500 
0.055 51277.980851 356600 
0.055 47141.736591 354800 
0.055 48495.795735 345200 
0.055 56623.790034 368300 
0.055 50755.773500 344500 
0.055 55584.627011 335300 
0.055 49999.636059 343300 
0.055 48966.112696 370500 
0.055 50800.160371 372500 
0.055 48211.435579 354500 
0.055 47882.315340 342000 
0.055 54575.739982 346000 
0.055 52880.492591 345300 
0.055 47595.377063 369300 
0.055 46825.530721 357400 
0.055 58299.404535 348100 
0.055 53459.104239 352000 
0.055 49421.264345 360200 
0.055 46421.458373 343600 
0.055 46808.800801 336600 
0.055 50812.422822 372400 
0.055 47695.321924 375300 
0.055 46636.662439 367200 
0.055 52325.562865 358100 
0.055 53055.332243 355400 
0.055 50274.800494 344200 
0.055 45970.737326 362800 
0.055 48552.849862 354200 
0.055 57312.208129 349600 
0.055 51306.220606 344300 
0.055 45760.989136 339900 
0.055 58176.216850 336800 
0.055 55086.155675 350400 
0.055 51361.639968 362700 
0.055 49412.138573 353500 
0.055 53983.810433 360000 
0.055 53009.613774 341700 
0.055 53005.262041 345900 
0.055 45003.364303 349200 
0.055 49348.953020 339400 
0.055 50167.180953 345300 
0.055 52007.577745 362000 
0.055 56949.699818 339300 
0.055 45657.665874 352600 
0.055 45653.885299 362300 
0.055 50643.411098 378100 
0.055 52656.675819 375400 
0.055 49097.854107 337600 
0.055 51341.943264 353400 
0.055 51420.165992 365800 
0.055 45535.975953 355400 
0.055 49513.831804 355600 
0.055 42517.804511 367600 
0.055 50792.878125 358000 
0.055 47117.448566 373600 
0.055 45436.712526 360800 
0.055 50791.848835 352000 
0.055 51156.165290 348600 
0.055 51202.862502 343200 
0.055 52716.304143 369400 
0.055 52881.718585 351700 
0.055 48273.992217 349900 
0.055 47351.768350 355400 
0.055 47543.841964 352300 
0.055 51102.071200 345800 
0.055 44857.868394 347700 
0.055 46554.881618 341700 
0.055 45908.902108 374600 
0.055 49119.969315 338100 
0.055 50677.397637 342800 
0.055 48400.117502 342500 
0.055 47715.533275 350400 
0.055 52669.923852 359200 
0.055 49885.176985 358400 
0.055 48511.976160 365400 
0.055 48053.456467 335600 
0.055 43420.279325 346900 
0.055 47079.659512 397300 
0.055 47884.054008 349900 
0.055 44329.683872 349300 
0.055 47925.232297 339200 
0.055 52391.827692 365700 
0.055 45737.766891 353100 
0.055 49470.749016 350200 
0.055 53946.999359 351600 
0.055 50449.235861 354800 
0.055 56425.089319 357600 
0.055 50402.970045 365000 
0.055 51221.164515 347400 
0.055 45758.284527 346100 
0.055 48408.128818 355600 
0.055 46391.240280 338200 
0.055 45558.095745 351300 
0.055 44434.374045 351000 
0.0575 48731.933093 339800 
0.0575 51914.663761 340300 
0.0575 51146.661934 357200 
0.0575 52398.886676 355000 
0.0575 47618.105999 350500 
0.0575 53785.723540 331600 
0.0575 54182.653386 332300 
0.0575 48163.395829 360800 
0.0575 51717.572582 349900 
0.0575 56507.705776 364900 
0.0575 49742.158361 344900 
0.0575 52327.899291 343900 
0.0575 55314.409301 344100 
0.0575 48109.205420 374600 
0.0575 56379.747680 337300 
0.0575 51140.844314 348100 
0.0575 49499.154007 353500 
0.0575 45116.168729 371600 
0.0575 50819.095431 335900 
0.0575 49858.929591 355400 
0.0575 49744.519678 356000 
0.0575 55130.557697 331400 
0.0575 54017.654054 339600 
0.0575 51250.595546 341200 
0.0575 48405.886194 337300 
0.0575 50222.122736 345600 
0.0575 46499.239442 347000 
0.0575 51229.405896 366300 
0.0575 47974.656288 346800 
0.0575 50191.785359 397400 
0.0575 50243.862291 335000 
0.0575 48669.859300 369900 
0.0575 48140.228039 344600 
0.0575 49092.221881 370700 
0.0575 48558.611914 348400 
0.0575 45621.349883 373000 
0.0575 45456.821169 337800 
0.0575 50123.453004 374000 
0.0575 48595.647360 367200 
0.0575 48178.645384 350900 
0.0575 50657.999790 338900 
0.0575 52322.022262 352400 
0.0575 50808.314904 368200 
0.0575 49383.742286 326700 
0.0575 51360.239273 334300 
0.0575 51181.005845 365900 
0.0575 47112.490676 342800 
0.0575 48137.472735 369100 
0.0575 41098.334502 366800 
0.0575 48096.286283 352700 
0.0575 55066.767232 330500 
0.0575 52697.921973 335400 
0.0575 43915.956299 341100 
0.0575 52537.315352 373300 
0.0575 53516.633512 349400 
0.0575 50917.407316 350400 
0.0575 52615.560799 343400 
0.0575 46665.827351 402400 
0.0575 46882.355459 344100 
0.0575 52101.569026 332700 
0.0575 52498.965035 337300 
0.0575 48385.457792 333100 
0.0575 56251.603939 357800 
0.0575 48140.783729 348400 
0.0575 56574.772649 345300 
0.0575 47486.316705 348100 
0.0575 51105.740017 363000 
0.0575 49553.506122 349200 
0.0575 48541.975780 343200 
0.0575 48224.175756 341700 
0.0575 52410.755797 363600 
0.0575 47550.108737 359400 
0.0575 48727.098130 363400 
0.0575 49955.226973 349600 
0.0575 46121.050113 346300 
0.0575 46063.013110 359700 
0.0575 47696.052075 372400 
0.0575 60858.933168 340700 
0.0575 43164.821349 350900 
0.0575 49736.597478 356500 
0.0575 46629.165717 339200 
0.0575 46491.904288 359900 
0.0575 50076.090722 350900 
0.0575 52126.754979 368800 
0.0575 49319.147685 333600 
0.0575 48098.621083 336900 
0.0575 47129.106872 343700 
0.0575 45392.678975 366800 
0.0575 45328.036843 366100 
0.0575 46138.714936 364700 
0.0575 49871.758590 362800 
0.0575 48102.957895 383900 
0.0575 52475.785357 350600 
0.0575 50964.897400 342600 
0.0575 55059.432088 364800 
0.0575 53368.252617 355200 
0.0575 45094.752942 345000 
0.0575 51093.398703 357100 
0.0575 47267.359820 329200 
0.0575 48727.747218 344500 
0.06 57809.781204 351600 
0.06 53900.108336 342700 
0.06 50695.713713 324100 
0.06 52331.009924 359800 
0.06 45713.263719 362100 
0.06 54384.874819 330800 
0.06 44543.421255 354100 
0.06 51196.564739 343000 
0.06 59580.303135 332400 
0.06 52798.597646 333200 
0.06 51406.810828 347600 
0.06 47745.920913 346800 
0.06 48751.194919 362100 
0.06 48946.965351 351800 
0.06 48059.745617 336700 
0.06 56107.697244 335000 
0.06 51159.472732 334400 
0.06 47110.643029 333000 
0.06 51468.938159 328700 
0.06 54092.374292 343000 
0.06 45392.188090 368600 
0.06 48356.896135 369000 
0.06 51321.022384 345900 
0.06 47914.861068 334100 
0.06 49451.202300 345900 
0.06 52039.050435 332800 
0.06 50032.466957 377600 
0.06 50169.591107 362400 
0.06 47373.905427 358200 
0.06 48586.371535 343800 
0.06 46972.243584 349900 
0.06 51889.647065 343200 
0.06 47042.568378 351900 
0.06 50146.656825 348600 
0.06 53982.219609 366800 
0.06 51939.204264 319100 
0.06 46644.848297 328000 
0.06 54771.596048 340000 
0.06 57981.687387 341700 
0.06 55407.166871 363700 
0.06 50307.277028 362800 
0.06 52066.258862 327500 
0.06 48453.352401 335300 
0.06 44676.358925 341700 
0.06 50176.394003 335600 
0.06 55962.868797 357600 
0.06 55586.017396 350100 
0.06 50886.009055 355900 
0.06 49252.493180 347800 
0.06 53322.507388 389500 
0.06 48902.299939 339200 
0.06 50814.330290 368800 
0.06 50909.749296 343600 
0.06 50822.465874 369400 
0.06 46341.155944 334200 
0.06 52656.914651 352200 
0.06 51557.353158 340700 
0.06 49423.849882 343400 
0.06 54705.650333 350100 
0.06 49029.276277 328200 
0.06 52982.406205 339300 
0.06 49376.366603 359800 
0.06 46530.121617 344300 
0.06 49529.798957 352300 
0.06 48155.185799 345600 
0.06 43069.570767 346300 
0.06 52357.810928 354600 
0.06 48232.951997 333400 
0.06 49894.583257 353900 
0.06 51087.483637 335600 
0.06 51342.798275 374300 
0.06 48780.659130 338400 
0.06 50771.210642 357600 
0.06 53991.648023 400500 
0.06 51050.105965 349800 
0.06 52899.101157 346600 
0.06 55486.395779 350600 
0.06 53245.550463 335100 
0.06 53933.440765 341400 
0.06 51934.973871 336000 
0.06 52213.958271 347200 
0.06 49056.186126 321100 
0.06 47428.314477 350000 
0.06 49717.261118 328100 
0.06 46455.624162 315000 
0.06 51500.837513 335900 
0.06 52475.274386 334300 
0.06 56331.310775 338200 
0.06 50582.223342 371600 
0.06 57844.045096 343700 
0.06 47698.054528 329700 
0.06 49719.016244 386400 
0.06 46205.104786 331800 
0.06 50665.630958 354100 
0.06 49748.797205 340000 
0.06 46554.456000 341900 
0.06 51623.901149 360300 
0.06 50850.303556 331800 
0.06 50529.532317 340100 
0.06 58852.759261 329400 
0.0625 44846.523127 339400 
0.0625 58855.221807 348900 
0.0625 50508.547934 338000 
0.0625 49427.286619 330700 
0.0625 53996.588469 362000 
0.0625 55443.714405 323100 
0.0625 49796.181809 344500 
0.0625 52538.759090 364900 
0.0625 52989.475821 340500 
0.0625 47177.033425 330800 
0.0625 52988.303016 346900 
0.0625 48098.701192 336800 
0.0625 49835.862629 343800 
0.0625 49137.691434 333500 
0.0625 50529.114121 345800 
0.0625 50107.529178 347900 
0.0625 50653.068944 337600 
0.0625 50599.407813 339100 
0.0625 51065.395577 345900 
0.0625 52546.183362 329400 
0.0625 45741.655008 348000 
0.0625 49390.019928 339700 
0.0625 46184.299437 337100 
0.0625 53678.009437 345900 
0.0625 49288.285727 337300 
0.0625 50255.712057 346000 
0.0625 52419.262053 331000 
0.0625 52756.180696 355400 
0.0625 43843.483193 326600 
0.0625 49357.447528 325900 
0.0625 52653.274779 342900 
0.0625 52015.792780 329200 
0.0625 54581.406840 328600 
0.0625 48664.420337 340800 
0.0625 48381.474338 337300 
0.0625 52374.067242 324900 
0.0625 57450.862977 327500 
0.0625 51003.984847 347100 
0.0625 50100.068961 336500 
0.0625 52909.768783 342500 
0.0625 51793.765089 341700 
0.0625 49595.962193 348100 
0.0625 52873.853661 345700 
0.0625 51949.952849 326900 
0.0625 54856.640248 331500 
0.0625 51002.971725 349500 
0.0625 52206.897183 340300 
0.0625 50385.029675 355100 
0.0625 52900.525782 339600 
0.0625 52319.258472 367900 
0.0625 45641.400189 365800 
0.0625 55979.101672 334100 
0.0625 48293.944907 321200 
0.0625 56095.360480 321600 
0.0625 47977.017722 326900 
0.0625 52586.095634 343300 
0.0625 52823.195856 336500 
0.0625 45438.252193 369000 
0.0625 43852.191282 337100 
0.0625 52145.360960 341600 
0.0625 57478.318592 332400 
0.0625 51462.350677 343300 
0.0625 51076.198243 341700 
0.0625 55385.935415 342100 
0.0625 48062.739473 348500 
0.0625 48593.803184 340800 
0.0625 47909.011552 331400 
0.0625 58377.666500 350900 
0.0625 46842.230354 330000 
0.0625 50993.802336 379300 
0.0625 52794.530715 353200 
0.0625 48948.395805 334900 
0.0625 52284.271548 331100 
0.0625 51659.601440 320700 
0.0625 46697.059687 343300 
0.0625 53544.362179 353800 
0.0625 45684.031631 334700 
0.0625 54027.796736 359000 
0.0625 50545.914845 364500 
0.0625 48540.116069 359200 
0.0625 53920.725680 324300 
0.0625 52392.103479 328700 
0.0625 47907.324435 346300 
0.0625 57117.367005 322500 
0.0625 46659.796659 362700 
0.0625 50944.504047 346400 
0.0625 51552.787071 328300 
0.0625 48504.622525 337100 
0.0625 55122.786887 342100 
0.0625 54129.029296 347200 
0.0625 51688.786812 326900 
0.0625 47017.571014 346800 
0.0625 49100.581816 325100 
0.0625 44484.329085 336800 
0.0625 53472.858022 346200 
0.0625 48815.216324 340200 
0.0625 43980.249731 365500 
0.0625 45433.386158 340300 
0.0625 51252.163485 332600 
0.0625 56749.125949 336600 
0.065 44812.151500 345100 
0.065 49631.924078 341300 
0.065 42855.034843 322800 
0.065 48024.594993 333500 
0.065 51138.148960 343300 
0.065 52055.970180 329500 
0.065 50825.679012 343300 
0.065 53988.835738 345700 
0.065 48047.584573 356700 
0.065 49511.220069 348600 
0.065 53026.440310 323100 
0.065 56205.001506 324700 
0.065 53662.512589 342200 
0.065 47273.793814 326700 
0.065 49875.178539 332400 
0.065 52198.344191 346100 
0.065 52437.726642 332900 
0.065 52294.458493 343200 
0.065 51189.253901 339200 
0.065 57984.331615 317600 
0.065 56288.126737 348200 
0.065 49728.134294 340600 
0.065 46928.125718 332700 
0.065 51102.157266 339400 
0.065 48537.382312 333300 
0.065 52473.791754 333000 
0.065 51782.658641 345500 
0.065 47929.781926 334800 
0.065 50794.409689 345200 
0.065 57946.751289 353800 
0.065 47074.929402 330700 
0.065 53868.788454 335600 
0.065 46013.909636 327400 
0.065 45515.728391 343900 
0.065 52088.334184 342100 
0.065 56336.657235 338800 
0.065 51755.785055 359800 
0.065 49578.312148 352700 
0.065 49077.220405 350000 
0.065 53057.180110 354000 
0.065 48114.183885 340700 
0.065 56405.972911 333500 
0.065 52452.590036 334700 
0.065 53130.911611 321600 
0.065 48637.914886 330300 
0.065 53048.604899 321500 
0.065 50581.561629 341200 
0.065 53392.859863 335300 
0.065 51466.738384 374900 
0.065 54997.408797 333600 
0.065 43110.773958 332000 
0.065 54898.983652 334400 
0.065 50009.757374 318100 
0.065 54031.633476 337200 
0.065 49233.761286 342700 
0.065 52855.842659 338500 
0.065 56214.469073 331400 
0.065 52390.134112 325700 
0.065 51658.726409 336500 
0.065 49428.769236 360900 
0.065 52750.853787 331300 
0.065 46795.029586 348600 
0.065 50053.793688 325400 
0.065 49924.231358 320200 
0.065 51043.990115 341800 
0.065 52893.486572 332000 
0.065 49941.342313 318500 
0.065 49961.649027 346900 
0.065 50556.391033 331300 
0.065 50295.146251 346400 
0.065 44182.964430 351200 
0.065 52262.129551 319400 
0.065 54630.447679 324900 
0.065 50499.393196 315000 
0.065 48260.436694 359600 
0.065 53518.961950 342300 
0.065 48515.153897 349900 
0.065 60040.579015 324100 
0.065 43971.629985 333800 
0.065 53419.902495 326500 
0.065 52635.959621 342000 
0.065 54090.348960 325300 
0.065 48128.675301 334200 
0.065 51047.529639 334600 
0.065 46866.678385 342300 
0.065 48264.801959 337100 
0.065 53292.194488 314200 
0.065 58517.718515 364400 
0.065 51288.088612 332000 
0.065 51180.030789 327300 
0.065 50443.281523 334400 
0.065 55835.446460 338700 
0.065 52187.036373 348800 
0.065 58403.295284 346100 
0.065 48080.824406 323200 
0.065 50204.956086 326600 
0.065 53969.269022 335100 
0.065 53875.903726 341600 
0.065 54976.529724 322300 
0.065 50147.951279 320800 
0.0675 56097.493234 316300 
0.0675 54877.025812 339100 
0.0675 57111.105674 333500 
0.0675 61377.788337 331500 
0.0675 56925.841408 320000 
0.0675 49312.813739 317200 
0.0675 52289.059894 377900 
0.0675 56360.621144 323200 
0.0675 52928.596696 357800 
0.0675 50352.905024 348000 
0.0675 51833.583767 321400 
0.0675 49403.025979 334200 
0.0675 52246.253768 375600 
0.0675 49688.465584 320700 
0.0675 55484.589393 342200 
0.0675 51887.519373 347500 
0.0675 49081.443199 329200 
0.0675 42812.978990 343500 
0.0675 54231.727066 328400 
0.0675 48709.014972 345500 
0.0675 51316.295718 323800 
0.0675 53523.980924 334900 
0.0675 55095.965520 321800 
0.0675 52136.473812 318200 
0.0675 56818.029563 335300 
0.0675 58394.633390 325300 
0.0675 54036.532134 320700 
0.0675 49501.946940 344000 
0.0675 53523.297350 339700 
0.0675 55963.769503 325100 
0.0675 56261.344920 351300 
0.0675 53967.247464 339200 
0.0675 53385.336982 335800 
0.0675 53885.948073 359000 
0.0675 51891.478492 345600 
0.0675 52678.948543 334500 
0.0675 50492.427094 342300 
0.0675 56133.759203 336000 
0.0675 48867.268269 327200 
0.0675 49586.200111 377800 
0.0675 53200.257999 319500 
0.0675 61694.511466 323600 
0.0675 47011.506362 329800 
0.0675 51734.195242 341700 
0.0675 56598.443299 332300 
0.0675 57779.294939 340700 
0.0675 48284.493744 327900 
0.0675 54387.930681 329700 
0.0675 48194.132512 312800 
0.0675 52662.333973 323500 
0.0675 53839.298239 318300 
0.0675 54340.341123 315400 
0.0675 55293.948448 327000 
0.0675 53818.871463 340900 
0.0675 54035.481780 321800 
0.0675 57100.823270 334100 
0.0675 52274.128609 319600 
0.0675 47691.280816 328800 
0.0675 46426.495701 334500 
0.0675 53906.994558 346400 
0.0675 52226.328327 342300 
0.0675 51310.839277 352000 
0.0675 53888.030771 330200 
0.0675 46845.248434 342500 
0.0675 52749.864963 318000 
0.0675 49638.564401 318100 
0.0675 50810.736930 341500 
0.0675 54831.164959 319800 
0.0675 51672.422152 323900 
0.0675 56701.644463 329900 
0.0675 45559.369705 326000 
0.0675 55251.496274 332300 
0.0675 55175.667098 325900 
0.0675 52484.347975 327800 
0.0675 52570.894579 309600 
0.0675 53990.003876 342900 
0.0675 55072.443381 330300 
0.0675 51115.794446 341200 
0.0675 51517.547189 332600 
0.0675 55506.495128 328500 
0.0675 46916.948694 334700 
0.0675 49274.809626 318600 
0.0675 51231.092613 334600 
0.0675 54542.593465 329700 
0.0675 51853.513336 315200 
0.0675 50976.357484 332500 
0.0675 46577.472909 342500 
0.0675 45410.585010 346100 
0.0675 47590.004010 337600 
0.0675 55588.044543 331800 
0.0675 54949.829077 319400 
0.0675 47353.418605 337400 
0.0675 46523.840449 357300 
0.0675 50028.452678 313800 
0.0675 51958.048564 324300 
0.0675 54356.422234 345500 
0.0675 48208.834949 334300 
0.0675 47555.545800 324700 
0.0675 50358.670138 318900 
0.0675 50585.500165 319700 
0.07 51764.575350 328300 
0.07 48209.844773 313900 
0.07 47801.247985 342900 
0.07 55736.575777 317200 
0.07 49363.374915 337800 
0.07 58228.913528 337100 
0.07 51055.095939 331900 
0.07 54208.841995 332300 
0.07 59045.272096 318200 
0.07 48989.588274 326800 
0.07 51017.689332 335600 
0.07 51780.643473 348600 
0.07 56194.725812 326500 
0.07 58886.881627 324700 
0.07 51279.037493 314200 
0.07 47318.255097 329800 
0.07 49074.326268 328000 
0.07 52290.285128 327300 
0.07 51596.669612 324400 
0.07 46505.823489 336800 
0.07 50604.646948 322400 
0.07 52591.709550 319500 
0.07 48468.223291 339200 
0.07 56071.435836 330800 
0.07 59941.706954 323500 
0.07 46882.184768 320600 
0.07 44011.801776 344200 
0.07 57336.579417 347100 
0.07 53614.614458 323000 
0.07 53315.650053 333600 
0.07 48041.665062 337700 
0.07 45925.291543 319000 
0.07 54964.838580 302500 
0.07 46488.260365 331700 
0.07 51471.393507 318100 
0.07 47742.555655 333900 
0.07 47025.325830 336000 
0.07 47360.920724 337200 
0.07 55611.270616 326000 
0.07 50425.378328 339800 
0.07 51887.278875 317600 
0.07 48743.903456 350400 
0.07 51386.211663 322200 
0.07 50501.351491 319400 
0.07 50959.495484 319000 
0.07 49683.499499 341700 
0.07 57449.997830 309900 
0.07 54962.555605 326300 
0.07 48896.471210 317600 
0.07 53302.064402 332500 
0.07 52825.425049 313400 
0.07 54908.587807 320700 
0.07 50569.020965 341800 
0.07 54239.519701 327500 
0.07 50078.972416 337300 
0.07 54182.870864 307600 
0.07 50563.239208 317100 
0.07 51838.321672 319200 
0.07 48804.598861 320200 
0.07 51686.462516 313200 
0.07 57010.230962 324600 
0.07 48946.292975 333400 
0.07 49312.547963 320900 
0.07 56539.271788 322700 
0.07 45717.161540 343900 
0.07 50029.523446 333300 
0.07 54147.881185 328200 
0.07 51026.456109 333800 
0.07 51796.161442 338700 
0.07 57506.266485 332100 
0.07 49989.306752 313200 
0.07 49156.950925 332000 
0.07 55134.954953 332700 
0.07 58194.654280 338200 
0.07 50403.098856 326100 
0.07 49633.917858 313100 
0.07 54730.947532 326300 
0.07 55355.821949 327000 
0.07 51024.585102 322900 
0.07 50136.141417 330300 
0.07 51806.860048 341500 
0.07 52327.821202 332900 
0.07 57950.440146 323500 
0.07 49381.717210 324800 
0.07 46902.934294 335100 
0.07 51293.152729 328200 
0.07 50435.630398 335800 
0.07 51091.770302 308600 
0.07 48067.062017 316600 
0.07 50066.206021 318500 
0.07 52105.796936 331300 
0.07 48442.896478 331700 
0.07 54970.533884 313800 
0.07 55627.649672 320100 
0.07 51531.821423 326000 
0.07 48887.380316 333000 
0.07 49941.837391 326800 
0.07 55191.767195 316700 
0.07 50705.943729 326300 
0.07 51011.420217 342200 
0.0725 45703.798372 327300 
0.0725 51533.248045 307300 
0.0725 47954.976238 329100 
0.0725 54979.324289 320000 
0.0725 54167.584660 308300 
0.0725 53460.207969 324800 
0.0725 53002.359209 349200 
0.0725 55042.621312 336400 
0.0725 52804.024777 344900 
0.0725 52766.704417 319600 
0.0725 48549.435213 327200 
0.0725 50656.622822 321800 
0.0725 49426.348834 316400 
0.0725 52906.344178 323100 
0.0725 48322.634687 317100 
0.0725 53891.696569 322100 
0.0725 52837.604548 325300 
0.0725 52551.197878 326600 
0.0725 54168.101453 326200 
0.0725 51608.559429 326000 
0.0725 51670.330993 328800 
0.0725 51244.970719 316600 
0.0725 56155.489446 318800 
0.0725 53343.922100 307200 
0.0725 54762.022100 320900 
0.0725 51145.946689 329800 
0.0725 53171.186225 330800 
0.0725 43586.829997 333300 
0.0725 57132.649810 312200 
0.0725 55420.216243 337900 
0.0725 58117.611848 334000 
0.0725 50659.755081 305700 
0.0725 53236.581674 335400 
0.0725 51736.534202 312500 
0.0725 58961.519692 307700 
0.0725 52156.410577 311500 
0.0725 51708.545616 339600 
0.0725 48491.790439 308100 
0.0725 47900.705447 340700 
0.0725 55008.110909 342700 
0.0725 56519.209573 318700 
0.0725 48565.393519 328600 
0.0725 47930.534802 327400 
0.0725 50593.887636 315700 
0.0725 55763.969069 322500 
0.0725 48505.203333 331200 
0.0725 53116.236867 323900 
0.0725 54721.242738 369900 
0.0725 53653.210722 322000 
0.0725 52577.943066 325800 
0.0725 57051.286661 312000 
0.0725 55599.742677 307200 
0.0725 51971.620093 315200 
0.0725 51943.926058 315300 
0.0725 52490.462140 323100 
0.0725 51712.703928 324800 
0.0725 55600.790320 335700 
0.0725 52299.641371 320800 
0.0725 55182.644569 319400 
0.0725 50394.152651 314300 
0.0725 49380.678574 311200 
0.0725 45156.916643 350100 
0.0725 57712.443107 332400 
0.0725 50736.972948 336400 
0.0725 44999.848843 348700 
0.0725 49618.189873 321600 
0.0725 49304.837441 312500 
0.0725 49677.568707 320500 
0.0725 50071.529952 327900 
0.0725 44947.693680 319900 
0.0725 48588.156029 328200 
0.0725 49480.732336 328800 
0.0725 52169.597000 327800 
0.0725 52734.816295 321900 
0.0725 51532.597850 345700 
0.0725 49028.761043 312500 
0.0725 49427.821173 327000 
0.0725 52737.999017 315300 
0.0725 52832.330732 339600 
0.0725 62033.785830 229500 
0.0725 51782.382820 310300 
0.0725 50163.306908 326100 
0.0725 48524.406147 344900 
0.0725 47990.580154 338600 
0.0725 50915.571560 328600 
0.0725 50554.529232 311500 
0.0725 51934.691435 321000 
0.0725 52839.466151 331800 
0.0725 43198.512295 353400 
0.0725 56149.734710 336500 
0.0725 57791.881143 321100 
0.0725 48084.460057 325300 
0.0725 46019.598626 324200 
0.0725 47920.117988 336400 
0.0725 54865.665862 342900 
0.0725 52334.760696 319600 
0.0725 45115.996059 332600 
0.0725 45466.840051 325500 
0.0725 51118.650332 329300 
0.0725 50014.185492 322700 
0.075 48250.340552 322300 
0.075 53543.330906 318600 
0.075 50050.406724 308100 
0.075 49561.147645 309700 
0.075 53695.435071 312200 
0.075 59730.140463 312300 
0.075 63392.490843 334800 
0.075 46104.575763 320600 
0.075 50483.242483 303600 
0.075 47440.855068 319200 
0.075 53679.913183 312600 
0.075 56178.176628 316000 
0.075 58784.199224 325400 
0.075 54354.142031 325400 
0.075 50747.013416 332600 
0.075 50923.175563 316700 
0.075 49096.176841 324200 
0.075 50715.897700 315400 
0.075 50127.405846 311600 
0.075 51108.673363 347200 
0.075 58925.114266 313000 
0.075 55856.513225 301900 
0.075 52737.453509 321600 
0.075 52067.888626 317800 
0.075 53737.238469 336600 
0.075 47525.274584 322000 
0.075 53250.930766 317200 
0.075 52228.787713 334300 
0.075 49281.702124 314000 
0.075 53409.837721 320100 
0.075 51640.178939 324400 
0.075 55556.934330 324800 
0.075 53269.183550 330200 
0.075 54380.946197 314900 
0.075 52897.272104 318900 
0.075 52233.762929 321400 
0.075 50327.641484 317800 
0.075 55442.788762 311900 
0.075 55447.419053 350300 
0.075 44831.319883 315900 
0.075 54595.304684 329500 
0.075 58397.419228 334000 
0.075 58750.178939 332800 
0.075 53423.885700 333000 
0.075 58706.552239 332900 
0.075 51227.220500 311300 
0.075 53353.433302 317600 
0.075 55714.616376 325800 
0.075 50730.182004 319700 
0.075 52841.794689 314900 
0.075 48983.067056 332300 
0.075 49753.170352 347300 
0.075 49833.604844 340700 
0.075 56350.919300 330000 
0.075 49820.853100 313200 
0.075 50163.622913 326500 
0.075 49690.286348 327600 
0.075 50250.486890 319200 
0.075 50878.680579 321600 
0.075 51449.112950 324100 
0.075 53172.166565 360200 
0.075 49710.076815 325300 
0.075 46996.113057 347800 
0.075 45730.677338 337300 
0.075 45072.790348 326400 
0.075 55250.053933 310800 
0.075 47463.295741 315300 
0.075 52975.163069 329700 
0.075 52611.748146 317500 
0.075 48637.885588 338400 
0.075 53577.331993 339100 
0.075 52079.835891 318900 
0.075 50287.147022 328000 
0.075 51720.863067 330600 
0.075 51547.832416 312200 
0.075 51266.282111 328900 
0.075 49139.165471 322900 
0.075 49588.909433 314700 
0.075 49130.228892 326400 
0.075 46267.900513 317700 
0.075 56755.804447 324100 
0.075 55031.016879 310100 
0.075 52237.425597 333500 
0.075 51899.626008 314400 
0.075 53729.340091 339500 
0.075 50340.035434 334700 
0.075 59830.569687 325500 
0.075 50064.189461 324500 
0.075 49393.741379 319000 
0.075 51994.625923 318900 
0.075 54811.888490 325900 
0.075 50610.917875 317600 
0.075 50713.726058 319100 
0.075 48919.947275 336800 
0.075 52375.955410 303800 
0.075 60733.551860 312300 
0.075 51440.794911 333500 
0.075 51371.474358 320600 
0.075 50863.329879 337300 
0.075 50906.011965 318600 
0.0775 51114.596362 304500 
0.0775 49063.997330 304800 
0.0775 57684.695099 332800 
0.0775 57311.532746 306900 
0.0775 48489.150378 310300 
0.0775 50748.364243 309300 
0.0775 54808.807914 322600 
0.0775 46718.559233 322400 
0.0775 54159.113161 326200 
0.0775 47542.521312 330800 
0.0775 54985.092305 321900 
0.0775 51010.028569 306000 
0.0775 63095.616852 316500 
0.0775 49301.723077 307400 
0.0775 51867.796926 306500 
0.0775 58705.586798 309700 
0.0775 48379.977731 307000 
0.0775 59995.191595 318900 
0.0775 54539.905803 313500 
0.0775 56605.897724 303700 
0.0775 55535.783324 304700 
0.0775 50261.514591 309000 
0.0775 51857.036523 313500 
0.0775 53489.083263 311000 
0.0775 52963.383499 299000 
0.0775 53462.855175 317000 
0.0775 46135.059849 311400 
0.0775 48570.785655 325200 
0.0775 53454.143538 320600 
0.0775 59484.489762 299000 
0.0775 54539.301481 326600 
0.0775 52063.515946 302900 
0.0775 53222.755156 319200 
0.0775 52546.203385 338500 
0.0775 46817.450818 304200 
0.0775 46727.924271 316800 
0.0775 55766.954070 324200 
0.0775 52585.593026 325500 
0.0775 54170.780848 317900 
0.0775 51173.977104 323200 
0.0775 57873.074730 311900 
0.0775 53496.088854 324500 
0.0775 53305.124328 311000 
0.0775 59074.059497 319700 
0.0775 55017.887212 311600 
0.0775 47040.616611 327800 
0.0775 49555.302620 322200 
0.0775 50727.496881 333500 
0.0775 47219.248832 312400 
0.0775 51219.104449 313800 
0.0775 57760.376218 330700 
0.0775 53055.898000 313600 
0.0775 47857.179270 337000 
0.0775 50052.736047 309600 
0.0775 51304.803318 316500 
0.0775 48364.300611 324400 
0.0775 50105.550456 320800 
0.0775 50045.914560 308300 
0.0775 49930.619982 335500 
0.0775 55154.766654 325900 
0.0775 51836.677493 324500 
0.0775 54017.396707 316200 
0.0775 54181.053869 313800 
0.0775 56672.491905 318800 
0.0775 56797.731818 336700 
0.0775 57159.325428 342300 
0.0775 46498.453217 311500 
0.0775 56080.807782 318200 
0.0775 51053.380162 321300 
0.0775 50790.399334 316700 
0.0775 56140.533549 325400 
0.0775 50678.783350 322800 
0.0775 54589.334732 315700 
0.0775 50588.070361 316700 
0.0775 51111.075964 356100 
0.0775 58720.267068 309300 
0.0775 52900.990029 322500 
0.0775 57422.214552 300100 
0.0775 51340.908779 317300 
0.0775 50004.614146 330200 
0.0775 53159.138794 306900 
0.0775 45291.999891 322000 
0.0775 57435.615927 324800 
0.0775 49549.879209 312500 
0.0775 49266.146389 317800 
0.0775 51625.068861 317000 
0.0775 53518.783590 321400 
0.0775 46574.763620 326300 
0.0775 57139.630306 341100 
0.0775 54799.456963 332200 
0.0775 48590.621733 312400 
0.0775 50782.892500 322000 
0.0775 47067.880891 331400 
0.0775 49401.100725 326700 
0.0775 51524.974741 312900 
0.0775 42926.861679 327600 
0.0775 54548.556373 345900 
0.0775 49682.266684 320900 
0.0775 54980.747180 326100 
0.0775 44410.096644 317300 
0.08 54922.904477 308100 
0.08 51046.372008 318400 
0.08 51394.277728 310300 
0.08 48653.230124 317900 
0.08 51150.867168 326500 
0.08 54000.484912 313200 
0.08 48036.901219 322400 
0.08 55370.788380 309800 
0.08 44434.914595 316800 
0.08 57997.830543 310500 
0.08 52254.737602 309500 
0.08 57816.807119 298200 
0.08 49861.855795 305300 
0.08 55849.187239 323900 
0.08 46696.182144 311700 
0.08 52125.651606 306700 
0.08 54463.459528 309700 
0.08 54142.797086 330700 
0.08 52098.513194 321200 
0.08 51820.003729 306000 
0.08 45725.298249 322800 
0.08 48086.765162 315000 
0.08 56494.937592 314200 
0.08 55146.026545 294200 
0.08 56014.644333 307900 
0.08 53322.202416 321600 
0.08 55809.988476 314100 
0.08 53500.420807 312600 
0.08 51124.611901 319000 
0.08 60411.017668 304300 
0.08 50508.486764 318100 
0.08 50500.652600 314000 
0.08 55333.517684 311400 
0.08 49075.941391 317700 
0.08 55218.377479 320300 
0.08 52283.320194 312000 
0.08 48406.014786 333500 
0.08 48504.077344 325100 
0.08 50846.859989 321500 
0.08 54939.573246 322200 
0.08 48098.222753 306600 
0.08 48629.959379 321700 
0.08 53716.337909 320300 
0.08 54149.997594 323500 
0.08 49644.997027 317000 
0.08 50079.738080 313800 
0.08 55660.844581 320300 
0.08 49983.620784 307800 
0.08 52168.103079 320000 
0.08 53081.000084 328600 
0.08 49584.757736 309400 
0.08 45488.617935 316600 
0.08 50816.908587 328800 
0.08 47034.483266 313100 
0.08 49602.575980 313500 
0.08 56274.349904 313900 
0.08 55609.771040 325000 
0.08 53343.940025 334300 
0.08 54470.950299 301000 
0.08 51011.766125 326200 
0.08 54253.575130 304800 
0.08 49418.224070 315800 
0.08 52254.806112 305300 
0.08 53816.415433 313800 
0.08 52535.171042 321000 
0.08 46911.149340 322100 
0.08 51416.541762 311200 
0.08 53874.223621 311100 
0.08 51654.525280 310900 
0.08 49560.635770 313900 
0.08 51881.965718 309200 
0.08 51873.808901 311400 
0.08 48825.134566 322200 
0.08 52266.592218 322000 
0.08 51473.840407 330600 
0.08 53748.766511 318400 
0.08 53834.739497 329200 
0.08 52312.902170 315400 
0.08 51776.969445 309000 
0.08 58077.728286 306200 
0.08 57243.876873 313700 
0.08 50017.190421 324700 
0.08 48714.548695 306500 
0.08 55834.401429 315000 
0.08 45223.822696 316400 
0.08 48081.686301 336200 
0.08 54694.186397 304100 
0.08 51360.476856 303100 
0.08 49290.071634 319200 
0.08 49016.127044 324600 
0.08 60726.525704 322600 
0.08 52115.702868 315100 
0.08 47725.096543 304400 
0.08 51651.794824 317300 
0.08 55319.880756 318800 
0.08 46857.142639 318900 
0.08 54941.941090 319600 
0.08 54524.379410 321300 
0.08 53160.535166 304900 
0.08 53052.483910 316400 
0.0825 56900.971352 305500 
0.0825 57020.756890 334800 
0.0825 57667.982953 312600 
0.0825 50207.542535 308900 
0.0825 49456.328505 328500 
0.0825 56596.563083 319300 
0.0825 50594.990098 307400 
0.0825 56872.215554 313600 
0.0825 51899.473091 312200 
0.0825 52511.090469 312000 
0.0825 54717.475546 315200 
0.0825 48760.953014 315200 
0.0825 60277.313711 323000 
0.0825 50592.646304 318000 
0.0825 49464.973096 316400 
0.0825 51618.271893 312400 
0.0825 57765.605936 312600 
0.0825 48223.995371 320700 
0.0825 54695.033327 312900 
0.0825 49775.129261 321600 
0.0825 47060.869071 318700 
0.0825 53253.909987 325500 
0.0825 54035.851767 313700 
0.0825 52873.488628 314600 
0.0825 55635.604707 297600 
0.0825 51789.489496 319600 
0.0825 53201.245169 302000 
0.0825 55587.034024 312600 
0.0825 51674.689624 316700 
0.0825 53814.268455 306500 
0.0825 51870.050588 324900 
0.0825 60675.672842 334700 
0.0825 52490.852813 300200 
0.0825 50091.170991 316700 
0.0825 53858.459883 305100 
0.0825 53791.701459 323900 
0.0825 53038.932781 303700 
0.0825 50818.450808 312700 
0.0825 53229.888713 318400 
0.0825 51459.469743 309600 
0.0825 48324.554329 318700 
0.0825 49822.529461 314400 
0.0825 55143.801219 302400 
0.0825 58741.309789 313900 
0.0825 55620.468425 320100 
0.0825 48024.208207 309300 
0.0825 59922.335087 304600 
0.0825 55362.661579 316700 
0.0825 51264.561278 314500 
0.0825 48760.219329 321000 
0.0825 58297.623492 304200 
0.0825 50839.800977 310300 
0.0825 51260.943366 316700 
0.0825 51231.157552 321300 
0.0825 48970.638676 305000 
0.0825 47800.788866 312600 
0.0825 52482.277329 312500 
0.0825 52311.424376 319300 
0.0825 51448.864910 320200 
0.0825 55449.556526 323500 
0.0825 52721.539678 311000 
0.0825 56610.804833 317000 
0.0825 53500.083443 321300 
0.0825 47058.812713 306500 
0.0825 58056.863081 305300 
0.0825 52245.127215 340100 
0.0825 56921.781133 311800 
0.0825 59791.349918 304600 
0.0825 49987.842305 321400 
0.0825 58956.676688 298800 
0.0825 49681.497327 320000 
0.0825 58883.553834 309800 
0.0825 46978.000282 315200 
0.0825 54619.744744 321100 
0.0825 49230.970920 304100 
0.0825 52330.764851 339400 
0.0825 52090.314005 314200 
0.0825 49279.183591 317200 
0.0825 47776.212228 307700 
0.0825 53496.564952 312400 
0.0825 48597.884864 315600 
0.0825 56240.470826 311900 
0.0825 55582.030674 309700 
0.0825 49795.792695 308800 
0.0825 58493.488116 313600 
0.0825 67520.117307 328600 
0.0825 52932.037505 315200 
0.0825 48067.243236 329200 
0.0825 55373.141476 323600 
0.0825 56244.293552 319800 
0.0825 49450.998453 339700 
0.0825 51896.081911 299500 
0.0825 52023.894901 309100 
0.0825 54076.085570 301900 
0.0825 52917.812934 313000 
0.0825 57682.463040 309600 
0.0825 53316.775304 310500 
0.0825 61356.444073 307800 
0.0825 55711.805125 314200 
0.0825 50092.016113 322700 
0.085 49104.454955 310600 
0.085 59139.261008 317000 
0.085 48869.928039 311500 
0.085 55132.237020 305200 
0.085 55724.480911 331200 
0.085 57483.431925 292100 
0.085 50706.772427 313600 
0.085 49894.429343 306100 
0.085 48739.664271 308800 
0.085 51984.387142 323700 
0.085 54918.337312 335700 
0.085 49721.158630 301200 
0.085 52757.458143 308200 
0.085 54786.329228 322500 
0.085 52066.481476 306300 
0.085 50430.922726 322400 
0.085 50104.184367 308400 
0.085 55169.355634 308000 
0.085 50715.259479 330600 
0.085 58536.229303 325700 
0.085 50373.216602 305300 
0.085 57144.735711 305300 
0.085 53067.613117 301300 
0.085 55810.849640 300300 
0.085 55099.284262 322200 
0.085 50215.809042 298400 
0.085 54352.560465 303600 
0.085 55332.880300 305700 
0.085 48179.314044 315600 
0.085 62281.604780 305300 
0.085 51197.996064 302600 
0.085 56330.017718 315700 
0.085 52396.064171 318400 
0.085 52819.090202 315000 
0.085 52501.235978 307900 
0.085 53862.070363 310000 
0.085 49866.795075 304000 
0.085 52329.477846 306100 
0.085 51230.818590 296800 
0.085 50786.866220 314400 
0.085 56438.162898 321100 
0.085 51252.864748 312200 
0.085 50443.487890 333800 
0.085 50238.676457 313700 
0.085 56873.276938 364100 
0.085 47172.023783 304300 
0.085 57556.095486 315100 
0.085 53803.653253 301100 
0.085 51385.457890 320600 
0.085 51395.278627 312100 
0.085 49326.981533 309700 
0.085 54734.298376 309800 
0.085 55463.240170 307400 
0.085 61047.812864 304200 
0.085 48027.822097 297200 
0.085 48512.448698 330600 
0.085 52415.595777 316000 
0.085 51434.136446 313200 
0.085 53304.392661 301300 
0.085 59953.004403 306200 
0.085 51209.101256 311700 
0.085 50267.922841 302500 
0.085 46603.689077 324300 
0.085 49423.574324 310800 
0.085 51948.852053 297600 
0.085 50194.269646 314700 
0.085 53745.414640 314400 
0.085 52091.741694 307000 
0.085 55526.869495 307100 
0.085 51797.211995 339100 
0.085 54158.323600 308500 
0.085 54640.136436 335000 
0.085 48945.555588 329600 
0.085 55709.224570 316300 
0.085 51966.249082 307300 
0.085 52953.659672 314300 
0.085 57685.266123 294400 
0.085 47504.984166 313900 
0.085 50933.921620 310800 
0.085 48404.631207 319400 
0.085 48758.348107 305400 
0.085 52558.704082 328700 
0.085 59718.339112 303400 
0.085 52844.473032 298400 
0.085 52189.992080 304600 
0.085 53359.363154 313700 
0.085 51817.857901 303200 
0.085 53171.690816 298000 
0.085 51934.859349 308700 
0.085 55184.895857 341000 
0.085 47344.482108 308500 
0.085 53297.778588 309100 
0.085 54645.371514 301800 
0.085 58280.581719 305100 
0.085 52948.306549 306900 
0.085 52404.684540 312900 
0.085 45182.474915 315600 
0.085 49452.066916 316400 
0.085 53518.650182 308000 
0.085 55878.454422 313900 
0.0875 55289.717241 299700 
0.0875 53762.757226 299500 
0.0875 55189.407951 319900 
0.0875 51990.659266 311800 
0.0875 51901.974158 295300 
0.0875 53959.370711 314700 
0.0875 54952.651730 306200 
0.0875 55274.694790 295300 
0.0875 54173.757275 306400 
0.0875 50767.365062 309900 
0.0875 58884.488703 310100 
0.0875 52609.686292 298600 
0.0875 54837.231513 319400 
0.0875 55685.993475 313300 
0.0875 49391.947216 323200 
0.0875 60780.171566 295600 
0.0875 60369.410990 328800 
0.0875 48510.962737 314200 
0.0875 51806.537224 306500 
0.0875 55957.652487 311200 
0.0875 48075.153504 316600 
0.0875 52868.536777 306700 
0.0875 48815.971898 305000 
0.0875 51421.056996 294500 
0.0875 55072.673375 314900 
0.0875 53262.314885 302200 
0.0875 52879.555957 308400 
0.0875 57609.296363 309800 
0.0875 63269.007486 308700 
0.0875 54861.522189 316500 
0.0875 57603.952857 295000 
0.0875 52328.851118 315500 
0.0875 52161.276439 304700 
0.0875 51805.298569 325800 
0.0875 54854.070246 301800 
0.0875 49434.549563 317200 
0.0875 52141.851877 301100 
0.0875 59034.581977 294900 
0.0875 52946.006113 312900 
0.0875 53915.339025 321700 
0.0875 48797.289051 309700 
0.0875 49432.794983 321100 
0.0875 53870.300083 309100 
0.0875 54273.746418 305500 
0.0875 51293.912973 309800 
0.0875 58847.697339 307000 
0.0875 48441.042177 340000 
0.0875 50570.478314 305200 
0.0875 55218.888560 302000 
0.0875 57720.607379 300900 
0.0875 52522.037444 310300 
0.0875 52529.526228 294600 
0.0875 50564.726052 306600 
0.0875 49441.391588 321600 
0.0875 52949.236692 306000 
0.0875 59966.707260 312700 
0.0875 51376.263421 298500 
0.0875 53907.687871 303700 
0.0875 51985.822947 312200 
0.0875 51136.725115 333300 
0.0875 54317.832145 309300 
0.0875 54032.185085 290400 
0.0875 53097.423797 301400 
0.0875 52871.083604 296000 
0.0875 52335.444285 312400 
0.0875 48888.779041 313900 
0.0875 56512.398828 303900 
0.0875 55430.860618 304200 
0.0875 51095.553067 302800 
0.0875 55809.102778 309000 
0.0875 55017.495489 310600 
0.0875 58717.074608 294900 
0.0875 55757.740280 303900 
0.0875 49410.712617 304600 
0.0875 54839.832405 316700 
0.0875 55568.091154 305000 
0.0875 51049.261418 306900 
0.0875 58834.257056 306200 
0.0875 53271.077777 310400 
0.0875 53780.917558 304200 
0.0875 50768.729129 311300 
0.0875 55450.739782 297000 
0.0875 56275.663106 323900 
0.0875 52222.869828 305100 
0.0875 54827.437331 325900 
0.0875 50658.004730 291100 
0.0875 47061.619636 316500 
0.0875 46865.568174 311100 
0.0875 60122.033204 294500 
0.0875 52284.403418 308700 
0.0875 59729.185609 301100 
0.0875 53965.953634 310200 
0.0875 51131.330501 306800 
0.0875 53653.169112 296100 
0.0875 48843.002650 303700 
0.0875 51929.009820 305900 
0.0875 52721.410243 345300 
0.0875 79595.947683 224200 
0.0875 57225.332635 315000 
0.0875 54871.783735 310700 
0.09 54555.023358 303300 
0.09 48852.887626 321400 
0.09 50929.767635 299100 
0.09 50724.978863 303500 
0.09 48816.261109 307400 
0.09 48780.456348 322100 
0.09 58924.157172 310200 
0.09 49997.471623 319000 
0.09 50141.851770 304400 
0.09 59712.711944 332600 
0.09 53894.085807 318900 
0.09 54655.109294 317400 
0.09 52250.699189 303200 
0.09 48141.978112 323000 
0.09 44107.069329 293700 
0.09 50591.883838 308500 
0.09 46256.947536 312000 
0.09 57321.251761 313500 
0.09 53364.109576 300900 
0.09 58219.646309 304500 
0.09 55569.747192 309000 
0.09 50694.944883 317600 
0.09 58330.423721 311800 
0.09 53591.625539 307500 
0.09 57179.896864 302300 
0.09 52878.408856 306300 
0.09 46328.272120 322700 
0.09 51535.416716 310400 
0.09 64360.949945 301400 
0.09 57648.146111 310000 
0.09 57901.531522 301100 
0.09 55743.921356 311100 
0.09 57498.620947 295600 
0.09 57475.437951 304800 
0.09 48588.710619 311000 
0.09 52504.236061 299300 
0.09 52628.378860 307700 
0.09 55216.409775 307600 
0.09 57493.366854 310900 
0.09 48257.157548 314500 
0.09 54458.761483 296200 
0.09 51674.619856 308900 
0.09 59252.690825 290200 
0.09 52122.972891 305900 
0.09 51508.648067 294100 
0.09 45200.869345 316600 
0.09 59522.180500 316800 
0.09 51188.609171 302000 
0.09 52044.407068 307700 
0.09 48458.134694 306300 
0.09 57909.589409 286000 
0.09 49046.765087 312900 
0.09 49778.622375 307100 
0.09 51221.101011 299900 
0.09 48856.250964 317500 
0.09 55145.461420 303200 
0.09 52495.852572 305200 
0.09 51067.082841 313800 
0.09 48341.793813 307200 
0.09 50863.152930 301400 
0.09 57199.182794 303400 
0.09 55538.795982 317700 
0.09 54861.375277 300400 
0.09 53427.934006 299500 
0.09 55350.781122 297300 
0.09 52707.937321 308500 
0.09 45707.797124 297900 
0.09 56437.449644 305700 
0.09 51858.690795 307300 
0.09 47878.230825 312700 
0.09 53558.488353 304600 
0.09 53262.727306 304400 
0.09 56752.805771 286800 
0.09 55087.784347 292400 
0.09 61766.425294 329800 
0.09 54871.200442 304500 
0.09 56747.866340 315800 
0.09 54042.589420 310000 
0.09 53002.899675 333700 
0.09 48878.520295 306300 
0.09 53830.449142 302500 
0.09 52063.166918 307000 
0.09 64396.341221 310400 
0.09 48929.918047 293600 
0.09 53556.163026 293100 
0.09 47690.879374 314100 
0.09 55233.384402 310000 
0.09 52131.149980 305400 
0.09 52484.045942 310900 
0.09 52042.187121 304800 
0.09 51003.375486 309600 
0.09 51813.467879 310800 
0.09 50694.020285 323800 
0.09 50696.173962 309800 
0.09 58642.418595 309400 
0.09 52497.350498 306100 
0.09 56472.521723 315800 
0.09 47479.985356 304200 
0.09 52594.960394 304700 
0.09 54617.339159 306100 
0.0925 51872.617510 306100 
0.0925 71583.936775 262200 
0.0925 49710.891137 298600 
0.0925 50533.488801 310000 
0.0925 50746.460333 307100 
0.0925 49127.686190 293900 
0.0925 51736.432567 303900 
0.0925 53546.119170 302900 
0.0925 55305.644888 307400 
0.0925 48105.295407 314700 
0.0925 54010.901474 310000 
0.0925 54926.968886 306900 
0.0925 52704.308170 300400 
0.0925 55177.942521 304900 
0.0925 58580.138763 305000 
0.0925 46743.761541 329800 
0.0925 53478.121898 293300 
0.0925 52023.671713 327400 
0.0925 49047.081927 306000 
0.0925 49240.897798 298100 
0.0925 50863.120119 306200 
0.0925 51454.973487 312100 
0.0925 50923.774227 292800 
0.0925 58108.881264 307100 
0.0925 51330.599116 307400 
0.0925 56821.769759 301900 
0.0925 56875.908989 308600 
0.0925 52163.725957 327800 
0.0925 62741.823545 297400 
0.0925 59705.892123 300600 
0.0925 51451.146100 320500 
0.0925 52794.192887 303900 
0.0925 55068.095442 319700 
0.0925 59175.971665 308600 
0.0925 54371.238306 301600 
0.0925 56076.788695 309000 
0.0925 49611.645095 295000 
0.0925 50736.950390 302400 
0.0925 54411.631505 296100 
0.0925 57461.339474 305700 
0.0925 51090.115115 309500 
0.0925 49521.978094 321900 
0.0925 54782.538840 306600 
0.0925 55002.295974 298500 
0.0925 57307.078886 304700 
0.0925 51056.555146 316700 
0.0925 60727.693186 300500 
0.0925 71857.091351 239900 
0.0925 50856.880599 304000 
0.0925 60183.667486 294500 
0.0925 49611.337286 307300 
0.0925 57381.329730 303000 
0.0925 54118.112601 321300 
0.0925 55573.513416 301300 
0.0925 51160.589128 288100 
0.0925 51188.305086 307100 
0.0925 57820.237185 308600 
0.0925 55046.926296 318800 
0.0925 54035.397822 308000 
0.0925 50727.546329 289200 
0.0925 54324.420994 294900 
0.0925 56357.593043 293000 
0.0925 58318.193692 289800 
0.0925 56032.550130 300900 
0.0925 53390.165133 293400 
0.0925 51457.518988 308800 
0.0925 53176.400023 308300 
0.0925 52357.786072 310300 
0.0925 60428.990922 304900 
0.0925 56413.217623 301000 
0.0925 57627.542456 303200 
0.0925 56334.480660 309800 
0.0925 54569.269354 330500 
0.0925 48690.737187 302300 
0.0925 48983.272133 303200 
0.0925 48216.073588 310800 
0.0925 51595.005748 305600 
0.0925 60440.539560 301900 
0.0925 59075.738891 309100 
0.0925 60046.545458 303700 
0.0925 54220.179795 300700 
0.0925 51293.040325 301100 
0.0925 58927.609754 295200 
0.0925 52122.561790 312200 
0.0925 49807.290824 308700 
0.0925 48959.632472 321300 
0.0925 54162.787044 309500 
0.0925 52958.602356 324800 
0.0925 52692.231860 299700 
0.0925 49886.744465 301900 
0.0925 51096.359925 311800 
0.0925 52812.199767 321900 
0.0925 60478.997988 299400 
0.0925 54202.236955 309500 
0.0925 53736.555602 303100 
0.0925 53486.802444 296700 
0.0925 50745.649230 308500 
0.0925 54903.806825 305100 
0.0925 49662.001449 305200 
0.0925 54355.637023 307600 
0.095 58846.721974 298900 
0.095 52051.824142 300700 
0.095 56487.318644 299700 
0.095 47711.143515 303300 
0.095 51672.839436 301100 
0.095 52306.910954 315400 
0.095 61711.354496 302300 
0.095 55404.171603 318200 
0.095 57509.509334 297900 
0.095 52049.788308 305700 
0.095 56236.754813 310100 
0.095 55704.405299 306500 
0.095 54713.004621 305100 
0.095 51534.278035 308200 
0.095 48824.211033 297100 
0.095 46834.644192 307300 
0.095 54348.603366 301000 
0.095 56245.829391 314700 
0.095 61436.244857 295900 
0.095 50666.403421 313900 
0.095 58958.802783 308100 
0.095 51758.585754 302400 
0.095 55243.559647 310900 
0.095 56582.572192 298100 
0.095 55771.154503 317100 
0.095 51787.585633 301900 
0.095 53696.024743 309400 
0.095 58193.627343 296800 
0.095 46918.822691 330300 
0.095 49787.532855 304800 
0.095 52421.950579 300300 
0.095 58150.971596 310400 
0.095 53360.397713 305000 
0.095 51378.965405 320700 
0.095 49429.956869 298800 
0.095 58022.351316 306700 
0.095 50329.189422 305700 
0.095 49411.631102 306900 
0.095 56554.491079 303700 
0.095 50221.234426 320900 
0.095 49133.812280 304800 
0.095 55818.275390 306600 
0.095 53742.519490 297100 
0.095 47714.168407 314300 
0.095 51977.443745 301900 
0.095 53020.915670 304200 
0.095 56025.501634 295400 
0.095 52794.211350 306500 
0.095 50588.417169 306900 
0.095 52321.059377 310300 
0.095 52775.084286 299900 
0.095 55869.425561 289700 
0.095 46690.745433 307800 
0.095 53953.110282 310300 
0.095 52049.918200 300500 
0.095 54672.166572 296000 
0.095 51755.791183 309400 
0.095 47564.457880 303100 
0.095 54085.992042 305700 
0.095 59557.567395 310200 
0.095 65069.221009 307600 
0.095 45903.504981 302700 
0.095 54866.422532 303500 
0.095 52430.168470 298500 
0.095 60880.331865 298600 
0.095 53602.545542 309200 
0.095 54967.097698 304700 
0.095 57564.865971 292700 
0.095 53648.705275 302200 
0.095 51291.983456 295900 
0.095 48995.953723 303800 
0.095 50160.524046 300100 
0.095 59425.181713 316500 
0.095 54118.504672 290200 
0.095 52346.819470 322800 
0.095 56879.634263 306400 
0.095 55460.716930 306500 
0.095 53514.574436 305300 
0.095 50031.130200 313500 
0.095 52339.159883 311800 
0.095 56111.053298 300200 
0.095 50906.318471 293200 
0.095 54725.548922 297800 
0.095 52984.278645 311100 
0.095 49629.721967 305600 
0.095 53409.604391 307500 
0.095 52087.555465 312500 
0.095 56710.368665 301900 
0.095 49951.098645 299600 
0.095 52753.115403 304500 
0.095 52244.611769 312600 
0.095 56133.030408 294900 
0.095 53778.650770 304100 
0.095 53190.474640 300700 
0.095 58607.535725 303400 
0.095 53487.548716 306700 
0.095 53407.072888 300100 
0.095 56948.508638 311700 
0.095 56246.089341 298500 
0.095 48981.229028 311000 
0.0975 54221.751376 292600 
0.0975 62779.389843 297800 
0.0975 55548.250654 314100 
0.0975 57242.498718 294900 
0.0975 53875.381915 295200 
0.0975 50354.690050 313700 
0.0975 54611.645118 301600 
0.0975 56742.897234 302600 
0.0975 56551.437475 298500 
0.0975 52513.615708 292100 
0.0975 53984.788800 295800 
0.0975 56721.850762 302900 
0.0975 51454.382054 300300 
0.0975 59164.986330 302900 
0.0975 52339.096369 314100 
0.0975 55944.870880 309500 
0.0975 52989.793533 304900 
0.0975 48687.885362 298200 
0.0975 52551.444063 290800 
0.0975 46724.085666 299400 
0.0975 50634.002528 296300 
0.0975 54641.677146 301500 
0.0975 55629.816374 296300 
0.0975 50614.138710 302200 
0.0975 56058.060412 295300 
0.0975 54612.873146 294400 
0.0975 50718.682752 317300 
0.0975 56110.946205 306300 
0.0975 55311.969299 295600 
0.0975 49755.550745 298800 
0.0975 54839.880310 292200 
0.0975 54368.793932 303900 
0.0975 50974.948829 303300 
0.0975 50242.255408 289100 
0.0975 55679.742622 306800 
0.0975 64373.406620 288400 
0.0975 53693.191013 299800 
0.0975 47087.189543 305700 
0.0975 57389.881411 295000 
0.0975 51561.386287 299700 
0.0975 53244.597255 300100 
0.0975 52160.995378 293700 
0.0975 53241.276306 301100 
0.0975 59522.796486 295800 
0.0975 52474.812164 299400 
0.0975 53465.744439 326300 
0.0975 51617.084228 289600 
0.0975 54660.175249 314300 
0.0975 56210.716736 290600 
0.0975 51979.592892 303800 
0.0975 48186.015839 302200 
0.0975 52005.574988 308500 
0.0975 57109.575402 300600 
0.0975 54647.645550 313100 
0.0975 54090.208674 295200 
0.0975 47365.239270 305300 
0.0975 51316.267898 299100 
0.0975 49182.025427 297300 
0.0975 59245.398398 313200 
0.0975 57603.800969 296600 
0.0975 62644.352942 298600 
0.0975 54897.851074 294900 
0.0975 50714.510743 306600 
0.0975 56292.420800 298000 
0.0975 60820.857397 289200 
0.0975 54978.156700 290500 
0.0975 48246.861089 304200 
0.0975 51620.891995 304700 
0.0975 49816.205645 302500 
0.0975 51031.481312 317600 
0.0975 59868.240767 295800 
0.0975 51127.462444 300000 
0.0975 52272.852422 300400 
0.0975 48250.360829 304300 
0.0975 55957.613945 297800 
0.0975 52012.544012 299900 
0.0975 45542.096418 300600 
0.0975 51879.960156 307300 
0.0975 84354.584543 226900 
0.0975 59421.561316 307300 
0.0975 49625.561160 291200 
0.0975 56056.250797 316700 
0.0975 54691.784025 305600 
0.0975 59042.803917 288700 
0.0975 56894.820400 293200 
0.0975 54743.643063 317700 
0.0975 56382.378734 295100 
0.0975 57021.621375 299700 
0.0975 51191.511659 304300 
0.0975 47413.152574 306300 
0.0975 52573.763924 298100 
0.0975 51987.935163 297600 
0.0975 50085.021286 321600 
0.0975 51394.357973 299000 
0.0975 48894.032865 290800 
0.0975 52407.512816 289700 
0.0975 52053.754290 298700 
0.0975 51361.839867 311700 
0.0975 54688.168516 310300 
0.0975 48620.745799 299500 
0.001 34309.348054 7876800 
0.001 34520.129857 7942200 
0.001 33223.753414 8161800 
0.001 34798.957487 8451000 
0.001 36118.034735 8106400 
0.001 33326.629997 7974700 
0.001 35720.138627 7488800 
0.001 33137.120608 7967500 
0.001 33929.442339 8178900 
0.001 35586.331921 8406800 
0.001 36013.700785 7638200 
0.001 34538.516610 8116500 
0.001 34629.935592 7766500 
0.001 34322.225785 8417100 
0.001 33907.774219 8172500 
0.001 36174.024356 7865200 
0.001 34247.153421 7769300 
0.001 33666.175123 7567600 
0.001 33649.163377 7374500 
0.001 34272.462435 8424300 
0.001 33074.059983 8155600 
0.001 33612.951768 7742300 
0.001 34185.211857 8145000 
0.001 33608.457475 8054200 
0.001 34337.322039 7914800 
0.001 33764.191005 8143400 
0.001 35025.320179 7779400 
0.001 32387.439711 8225000 
0.001 35844.251762 8138700 
0.001 34356.463837 7724600 
0.001 34050.073845 8322400 
0.001 34157.944002 7511000 
0.001 34612.516101 8058300 
0.001 34285.489759 7583600 
0.001 33412.572544 8136500 
0.001 33422.760007 8273000 
0.001 32447.989314 8249900 
0.001 34966.027859 7919000 
0.001 35355.620161 8281300 
0.001 33699.327854 7886200 
0.001 34657.122876 7812700 
0.001 33526.937147 8081600 
0.001 33252.286982 7869100 
0.001 32741.509118 7806300 
0.001 34126.150744 7908200 
0.001 34433.701506 7956100 
0.001 34491.966656 7849500 
0.001 34192.799344 7972400 
0.001 33132.998322 7799500 
0.001 31956.170335 7605700 
0.001 33087.286805 7859700 
0.001 34401.984026 7986900 
0.001 33405.160449 7792400 
0.001 33287.684053 7694800 
0.001 34171.730543 7697300 
0.001 34128.478621 8315900 
0.001 33175.561452 8199400 
0.001 33961.469777 7490100 
0.001 34275.107577 7795600 
0.001 35624.546348 7336200 
0.001 34422.197351 7845000 
0.001 35495.953933 8425500 
0.001 35663.758964 7831500 
0.001 33237.634435 8213100 
0.001 33803.430507 8205000 
0.001 35987.030031 8152200 
0.001 34445.063942 7805900 
0.001 34063.644348 8008300 
0.001 34176.557271 7993800 
0.001 33979.856053 7916300 
0.001 33512.003479 7758300 
0.001 33049.078779 7743800 
0.001 32195.013216 7816900 
0.001 35812.673222 8041500 
0.001 33375.022947 7757900 
0.001 33238.824186 7627500 
0.001 32285.914617 8429500 
0.001 36329.668183 7834100 
0.001 34622.777586 7657800 
0.001 33537.474827 7792200 
0.001 33180.308270 8165300 
0.001 33753.775885 7491100 
0.001 34390.029222 8115800 
0.001 35919.799611 7840500 
0.001 34972.312453 8093000 
0.001 33957.095157 8239200 
0.001 33074.540973 7962900 
0.001 33276.856799 7737900 
0.001 33667.440559 8005300 
0.001 32268.122687 7777800 
0.001 34974.574141 8012800 
0.001 33261.788444 7284000 
0.001 34318.149927 8027600 
0.001 33949.450174 7836500 
0.001 34010.372099 7530100 
0.001 34896.896552 8079300 
0.001 32121.522794 8015700 
0.001 33716.461154 7811400 
0.001 33350.746956 8174500 
0.001 35047.411144 8178500 
0.00125 34118.704999 6267800 
0.00125 35310.511757 6115400 
0.00125 35281.616266 6623200 
0.00125 33734.591749 6416800 
0.00125 33948.309581 5788300 
0.00125 35299.338319 6056500 
0.00125 35651.408063 6516300 
0.00125 33017.073147 6595800 
0.00125 34273.575921 6837300 
0.00125 35027.914893 6216900 
0.00125 34322.716219 6244400 
0.00125 35147.418677 6434700 
0.00125 33745.654802 6919400 
0.00125 36172.025019 6476400 
0.00125 34556.647646 6522900 
0.00125 35367.376905 6116200 
0.00125 35005.664401 6711700 
0.00125 35640.270361 6793900 
0.00125 34014.166330 6432000 
0.00125 33983.078027 6226600 
0.00125 33218.387144 6549200 
0.00125 36537.520859 6328900 
0.00125 36209.541822 6458300 
0.00125 33507.951233 6288600 
0.00125 34276.025825 6145300 
0.00125 34055.278636 5761100 
0.00125 35831.669760 6214800 
0.00125 34193.695682 6133700 
0.00125 34973.029417 6237500 
0.00125 32433.266572 6312100 
0.00125 33986.539543 6714200 
0.00125 35200.001630 6155800 
0.00125 34046.429175 6596100 
0.00125 32236.185826 5955000 
0.00125 35403.166179 6285200 
0.00125 34565.097760 6368300 
0.00125 35754.671278 6137500 
0.00125 33701.329796 6503200 
0.00125 32764.217093 6170600 
0.00125 33596.352750 6090900 
0.00125 34888.389167 6451800 
0.00125 35361.064619 5889100 
0.00125 35066.956593 6422900 
0.00125 33376.997131 6078500 
0.00125 34315.008740 6257300 
0.00125 32646.191552 6136700 
0.00125 34395.154633 6413400 
0.00125 35738.662062 6658900 
0.00125 35393.417527 6309300 
0.00125 35427.166052 6673900 
0.00125 35825.775389 6236200 
0.00125 34290.465946 6204300 
0.00125 35625.134052 6329200 
0.00125 34036.048694 6001600 
0.00125 37288.875516 6454600 
0.00125 34053.410020 6300300 
0.00125 34852.848919 6309400 
0.00125 34101.569034 6236300 
0.00125 35015.876330 6301500 
0.00125 35373.248431 6414300 
0.00125 33402.250991 6615100 
0.00125 36877.570252 6257300 
0.00125 33611.373709 6235500 
0.00125 32909.232501 6102000 
0.00125 34881.752557 6438000 
0.00125 32603.128644 6254100 
0.00125 34267.015402 6099500 
0.00125 33725.083834 6602800 
0.00125 32736.676841 6744800 
0.00125 35240.607853 6106300 
0.00125 33611.475232 6308100 
0.00125 34469.427840 6798300 
0.00125 34901.446956 6036700 
0.00125 35442.327751 6510000 
0.00125 35252.613940 6659400 
0.00125 35114.583722 6113900 
0.00125 34911.156336 6342500 
0.00125 32587.888273 6245900 
0.00125 36484.495931 6138100 
0.00125 36512.579017 6044000 
0.00125 34044.846221 6278800 
0.00125 34359.760668 6531100 
0.00125 32951.380445 6294800 
0.00125 35523.140311 6278300 
0.00125 32738.061010 6345000 
0.00125 35415.905913 6384200 
0.00125 35411.585565 6254000 
0.00125 34938.379443 6194300 
0.00125 34175.070833 6338600 
0.00125 34693.575552 6506600 
0.00125 34510.786743 6336300 
0.00125 33389.371149 6327100 
0.00125 32455.814368 6252800 
0.00125 33947.040638 6242000 
0.00125 34237.409201 6426300 
0.00125 34904.740935 6457800 
0.00125 32906.350574 6037100 
0.00125 34217.120657 6371200 
0.00125 32509.081568 6202800 
0.00125 34260.831328 6304900 
0.0015 35226.601286 5431500 
0.0015 35642.868281 5411100 
0.0015 36541.314055 5193100 
0.0015 34262.515230 5234200 
0.0015 36078.688162 5407900 
0.0015 33728.561225 5101900 
0.0015 34242.188794 5619700 
0.0015 33241.810870 4935800 
0.0015 33469.600290 5423700 
0.0015 33307.047008 5387800 
0.0015 35385.298518 5158700 
0.0015 35574.611569 5293100 
0.0015 35112.195377 5279000 
0.0015 34810.942260 5121000 
0.0015 35440.931785 4938800 
0.0015 35243.453066 5266700 
0.0015 35524.975971 5292400 
0.0015 34716.491804 5546700 
0.0015 34612.107259 5241200 
0.0015 36924.767666 5178700 
0.0015 35336.188626 5625000 
0.0015 33167.116780 5310800 
0.0015 34276.713779 4872600 
0.0015 36116.954803 5437000 
0.0015 33834.718857 5525300 
0.0015 34435.471230 5526500 
0.0015 36319.521211 5507500 
0.0015 36876.623552 5359800 
0.0015 34705.085380 5237400 
0.0015 34513.798883 5104100 
0.0015 34449.674675 5486600 
0.0015 34277.949882 5456600 
0.0015 34728.595493 5290900 
0.0015 34749.084509 5311400 
0.0015 35316.520460 5224500 
0.0015 35184.924250 5125500 
0.0015 35515.148149 5342200 
0.0015 35630.434079 5474700 
0.0015 34287.366685 5536500 
0.0015 34124.657700 5521500 
0.0015 36411.972106 5140800 
0.0015 36754.327733 5483700 
0.0015 34135.531482 5344900 
0.0015 33507.765385 5171700 
0.0015 33817.243033 5338500 
0.0015 36407.016733 5217600 
0.0015 33782.023078 4815100 
0.0015 33941.653258 5335600 
0.0015 34071.393250 5182300 
0.0015 34532.202419 5034000 
0.0015 36231.225934 5300100 
0.0015 34139.344777 5427300 
0.0015 34814.700806 5461300 
0.0015 34945.460194 5300400 
0.0015 36484.960059 5583100 
0.0015 35101.152936 5468100 
0.0015 35317.825519 5188100 
0.0015 34689.720345 5205200 
0.0015 34169.063052 5415200 
0.0015 34343.852244 5351500 
0.0015 34497.269868 5771700 
0.0015 34233.322633 5285000 
0.0015 35129.575589 5635700 
0.0015 34206.305435 5444700 
0.0015 34922.519902 5117500 
0.0015 34460.489539 5649900 
0.0015 34536.184252 5347000 
0.0015 32596.745117 5463300 
0.0015 33976.108854 5278300 
0.0015 33726.960886 5275500 
0.0015 33860.082089 5357400 
0.0015 32586.740065 5135300 
0.0015 34194.891442 5245400 
0.0015 35069.551617 5189600 
0.0015 34601.274464 5746800 
0.0015 36244.145149 5554500 
0.0015 35425.745025 5599800 
0.0015 36347.233899 5260900 
0.0015 32964.579104 5376700 
0.0015 35474.934508 5252000 
0.0015 34110.819322 5041200 
0.0015 34005.333411 5324200 
0.0015 35019.792143 5665100 
0.0015 33520.998089 5217700 
0.0015 34310.062557 5315100 
0.0015 35052.471315 5171200 
0.0015 33661.106432 5652600 
0.0015 35170.676897 5078000 
0.0015 33614.378519 5538300 
0.0015 33258.109338 5190700 
0.0015 34537.438528 5189000 
0.0015 33078.348135 5596700 
0.0015 33819.236761 5277500 
0.0015 35434.051929 5391600 
0.0015 34800.088118 5426700 
0.0015 36323.201927 5232700 
0.0015 33189.179759 5230600 
0.0015 34504.807580 5416300 
0.0015 36332.757154 5397800 
0.0015 36123.986713 5600200 
0.00175 33138.543042 4539800 
0.00175 34840.221228 4441000 
0.00175 33970.510060 4751900 
0.00175 34813.833248 4276200 
0.00175 35753.810707 4640400 
0.00175 35700.663310 4171600 
0.00175 35178.985591 4446000 
0.00175 34843.527435 4636400 
0.00175 35110.489075 4769200 
0.00175 34832.808957 4589800 
0.00175 36282.675207 4574000 
0.00175 34426.772727 4576900 
0.00175 35245.174956 4775600 
0.00175 35286.212056 4700800 
0.00175 35463.191385 4576400 
0.00175 33423.125724 4771500 
0.00175 36527.108318 4594100 
0.00175 33962.696136 4812400 
0.00175 35129.575294 4906000 
0.00175 32954.852816 4525300 
0.00175 35706.167910 4493600 
0.00175 37785.192051 4468000 
0.00175 34309.174378 4304800 
0.00175 35258.380752 5190200 
0.00175 35454.927857 4275700 
0.00175 33791.383050 4355900 
0.00175 35398.957728 4392900 
0.00175 35017.684591 4367300 
0.00175 33559.623036 4644100 
0.00175 35053.589161 4574300 
0.00175 36250.402634 4393300 
0.00175 35440.449387 4292700 
0.00175 34570.629893 4622500 
0.00175 34173.764197 4934200 
0.00175 34922.409997 4251300 
0.00175 34815.641767 4648000 
0.00175 34822.102734 4675900 
0.00175 35028.610877 4505800 
0.00175 35747.226691 4683500 
0.00175 34809.550442 4444300 
0.00175 34959.280961 4796200 
0.00175 33756.722501 4525800 
0.00175 36650.283209 4794900 
0.00175 34757.118664 4492800 
0.00175 36233.746197 4708200 
0.00175 35555.869804 4391100 
0.00175 34263.135180 4593000 
0.00175 33946.198960 4835500 
0.00175 36902.301743 4654000 
0.00175 36346.428031 4538200 
0.00175 35782.048523 4273300 
0.00175 34603.133716 4324500 
0.00175 34589.220395 4431400 
0.00175 35010.750093 4579900 
0.00175 37131.985244 4419000 
0.00175 33580.001829 4800400 
0.00175 35648.065228 4468900 
0.00175 33138.496228 4970800 
0.00175 33804.234339 4613700 
0.00175 34030.680880 4666500 
0.00175 37847.318402 4769200 
0.00175 33819.325480 4647500 
0.00175 36943.899958 4846900 
0.00175 34389.188761 4532000 
0.00175 33454.481909 4350100 
0.00175 35219.122139 4413400 
0.00175 35055.356925 4554600 
0.00175 34038.874417 4225600 
0.00175 35219.555232 4576100 
0.00175 35515.400420 4264500 
0.00175 33393.642793 4765100 
0.00175 35451.680721 4580300 
0.00175 33978.502182 4564700 
0.00175 35757.087579 4585400 
0.00175 33829.720443 4542600 
0.00175 34683.983535 4592600 
0.00175 34373.644875 4665100 
0.00175 33521.298342 4364500 
0.00175 33512.865772 4415900 
0.00175 34524.432491 4723900 
0.00175 35497.964998 4814000 
0.00175 34368.578058 4789100 
0.00175 34021.559385 5304300 
0.00175 34280.737628 4573100 
0.00175 34698.508364 4316000 
0.00175 35429.426874 4413700 
0.00175 34648.844881 4724300 
0.00175 33096.339043 4959500 
0.00175 35095.790903 4660300 
0.00175 36904.471457 4650100 
0.00175 34846.895910 4876300 
0.00175 33331.372278 4629400 
0.00175 35447.730772 4455600 
0.00175 34815.873163 4759200 
0.00175 34567.778639 4736000 
0.00175 34485.909969 4721500 
0.00175 38811.327923 4627300 
0.00175 33206.544338 4671000 
0.00175 33830.853241 4684200 
0.00175 33217.285190 4341200 
0.002 35262.004419 4302400 
0.002 36385.795217 3929800 
0.002 33435.928978 4011200 
0.002 33631.597025 4136900 
0.002 34793.855208 4036000 
0.002 36935.130796 3908400 
0.002 35913.672969 4015700 
0.002 35506.829725 4233200 
0.002 34487.391882 3918400 
0.002 33951.531757 4184200 
0.002 36153.670782 4129100 
0.002 34170.554040 3925200 
0.002 35799.477401 4194400 
0.002 35006.142858 4207200 
0.002 34510.221862 3923900 
0.002 34227.727739 3933000 
0.002 35757.207306 3951100 
0.002 35081.205025 4007200 
0.002 36336.088388 4209800 
0.002 36087.483844 4292400 
0.002 35977.031742 4035200 
0.002 37948.162520 4027600 
0.002 35469.664580 4112600 
0.002 35983.711902 3914300 
0.002 35531.151166 4024400 
0.002 35906.490873 3988400 
0.002 33533.989871 4034700 
0.002 36149.007429 3913700 
0.002 34777.822291 4168700 
0.002 36195.520456 4010900 
0.002 34753.039958 4204400 
0.002 35991.748723 4008700 
0.002 35226.827364 3992800 
0.002 34101.276744 4079200 
0.002 32600.413190 4033000 
0.002 36560.093889 3881000 
0.002 34619.207384 4088900 
0.002 34319.063052 4227700 
0.002 35418.037217 4027800 
0.002 34810.793794 3801800 
0.002 34239.785007 4208600 
0.002 34010.595171 3944600 
0.002 34391.886511 3977300 
0.002 35429.418005 4039100 
0.002 36121.881276 4252700 
0.002 38082.023489 4092400 
0.002 35136.531140 4340500 
0.002 34240.006660 4092300 
0.002 34742.261086 3873900 
0.002 35281.204798 4208300 
0.002 34694.399124 4273100 
0.002 33720.110601 3874800 
0.002 35427.876773 4089400 
0.002 35798.673673 3790500 
0.002 34464.171781 3932500 
0.002 35782.422885 4082800 
0.002 36683.169483 3781500 
0.002 35703.547616 4158400 
0.002 34337.288286 3683200 
0.002 33139.235022 3705800 
0.002 33975.266997 4239400 
0.002 34464.233085 4319300 
0.002 35338.801999 3946100 
0.002 34740.089557 3862200 
0.002 37041.528630 4293100 
0.002 36680.965766 3863100 
0.002 35875.829829 3992400 
0.002 35092.786096 4026300 
0.002 35200.390733 4138900 
0.002 34009.917559 4031600 
0.002 36320.666053 3962000 
0.002 35303.772103 4131000 
0.002 33828.313919 4212000 
0.002 36187.685503 4468500 
0.002 35156.527423 4036400 
0.002 36465.534949 4156000 
0.002 36057.848859 4093700 
0.002 35812.033351 3938200 
0.002 35759.992537 3936400 
0.002 35263.659036 4084000 
0.002 33989.772998 4255200 
0.002 35454.324275 3873400 
0.002 34204.175174 4012900 
0.002 34401.435711 3889100 
0.002 34919.516144 4006700 
0.002 36165.711712 4458400 
0.002 37017.642018 4030700 
0.002 35319.069035 3633000 
0.002 35948.039795 3646000 
0.002 35809.450156 3937800 
0.002 33758.336790 3993300 
0.002 35733.157666 3963100 
0.002 36006.384823 3850800 
0.002 35678.790924 4157800 
0.002 35586.462955 4222700 
0.002 36017.700009 4102900 
0.002 34109.847821 4247900 
0.002 34849.473790 3903100 
0.002 35910.270422 3815900 
0.002 33872.281133 3708400 
0.00225 35942.877922 3392000 
0.00225 36408.823750 3409600 
0.00225 36081.897178 3713500 
0.00225 33980.254793 3546400 
0.00225 35528.399638 3324000 
0.00225 36043.356874 3512700 
0.00225 35083.213500 3625400 
0.00225 36690.567516 3802500 
0.00225 36712.905281 3508500 
0.00225 37284.696408 3581800 
0.00225 35489.582475 3695400 
0.00225 35189.739060 3527700 
0.00225 37122.703948 3592300 
0.00225 36246.582648 3652800 
0.00225 33810.139375 3492700 
0.00225 34726.610758 3684600 
0.00225 36878.727787 3495600 
0.00225 36342.377742 3539000 
0.00225 35411.366832 3648900 
0.00225 35464.392298 3424700 
0.00225 37092.074005 3705200 
0.00225 34984.664437 3900900 
0.00225 34196.944593 3610400 
0.00225 32779.586001 3726100 
0.00225 35678.902306 3667100 
0.00225 36736.598449 3670800 
0.00225 36621.369484 3467000 
0.00225 34084.758397 4085700 
0.00225 35045.157371 3400500 
0.00225 34886.636710 3481400 
0.00225 35994.799128 3693300 
0.00225 35584.140101 3372600 
0.00225 36234.953109 3867400 
0.00225 36148.666747 3582700 
0.00225 33384.046017 3179800 
0.00225 34721.176975 3520100 
0.00225 33587.203273 3572700 
0.00225 36526.591096 3635400 
0.00225 34879.526025 3466600 
0.00225 34037.591929 3800000 
0.00225 36689.278439 3428600 
0.00225 36495.731212 3393100 
0.00225 36338.409232 3444900 
0.00225 36609.855550 3650400 
0.00225 34440.087522 3523300 
0.00225 34060.158713 3493200 
0.00225 32658.268324 3482500 
0.00225 36890.825038 3680300 
0.00225 36242.325456 3552600 
0.00225 35187.709312 3353000 
0.00225 35122.459900 3388500 
0.00225 36317.017617 3318400 
0.00225 33895.302365 3538300 
0.00225 35939.456249 3912500 
0.00225 35230.833825 3756200 
0.00225 36590.598137 3773000 
0.00225 35553.106671 3517800 
0.00225 36015.435460 3469500 
0.00225 34428.615049 3736000 
0.00225 33699.542844 3627000 
0.00225 32686.825101 3534900 
0.00225 37160.345782 3574400 
0.00225 36116.120139 3462800 
0.00225 34685.878499 3746100 
0.00225 35706.390736 3558600 
0.00225 36179.546238 3797300 
0.00225 36529.026438 3423500 
0.00225 39886.574195 3614400 
0.00225 38085.811892 3398100 
0.00225 35065.891060 3442600 
0.00225 35343.258481 3593200 
0.00225 33392.569929 3545900 
0.00225 33757.471690 3328300 
0.00225 35634.565837 3726300 
0.00225 37152.601875 3557000 
0.00225 34497.587840 3570100 
0.00225 34748.469646 3308500 
0.00225 37935.189177 3680300 
0.00225 36229.477773 3485300 
0.00225 36021.276238 3791500 
0.00225 37649.195320 3524600 
0.00225 35243.123062 3863400 
0.00225 34937.818452 3777000 
0.00225 35335.500765 3449900 
0.00225 34652.479447 3719300 
0.00225 36300.645125 3334100 
0.00225 37258.725263 3705300 
0.00225 34241.775581 3597700 
0.00225 36015.822957 4042000 
0.00225 36829.131420 3354400 
0.00225 35674.256648 3601500 
0.00225 35419.812588 3654700 
0.00225 37886.302589 3917200 
0.00225 35891.165385 3458300 
0.00225 35468.907182 3301900 
0.00225 34995.936364 3352400 
0.00225 33926.363405 3473200 
0.00225 34925.468240 3516500 
0.00225 33491.964016 3629500 
0.00225 35301.665340 3343500 
0.0025 34928.419453 3166100 
0.0025 35015.270605 3173000 
0.0025 35521.322677 3089000 
0.0025 34956.519485 3141500 
0.0025 36343.486882 3501300 
0.0025 35171.092672 3285000 
0.0025 35675.242915 3055700 
0.0025 34709.710879 3367800 
0.0025 37980.187511 3029200 
0.0025 36991.628269 3089000 
0.0025 35232.478843 3294200 
0.0025 35446.043347 3436700 
0.0025 36927.048561 3287100 
0.0025 35156.597530 3569800 
0.0025 36004.836844 3287600 
0.0025 38654.138559 3228900 
0.0025 34745.021448 3295700 
0.0025 38274.078513 3072200 
0.0025 34716.784590 3360900 
0.0025 36571.333751 3441600 
0.0025 36251.881108 2990100 
0.0025 37144.857158 3234800 
0.0025 37037.825304 3090100 
0.0025 36922.546294 3055300 
0.0025 36785.659739 3188500 
0.0025 34929.019218 3231100 
0.0025 34397.199110 3193100 
0.0025 35220.575590 3176200 
0.0025 35741.700981 3449100 
0.0025 37191.217523 3435500 
0.0025 34680.104013 3259200 
0.0025 34647.647860 3223100 
0.0025 35576.856097 3456400 
0.0025 34655.778573 3440700 
0.0025 35635.749759 3253600 
0.0025 35547.508846 2893600 
0.0025 35785.447294 3234700 
0.0025 35083.729577 3382100 
0.0025 34631.837650 3124100 
0.0025 34895.581707 3271700 
0.0025 35672.770603 3209400 
0.0025 36362.913152 3300300 
0.0025 36042.416356 3141900 
0.0025 34070.381411 3120200 
0.0025 35135.977628 3491000 
0.0025 38501.477218 3179400 
0.0025 36855.042234 3222500 
0.0025 33228.783311 3271900 
0.0025 34072.561053 3239800 
0.0025 34246.408350 3198500 
0.0025 37166.180597 3180100 
0.0025 33320.868353 3291900 
0.0025 35409.446529 3360500 
0.0025 35226.399381 3407100 
0.0025 35485.549816 3162400 
0.0025 34165.174104 3289300 
0.0025 35538.544984 3198100 
0.0025 36430.515426 3137400 
0.0025 34607.458001 3336400 
0.0025 35501.710411 3244000 
0.0025 34872.823367 3117300 
0.0025 35502.538868 3255400 
0.0025 33567.281667 3337900 
0.0025 37166.976448 3328700 
0.0025 34682.120682 3576600 
0.0025 36806.223903 3278200 
0.0025 33575.438424 3009500 
0.0025 36677.507200 3221800 
0.0025 35770.637722 3223200 
0.0025 36157.960334 3247000 
0.0025 34451.835665 3371900 
0.0025 35469.161669 3311200 
0.0025 36112.565284 3104700 
0.0025 34766.476919 3368800 
0.0025 36497.563771 3399700 
0.0025 33835.984079 3127300 
0.0025 36934.332775 3344900 
0.0025 36055.126953 3089900 
0.0025 38056.194734 3196800 
0.0025 35570.418662 3437600 
0.0025 36203.398118 3411100 
0.0025 34840.620923 3372200 
0.0025 36641.919964 3199900 
0.0025 33820.051465 3328400 
0.0025 35840.258546 3243800 
0.0025 36161.071077 3481300 
0.0025 36284.178828 3070500 
0.0025 34545.810378 3305100 
0.0025 32850.112943 3273700 
0.0025 36048.554436 3372200 
0.0025 36283.647983 3170800 
0.0025 34892.947095 3228500 
0.0025 34675.738957 3172800 
0.0025 37604.514470 2949200 
0.0025 37500.991885 3284600 
0.0025 35040.817469 3287200 
0.0025 35327.640986 3176100 
0.0025 34691.213929 3287000 
0.0025 35958.542588 3208300 
0.0025 36265.904133 3240900 
0.00275 35574.005420 2773000 
0.00275 38093.374295 2979700 
0.00275 36415.194105 3104000 
0.00275 35549.436267 2932100 
0.00275 36895.935681 2909100 
0.00275 35287.043083 3031200 
0.00275 34341.028045 2726900 
0.00275 37229.108514 2930300 
0.00275 37328.696205 2762700 
0.00275 36986.116028 3221100 
0.00275 35805.452624 2938400 
0.00275 38464.898719 3101900 
0.00275 36750.908172 2833800 
0.00275 35976.652335 3092300 
0.00275 34706.925558 3042300 
0.00275 37228.627679 2963200 
0.00275 36578.281454 2880800 
0.00275 35808.917736 3115800 
0.00275 38738.198457 2976400 
0.00275 35345.437390 3122600 
0.00275 36567.781855 2667600 
0.00275 36322.908716 2976900 
0.00275 35728.252023 2825400 
0.00275 36373.385350 3044600 
0.00275 34754.290644 2949000 
0.00275 34822.822500 2957200 
0.00275 36518.350610 2972500 
0.00275 35249.496213 2652800 
0.00275 35385.851340 2882000 
0.00275 35362.133034 2953000 
0.00275 36898.001364 2969000 
0.00275 36205.589601 2868600 
0.00275 35212.082387 2931000 
0.00275 37210.243593 3050000 
0.00275 36056.723404 3039100 
0.00275 36546.237421 3113800 
0.00275 35380.884048 3124100 
0.00275 36046.804875 3027600 
0.00275 33929.176957 2864600 
0.00275 33759.356261 3003400 
0.00275 36655.786793 2933100 
0.00275 34838.300439 2955300 
0.00275 38102.473181 2828300 
0.00275 38535.696960 2906500 
0.00275 35564.505578 3011700 
0.00275 37538.550042 3000800 
0.00275 34795.008286 2873800 
0.00275 35715.418139 2878200 
0.00275 34633.101860 3035700 
0.00275 35447.849441 2880700 
0.00275 34387.143947 2972100 
0.00275 33948.940949 3082800 
0.00275 36290.301119 3048100 
0.00275 35005.863579 3146500 
0.00275 36099.711298 2969900 
0.00275 34062.397515 3003600 
0.00275 35571.637313 2914000 
0.00275 35154.266379 2840300 
0.00275 34717.250143 3011700 
0.00275 36054.433899 3152600 
0.00275 36920.409912 2875800 
0.00275 36049.304913 3110400 
0.00275 36547.608001 3025500 
0.00275 34874.194528 2906100 
0.00275 35192.133654 2823300 
0.00275 35757.218217 3044500 
0.00275 36850.756277 2751200 
0.00275 35965.418823 2898300 
0.00275 34867.667643 2847700 
0.00275 35639.020311 3110900 
0.00275 35165.927897 2991700 
0.00275 34255.685819 2830200 
0.00275 38556.001302 2971600 
0.00275 35929.730762 3042800 
0.00275 37421.007364 2881100 
0.00275 35796.293857 3245700 
0.00275 33908.241415 3191700 
0.00275 35891.818436 2943800 
0.00275 37765.560958 2969600 
0.00275 34875.497718 3109800 
0.00275 36979.485046 2830700 
0.00275 36174.817745 2983100 
0.00275 36695.269148 2891600 
0.00275 34117.735798 3241100 
0.00275 36256.171002 2966500 
0.00275 35786.867475 2866700 
0.00275 35721.631545 3158200 
0.00275 35731.940869 3197600 
0.00275 37570.817274 2892500 
0.00275 36108.318026 3056600 
0.00275 38808.942532 3182500 
0.00275 34345.728046 2933800 
0.00275 34727.027640 3161100 
0.00275 36963.896225 2760800 
0.00275 36197.362484 3076200 
0.00275 37042.592895 2824200 
0.00275 38926.182342 2891500 
0.00275 35147.906098 3038200 
0.00275 33667.815607 2831100 
0.00275 35776.237402 3269900 
0.003 37701.590651 2646600 
0.003 36359.776077 2715100 
0.003 34708.223149 2829000 
0.003 35940.368928 2791300 
0.003 35886.861258 2863200 
0.003 35120.905051 2668800 
0.003 36319.263852 2551900 
0.003 34998.076895 3114700 
0.003 35226.632239 2745700 
0.003 35247.451376 2799400 
0.003 36247.548168 2851500 
0.003 35132.425279 2647600 
0.003 37233.575189 2751100 
0.003 38763.898550 2557000 
0.003 37998.657183 2811200 
0.003 35702.721083 2730700 
0.003 36320.606745 2611500 
0.003 38230.326978 2663600 
0.003 35339.520626 2754700 
0.003 36346.966957 2914800 
0.003 36974.283212 2624600 
0.003 35102.966426 2770400 
0.003 36777.799921 2594700 
0.003 37693.349149 2775300 
0.003 33674.207181 2650200 
0.003 34618.247683 2481500 
0.003 34783.999871 2854300 
0.003 36200.591965 2678700 
0.003 35541.388127 2627200 
0.003 38220.995159 2639100 
0.003 38754.634515 2844100 
0.003 36091.927568 2645700 
0.003 35684.253420 2676300 
0.003 36994.400309 2850600 
0.003 34408.873581 2708500 
0.003 35367.672533 3140600 
0.003 35148.114797 2602100 
0.003 38416.833093 2912900 
0.003 36816.318071 2688100 
0.003 36490.054678 2700400 
0.003 35276.345552 2757200 
0.003 35488.425751 2695800 
0.003 37338.528461 2926100 
0.003 35160.771205 2820200 
0.003 35801.602891 2891600 
0.003 37900.737841 2836000 
0.003 34386.953524 2747800 
0.003 34494.163463 2656200 
0.003 36847.576695 2790200 
0.003 36818.961567 2760100 
0.003 39649.311693 2798000 
0.003 34293.161015 2925500 
0.003 36416.366920 2809300 
0.003 37182.660965 2574600 
0.003 34642.931408 3247600 
0.003 37274.830628 2753200 
0.003 36276.663229 2758200 
0.003 36399.858862 2718300 
0.003 33282.869740 2700200 
0.003 34297.902114 2553300 
0.003 37260.202773 2599000 
0.003 36366.830455 2660200 
0.003 36432.153903 2514800 
0.003 34108.644895 2650400 
0.003 36435.318735 2600400 
0.003 35514.500912 2743400 
0.003 40091.696737 2718200 
0.003 38199.324499 2888800 
0.003 38558.729888 2870700 
0.003 37412.237530 2766200 
0.003 35960.653035 2641200 
0.003 37591.570716 2593500 
0.003 35199.247527 2676200 
0.003 33203.113560 2899100 
0.003 34772.499484 2644000 
0.003 36563.852714 2758000 
0.003 39109.478115 2917500 
0.003 36129.606190 2866500 
0.003 36669.975206 3155800 
0.003 38284.140236 2831800 
0.003 34103.072766 2923200 
0.003 34985.701969 2655100 
0.003 35810.096160 2726500 
0.003 35430.188997 2819700 
0.003 36948.267688 2847100 
0.003 37658.480418 2685000 
0.003 37495.171776 2741600 
0.003 35156.874415 2832800 
0.003 36151.525493 2796800 
0.003 35653.054808 2765100 
0.003 36063.135356 2698900 
0.003 36824.111262 2590500 
0.003 35225.336533 2728100 
0.003 36859.523408 2746200 
0.003 34665.969206 2839600 
0.003 36980.280755 2742600 
0.003 37408.945701 2900300 
0.003 37577.370549 2903200 
0.003 34529.611308 2607200 
0.003 37320.189198 2590900 
0.00325 41024.175635 2533100 
0.00325 36121.290670 2542300 
0.00325 37652.550226 2434500 
0.00325 36361.350080 2616300 
0.00325 35501.840251 2575600 
0.00325 33483.087201 2456200 
0.00325 36904.348760 2626900 
0.00325 37931.965087 2544900 
0.00325 36668.946689 2411700 
0.00325 35082.968218 2497900 
0.00325 35242.302862 2515500 
0.00325 36344.745528 2726100 
0.00325 35439.311133 2708300 
0.00325 37163.852125 2429200 
0.00325 34834.525700 2675900 
0.00325 34934.612107 2398700 
0.00325 36918.277810 2519500 
0.00325 37068.367523 2571900 
0.00325 34492.739987 2651800 
0.00325 37517.465530 2526600 
0.00325 35597.913724 2394400 
0.00325 37077.208714 2552100 
0.00325 35238.989964 2712900 
0.00325 36138.991720 2537900 
0.00325 35578.877486 2374000 
0.00325 34696.405575 2552900 
0.00325 36929.093585 2484100 
0.00325 34757.656564 2484900 
0.00325 35483.662903 2471900 
0.00325 39078.231033 2466400 
0.00325 36047.088866 2572600 
0.00325 36248.152133 2569500 
0.00325 36572.618601 2333000 
0.00325 33492.082909 2776800 
0.00325 37594.927618 2459100 
0.00325 36665.258361 2482300 
0.00325 35674.839140 2509300 
0.00325 36343.347123 2577000 
0.00325 37436.282247 2717800 
0.00325 40011.892412 2440000 
0.00325 36366.407158 2496300 
0.00325 36889.000568 2517100 
0.00325 35904.927238 2369000 
0.00325 34975.910333 2591000 
0.00325 34884.615724 2747100 
0.00325 35864.743452 2467100 
0.00325 33811.020998 2580800 
0.00325 37431.013979 2428500 
0.00325 37170.303232 2472100 
0.00325 34886.233541 2558900 
0.00325 35061.822094 2619300 
0.00325 35847.702930 2594400 
0.00325 37409.673594 2596600 
0.00325 36678.948791 2649300 
0.00325 39317.749077 2771800 
0.00325 36115.762290 2515100 
0.00325 36114.713277 2689800 
0.00325 34614.037986 2531900 
0.00325 35879.938699 2440200 
0.00325 35894.549540 2496300 
0.00325 37516.573086 2643200 
0.00325 35536.741497 2640200 
0.00325 36191.412029 2458900 
0.00325 37829.911864 2482600 
0.00325 35608.956936 2625600 
0.00325 37470.776595 2479900 
0.00325 36067.587417 2467900 
0.00325 37455.413928 2447100 
0.00325 36892.998596 2439300 
0.00325 34018.113548 2634600 
0.00325 37137.645921 2581200 
0.00325 34780.066585 2677700 
0.00325 36065.443735 2441100 
0.00325 34908.552317 2585200 
0.00325 37120.799164 2533700 
0.00325 34613.933442 2486400 
0.00325 38118.201694 2479700 
0.00325 38109.261452 2683600 
0.00325 39299.671702 2388900 
0.00325 37480.034488 2598600 
0.00325 39055.578491 2613100 
0.00325 35940.443333 2528600 
0.00325 36879.525886 2630400 
0.00325 34599.681457 2455700 
0.00325 36526.606242 2540600 
0.00325 37121.414947 2555500 
0.00325 38412.233491 2422400 
0.00325 36819.703271 2528000 
0.00325 38627.278503 2523500 
0.00325 38226.329501 2571500 
0.00325 37425.791487 2657700 
0.00325 37231.878584 2587300 
0.00325 35906.394185 2553800 
0.00325 36441.298359 2451200 
0.00325 34915.302486 2758300 
0.00325 34115.251215 2582500 
0.00325 34795.361910 2429100 
0.00325 36217.604534 2460500 
0.00325 36979.547227 2561600 
0.00325 34867.873180 2459500 
0.0035 37889.431072 2468100 
0.0035 37295.261600 2413800 
0.0035 36664.080923 2312500 
0.0035 36683.183986 2420900 
0.0035 40144.074216 2212600 
0.0035 38287.696541 2323800 
0.0035 37017.563799 2409500 
0.0035 37971.127530 2424100 
0.0035 35387.852397 2403900 
0.0035 35783.372406 2422500 
0.0035 36492.700047 2264600 
0.0035 36126.224607 2296800 
0.0035 38999.780685 2271800 
0.0035 36944.488557 2559000 
0.0035 35887.070759 2455300 
0.0035 35348.809227 2439200 
0.0035 39904.228072 2058000 
0.0035 35815.148757 2290400 
0.0035 36264.792615 2377200 
0.0035 34827.347751 2473300 
0.0035 38415.639364 2492100 
0.0035 37998.858805 2325600 
0.0035 37391.117546 2256600 
0.0035 37206.803643 2420100 
0.0035 35928.262711 2355100 
0.0035 40929.864155 2357200 
0.0035 35713.667669 2446800 
0.0035 34912.139191 2627300 
0.0035 36931.605363 2197500 
0.0035 34285.377520 2540500 
0.0035 36090.591378 2452800 
0.0035 36464.245044 2381800 
0.0035 34784.198861 2312500 
0.0035 35617.742650 2487400 
0.0035 38183.340915 2425500 
0.0035 37177.930347 2371700 
0.0035 36874.528463 2254000 
0.0035 36443.351440 2323600 
0.0035 37281.982526 2461000 
0.0035 36404.492056 2283000 
0.0035 37326.875344 2394600 
0.0035 37088.351493 2335700 
0.0035 36177.830693 2345900 
0.0035 37558.301384 2507800 
0.0035 36886.914726 2325400 
0.0035 35912.090109 2371100 
0.0035 38404.320062 2368400 
0.0035 38919.052152 2271400 
0.0035 37538.257252 2394200 
0.0035 35944.183384 2414900 
0.0035 34416.920294 2502900 
0.0035 35438.748267 2332500 
0.0035 34925.313744 2521300 
0.0035 36428.263767 2456700 
0.0035 37118.683550 2401300 
0.0035 36893.973617 2213300 
0.0035 36908.352518 2338100 
0.0035 36426.684080 2464800 
0.0035 35979.509053 2403000 
0.0035 36510.322230 2355700 
0.0035 39020.316881 2372700 
0.0035 34817.682575 2400600 
0.0035 38393.005525 2428800 
0.0035 36455.422916 2313900 
0.0035 37073.619468 2352400 
0.0035 35741.322560 2254200 
0.0035 34864.879652 2358900 
0.0035 35203.183288 2320000 
0.0035 37564.910167 2411000 
0.0035 35961.923927 2494900 
0.0035 36839.135461 2376100 
0.0035 34951.699497 2323100 
0.0035 36521.040729 2211200 
0.0035 35485.693217 2421500 
0.0035 36960.805936 2451500 
0.0035 39209.325480 2266400 
0.0035 35253.966418 2300200 
0.0035 36435.266925 2465600 
0.0035 35409.009827 2387300 
0.0035 34676.799210 2399800 
0.0035 37172.673216 2318900 
0.0035 39399.977490 2430100 
0.0035 37680.625483 2380300 
0.0035 34874.368510 2345000 
0.0035 36356.650387 2351600 
0.0035 33847.024976 2260100 
0.0035 37833.066636 2454100 
0.0035 36130.312391 2582400 
0.0035 34597.680278 2443800 
0.0035 36034.840248 2346500 
0.0035 35173.071823 2364800 
0.0035 35016.540963 2321400 
0.0035 39423.030910 2308200 
0.0035 35987.843012 2416500 
0.0035 36901.471400 2446400 
0.0035 34468.717342 2351400 
0.0035 37886.242320 2320200 
0.0035 35676.052482 2404100 
0.0035 35876.169339 2493700 
0.0035 37217.620775 2293900 
0.00375 38201.949546 2312700 
0.00375 38987.086898 2156800 
0.00375 36892.774676 2273600 
0.00375 37342.960463 2304700 
0.00375 36468.592203 2237500 
0.00375 37627.043497 2219400 
0.00375 35517.511308 2319900 
0.00375 34335.895492 2085100 
0.00375 37458.398046 2192700 
0.00375 37065.334844 2129500 
0.00375 38155.872104 2224500 
0.00375 37391.581880 2364900 
0.00375 39306.494509 2135800 
0.00375 36407.121379 2360500 
0.00375 36098.351478 2226900 
0.00375 38320.899866 2396100 
0.00375 38065.255452 2149100 
0.00375 36467.307820 2136300 
0.00375 37772.011853 2207200 
0.00375 36917.681119 2274300 
0.00375 36491.118627 2321700 
0.00375 38857.997611 2212300 
0.00375 37532.180227 2161600 
0.00375 34437.792110 2383000 
0.00375 34554.576289 2382300 
0.00375 39893.162321 2239600 
0.00375 34932.127178 2320200 
0.00375 38865.486544 2365200 
0.00375 38342.269158 2192200 
0.00375 37185.977720 2170400 
0.00375 38162.604072 2203500 
0.00375 36300.987347 2283400 
0.00375 40633.470079 2210200 
0.00375 36154.245703 2165100 
0.00375 37695.898368 2170100 
0.00375 39143.986031 2097200 
0.00375 36814.389889 2178000 
0.00375 37213.719915 2207700 
0.00375 35645.030443 2303400 
0.00375 38967.620098 2336600 
0.00375 39549.754212 2112800 
0.00375 36075.422286 2188200 
0.00375 36126.855258 2168200 
0.00375 35850.818164 2210100 
0.00375 36316.526389 2144500 
0.00375 35636.615680 2244900 
0.00375 38341.965221 2473000 
0.00375 36127.002153 2268300 
0.00375 39047.541701 2286100 
0.00375 35786.070916 2382700 
0.00375 39388.858173 2060300 
0.00375 40139.412208 2192100 
0.00375 38356.290424 2366300 
0.00375 36072.714488 2014700 
0.00375 37291.418473 2103600 
0.00375 39914.272763 2267000 
0.00375 36840.955835 2102100 
0.00375 36066.884229 2215100 
0.00375 36548.499684 2219200 
0.00375 35343.233487 2178100 
0.00375 37436.799888 2252800 
0.00375 36722.222096 2141300 
0.00375 37643.536418 2212700 
0.00375 35235.862478 2144000 
0.00375 36748.858042 2234000 
0.00375 37963.490936 2178900 
0.00375 37566.812057 2306400 
0.00375 35483.955583 2148400 
0.00375 36644.722464 2214100 
0.00375 35974.108397 2186300 
0.00375 37341.951666 2174100 
0.00375 35580.525037 2287100 
0.00375 37854.306381 2235900 
0.00375 36325.118839 2332000 
0.00375 36217.384070 2279400 
0.00375 36417.882116 2195000 
0.00375 36753.368080 2267900 
0.00375 37307.320310 2437500 
0.00375 34823.771240 2269900 
0.00375 38861.332622 2322200 
0.00375 35892.038520 2110200 
0.00375 35605.462745 2421100 
0.00375 37200.653823 2217300 
0.00375 35161.410984 2198200 
0.00375 33337.329083 2219900 
0.00375 38673.837036 2178600 
0.00375 37718.056740 2222600 
0.00375 35445.314998 2364200 
0.00375 37311.591606 2409300 
0.00375 38950.860667 2225100 
0.00375 35613.867869 2137900 
0.00375 37870.900583 2196300 
0.00375 36573.204426 2404700 
0.00375 37870.105683 2280200 
0.00375 40574.972479 2118800 
0.00375 37251.780905 2059500 
0.00375 34737.261979 2162900 
0.00375 36283.921011 2199500 
0.00375 36590.441367 2275800 
0.00375 37473.960325 2362200 
0.004 36599.263089 2042600 
0.004 36322.890314 2140500 
0.004 36194.270506 2104900 
0.004 35978.209821 2137700 
0.004 36414.332521 2086800 
0.004 37308.826849 2060100 
0.004 36777.773513 1905500 
0.004 38778.132092 2021900 
0.004 37185.434990 2221900 
0.004 33831.878907 2170300 
0.004 39509.308181 2172300 
0.004 38055.952344 2106900 
0.004 37766.123833 2069700 
0.004 36315.885788 2127800 
0.004 36263.130522 2021200 
0.004 37088.212135 2120600 
0.004 37151.813877 2114600 
0.004 35328.863936 2266500 
0.004 37168.881861 2167800 
0.004 36466.865897 1928500 
0.004 35868.243172 2483800 
0.004 35136.928958 2101800 
0.004 37015.838465 2170400 
0.004 35715.954190 2228900 
0.004 36233.797418 2194100 
0.004 38899.124538 2100300 
0.004 36607.002372 2036300 
0.004 35699.276739 2000100 
0.004 38159.242895 2060600 
0.004 36917.855499 2132200 
0.004 35603.637950 2157500 
0.004 38375.319225 2144900 
0.004 37263.875390 2082600 
0.004 37913.923828 2364300 
0.004 34832.071993 1997700 
0.004 38294.970730 2032400 
0.004 37429.930260 1965400 
0.004 36292.615527 2235500 
0.004 37023.466416 2033700 
0.004 37704.503018 2078700 
0.004 36718.131975 2013300 
0.004 37871.800540 1946700 
0.004 37058.451058 1922200 
0.004 37761.485109 2129600 
0.004 38654.204461 2062600 
0.004 36813.055735 1978500 
0.004 39015.922398 2113200 
0.004 36919.762576 2000300 
0.004 35757.628594 2062200 
0.004 37746.694681 2105900 
0.004 35437.647702 2125600 
0.004 37342.275511 2212400 
0.004 35067.186599 2145200 
0.004 38475.311504 2087200 
0.004 38781.010243 2070500 
0.004 36273.373214 2129300 
0.004 37159.266618 2135800 
0.004 36169.915501 2088000 
0.004 36488.564772 2132100 
0.004 36590.238286 2114100 
0.004 35393.186693 2077000 
0.004 38583.821858 2156000 
0.004 35871.520999 1922100 
0.004 35239.218595 2155600 
0.004 37954.565325 2038100 
0.004 36959.132363 2180300 
0.004 35320.044643 2267300 
0.004 36038.864016 2137800 
0.004 36877.827256 2198700 
0.004 38619.980129 2014900 
0.004 36749.661189 1922800 
0.004 38800.170383 2163500 
0.004 35002.716928 1991300 
0.004 35477.119055 2107600 
0.004 40752.164451 2150800 
0.004 34593.917785 2076300 
0.004 37589.475949 2079900 
0.004 36675.526480 1993000 
0.004 35890.468446 2148900 
0.004 38778.015957 2225700 
0.004 38797.835020 2247000 
0.004 38830.527534 2308600 
0.004 35147.141868 2160000 
0.004 36377.165217 2218800 
0.004 36095.123964 2072900 
0.004 36718.812260 2098100 
0.004 38165.256644 2225400 
0.004 41120.854751 2031000 
0.004 39399.070006 2053100 
0.004 38763.813936 2228100 
0.004 36626.797282 2089800 
0.004 35577.949004 2036000 
0.004 38653.714628 2119400 
0.004 36002.968451 2111900 
0.004 35881.513873 2101800 
0.004 36055.921104 2165700 
0.004 36665.913444 2047800 
0.004 37870.149469 2183400 
0.004 36318.076119 2112400 
0.004 36762.406623 2025900 
0.00425 35468.012719 2042400 
0.00425 36174.523953 1984800 
0.00425 37184.932575 2110300 
0.00425 36974.599561 1883100 
0.00425 37162.592901 2101400 
0.00425 37458.906063 1809300 
0.00425 37515.547554 1952600 
0.00425 33733.679592 1984200 
0.00425 37103.658944 1881400 
0.00425 39035.610306 2107600 
0.00425 37517.538319 1934700 
0.00425 40803.342285 1849100 
0.00425 34820.670362 1983100 
0.00425 36848.901001 1988900 
0.00425 34469.943701 1904500 
0.00425 37074.415006 1906600 
0.00425 38009.732001 2032200 
0.00425 38757.721573 2089500 
0.00425 37272.331387 2033500 
0.00425 35397.590089 1887000 
0.00425 36366.466131 1950000 
0.00425 36152.717908 2065300 
0.00425 33972.278574 1901100 
0.00425 36913.286834 1910500 
0.00425 41667.465394 2043200 
0.00425 36087.907637 2059100 
0.00425 38925.562382 1959400 
0.00425 36788.878228 1985300 
0.00425 37396.987369 2006500 
0.00425 39082.386209 2063400 
0.00425 34114.993728 2132300 
0.00425 38627.183872 1910300 
0.00425 39999.856367 1970100 
0.00425 36107.196561 1958500 
0.00425 37513.950235 1888200 
0.00425 34047.138816 2220500 
0.00425 39816.294015 2001400 
0.00425 37923.583679 2089800 
0.00425 37470.016282 1957100 
0.00425 37929.815873 1946500 
0.00425 36629.677165 2039200 
0.00425 38929.365803 2018500 
0.00425 37557.032192 1836800 
0.00425 36308.104543 1872800 
0.00425 35901.141462 1822000 
0.00425 38831.583902 1952800 
0.00425 35731.954178 1940700 
0.00425 34912.800607 1952100 
0.00425 36537.319338 1928200 
0.00425 39430.415170 2136900 
0.00425 36633.369372 1992300 
0.00425 37731.533941 1972800 
0.00425 36276.690548 1913800 
0.00425 34447.311106 2060600 
0.00425 35447.415707 2002100 
0.00425 40354.474173 1887300 
0.00425 36627.736012 2027400 
0.00425 37172.676754 1964800 
0.00425 38086.965482 1795400 
0.00425 36490.642093 2105400 
0.00425 36940.742099 1928100 
0.00425 39398.019946 1932900 
0.00425 36502.140664 1921300 
0.00425 38247.203593 2017600 
0.00425 37897.330514 1944900 
0.00425 36053.914066 2009700 
0.00425 37662.983480 2019400 
0.00425 38039.963812 2090400 
0.00425 37527.016247 1984700 
0.00425 35890.612525 2063300 
0.00425 35888.660638 1938700 
0.00425 37910.259972 1991700 
0.00425 36355.948478 1957000 
0.00425 37614.049751 2103100 
0.00425 37417.027051 1998400 
0.00425 39417.191457 2070800 
0.00425 35577.747316 1747700 
0.00425 37502.073684 2166200 
0.00425 36263.560320 2104300 
0.00425 36603.909885 1906700 
0.00425 35847.125298 1997300 
0.00425 36123.273400 1970100 
0.00425 37552.124625 1969400 
0.00425 37666.062880 1959600 
0.00425 41494.346249 2099700 
0.00425 39958.676902 2097200 
0.00425 37423.431572 1936400 
0.00425 37573.975852 1886100 
0.00425 38178.827071 2064900 
0.00425 37405.147073 1881300 
0.00425 35359.176825 1961400 
0.00425 38221.723609 1954300 
0.00425 36565.825678 2020900 
0.00425 34578.457151 1963100 
0.00425 38882.145133 1947200 
0.00425 38265.171244 2115000 
0.00425 37889.218752 1988500 
0.00425 39396.917470 1930400 
0.00425 36040.067029 1905400 
0.00425 34224.435539 1934600 
0.0045 40259.248632 2010800 
0.0045 37812.673818 1931800 
0.0045 35763.590332 1823600 
0.0045 38542.776852 1962500 
0.0045 39564.159589 1708200 
0.0045 38634.929871 1650200 
0.0045 34318.086211 1987900 
0.0045 35368.459827 1872500 
0.0045 34717.642521 1849300 
0.0045 38227.063923 1910200 
0.0045 36076.835132 1964500 
0.0045 35763.552306 1994200 
0.0045 37932.971830 1804900 
0.0045 38510.309633 1839600 
0.0045 37588.590112 1924400 
0.0045 37260.448611 1727400 
0.0045 37540.060978 1796200 
0.0045 36164.647214 1822800 
0.0045 36755.572625 1914400 
0.0045 38833.021451 2042400 
0.0045 39523.549384 1866000 
0.0045 37900.765544 1914000 
0.0045 38540.823324 2020300 
0.0045 36095.776712 2002800 
0.0045 37311.843156 2058100 
0.0045 35874.602280 1864400 
0.0045 37164.225983 1819100 
0.0045 37559.462088 1860900 
0.0045 33385.391397 1822100 
0.0045 36007.331167 1853400 
0.0045 38760.798431 1859600 
0.0045 39159.272411 1920400 
0.0045 37812.123250 1971200 
0.0045 37933.482800 1873400 
0.0045 35470.094785 1958600 
0.0045 35254.394405 2018700 
0.0045 37713.580898 1810000 
0.0045 36954.512192 1935400 
0.0045 37018.064797 1866200 
0.0045 38901.431882 1833500 
0.0045 37219.512137 1906600 
0.0045 40027.026640 1840900 
0.0045 36712.499345 1828000 
0.0045 36817.262600 1944800 
0.0045 35217.002440 1981300 
0.0045 37688.637680 1775100 
0.0045 36092.724813 2003200 
0.0045 38189.026093 1886800 
0.0045 40135.362131 1666900 
0.0045 38779.800695 1972000 
0.0045 36039.666531 1985600 
0.0045 38236.107128 2046900 
0.0045 37970.400037 2019100 
0.0045 36728.256752 2051200 
0.0045 36905.058368 1932500 
0.0045 37909.420125 1855900 
0.0045 37318.140012 1991400 
0.0045 37335.688341 1899900 
0.0045 38617.774675 1903500 
0.0045 40101.457281 1683800 
0.0045 35759.499730 2033400 
0.0045 36298.124636 1948400 
0.0045 36573.932012 1893400 
0.0045 37867.001666 1916400 
0.0045 37879.756674 1798500 
0.0045 38247.721099 1985500 
0.0045 38449.605600 1848500 
0.0045 35781.513014 1888600 
0.0045 36471.313246 1919700 
0.0045 40281.929030 1784300 
0.0045 37263.342024 1827200 
0.0045 36348.427031 1833100 
0.0045 36313.211479 2073100 
0.0045 36742.683116 1836000 
0.0045 35181.076061 1904400 
0.0045 39252.267708 1857600 
0.0045 38943.735186 2074000 
0.0045 39178.249681 1817800 
0.0045 37785.339406 1672600 
0.0045 37240.422547 1904200 
0.0045 37531.261127 1727100 
0.0045 36768.679636 1818500 
0.0045 36516.892622 2010700 
0.0045 36805.329475 1807200 
0.0045 36110.474691 1731000 
0.0045 37120.271022 1863100 
0.0045 35559.449960 1801100 
0.0045 36812.783507 1832900 
0.0045 36350.680995 1763300 
0.0045 37480.171047 1974000 
0.0045 39432.598898 1955300 
0.0045 41517.029966 1869000 
0.0045 38324.558883 1813100 
0.0045 37952.788982 1838800 
0.0045 36054.357676 1829500 
0.0045 34228.965454 1949600 
0.0045 36992.164410 2014500 
0.0045 37911.592680 1983900 
0.0045 39836.286701 1923200 
0.0045 36667.661483 1849200 
0.00475 36200.195492 1726300 
0.00475 37528.591911 1856900 
0.00475 39002.948235 1733400 
0.00475 39820.722667 1616100 
0.00475 37921.992177 1778300 
0.00475 36820.691216 1803400 
0.00475 36007.006777 1621400 
0.00475 40814.892784 1712500 
0.00475 37435.918481 1805100 
0.00475 38952.056133 1744100 
0.00475 36033.209123 1735800 
0.00475 37713.029478 1915600 
0.00475 40819.617875 1844400 
0.00475 37606.715170 1653900 
0.00475 37529.622016 1820400 
0.00475 36068.833272 1840300 
0.00475 37632.508185 1902200 
0.00475 37457.627562 1663300 
0.00475 37123.441934 1713700 
0.00475 37120.404433 1776900 
0.00475 37391.262116 1689200 
0.00475 37422.673075 1795700 
0.00475 36670.335259 1715700 
0.00475 40940.218887 1779200 
0.00475 35432.600992 1816200 
0.00475 38336.446683 1910600 
0.00475 38524.825445 1876300 
0.00475 36744.641392 1802700 
0.00475 38310.392408 1679900 
0.00475 35786.975641 1743500 
0.00475 36580.887762 1695600 
0.00475 35859.827115 1741600 
0.00475 36552.315432 1755300 
0.00475 37924.465495 1808200 
0.00475 36211.100145 1866900 
0.00475 34713.783480 1646000 
0.00475 41834.303625 1822200 
0.00475 35777.089369 1924800 
0.00475 36803.807152 1816200 
0.00475 38639.167289 1772200 
0.00475 38134.148258 1883600 
0.00475 36300.134117 1777500 
0.00475 35908.013401 1685700 
0.00475 40562.581332 1777200 
0.00475 40867.399813 1752800 
0.00475 37514.953395 1745100 
0.00475 35513.681547 1925800 
0.00475 37433.776245 1772500 
0.00475 34408.339102 1752200 
0.00475 35909.063997 1788900 
0.00475 38362.055989 1762900 
0.00475 38225.824537 1741200 
0.00475 36430.095275 1775500 
0.00475 39865.235196 1672400 
0.00475 36919.985565 1777300 
0.00475 37107.711635 1898500 
0.00475 34688.265350 1869900 
0.00475 38078.440603 1727400 
0.00475 38338.982379 1870900 
0.00475 38525.427966 1911900 
0.00475 36956.515827 1687300 
0.00475 37186.651194 1739500 
0.00475 34745.246050 1772900 
0.00475 38193.924371 1635600 
0.00475 37795.718315 1699800 
0.00475 39718.471777 1870300 
0.00475 41014.468198 1894600 
0.00475 35955.824678 1781700 
0.00475 37668.743818 1773800 
0.00475 36743.842264 1841300 
0.00475 36931.955319 1792000 
0.00475 35246.501671 1670100 
0.00475 36593.124976 1736000 
0.00475 38563.444129 1732500 
0.00475 37347.163226 1782500 
0.00475 37784.835427 1875600 
0.00475 35681.365592 1823700 
0.00475 37759.017399 1839300 
0.00475 36676.496534 1865100 
0.00475 37542.270783 1686500 
0.00475 36833.644379 1756100 
0.00475 40320.186959 1989100 
0.00475 35891.162075 1739300 
0.00475 36612.309147 1789300 
0.00475 36436.300277 1704400 
0.00475 39114.625211 1726700 
0.00475 39439.456515 1768300 
0.00475 35450.339070 1725400 
0.00475 36343.868027 1844500 
0.00475 38070.512749 1726100 
0.00475 35961.780443 1865100 
0.00475 38967.464690 1802800 
0.00475 36715.092143 1769500 
0.00475 36109.365096 1835200 
0.00475 39222.534102 1759600 
0.00475 38301.448683 1783000 
0.00475 33752.233205 1757900 
0.00475 37980.443135 1810300 
0.00475 39963.897366 1687300 
0.00475 37805.740797 1690300 
0.005 38716.118671 1627300 
0.005 37629.288065 1785600 
0.005 39317.165153 1943000 
0.005 38037.595309 1782800 
0.005 39587.636171 1601500 
0.005 40231.850903 1655500 
0.005 38566.537197 1638700 
0.005 39275.542462 1580600 
0.005 37867.897182 1658200 
0.005 36499.801543 1712300 
0.005 37697.923432 1754000 
0.005 39212.361258 1744200 
0.005 38438.337703 1760100 
0.005 38047.544108 1699100 
0.005 39776.727204 1740800 
0.005 37789.579909 1847900 
0.005 39323.409142 1805500 
0.005 35878.978054 1940800 
0.005 37390.641107 1968900 
0.005 35876.708260 1738300 
0.005 35745.796567 1769300 
0.005 35657.235453 1624300 
0.005 37546.264553 1679800 
0.005 35825.275144 1654700 
0.005 37299.738654 1848600 
0.005 36701.248304 1717800 
0.005 38984.953526 1834000 
0.005 39891.898427 1683200 
0.005 37101.506419 1632000 
0.005 37966.496505 1575000 
0.005 37617.263035 1685100 
0.005 38518.413692 1819900 
0.005 36258.470747 1808700 
0.005 37480.565957 1791800 
0.005 35725.332317 1663600 
0.005 35762.339567 1712000 
0.005 37314.075630 1703600 
0.005 39867.192697 1666300 
0.005 38767.230080 1709500 
0.005 36366.322616 1765500 
0.005 36576.516814 1653600 
0.005 39176.986944 1635600 
0.005 39530.711111 1684000 
0.005 39504.307288 1682500 
0.005 38759.745155 1805000 
0.005 36991.168899 1687400 
0.005 34958.632139 1651600 
0.005 36672.268571 1680800 
0.005 37299.489710 1625500 
0.005 35891.593760 1708100 
0.005 37004.304031 1696200 
0.005 41909.661209 1764000 
0.005 36475.205166 1651500 
0.005 35544.373382 1727800 
0.005 37453.947870 1742800 
0.005 37866.988433 1648900 
0.005 37569.260186 1742300 
0.005 36839.144231 1824600 
0.005 35576.272258 1725200 
0.005 38568.127588 1637800 
0.005 38876.635911 1721900 
0.005 37680.819762 1770100 
0.005 38401.171580 1724900 
0.005 40035.477447 1936000 
0.005 35526.673027 1787600 
0.005 42348.948878 1636300 
0.005 38023.461840 1840300 
0.005 38282.425314 1696900 
0.005 37971.285850 1855500 
0.005 38878.408253 1723100 
0.005 37081.727096 1637800 
0.005 37106.951674 1660100 
0.005 37324.294798 1705000 
0.005 39439.692949 1567000 
0.005 34873.569030 1615300 
0.005 38537.865854 1709900 
0.005 37282.221866 1853100 
0.005 39478.126804 1864000 
0.005 35985.381603 1727500 
0.005 38056.293372 1667300 
0.005 34476.198078 1613600 
0.005 40363.841879 1833500 
0.005 37224.075632 1674600 
0.005 35649.090745 1708200 
0.005 37669.420775 1757400 
0.005 39930.411451 1633900 
0.005 35472.714248 1710200 
0.005 39159.993117 1788200 
0.005 37500.684270 1696600 
0.005 36080.288636 1826300 
0.005 38209.984555 1681700 
0.005 36848.607400 1654600 
0.005 36140.110869 1765300 
0.005 37473.317901 1666900 
0.005 38708.091648 1814700 
0.005 37064.561488 1734400 
0.005 38716.183054 1618200 
0.005 39384.104312 1773600 
0.005 36717.283541 1694400 
0.005 36480.337932 1595400 
0.00525 35972.982861 1614700 
0.00525 41950.447252 1624900 
0.00525 36717.025491 1591700 
0.00525 38938.828532 1621600 
0.00525 39384.408125 1700300 
0.00525 39630.859650 1709500 
0.00525 34316.489326 1709200 
0.00525 39088.383721 1696300 
0.00525 36599.296621 1614300 
0.00525 36232.260150 1721800 
0.00525 39706.485397 1737000 
0.00525 39938.470682 1612400 
0.00525 36131.399298 1595700 
0.00525 37484.098138 1598400 
0.00525 39121.277751 1747900 
0.00525 40135.477263 1593300 
0.00525 36227.351939 1661600 
0.00525 35566.076754 1672800 
0.00525 36800.719213 1668400 
0.00525 38669.718970 1565600 
0.00525 35970.817244 1588100 
0.00525 36665.038273 1590800 
0.00525 38913.039922 1588000 
0.00525 37287.612101 1600100 
0.00525 40218.513051 1676500 
0.00525 35511.324845 1598200 
0.00525 36252.639893 1561500 
0.00525 38728.571775 1512600 
0.00525 36827.741636 1659300 
0.00525 36690.663118 1610200 
0.00525 37347.413846 1713300 
0.00525 36873.923410 1608100 
0.00525 36940.234450 1595800 
0.00525 39136.751995 1606300 
0.00525 38089.451302 1600200 
0.00525 37268.579125 1673500 
0.00525 35951.607190 1627200 
0.00525 36772.665486 1615300 
0.00525 39074.339648 1678900 
0.00525 35209.314150 1696700 
0.00525 36586.678506 1575600 
0.00525 35703.091868 1753300 
0.00525 38247.655814 1602800 
0.00525 39669.441934 1631200 
0.00525 38494.568641 1572800 
0.00525 37206.787472 1698000 
0.00525 35985.737699 1781200 
0.00525 36700.751449 1746600 
0.00525 37655.680978 1574800 
0.00525 36452.208574 1649700 
0.00525 38961.135795 1744800 
0.00525 36743.013969 1533600 
0.00525 37043.883520 1727000 
0.00525 32900.911971 1602900 
0.00525 37841.163053 1544700 
0.00525 36448.613107 1549500 
0.00525 39214.671885 1635400 
0.00525 36173.095339 1666900 
0.00525 37998.885876 1667200 
0.00525 38981.188791 1562200 
0.00525 40667.054593 1561800 
0.00525 36346.527921 1681800 
0.00525 34937.786450 1626400 
0.00525 37944.948439 1635500 
0.00525 37231.243804 1727700 
0.00525 36771.546138 1642500 
0.00525 38217.792262 1663200 
0.00525 35691.106633 1628600 
0.00525 38434.612422 1547000 
0.00525 38353.852438 1707500 
0.00525 36977.928353 1530700 
0.00525 41550.394667 1665300 
0.00525 36154.254305 1564000 
0.00525 37832.596575 1554800 
0.00525 36329.439572 1785500 
0.00525 36294.056188 1630900 
0.00525 36211.854420 1486100 
0.00525 38863.492808 1659900 
0.00525 36758.670057 1562900 
0.00525 38579.815757 1890800 
0.00525 40028.406393 1539400 
0.00525 34213.930099 1609200 
0.00525 36513.074719 1660600 
0.00525 36701.198489 1733300 
0.00525 39800.095463 1733200 
0.00525 41720.768797 1593900 
0.00525 37300.445118 1628300 
0.00525 37682.813941 1515500 
0.00525 35457.064921 1698500 
0.00525 36705.650721 1551200 
0.00525 35930.750638 1678100 
0.00525 37951.896186 1687700 
0.00525 40471.221447 1623500 
0.00525 36610.063479 1740900 
0.00525 35849.398491 1694500 
0.00525 35528.310863 1604400 
0.00525 36754.496525 1589500 
0.00525 36292.244298 1573600 
0.00525 37924.694264 1611700 
0.00525 38712.880992 1707300 
0.0055 34172.432081 1578600 
0.0055 37253.111874 1607400 
0.0055 38038.097470 1587800 
0.0055 37319.579043 1614500 
0.0055 37165.669685 1620600 
0.0055 35538.022942 1603400 
0.0055 38189.190228 1565500 
0.0055 35994.256807 1560300 
0.0055 36423.068356 1458100 
0.0055 39777.182593 1490600 
0.0055 39458.700318 1659800 
0.0055 41304.434197 1583900 
0.0055 35980.527984 1513100 
0.0055 38616.912843 1726400 
0.0055 37576.843400 1562400 
0.0055 36799.061864 1558800 
0.0055 39136.781455 1656000 
0.0055 35921.535140 1571900 
0.0055 39894.929509 1619400 
0.0055 38758.948319 1657300 
0.0055 35334.528471 1529200 
0.0055 36717.529297 1574300 
0.0055 36302.097101 1444000 
0.0055 37284.036495 1735900 
0.0055 37000.125252 1611100 
0.0055 35666.789922 1509300 
0.0055 37807.007675 1513000 
0.0055 38526.390932 1540000 
0.0055 36286.305880 1618400 
0.0055 36195.444429 1650700 
0.0055 37184.905155 1541000 
0.0055 38603.096589 1581100 
0.0055 41230.180828 1522000 
0.0055 39803.131619 1535100 
0.0055 36617.805673 1482400 
0.0055 37461.616917 1576900 
0.0055 37192.489722 1553100 
0.0055 37449.977176 1609100 
0.0055 36019.957830 1616600 
0.0055 40310.549397 1579000 
0.0055 38478.912265 1686200 
0.0055 36727.107012 1498800 
0.0055 40264.445678 1682700 
0.0055 36014.358998 1541600 
0.0055 36645.166822 1436800 
0.0055 38400.604711 1624200 
0.0055 40858.528724 1585100 
0.0055 36791.555269 1590500 
0.0055 36401.053148 1589500 
0.0055 39340.319437 1521000 
0.0055 39915.725002 1482800 
0.0055 38976.592643 1576700 
0.0055 37817.916403 1501200 
0.0055 35470.895626 1524600 
0.0055 35693.725713 1474300 
0.0055 45101.628623 1681900 
0.0055 37739.236934 1486600 
0.0055 40666.495464 1483700 
0.0055 36755.760944 1522100 
0.0055 38212.282266 1412400 
0.0055 38323.097337 1630900 
0.0055 40602.764208 1668300 
0.0055 39106.559373 1670800 
0.0055 39200.423105 1634100 
0.0055 38461.623332 1583300 
0.0055 38882.847730 1507800 
0.0055 37205.594633 1672000 
0.0055 35976.303541 1574800 
0.0055 38837.058843 1576300 
0.0055 36428.787902 1596400 
0.0055 40019.717213 1647100 
0.0055 39975.386185 1554500 
0.0055 38587.821289 1596800 
0.0055 37974.166434 1512800 
0.0055 35106.156626 1608600 
0.0055 34724.940355 1639300 
0.0055 38404.137569 1600500 
0.0055 38297.122180 1599800 
0.0055 37849.960542 1783400 
0.0055 39217.861130 1593600 
0.0055 40889.632145 1610900 
0.0055 37189.545400 1547600 
0.0055 38117.773437 1513600 
0.0055 39797.479687 1642300 
0.0055 39740.280615 1565900 
0.0055 41922.344670 1670200 
0.0055 40418.064732 1571400 
0.0055 42122.930526 1676000 
0.0055 38373.687950 1561300 
0.0055 35891.858959 1464300 
0.0055 35984.497957 1700000 
0.0055 38957.319854 1601700 
0.0055 37064.169707 1599800 
0.0055 40772.130701 1566000 
0.0055 35156.966478 1550500 
0.0055 38770.664096 1509400 
0.0055 38624.543142 1549400 
0.0055 35771.669660 1573700 
0.0055 41895.631118 1660300 
0.0055 35715.942479 1517300 
0.00575 37092.623596 1600600 
0.00575 38959.430748 1544900 
0.00575 42173.456084 1505700 
0.00575 38566.681859 1529400 
0.00575 39337.280544 1506700 
0.00575 36695.157551 1577300 
0.00575 38815.487795 1424200 
0.00575 37246.607135 1461600 
0.00575 37936.370856 1538900 
0.00575 44308.257529 1574400 
0.00575 38820.562675 1665000 
0.00575 37842.961694 1514500 
0.00575 37466.761989 1437800 
0.00575 38961.595193 1414000 
0.00575 37241.762372 1554500 
0.00575 40326.891343 1443600 
0.00575 37519.068224 1476400 
0.00575 37594.114779 1546900 
0.00575 36971.884118 1414400 
0.00575 38409.119655 1537100 
0.00575 38966.249723 1472900 
0.00575 36779.139607 1442700 
0.00575 37280.354054 1451900 
0.00575 37108.550778 1586300 
0.00575 37361.486489 1405900 
0.00575 36638.466178 1480900 
0.00575 39555.551977 1535300 
0.00575 35173.713825 1612000 
0.00575 37340.743803 1606300 
0.00575 39905.272866 1495500 
0.00575 37855.067203 1548000 
0.00575 37744.785941 1474600 
0.00575 36760.498695 1619600 
0.00575 34096.770217 1525500 
0.00575 41416.725891 1487700 
0.00575 38921.036711 1452400 
0.00575 36228.470329 1661800 
0.00575 38631.829118 1541800 
0.00575 37526.578414 1633300 
0.00575 36705.726085 1530900 
0.00575 40115.752081 1527400 
0.00575 34854.342581 1525600 
0.00575 38831.691157 1571000 
0.00575 38727.344198 1566500 
0.00575 35668.460511 1513600 
0.00575 37964.235412 1529600 
0.00575 36087.281820 1593500 
0.00575 41257.234764 1514700 
0.00575 35930.417329 1491900 
0.00575 38991.921521 1454000 
0.00575 39180.170110 1552000 
0.00575 36899.072708 1455700 
0.00575 39722.964967 1564600 
0.00575 38682.095042 1534300 
0.00575 40965.509250 1550300 
0.00575 41572.215210 1479300 
0.00575 38392.687838 1568700 
0.00575 38905.172823 1554700 
0.00575 39877.436115 1580400 
0.00575 36985.107779 1571700 
0.00575 38179.742017 1618800 
0.00575 37925.233229 1454200 
0.00575 37606.231005 1755300 
0.00575 40849.097436 1526600 
0.00575 40745.799840 1576300 
0.00575 39382.932104 1425200 
0.00575 38192.802012 1456900 
0.00575 39296.190475 1562800 
0.00575 38155.214418 1653400 
0.00575 37665.031445 1590000 
0.00575 36726.300643 1577100 
0.00575 38658.756524 1517500 
0.00575 36749.040038 1587000 
0.00575 38142.890716 1436800 
0.00575 38442.697401 1451500 
0.00575 38298.149942 1539300 
0.00575 38073.565445 1429800 
0.00575 38824.311335 1474100 
0.00575 38132.789898 1522100 
0.00575 39919.895150 1635700 
0.00575 39187.170235 1492300 
0.00575 38223.574220 1359800 
0.00575 38029.060657 1537300 
0.00575 39180.797881 1539600 
0.00575 39037.236234 1439200 
0.00575 37451.598667 1520900 
0.00575 37881.301157 1454100 
0.00575 37715.367626 1588400 
0.00575 40076.043682 1521500 
0.00575 39695.098624 1474200 
0.00575 38402.973774 1510300 
0.00575 39320.441635 1401200 
0.00575 37509.847085 1524200 
0.00575 38592.452092 1469800 
0.00575 39002.738206 1401200 
0.00575 39978.758846 1620800 
0.00575 39307.362470 1498000 
0.00575 40758.071550 1502000 
0.00575 37880.250625 1456900 
0.00575 37427.739808 1538300 
0.006 39442.065117 1381900 
0.006 38774.120725 1469700 
0.006 38629.220336 1334000 
0.006 35678.081281 1547200 
0.006 36086.638394 1490200 
0.006 37373.269917 1406000 
0.006 36890.048359 1514400 
0.006 39267.340470 1524400 
0.006 38167.125274 1448800 
0.006 37861.983912 1456100 
0.006 36164.727055 1561100 
0.006 40360.982480 1673400 
0.006 36479.942044 1425000 
0.006 36938.206409 1446000 
0.006 38237.758217 1522200 
0.006 37800.862086 1358800 
0.006 39668.253560 1488300 
0.006 34285.420944 1442900 
0.006 38594.931413 1479800 
0.006 41067.964998 1322300 
0.006 40205.351472 1399900 
0.006 38865.045198 1461100 
0.006 35507.848479 1430700 
0.006 37725.891219 1489800 
0.006 35224.096840 1450600 
0.006 36814.380676 1489600 
0.006 39451.178330 1509100 
0.006 39468.217620 1431900 
0.006 40007.749064 1403000 
0.006 37810.106737 1380400 
0.006 36890.601537 1443000 
0.006 35474.470617 1546000 
0.006 40652.137793 1384800 
0.006 37727.498347 1495700 
0.006 43366.043023 1395800 
0.006 37154.168813 1497100 
0.006 36572.318209 1505300 
0.006 39992.203933 1448100 
0.006 38455.362955 1402300 
0.006 36272.566718 1614400 
0.006 37429.804195 1524800 
0.006 36895.430421 1422200 
0.006 35105.774140 1443100 
0.006 38964.460008 1450700 
0.006 39979.472258 1476700 
0.006 41799.945602 1455400 
0.006 36634.128673 1492300 
0.006 41551.683052 1458400 
0.006 36125.579631 1389200 
0.006 38499.058104 1529000 
0.006 39985.170262 1454900 
0.006 37010.344211 1427600 
0.006 38318.425870 1409300 
0.006 36427.027761 1533000 
0.006 38747.765979 1406600 
0.006 38337.137162 1434600 
0.006 36990.794061 1457600 
0.006 38057.029604 1676300 
0.006 38869.768149 1429900 
0.006 40393.840481 1441900 
0.006 39052.347080 1485200 
0.006 39914.333193 1445000 
0.006 37093.941967 1541300 
0.006 38261.054429 1461400 
0.006 37417.909999 1359100 
0.006 37029.912215 1511300 
0.006 38576.602154 1437500 
0.006 39347.533293 1495700 
0.006 39491.844300 1390500 
0.006 40698.227734 1467700 
0.006 39394.694982 1408500 
0.006 38136.418733 1502100 
0.006 40006.913009 1458500 
0.006 38056.532637 1290700 
0.006 37436.977937 1480700 
0.006 38746.158557 1458000 
0.006 38439.521104 1313400 
0.006 38870.607455 1485600 
0.006 37075.572046 1457700 
0.006 35269.663495 1565800 
0.006 38753.293025 1425200 
0.006 40062.352703 1611100 
0.006 36067.805768 1564600 
0.006 35796.568651 1418200 
0.006 38907.958786 1547700 
0.006 38193.695467 1407600 
0.006 39080.878017 1404500 
0.006 39722.247458 1544700 
0.006 34235.727751 1486600 
0.006 38235.844266 1445500 
0.006 36878.034072 1413300 
0.006 36005.385493 1523600 
0.006 39443.571522 1416000 
0.006 36533.202333 1471500 
0.006 40661.103931 1433000 
0.006 37242.604238 1493400 
0.006 36872.503948 1383300 
0.006 36908.627795 1488400 
0.006 41944.324929 1481000 
0.006 39614.587173 1502200 
0.00625 38794.563223 1332300 
0.00625 39443.102515 1421300 
0.00625 42503.909886 1365900 
0.00625 40310.718140 1373200 
0.00625 36600.762217 1326400 
0.00625 40682.551522 1411600 
0.00625 38948.451604 1445300 
0.00625 35720.978485 1464000 
0.00625 36743.029895 1375100 
0.00625 36183.863431 1376400 
0.00625 36177.440056 1418600 
0.00625 36703.771421 1398300 
0.00625 39685.827335 1401500 
0.00625 39040.677873 1461000 
0.00625 38519.029130 1403000 
0.00625 39599.834909 1499700 
0.00625 39386.228200 1502700 
0.00625 37353.893160 1401100 
0.00625 39365.626736 1369600 
0.00625 40851.619576 1409700 
0.00625 40527.574572 1356500 
0.00625 38731.143081 1217100 
0.00625 41178.492874 1461700 
0.00625 38947.462525 1360200 
0.00625 35300.681509 1434100 
0.00625 39994.533283 1427100 
0.00625 40223.418329 1391300 
0.00625 37893.556364 1339500 
0.00625 37355.087109 1368200 
0.00625 41189.957708 1366200 
0.00625 38876.625484 1505100 
0.00625 37426.125537 1311200 
0.00625 36626.985763 1356800 
0.00625 41751.631817 1334200 
0.00625 35935.974096 1491600 
0.00625 38827.392529 1390800 
0.00625 38927.222369 1385400 
0.00625 40147.712186 1546200 
0.00625 37236.882785 1357700 
0.00625 39785.644401 1439100 
0.00625 38804.515034 1469000 
0.00625 39114.932201 1509400 
0.00625 37764.999510 1437100 
0.00625 38278.707407 1388800 
0.00625 39252.893170 1379300 
0.00625 37090.242662 1226100 
0.00625 38948.117977 1325900 
0.00625 40685.258676 1401300 
0.00625 38602.344101 1553000 
0.00625 37143.793081 1380800 
0.00625 41189.746328 1483800 
0.00625 39056.482613 1385400 
0.00625 35732.379301 1341800 
0.00625 39122.516103 1477300 
0.00625 38058.407811 1393300 
0.00625 37779.468304 1332700 
0.00625 40097.175880 1504800 
0.00625 40384.289187 1508100 
0.00625 39042.836286 1457000 
0.00625 38048.741831 1475500 
0.00625 39426.031528 1388800 
0.00625 36912.072763 1479400 
0.00625 38584.018159 1431000 
0.00625 39857.571839 1449600 
0.00625 40295.909554 1464200 
0.00625 36363.376631 1382200 
0.00625 40121.367183 1372300 
0.00625 40113.040763 1404800 
0.00625 38320.327177 1409200 
0.00625 37301.372542 1420500 
0.00625 43897.055354 1464000 
0.00625 38250.667882 1468200 
0.00625 38117.676238 1422500 
0.00625 37155.649040 1382600 
0.00625 37065.216649 1427000 
0.00625 40524.630408 1457500 
0.00625 38833.483198 1363900 
0.00625 39619.672059 1424700 
0.00625 43441.292331 1490700 
0.00625 36656.263238 1457400 
0.00625 36114.229750 1470600 
0.00625 38634.081781 1481500 
0.00625 40538.108398 1406800 
0.00625 41211.974650 1344700 
0.00625 39262.873813 1332500 
0.00625 39392.156664 1364900 
0.00625 38859.820100 1451300 
0.00625 38144.253468 1417200 
0.00625 39716.148764 1447900 
0.00625 38052.713089 1437000 
0.00625 37245.262817 1490000 
0.00625 38960.548476 1402100 
0.00625 40171.365495 1354800 
0.00625 36508.795608 1390300 
0.00625 36129.805953 1419400 
0.00625 39146.956121 1422800 
0.00625 37606.348330 1486600 
0.00625 36513.176293 1370200 
0.00625 37928.085386 1506200 
0.00625 37029.083564 1419600 
0.0065 38903.854144 1403400 
0.0065 36862.105573 1413600 
0.0065 40082.696207 1351400 
0.0065 37376.790303 1325800 
0.0065 39373.380384 1305900 
0.0065 40660.772720 1256900 
0.0065 38634.807895 1308700 
0.0065 40039.627910 1435300 
0.0065 39561.852638 1316800 
0.0065 36996.180464 1484600 
0.0065 38114.527349 1401200 
0.0065 35813.812988 1420600 
0.0065 41743.681874 1301100 
0.0065 36559.325745 1335700 
0.0065 39943.763310 1264700 
0.0065 39217.466230 1398000 
0.0065 38306.180441 1254200 
0.0065 37507.718203 1473400 
0.0065 39649.158662 1354200 
0.0065 38101.231081 1289000 
0.0065 38866.001099 1367800 
0.0065 40460.714551 1274300 
0.0065 38032.980601 1334700 
0.0065 43650.131515 1380400 
0.0065 36708.289892 1326000 
0.0065 37773.380694 1404100 
0.0065 38518.246530 1382200 
0.0065 36521.023270 1395100 
0.0065 37643.370078 1393600 
0.0065 36081.802964 1379700 
0.0065 38276.285790 1314700 
0.0065 37934.510512 1491600 
0.0065 37675.067271 1368000 
0.0065 39408.910332 1403400 
0.0065 38637.178007 1392200 
0.0065 40069.395178 1346100 
0.0065 37060.986614 1254900 
0.0065 40170.747242 1439100 
0.0065 40495.578827 1382700 
0.0065 41203.688151 1366000 
0.0065 38106.876863 1342000 
0.0065 36873.035305 1409500 
0.0065 36854.963912 1413500 
0.0065 38121.509337 1298100 
0.0065 37128.197038 1383800 
0.0065 37540.926493 1456900 
0.0065 36452.040638 1379200 
0.0065 42822.520622 1271100 
0.0065 40117.353186 1394200 
0.0065 36688.534144 1285900 
0.0065 38583.225824 1443200 
0.0065 37147.505855 1325500 
0.0065 40303.129676 1464800 
0.0065 38138.334318 1504600 
0.0065 41266.185545 1267300 
0.0065 42208.189480 1320500 
0.0065 40728.077797 1389000 
0.0065 37929.184678 1288800 
0.0065 38491.107498 1411600 
0.0065 36959.625588 1422100 
0.0065 40434.875817 1404900 
0.0065 42045.020593 1446700 
0.0065 40172.072724 1331900 
0.0065 37061.902495 1346600 
0.0065 37634.364321 1400000 
0.0065 40969.553076 1369500 
0.0065 38000.025467 1272300 
0.0065 40684.801142 1282900 
0.0065 40981.668637 1315500 
0.0065 39591.168693 1369900 
0.0065 39256.830885 1413600 
0.0065 36637.337771 1376300 
0.0065 40424.546939 1383100 
0.0065 38237.560937 1380500 
0.0065 37905.540745 1425300 
0.0065 34856.264712 1407800 
0.0065 37001.559131 1273000 
0.0065 38758.212567 1329100 
0.0065 33570.256914 1389400 
0.0065 35063.956907 1412500 
0.0065 36296.318905 1348700 
0.0065 40480.049367 1437900 
0.0065 38896.751646 1355200 
0.0065 42259.468872 1320800 
0.0065 38909.508507 1309300 
0.0065 40113.708472 1406800 
0.0065 38904.486891 1324800 
0.0065 38418.771272 1262500 
0.0065 39164.433440 1242100 
0.0065 38810.877804 1369700 
0.0065 37897.661570 1233300 
0.0065 39419.880927 1440200 
0.0065 37775.343692 1329900 
0.0065 36582.455095 1361000 
0.0065 38891.580730 1308900 
0.0065 36832.689481 1538600 
0.0065 38657.044422 1418200 
0.0065 37897.664310 1464800 
0.0065 37980.869079 1430100 
0.0065 37299.798136 1337300 
0.00675 40161.567349 1343100 
0.00675 39638.228134 1322000 
0.00675 38288.708999 1365700 
0.00675 40549.524570 1310400 
0.00675 40177.776531 1341800 
0.00675 37310.871890 1292500 
0.00675 37319.662530 1377200 
0.00675 39027.311589 1358300 
0.00675 38099.742676 1257000 
0.00675 42546.350496 1222400 
0.00675 37898.376684 1232600 
0.00675 37417.762111 1369100 
0.00675 41470.847277 1290900 
0.00675 36314.396170 1375200 
0.00675 38621.232331 1229900 
0.00675 36983.832909 1365100 
0.00675 37573.208415 1274300 
0.00675 37531.870601 1324700 
0.00675 35547.938928 1474200 
0.00675 38595.434784 1338100 
0.00675 41927.606273 1355500 
0.00675 41500.951595 1292900 
0.00675 37356.540519 1430700 
0.00675 37598.965455 1282300 
0.00675 38600.266043 1259500 
0.00675 36918.920952 1318900 
0.00675 39182.829896 1327200 
0.00675 37613.603726 1225200 
0.00675 39137.778336 1299200 
0.00675 37388.584099 1291800 
0.00675 42403.949935 1423100 
0.00675 39016.454134 1360500 
0.00675 37048.037317 1297400 
0.00675 40606.812947 1307300 
0.00675 37922.804113 1322500 
0.00675 37907.438292 1349900 
0.00675 34644.973012 1301800 
0.00675 35192.294896 1296400 
0.00675 37887.612980 1364300 
0.00675 37763.774182 1378700 
0.00675 36195.121448 1184400 
0.00675 39288.393755 1244500 
0.00675 38911.698751 1279400 
0.00675 38085.787714 1363300 
0.00675 37411.921407 1427100 
0.00675 39987.093622 1322100 
0.00675 38122.302837 1223700 
0.00675 37528.764015 1294500 
0.00675 37676.723052 1300600 
0.00675 38537.768017 1417500 
0.00675 41069.692078 1318800 
0.00675 40455.760523 1385400 
0.00675 41625.283449 1378000 
0.00675 39748.696120 1272200 
0.00675 36510.275058 1319400 
0.00675 40156.140331 1328900 
0.00675 36047.886564 1375900 
0.00675 38115.141115 1495100 
0.00675 39101.373318 1332600 
0.00675 38813.946772 1352700 
0.00675 37062.206134 1280200 
0.00675 38674.001991 1289400 
0.00675 37946.512164 1395600 
0.00675 37613.834613 1381700 
0.00675 37554.834713 1269200 
0.00675 38802.002720 1253600 
0.00675 37688.366368 1443800 
0.00675 40060.175063 1414400 
0.00675 39441.199054 1387000 
0.00675 40553.104146 1340100 
0.00675 40219.076914 1507600 
0.00675 42454.654215 1252300 
0.00675 42284.256482 1282200 
0.00675 38914.827248 1336500 
0.00675 39728.389774 1321500 
0.00675 38661.200167 1254800 
0.00675 38473.711139 1310900 
0.00675 38725.389014 1387200 
0.00675 39508.791018 1303700 
0.00675 38766.608048 1265300 
0.00675 38950.208935 1248200 
0.00675 41518.687323 1358900 
0.00675 40921.086705 1319900 
0.00675 34934.531823 1291200 
0.00675 40560.430382 1293100 
0.00675 41088.435638 1315700 
0.00675 40292.207931 1334200 
0.00675 39330.317058 1485600 
0.00675 38100.712490 1436300 
0.00675 38537.666829 1353300 
0.00675 38291.938929 1355400 
0.00675 36930.243996 1352900 
0.00675 38480.581976 1297900 
0.00675 39285.950518 1264400 
0.00675 37292.013170 1426300 
0.00675 38774.021671 1400000 
0.00675 37180.993443 1292300 
0.00675 38271.602601 1365500 
0.00675 37508.595699 1241500 
0.00675 39876.518460 1409900 
0.007 41386.960162 1249500 
0.007 36723.463454 1238300 
0.007 36640.198101 1196100 
0.007 38976.677589 1388400 
0.007 38229.896721 1221100 
0.007 35322.087408 1246100 
0.007 37128.621522 1371000 
0.007 40198.526613 1221700 
0.007 36247.144979 1211000 
0.007 39339.280847 1285400 
0.007 36820.580269 1299100 
0.007 41421.124734 1174500 
0.007 37356.548505 1271900 
0.007 45587.090634 1328600 
0.007 40351.090588 1294200 
0.007 39718.772861 1196000 
0.007 39156.854359 1243200 
0.007 35564.201519 1261900 
0.007 36235.925793 1373500 
0.007 37255.321464 1213400 
0.007 37069.786439 1304300 
0.007 38783.248866 1269200 
0.007 42385.326493 1334200 
0.007 36381.074502 1300800 
0.007 41004.347186 1265700 
0.007 34915.749672 1366900 
0.007 37102.198648 1364200 
0.007 38740.503127 1435900 
0.007 38684.284155 1271800 
0.007 38133.832485 1279000 
0.007 37613.695416 1239900 
0.007 39994.399362 1420700 
0.007 40015.156783 1239300 
0.007 39405.882661 1132300 
0.007 37809.633699 1272400 
0.007 40679.480125 1310600 
0.007 42147.878542 1228700 
0.007 42858.337472 1362600 
0.007 39769.547287 1321700 
0.007 38445.221224 1284100 
0.007 39276.786037 1211100 
0.007 40241.054667 1224500 
0.007 39365.458540 1297800 
0.007 37117.022129 1258900 
0.007 39077.788610 1283000 
0.007 37862.119819 1325500 
0.007 39726.062458 1228200 
0.007 38246.402366 1316100 
0.007 37032.740313 1250100 
0.007 40959.929569 1267400 
0.007 42894.106275 1291700 
0.007 37568.833792 1292700 
0.007 39126.107897 1266600 
0.007 36328.864881 1306900 
0.007 38688.130112 1318300 
0.007 41281.946816 1229200 
0.007 38427.210255 1386300 
0.007 41922.841302 1267800 
0.007 37458.687928 1296700 
0.007 38808.818999 1257200 
0.007 38080.863437 1329700 
0.007 39149.500518 1301400 
0.007 38848.802659 1207700 
0.007 38196.280203 1410900 
0.007 39975.792606 1288500 
0.007 39336.103246 1223900 
0.007 39471.758676 1319000 
0.007 38898.884337 1283500 
0.007 40008.948541 1227500 
0.007 38174.855427 1362900 
0.007 40444.319123 1280300 
0.007 36053.692761 1242200 
0.007 39392.953577 1262700 
0.007 36726.619551 1268900 
0.007 40807.025529 1310400 
0.007 37611.848396 1197000 
0.007 36687.205693 1278000 
0.007 37295.471827 1268600 
0.007 38496.382823 1252200 
0.007 38247.655082 1218800 
0.007 38065.810160 1327800 
0.007 36814.058786 1256100 
0.007 38678.660772 1261900 
0.007 40085.937024 1331100 
0.007 38957.618650 1380000 
0.007 38208.768315 1356700 
0.007 36878.916363 1271900 
0.007 37073.960112 1293100 
0.007 38803.211642 1338100 
0.007 41055.780276 1294400 
0.007 40935.742457 1273600 
0.007 38081.237619 1296000 
0.007 41667.400181 1298500 
0.007 41998.346747 1385400 
0.007 36954.630948 1345500 
0.007 40117.872019 1274600 
0.007 39789.604269 1302300 
0.007 40745.100686 1225600 
0.007 39389.076037 1289700 
0.007 39146.266346 1287500 
0.00725 37149.927066 1298800 
0.00725 43309.581082 1240200 
0.00725 39379.975428 1319800 
0.00725 40940.123263 1161700 
0.00725 39741.124990 1234700 
0.00725 38055.869722 1235100 
0.00725 37989.900109 1287200 
0.00725 39954.767126 1295300 
0.00725 36673.603523 1197100 
0.00725 40324.522181 1265700 
0.00725 38051.856943 1283200 
0.00725 39997.254453 1315700 
0.00725 37344.090177 1336800 
0.00725 37152.140596 1252700 
0.00725 35931.680716 1258200 
0.00725 41208.441736 1266100 
0.00725 39317.900682 1225400 
0.00725 39685.520811 1193700 
0.00725 36716.531065 1362900 
0.00725 36708.337187 1212900 
0.00725 37119.496671 1271800 
0.00725 38836.955706 1278800 
0.00725 41203.056274 1276000 
0.00725 37757.370144 1162900 
0.00725 41635.415840 1226900 
0.00725 42499.578342 1276900 
0.00725 38023.049401 1257800 
0.00725 39358.074697 1174800 
0.00725 39121.465601 1254900 
0.00725 40205.926804 1145100 
0.00725 37840.746086 1268300 
0.00725 38470.166254 1235700 
0.00725 38956.104751 1209400 
0.00725 38035.741295 1322800 
0.00725 41545.633845 1256700 
0.00725 38035.513133 1242900 
0.00725 38966.328696 1327200 
0.00725 37688.943450 1174700 
0.00725 39339.062369 1285700 
0.00725 40957.623358 1304100 
0.00725 37591.503010 1189100 
0.00725 33773.260214 1264200 
0.00725 38769.214220 1187800 
0.00725 40714.916478 1243500 
0.00725 37880.696279 1311900 
0.00725 39404.642548 1276000 
0.00725 38139.276510 1238300 
0.00725 40450.911658 1201300 
0.00725 37724.290682 1241700 
0.00725 38778.167171 1331900 
0.00725 40554.469359 1329300 
0.00725 38685.413390 1202300 
0.00725 37815.263322 1226900 
0.00725 37189.340615 1277200 
0.00725 38952.596265 1207300 
0.00725 38500.830585 1282200 
0.00725 37963.691243 1280100 
0.00725 39277.538559 1228100 
0.00725 39885.029633 1207200 
0.00725 37940.705588 1152100 
0.00725 39471.901268 1267600 
0.00725 37043.709022 1278900 
0.00725 42468.071757 1210300 
0.00725 37710.489717 1288300 
0.00725 42390.809957 1254100 
0.00725 35949.764557 1326400 
0.00725 37150.945275 1370900 
0.00725 36966.183046 1196700 
0.00725 37057.902848 1263700 
0.00725 37810.617741 1293300 
0.00725 39266.825847 1225200 
0.00725 41709.445131 1258000 
0.00725 41066.576772 1327600 
0.00725 45669.397836 1115300 
0.00725 39204.468144 1202700 
0.00725 40843.543926 1250200 
0.00725 37566.360489 1176500 
0.00725 35452.419361 1178900 
0.00725 38281.670448 1325200 
0.00725 38033.314567 1163900 
0.00725 40675.735325 1172200 
0.00725 40110.099762 1224400 
0.00725 37616.517128 1245500 
0.00725 41852.641899 1203800 
0.00725 38739.943799 1153200 
0.00725 36819.310447 1189800 
0.00725 36742.314329 1195000 
0.00725 37026.312971 1185800 
0.00725 40657.166698 1180400 
0.00725 38777.522114 1203000 
0.00725 38200.477976 1228400 
0.00725 36857.939766 1194700 
0.00725 38571.929433 1208300 
0.00725 41903.731408 1175600 
0.00725 42058.471159 1216500 
0.00725 41050.120178 1188700 
0.00725 38364.790694 1255500 
0.00725 38298.788117 1350100 
0.00725 39770.771220 1208300 
0.00725 43751.136521 1295200 
0.0075 38137.958448 1217700 
0.0075 38066.665636 1257500 
0.0075 37640.103379 1133700 
0.0075 40451.328411 1173400 
0.0075 39750.226271 1065300 
0.0075 39950.944301 1241900 
0.0075 36653.608846 1158000 
0.0075 38455.881537 1160600 
0.0075 39509.831249 1183500 
0.0075 38519.198899 1218200 
0.0075 39951.433437 1255400 
0.0075 40237.129296 1200700 
0.0075 38734.119598 1198900 
0.0075 39604.672642 1278800 
0.0075 38524.086503 1100400 
0.0075 36911.605735 1258000 
0.0075 38092.435029 1184000 
0.0075 37908.678331 1184500 
0.0075 36667.054708 1227200 
0.0075 39442.860826 1187000 
0.0075 41531.255075 1207300 
0.0075 37440.861498 1257600 
0.0075 42450.201260 1277600 
0.0075 40054.171849 1175800 
0.0075 41948.674502 1140500 
0.0075 41558.396249 1197500 
0.0075 38344.554957 1194200 
0.0075 39670.354793 1179600 
0.0075 39909.188121 1250100 
0.0075 41047.657750 1235200 
0.0075 38842.334859 1248300 
0.0075 41216.323922 1212200 
0.0075 39411.478529 1148800 
0.0075 37432.701787 1217100 
0.0075 40628.045220 1318000 
0.0075 39721.301805 1247400 
0.0075 38118.860077 1090500 
0.0075 37246.293522 1120000 
0.0075 38419.702364 1218700 
0.0075 40250.318150 1177700 
0.0075 39021.768042 1159700 
0.0075 36684.319047 1187600 
0.0075 36946.277138 1268500 
0.0075 37907.877863 1247300 
0.0075 40824.084110 1272300 
0.0075 40980.926932 1112100 
0.0075 40531.714760 1138000 
0.0075 38379.067806 1194300 
0.0075 38368.131558 1196700 
0.0075 38560.679455 1231600 
0.0075 41245.465743 1157300 
0.0075 39462.997825 1233400 
0.0075 41201.164780 1143200 
0.0075 38190.344136 1260700 
0.0075 39252.909924 1265300 
0.0075 41106.114993 1274400 
0.0075 39926.127811 1236500 
0.0075 39725.427400 1249100 
0.0075 41348.421653 1280100 
0.0075 38757.092865 1330000 
0.0075 37399.801451 1230700 
0.0075 39433.585823 1187300 
0.0075 40808.397540 1146000 
0.0075 38513.456064 1226300 
0.0075 36995.241435 1132300 
0.0075 37288.199350 1214000 
0.0075 36948.854384 1239700 
0.0075 37129.551433 1294700 
0.0075 37375.313997 1227300 
0.0075 41708.341007 1154700 
0.0075 44284.475850 1139400 
0.0075 38225.673613 1204000 
0.0075 40060.720528 1244400 
0.0075 39750.158975 1149900 
0.0075 40379.366583 1248100 
0.0075 39824.715869 1182200 
0.0075 40050.227179 1183600 
0.0075 38149.791906 1290500 
0.0075 40179.515491 1290500 
0.0075 41866.827001 1236300 
0.0075 38294.972599 1184700 
0.0075 38606.219377 1217000 
0.0075 39468.458924 1184300 
0.0075 39427.539896 1152600 
0.0075 37669.658340 1316400 
0.0075 40756.333781 1334400 
0.0075 39467.980297 1294800 
0.0075 37409.840957 1233900 
0.0075 40310.864287 1175200 
0.0075 37032.844271 1179500 
0.0075 39557.353714 1210600 
0.0075 39630.578439 1253500 
0.0075 39428.289133 1253800 
0.0075 38213.887430 1273400 
0.0075 39550.470503 1311400 
0.0075 39206.052072 1123700 
0.0075 37386.234978 1313600 
0.0075 40055.541250 1249900 
0.0075 37538.290238 1167100 
0.0075 38491.390489 1222900 
0.00775 38491.033284 1152000 
0.00775 38172.141531 1192300 
0.00775 36263.244289 1162700 
0.00775 39685.235674 1206300 
0.00775 40839.097278 1185800 
0.00775 37987.771025 1209700 
0.00775 40635.483396 1215300 
0.00775 38643.789895 1209000 
0.00775 40833.706255 1205300 
0.00775 40648.180026 1203800 
0.00775 41055.228013 1194700 
0.00775 36662.299493 1138700 
0.00775 38177.865221 1306200 
0.00775 37996.846218 1137200 
0.00775 40481.016328 1062100 
0.00775 38733.519269 1229400 
0.00775 43348.853534 1269200 
0.00775 42073.660234 1235200 
0.00775 39399.467205 1164900 
0.00775 37854.650090 1271600 
0.00775 37991.248857 1190800 
0.00775 36389.896225 1157400 
0.00775 42408.400945 1260000 
0.00775 37317.666690 1147600 
0.00775 39880.145506 1076900 
0.00775 39186.636953 1198500 
0.00775 38922.641538 1183000 
0.00775 39150.841071 1183000 
0.00775 36861.903763 1176200 
0.00775 36985.531155 1130500 
0.00775 37385.758141 1146500 
0.00775 39532.862979 1161200 
0.00775 36590.882112 1171600 
0.00775 36209.876465 1166900 
0.00775 42213.213222 1297100 
0.00775 37733.877902 1145700 
0.00775 41443.428889 1168500 
0.00775 39172.464396 1197000 
0.00775 43316.218457 1216600 
0.00775 39545.716912 1217400 
0.00775 37507.822392 1322200 
0.00775 40088.299569 1192600 
0.00775 38052.868527 1138900 
0.00775 40579.624259 1322400 
0.00775 37808.473029 1213200 
0.00775 36321.916928 1290100 
0.00775 37653.544364 1189100 
0.00775 39818.212551 1212900 
0.00775 39345.896606 1204700 
0.00775 39579.960172 1317900 
0.00775 42982.411507 1115200 
0.00775 37691.339296 1169500 
0.00775 38913.139493 1173100 
0.00775 37700.631224 1122000 
0.00775 36080.568938 1126900 
0.00775 37350.835283 1163200 
0.00775 38583.084326 1068000 
0.00775 37484.358089 1254100 
0.00775 36672.893550 1179400 
0.00775 41298.711751 1087400 
0.00775 40769.697158 1119600 
0.00775 37722.600386 1114000 
0.00775 37495.108772 1115400 
0.00775 39855.923016 1298200 
0.00775 38971.324344 1154900 
0.00775 41969.203066 1265800 
0.00775 37746.229679 1129600 
0.00775 35662.852887 1209100 
0.00775 40841.884306 1228800 
0.00775 35759.584847 1202900 
0.00775 34886.166874 1224600 
0.00775 40399.697064 1198900 
0.00775 40040.652112 1281200 
0.00775 36247.390655 1201700 
0.00775 41004.901869 1188300 
0.00775 38364.900147 1183200 
0.00775 41240.747270 1142700 
0.00775 40867.709924 1064200 
0.00775 39167.224402 1052400 
0.00775 42011.809372 1206400 
0.00775 41266.894048 1237800 
0.00775 37172.641265 1125600 
0.00775 40292.599114 1186100 
0.00775 37503.030844 1249800 
0.00775 39240.338763 1193300 
0.00775 40179.396048 1169200 
0.00775 40306.853909 1103900 
0.00775 38122.900444 1077600 
0.00775 42289.756471 1108900 
0.00775 37758.442054 1204700 
0.00775 39745.064775 1264600 
0.00775 39524.107416 1202700 
0.00775 39281.250974 1195000 
0.00775 41385.600664 1165300 
0.00775 39154.101361 1267400 
0.00775 37616.385609 1159000 
0.00775 40387.420071 1231500 
0.00775 38888.588686 1141600 
0.00775 39294.359289 1239900 
0.00775 38648.522290 1263700 
0.008 37674.259188 1134300 
0.008 36001.854653 1108600 
0.008 41798.504372 1098800 
0.008 38613.516984 1145900 
0.008 39048.121551 1102200 
0.008 41310.105306 1152100 
0.008 41258.083542 1130700 
0.008 40426.256468 1227700 
0.008 43996.656325 1284800 
0.008 38899.884515 1152200 
0.008 39459.936214 1139900 
0.008 42865.810726 1162700 
0.008 37440.518866 1136900 
0.008 38079.859933 1204000 
0.008 40952.540622 1155300 
0.008 40897.996503 1195200 
0.008 36710.662953 1067700 
0.008 38795.369070 1139400 
0.008 36458.493766 1185300 
0.008 39299.897810 1022200 
0.008 38640.667047 1086600 
0.008 39754.089061 1211900 
0.008 38267.532253 1109800 
0.008 41860.101182 1165900 
0.008 38928.881523 1198000 
0.008 41467.370986 1104500 
0.008 37115.293945 1121400 
0.008 39538.314212 1074300 
0.008 41273.317231 1207600 
0.008 40272.472550 1129800 
0.008 42771.656377 1215700 
0.008 46228.148188 1208000 
0.008 39537.296818 1079600 
0.008 36626.968203 1163300 
0.008 42950.842216 1120600 
0.008 37529.234242 1148900 
0.008 41690.646632 1173600 
0.008 40220.208709 1149800 
0.008 40129.647283 1124700 
0.008 40234.088044 1180300 
0.008 39511.170847 1163200 
0.008 37015.825049 1125900 
0.008 40867.231147 1058700 
0.008 40886.931445 1148000 
0.008 39309.367185 1107800 
0.008 39113.778707 1142800 
0.008 39962.549192 1187800 
0.008 38380.153714 1080700 
0.008 37825.537291 1173100 
0.008 39557.085215 1136900 
0.008 41329.177737 1213400 
0.008 43452.919054 1144400 
0.008 41115.708564 1175800 
0.008 36683.390593 1186000 
0.008 42022.789860 1141000 
0.008 38819.188247 1215200 
0.008 42938.635177 1155900 
0.008 38693.512093 1222100 
0.008 42711.586355 1112000 
0.008 39947.139584 1226200 
0.008 39735.099012 1125600 
0.008 40003.367153 1084400 
0.008 37982.881009 1205100 
0.008 40590.832232 1253600 
0.008 41853.783619 1084500 
0.008 38976.619808 999500 
0.008 38810.844504 1257700 
0.008 38201.861862 1153700 
0.008 40351.027675 1123200 
0.008 40904.805743 1190200 
0.008 35893.815218 1218800 
0.008 40640.568174 1228400 
0.008 42494.164769 1138800 
0.008 39671.040006 1085100 
0.008 39129.491671 1216500 
0.008 40880.299223 1164100 
0.008 43595.868227 1137300 
0.008 43004.902390 1235200 
0.008 40499.713457 1202500 
0.008 39434.061177 1173100 
0.008 37447.448944 1174300 
0.008 37551.443004 1108200 
0.008 41791.736823 1167000 
0.008 38902.783468 1126800 
0.008 36370.621691 1152600 
0.008 37030.618714 1082600 
0.008 39657.603004 1183200 
0.008 40939.659988 1127200 
0.008 37482.233585 1143600 
0.008 37517.718585 1121500 
0.008 40235.295162 1174200 
0.008 36379.160660 1174700 
0.008 37580.467743 1132600 
0.008 43045.517072 1110300 
0.008 39020.134134 1190200 
0.008 37404.264534 1182300 
0.008 41784.943201 1188600 
0.008 38416.473022 1210300 
0.008 38618.890007 1080900 
0.008 39544.674151 1237800 
0.00825 39632.589610 1162100 
0.00825 37772.992411 1110700 
0.00825 40555.710133 1088500 
0.00825 39821.096519 1082000 
0.00825 42745.405185 1034800 
0.00825 42466.065833 1074000 
0.00825 42418.191119 1093600 
0.00825 37257.018864 1128700 
0.00825 41935.863101 1166100 
0.00825 40163.806492 1128400 
0.00825 40420.338992 1165400 
0.00825 38709.772961 1099500 
0.00825 39752.681845 1082100 
0.00825 39568.675973 1182000 
0.00825 36592.575227 1201400 
0.00825 39286.319697 1155000 
0.00825 40374.351601 1062300 
0.00825 36547.282636 1118800 
0.00825 38563.581943 1098100 
0.00825 39942.534611 1100400 
0.00825 36343.341447 1067600 
0.00825 42552.400470 1155200 
0.00825 37241.976895 1100200 
0.00825 38000.229969 1058000 
0.00825 40534.732436 1098200 
0.00825 38529.021558 1126000 
0.00825 36109.108579 1008500 
0.00825 40905.300545 1140300 
0.00825 40834.701813 1124900 
0.00825 38100.575416 1040800 
0.00825 39826.703263 1114700 
0.00825 39222.038584 1171500 
0.00825 39153.951359 1163500 
0.00825 37099.312479 1035500 
0.00825 39382.476538 1060600 
0.00825 40393.881834 1115400 
0.00825 40906.412076 1040600 
0.00825 40454.875642 1081600 
0.00825 38606.853485 1174900 
0.00825 39846.882501 1215800 
0.00825 39025.921625 1048900 
0.00825 36243.748312 1217800 
0.00825 40589.002323 1173300 
0.00825 37458.998217 1124900 
0.00825 43002.788230 1103600 
0.00825 39151.779233 1159600 
0.00825 40025.089461 1115100 
0.00825 39677.824625 1107100 
0.00825 40053.583200 1104600 
0.00825 42678.558474 1153800 
0.00825 38151.165110 1079900 
0.00825 43267.548896 1158500 
0.00825 39518.596363 1082200 
0.00825 38940.036991 1142600 
0.00825 42159.087608 1140200 
0.00825 35062.336747 1196000 
0.00825 40167.026591 1120900 
0.00825 39805.795295 1097500 
0.00825 38111.206300 1113800 
0.00825 41115.208869 1157100 
0.00825 38419.551077 1167200 
0.00825 39101.538680 1115600 
0.00825 40833.440690 1161200 
0.00825 40240.522666 1045000 
0.00825 38736.668962 1118300 
0.00825 42726.933810 1105100 
0.00825 35828.344510 1124700 
0.00825 39797.332240 1038500 
0.00825 37183.915473 1107700 
0.00825 43496.636502 1137500 
0.00825 39944.619808 1086500 
0.00825 39515.825657 1159100 
0.00825 39175.147471 1038100 
0.00825 38751.386148 1091700 
0.00825 39119.412369 1234400 
0.00825 39628.886935 1121100 
0.00825 39753.251324 1128000 
0.00825 36710.184057 1075100 
0.00825 40632.056828 1121400 
0.00825 37469.687721 1185400 
0.00825 38337.009708 1179500 
0.00825 36615.280365 1120100 
0.00825 38184.699958 1235300 
0.00825 40978.682638 1079700 
0.00825 39310.074334 1128600 
0.00825 39755.759521 1183700 
0.00825 39905.302834 1070500 
0.00825 36554.822204 1162800 
0.00825 39564.897693 1050400 
0.00825 40377.806818 1312400 
0.00825 40745.027552 1133200 
0.00825 37685.216566 1139200 
0.00825 38125.186733 1073600 
0.00825 40799.542860 1191200 
0.00825 36407.466940 1124600 
0.00825 38451.699827 1178300 
0.00825 38152.558482 1103200 
0.00825 36981.962908 1131500 
0.00825 40498.800227 1067600 
0.00825 36744.438276 1185200 
0.0085 40760.293824 1062700 
0.0085 40556.117368 950700 
0.0085 38028.538376 1101400 
0.0085 43584.575387 1150200 
0.0085 38039.002696 1036000 
0.0085 39342.538511 1084400 
0.0085 40295.817425 1085300 
0.0085 36770.938756 1072100 
0.0085 37324.235496 1086200 
0.0085 40031.091464 1155600 
0.0085 37935.895507 1191300 
0.0085 40658.515675 1049200 
0.0085 41303.414189 1068500 
0.0085 39576.742257 1043800 
0.0085 43435.869762 1167700 
0.0085 40870.490428 1165400 
0.0085 38579.050782 1019200 
0.0085 41200.500832 1118900 
0.0085 42177.369066 1078300 
0.0085 37735.582745 1068200 
0.0085 40383.144634 1001200 
0.0085 40849.800203 1020500 
0.0085 38638.678914 1178100 
0.0085 37013.501939 1135800 
0.0085 43975.884460 1155500 
0.0085 37752.889488 1083600 
0.0085 39758.352919 1104800 
0.0085 40085.191719 1073200 
0.0085 44859.793477 1108500 
0.0085 38711.210016 1252100 
0.0085 37930.116051 1102500 
0.0085 38972.002044 1082900 
0.0085 40782.067099 1112700 
0.0085 41018.418786 1109100 
0.0085 39633.472731 1096200 
0.0085 38968.158575 1252100 
0.0085 40574.715080 1058200 
0.0085 38243.960218 1117500 
0.0085 35458.515522 1217600 
0.0085 37232.655132 1102600 
0.0085 41033.218273 1214800 
0.0085 40377.092949 1097800 
0.0085 38249.846050 1077000 
0.0085 39652.448444 1111900 
0.0085 38875.588491 1059800 
0.0085 38047.361083 1098000 
0.0085 37683.897783 1089700 
0.0085 34787.820585 1080600 
0.0085 41185.352422 1017100 
0.0085 41010.201023 1186000 
0.0085 38165.583929 1058200 
0.0085 39938.060322 1194600 
0.0085 39011.056717 1044400 
0.0085 40452.779427 986500 
0.0085 39015.515263 1185300 
0.0085 37519.217193 1072300 
0.0085 36311.644836 1102200 
0.0085 38603.398130 1082200 
0.0085 40730.188718 1101800 
0.0085 41672.655109 1133600 
0.0085 40270.310205 1099800 
0.0085 40007.711512 1079000 
0.0085 39224.431429 1177700 
0.0085 36273.379494 1203800 
0.0085 42085.742019 1046400 
0.0085 40253.135154 1079300 
0.0085 41000.133733 1078300 
0.0085 42534.085782 1033400 
0.0085 42640.113240 1035400 
0.0085 41769.764441 1131400 
0.0085 38607.998937 1086200 
0.0085 38077.715557 980500 
0.0085 39732.139115 1161100 
0.0085 40366.616043 1076000 
0.0085 35848.807914 1155800 
0.0085 37531.604859 1062900 
0.0085 42008.874290 1140800 
0.0085 40845.215588 1126000 
0.0085 40568.726579 1058800 
0.0085 38458.719613 1104700 
0.0085 39177.682022 1143800 
0.0085 37400.981446 1121200 
0.0085 44308.641867 1079000 
0.0085 39257.688419 1213400 
0.0085 39818.158013 1039800 
0.0085 40106.241862 1105600 
0.0085 39567.638783 1022900 
0.0085 39195.554796 1117700 
0.0085 40075.629817 1119500 
0.0085 42806.817146 1119600 
0.0085 38351.789239 1109700 
0.0085 39756.441609 1240500 
0.0085 37236.264691 1065200 
0.0085 36111.697102 1266300 
0.0085 38086.458075 1049000 
0.0085 38649.323402 1104300 
0.0085 39631.775862 1099100 
0.0085 40389.720286 1236000 
0.0085 37196.495055 1117400 
0.0085 37056.868832 1101500 
0.00875 38867.316767 1101900 
0.00875 35732.669422 1106200 
0.00875 39933.708658 1079200 
0.00875 39684.494828 1043800 
0.00875 40481.779471 994000 
0.00875 41940.887559 1050800 
0.00875 40069.972691 1003800 
0.00875 41044.635523 1100200 
0.00875 40193.058438 1083300 
0.00875 40900.560647 1067300 
0.00875 38606.454710 1074000 
0.00875 44772.867663 977700 
0.00875 40467.903640 1108700 
0.00875 41343.872707 1070200 
0.00875 42214.781595 1026100 
0.00875 37801.654318 1063700 
0.00875 38581.682111 1057500 
0.00875 40158.201217 1056900 
0.00875 38714.446673 1044600 
0.00875 41505.173037 1021600 
0.00875 41144.079759 1138600 
0.00875 37076.471103 1107500 
0.00875 37209.066475 1061000 
0.00875 38919.570189 1071000 
0.00875 40095.713589 1057300 
0.00875 37683.028267 1070800 
0.00875 35907.522584 1045300 
0.00875 43249.591115 1084800 
0.00875 39940.967037 1041300 
0.00875 40959.076205 1075000 
0.00875 36210.390606 1069600 
0.00875 35704.451471 1097000 
0.00875 40539.508681 1026600 
0.00875 40361.813878 1057600 
0.00875 40401.204684 1058800 
0.00875 40451.906819 1075400 
0.00875 38179.769233 1044200 
0.00875 38790.331243 1086700 
0.00875 38657.437473 1026300 
0.00875 41525.158069 1144300 
0.00875 38350.845844 1031500 
0.00875 39793.178744 983000 
0.00875 40905.052902 1066700 
0.00875 39647.202662 1119400 
0.00875 41049.383880 1011900 
0.00875 40700.400259 1027000 
0.00875 38442.726770 1068400 
0.00875 39398.847535 1049600 
0.00875 40417.244679 1066900 
0.00875 39743.085128 1172300 
0.00875 38950.322164 1012000 
0.00875 39441.021318 1043700 
0.00875 38204.381744 1058200 
0.00875 40562.789754 1148300 
0.00875 41625.470111 1020100 
0.00875 37067.406722 1035100 
0.00875 36876.906054 1004000 
0.00875 41748.409233 1091100 
0.00875 36597.250929 1043700 
0.00875 40042.142676 1012800 
0.00875 37684.225962 1050900 
0.00875 39292.454357 995200 
0.00875 38587.131444 1079200 
0.00875 40359.153639 1143300 
0.00875 37281.667251 1067200 
0.00875 40071.429941 1091800 
0.00875 41415.188389 1034800 
0.00875 37455.312028 1021600 
0.00875 42138.550510 1015100 
0.00875 37617.148264 1017900 
0.00875 41060.812292 1066600 
0.00875 39509.160399 1049900 
0.00875 42002.376231 1028400 
0.00875 42536.682164 1063300 
0.00875 38863.520258 1063900 
0.00875 39776.518835 1064900 
0.00875 39849.496342 1029700 
0.00875 38747.141498 1084900 
0.00875 38664.092180 1003200 
0.00875 41333.951306 974600 
0.00875 37584.171963 1073400 
0.00875 39555.464104 1087000 
0.00875 39579.870691 1031200 
0.00875 39974.128675 1155200 
0.00875 39157.122777 1077400 
0.00875 38250.219901 1076700 
0.00875 41979.154065 1093500 
0.00875 36739.453754 1049700 
0.00875 39578.447339 986400 
0.00875 42467.416305 1197900 
0.00875 38875.249136 1082500 
0.00875 37065.068789 1054200 
0.00875 40562.798165 1066200 
0.00875 40558.636010 1034600 
0.00875 40743.412939 1032600 
0.00875 42062.306439 1073300 
0.00875 39826.082613 1024100 
0.00875 36927.552924 1116000 
0.00875 40260.409169 1008700 
0.00875 37523.808583 1091100 
0.009 38722.590724 1060100 
0.009 42185.475873 1007500 
0.009 42246.734916 999600 
0.009 41315.775845 992600 
0.009 38234.286985 1035600 
0.009 37421.327034 1074500 
0.009 40385.719368 1064300 
0.009 40579.447116 1021700 
0.009 35477.746794 1048000 
0.009 38928.308398 981100 
0.009 40412.767920 1054200 
0.009 39502.420561 1086200 
0.009 40354.128928 1042500 
0.009 39764.978352 915400 
0.009 40242.476757 1103700 
0.009 37261.435751 1010600 
0.009 40735.231821 977500 
0.009 38595.018108 1029300 
0.009 37966.172008 985400 
0.009 37282.283126 1039000 
0.009 39771.943163 1090600 
0.009 40247.679059 1035600 
0.009 37744.217676 1042300 
0.009 38709.310036 967700 
0.009 38033.901450 967200 
0.009 42018.639217 1022100 
0.009 39230.118913 1004100 
0.009 38265.042261 1085500 
0.009 44289.544048 1139100 
0.009 39170.571503 1093900 
0.009 39616.367877 1114000 
0.009 41427.536229 975900 
0.009 41111.417776 1018200 
0.009 45247.184016 1020800 
0.009 41244.571801 976900 
0.009 41771.682538 998100 
0.009 39954.705430 1027500 
0.009 37625.833061 976500 
0.009 38581.796512 1045600 
0.009 42567.090436 999400 
0.009 37155.890857 1029300 
0.009 39425.493092 965800 
0.009 39746.137045 1100600 
0.009 39600.882559 1082900 
0.009 39908.904046 1075300 
0.009 41992.561096 1046600 
0.009 37846.878539 1083300 
0.009 40084.808200 1116200 
0.009 37776.016161 998700 
0.009 41285.777767 1115100 
0.009 42285.084656 1032500 
0.009 38969.517023 988800 
0.009 39906.886157 1113900 
0.009 39557.246245 1019100 
0.009 38531.369423 1122300 
0.009 36827.027873 1080500 
0.009 41390.463924 1086500 
0.009 38009.705765 1186000 
0.009 39157.576747 1029400 
0.009 40836.254578 1113900 
0.009 40386.887148 1060900 
0.009 42311.169002 1129800 
0.009 37836.417465 1026200 
0.009 43035.474607 1080500 
0.009 37228.152647 994600 
0.009 38112.709095 1031500 
0.009 40052.559867 1075700 
0.009 40176.955848 1043400 
0.009 40987.384063 991700 
0.009 40837.285320 994600 
0.009 39939.306959 970300 
0.009 42074.408767 1030900 
0.009 38876.459250 987600 
0.009 38210.835011 1016500 
0.009 40620.456576 967400 
0.009 35875.151478 1091600 
0.009 37665.604901 1101200 
0.009 39106.572099 1109200 
0.009 38794.780807 1081700 
0.009 39094.955026 1022800 
0.009 37281.512195 1104200 
0.009 41250.865033 1045200 
0.009 40367.072743 1023900 
0.009 43242.338342 1043400 
0.009 40872.945438 1019900 
0.009 38059.540834 1092000 
0.009 38075.204433 994800 
0.009 38162.026657 1030500 
0.009 40970.002095 1042600 
0.009 37803.219672 1050100 
0.009 44819.786107 988500 
0.009 43448.786052 1004700 
0.009 39778.848146 1102500 
0.009 41697.236938 1053100 
0.009 38286.231092 1077300 
0.009 40076.568255 1004000 
0.009 41184.016650 1060200 
0.009 38650.721636 1030500 
0.009 37736.023043 1018400 
0.009 41443.485460 926600 
0.00925 36149.519009 1038800 
0.00925 42224.547051 1026400 
0.00925 42558.148483 1036200 
0.00925 39682.283996 994100 
0.00925 39165.641709 977700 
0.00925 41798.709773 994500 
0.00925 46138.398234 1008700 
0.00925 40581.940095 1063800 
0.00925 38840.059301 992000 
0.00925 36401.806955 1082200 
0.00925 39257.573927 1018800 
0.00925 39576.098142 1009400 
0.00925 38580.774349 1023900 
0.00925 39776.448600 1005500 
0.00925 38163.994608 983700 
0.00925 40628.578688 1056900 
0.00925 40240.032961 1044100 
0.00925 39698.247364 1098300 
0.00925 39573.379862 1105700 
0.00925 38577.475699 999500 
0.00925 42473.641818 1029900 
0.00925 38001.970012 996400 
0.00925 37026.509366 894900 
0.00925 41554.541009 1101700 
0.00925 40637.094658 999300 
0.00925 40173.788222 1030100 
0.00925 39512.916053 1035400 
0.00925 40612.879258 1016500 
0.00925 39970.639428 1079600 
0.00925 38475.021720 937300 
0.00925 37246.019238 1155300 
0.00925 42065.823248 1045500 
0.00925 37963.733425 956600 
0.00925 39987.761821 1076900 
0.00925 37780.299835 939600 
0.00925 42778.590643 1133700 
0.00925 37152.818461 1034100 
0.00925 40091.995254 953200 
0.00925 38609.987144 1091500 
0.00925 41761.662985 924000 
0.00925 37566.787499 974000 
0.00925 42922.483258 1009400 
0.00925 38580.304499 1022700 
0.00925 39359.750727 992300 
0.00925 40700.962866 1098100 
0.00925 41536.031076 1002000 
0.00925 40162.529992 1035200 
0.00925 38240.384063 1020400 
0.00925 39319.819497 1001300 
0.00925 40108.246885 987900 
0.00925 40096.161686 998400 
0.00925 38242.470501 885400 
0.00925 39268.030673 1020900 
0.00925 40165.461600 1056300 
0.00925 39168.749910 897000 
0.00925 36670.685321 968000 
0.00925 39261.843702 957200 
0.00925 42225.994638 991800 
0.00925 38089.942022 1055300 
0.00925 39036.408174 977200 
0.00925 39336.696426 1038400 
0.00925 39185.530748 1026400 
0.00925 40123.179853 1054800 
0.00925 39595.635793 1057600 
0.00925 40782.330679 974200 
0.00925 41767.416242 1034400 
0.00925 39768.015615 1036000 
0.00925 37688.127194 1007300 
0.00925 37222.710946 1020500 
0.00925 39675.513250 933800 
0.00925 37975.439692 961700 
0.00925 37920.354980 1065500 
0.00925 42908.232116 1010000 
0.00925 38892.992161 982300 
0.00925 38619.180114 1037800 
0.00925 39154.684773 1005800 
0.00925 42974.096140 1087800 
0.00925 36541.954332 1058800 
0.00925 38649.395591 1125500 
0.00925 40678.128960 1028800 
0.00925 40758.761516 1000300 
0.00925 37824.523419 1155100 
0.00925 39566.300573 1062400 
0.00925 41393.579104 1054600 
0.00925 38989.196236 1023400 
0.00925 35758.471253 1072700 
0.00925 37556.340037 1084100 
0.00925 37505.608064 1042000 
0.00925 37258.490415 931400 
0.00925 37834.767801 1035500 
0.00925 40619.621427 1038700 
0.00925 39299.037657 1022400 
0.00925 39407.475392 949300 
0.00925 41839.705478 1042700 
0.00925 37229.753369 1048900 
0.00925 40558.593295 988800 
0.00925 39636.194627 1010900 
0.00925 41884.959978 1063700 
0.00925 38660.547493 978700 
0.00925 38650.689287 1024300 
0.0095 40780.637680 1057700 
0.0095 40860.613070 1048400 
0.0095 38555.996028 1035900 
0.0095 41061.396441 939100 
0.0095 37291.084346 977300 
0.0095 39317.651176 1015500 
0.0095 41999.974163 1020500 
0.0095 39158.577531 1012200 
0.0095 39528.717438 994100 
0.0095 40903.470556 922500 
0.0095 38730.475070 982000 
0.0095 37052.315340 920000 
0.0095 39799.551294 973300 
0.0095 39803.910413 958200 
0.0095 38824.821762 1053200 
0.0095 40646.502484 932000 
0.0095 40727.445109 1021800 
0.0095 42370.328161 985300 
0.0095 38926.666014 1003100 
0.0095 39740.842337 966800 
0.0095 40556.028348 942200 
0.0095 39910.055930 940900 
0.0095 40188.771481 986700 
0.0095 42959.829380 1066000 
0.0095 39803.614995 1048200 
0.0095 40292.002090 1035600 
0.0095 38430.441962 958900 
0.0095 37230.449442 1022400 
0.0095 38831.193005 1059200 
0.0095 46078.643919 1083500 
0.0095 39440.680649 937300 
0.0095 37895.341533 956600 
0.0095 42007.346844 992700 
0.0095 41123.196391 986100 
0.0095 41326.396849 951900 
0.0095 38360.570363 949200 
0.0095 38907.757794 1015100 
0.0095 40268.653679 985400 
0.0095 39446.805494 1078000 
0.0095 42575.240240 1011000 
0.0095 40224.528800 1074200 
0.0095 37520.300006 1049900 
0.0095 39920.175496 1036000 
0.0095 38595.138920 1018700 
0.0095 38094.099692 1015600 
0.0095 43699.369434 913200 
0.0095 37425.524995 995200 
0.0095 36929.844389 945900 
0.0095 42557.416031 972200 
0.0095 37900.244509 1107500 
0.0095 36826.914432 953600 
0.0095 39235.283441 1102900 
0.0095 37966.362160 1158400 
0.0095 39655.928109 995100 
0.0095 39734.733838 962300 
0.0095 42274.041523 1043000 
0.0095 41630.707631 1003300 
0.0095 41570.599882 988200 
0.0095 39949.010233 987000 
0.0095 39122.524466 1010000 
0.0095 39675.999306 958200 
0.0095 38496.122657 955600 
0.0095 38486.052681 966700 
0.0095 41416.918985 1036500 
0.0095 38846.872378 1005000 
0.0095 41271.938224 993100 
0.0095 39840.618228 984700 
0.0095 42955.096870 1080400 
0.0095 39371.712540 1000400 
0.0095 40897.103078 1004800 
0.0095 38516.735706 985900 
0.0095 42148.315550 926900 
0.0095 39567.408274 1022500 
0.0095 39604.957300 1066100 
0.0095 40025.289726 943700 
0.0095 39557.589178 951800 
0.0095 38333.708909 1026800 
0.0095 37957.452688 1047800 
0.0095 40835.878880 993100 
0.0095 38998.930870 942100 
0.0095 40466.374619 994500 
0.0095 41443.779037 1061400 
0.0095 43113.468007 935600 
0.0095 38720.160675 1049000 
0.0095 40408.216045 1048800 
0.0095 37723.513572 880000 
0.0095 41140.131828 947400 
0.0095 38215.186748 1022800 
0.0095 38888.063658 996900 
0.0095 42019.434721 960500 
0.0095 37716.207102 978500 
0.0095 38879.926181 1017000 
0.0095 41341.364136 997500 
0.0095 39596.859629 979300 
0.0095 37783.002040 1046500 
0.0095 40617.519397 944800 
0.0095 39304.849185 1084900 
0.0095 37669.783396 925300 
0.0095 42122.343715 1016700 
0.0095 39746.529730 968000 
0.00975 41641.116893 957500 
0.00975 43143.309657 933100 
0.00975 36858.619213 1022000 
0.00975 37615.060537 1030400 
0.00975 41935.539162 986200 
0.00975 40785.555159 973200 
0.00975 38300.410955 988500 
0.00975 44800.114605 1086100 
0.00975 38730.650671 936300 
0.00975 39824.799474 947900 
0.00975 43328.684727 969200 
0.00975 38782.259523 1056400 
0.00975 43403.271813 923400 
0.00975 38237.438951 1002000 
0.00975 38112.783505 1062500 
0.00975 37981.270787 974900 
0.00975 37229.894605 978100 
0.00975 39431.440896 1001400 
0.00975 38052.198903 949100 
0.00975 36147.643262 905600 
0.00975 40446.696205 995400 
0.00975 39624.822485 960200 
0.00975 39490.414129 1036900 
0.00975 38349.374398 968600 
0.00975 38833.771561 932500 
0.00975 37841.635957 910100 
0.00975 37062.752291 932800 
0.00975 43960.112001 956500 
0.00975 39754.455022 982800 
0.00975 41799.312653 1038600 
0.00975 38570.485281 1054800 
0.00975 38201.475347 945900 
0.00975 38624.952845 1004300 
0.00975 38097.631615 975200 
0.00975 38760.292632 992600 
0.00975 40429.785095 956500 
0.00975 40584.297135 989400 
0.00975 38133.094068 1016200 
0.00975 40990.342926 1049500 
0.00975 36648.941895 941600 
0.00975 40703.811781 928500 
0.00975 42262.004494 971100 
0.00975 40288.250670 986200 
0.00975 40012.860776 932900 
0.00975 41442.556429 956800 
0.00975 40083.775088 1010800 
0.00975 41484.019588 998400 
0.00975 40223.219406 981400 
0.00975 38979.648526 988800 
0.00975 38756.492216 987500 
0.00975 40844.050559 962800 
0.00975 44356.556451 972000 
0.00975 43082.966462 867900 
0.00975 38931.733885 963600 
0.00975 40252.192564 988200 
0.00975 41584.885074 969400 
0.00975 39445.197970 1001600 
0.00975 42319.212924 964900 
0.00975 36493.599661 1001900 
0.00975 42880.339243 1184100 
0.00975 39841.849723 996300 
0.00975 39911.989704 1027000 
0.00975 37586.720686 942100 
0.00975 42609.923673 984700 
0.00975 42914.489621 1051500 
0.00975 40623.756444 983800 
0.00975 41957.354006 982600 
0.00975 42309.314926 980100 
0.00975 39310.702296 945100 
0.00975 42089.475127 1038800 
0.00975 38220.419502 927200 
0.00975 37010.615065 952500 
0.00975 40859.998862 950600 
0.00975 42890.816052 994500 
0.00975 43033.103463 883600 
0.00975 43188.324873 961300 
0.00975 40246.403114 1047000 
0.00975 35938.470657 985200 
0.00975 37002.325124 1004400 
0.00975 38594.127516 987600 
0.00975 39282.505653 940100 
0.00975 38834.039398 996600 
0.00975 38084.194581 931600 
0.00975 40202.083399 1015800 
0.00975 43484.985752 987000 
0.00975 39161.895045 931300 
0.00975 38061.486192 898900 
0.00975 37089.399403 1084100 
0.00975 39680.871293 1060900 
0.00975 40658.439952 911600 
0.00975 38081.518955 955100 
0.00975 41023.923661 993100 
0.00975 38214.341310 960900 
0.00975 41114.322733 965300 
0.00975 38714.481259 934400 
0.00975 38731.632112 1033100 
0.00975 40948.899013 993000 
0.00975 37061.923104 1019000 
0.00975 38130.320693 965100 
0.00975 44279.762062 924700 
0.0001 31552.370990 78077300 
0.0001 32365.223761 79767400 
0.0001 31069.278195 79360300 
0.0001 31536.172955 76727000 
0.0001 32274.375647 77009600 
0.0001 32129.055035 79297500 
0.0001 33124.534666 78553600 
0.0001 31488.066671 81308200 
0.0001 31435.084456 76353000 
0.0001 31547.213418 78732300 
0.0001 32023.540870 76960000 
0.0001 32056.617653 77065500 
0.0001 32129.807024 79405700 
0.0001 31746.679983 78167100 
0.0001 32298.194705 76043500 
0.0001 32067.550397 78622900 
0.0001 31820.153587 76699300 
0.0001 31402.679135 78236400 
0.0001 32429.313240 77589500 
0.0001 32487.594556 76611800 
0.0001 32234.589841 80031800 
0.0001 31482.109940 76941100 
0.0001 32636.326439 77724600 
0.0001 31268.625704 74839200 
0.0001 32342.795203 79535200 
0.0001 32009.423912 76515100 
0.0001 32442.514692 78516000 
0.0001 33414.995906 76784900 
0.0001 32273.336194 79820200 
0.0001 32673.981293 80146500 
0.0001 31885.361908 78437800 
0.0001 32680.820300 77803900 
0.0001 32172.742285 78967800 
0.0001 32224.651322 79827200 
0.0001 31806.108219 77834900 
0.0001 32661.740291 79959100 
0.0001 32054.559525 81440600 
0.0001 31944.690163 76838600 
0.0001 32297.906622 78574600 
0.0001 31717.745300 79309000 
0.0001 32022.946500 73203300 
0.0001 32072.563454 77306500 
0.0001 32030.021258 80970500 
0.0001 31804.304781 80543100 
0.0001 31457.101581 78320000 
0.0001 31894.886294 72239900 
0.0001 32736.247049 78580300 
0.0001 32467.870854 79655700 
0.0001 32938.400150 80115700 
0.0001 32436.470409 77635800 
0.0001 31168.324258 77291000 
0.0001 32085.229491 76780100 
0.0001 32457.455906 78485100 
0.0001 31748.245287 80035600 
0.0001 31844.861241 79218600 
0.0001 31079.333466 75716900 
0.0001 32370.460747 77781600 
0.0001 32004.997446 77679300 
0.0001 32978.172916 78178400 
0.0001 31429.326392 77632400 
0.0001 32086.769495 80477600 
0.0001 31491.987195 78338400 
0.0001 33376.590235 80058000 
0.0001 31702.889410 77989000 
0.0001 32113.487870 75986500 
0.0001 31976.689729 78862800 
0.0001 31292.663761 81120600 
0.0001 32647.334405 76572500 
0.0001 31570.449503 78743500 
0.0001 32216.173536 76987600 
0.0001 32654.217345 77432200 
0.0001 31752.132670 76795900 
0.0001 31650.010466 75447600 
0.0001 32003.648705 76173100 
0.0001 32279.339709 78647600 
0.0001 31786.635436 78391300 
0.0001 32398.596084 78010200 
0.0001 31944.659029 78081700 
0.0001 31862.973915 77319000 
0.0001 31787.376089 80061100 
0.0001 32812.066052 77805100 
0.0001 31552.915430 79081400 
0.0001 32017.600483 78232800 
0.0001 31089.988618 77209100 
0.0001 31747.126621 79415100 
0.0001 31340.996662 77670700 
0.0001 32367.390332 78282500 
0.0001 31901.031597 78415600 
0.0001 31309.007415 81005500 
0.0001 31222.054036 78748400 
0.0001 31123.597753 79476900 
0.0001 31252.258483 78178700 
0.0001 31225.332842 77637600 
0.0001 32192.278638 78345100 
0.0001 32917.787030 75429300 
0.0001 32417.162263 77792800 
0.0001 31909.803836 77169600 
0.0001 31622.082693 80716800 
0.0001 32617.289912 78674700 
0.0001 31590.326053 77057800 
0.000125 31534.778120 63751200 
0.000125 32412.804121 62716200 
0.000125 31534.797438 60063900 
0.000125 31690.248222 62368000 
0.000125 32431.738421 61710700 
0.000125 31300.365464 60376700 
0.000125 31051.178400 62488100 
0.000125 32348.784218 62576000 
0.000125 32482.395759 64061900 
0.000125 32370.698401 62320700 
0.000125 32625.579559 63862200 
0.000125 31948.634306 61064300 
0.000125 31977.351935 60279400 
0.000125 32131.844703 59660900 
0.000125 31948.585261 61416800 
0.000125 31303.030704 62016400 
0.000125 31710.365575 62059500 
0.000125 31189.892871 60993200 
0.000125 31769.217364 62001100 
0.000125 32045.526024 61685900 
0.000125 30980.562457 60617800 
0.000125 33402.426561 61680600 
0.000125 32895.283995 62760100 
0.000125 31420.061859 62263800 
0.000125 31791.360331 60719100 
0.000125 31966.849568 61520400 
0.000125 32181.937492 62812400 
0.000125 32564.669666 60183700 
0.000125 32837.928722 61264400 
0.000125 31756.597492 62318500 
0.000125 32039.751832 59758400 
0.000125 31621.266645 64509000 
0.000125 32607.489290 60867000 
0.000125 32088.500966 59524400 
0.000125 32574.560485 61909500 
0.000125 32045.222284 61099200 
0.000125 31872.251390 63200100 
0.000125 31946.542459 61545100 
0.000125 31495.036901 61631600 
0.000125 31922.375391 63854700 
0.000125 31868.872285 63842700 
0.000125 33146.756051 63310000 
0.000125 32243.364860 63658200 
0.000125 31659.980238 63197200 
0.000125 30817.781326 63419700 
0.000125 31021.372731 61255000 
0.000125 31064.521080 60613100 
0.000125 31996.907286 61689500 
0.000125 31550.448442 59533400 
0.000125 31767.965605 61985200 
0.000125 30976.584606 63176000 
0.000125 31699.564887 63364500 
0.000125 32385.383052 62059000 
0.000125 32061.380260 62254800 
0.000125 31780.641066 59090300 
0.000125 32280.679992 60694000 
0.000125 32392.919272 62369100 
0.000125 32310.540845 63781100 
0.000125 32157.530677 61735200 
0.000125 33202.024374 62651300 
0.000125 34250.952047 63784100 
0.000125 31627.873983 61878600 
0.000125 32299.535336 61502800 
0.000125 32339.774497 60719700 
0.000125 32855.273916 60901400 
0.000125 30904.710318 63257000 
0.000125 32741.005429 60911600 
0.000125 34047.002431 58787400 
0.000125 31903.785092 61894400 
0.000125 32484.242571 61726500 
0.000125 32777.148227 64613300 
0.000125 33503.675804 59807900 
0.000125 31556.133585 64937400 
0.000125 32102.241845 59328500 
0.000125 31725.008331 61470700 
0.000125 31760.884355 62483200 
0.000125 31195.943108 61149200 
0.000125 31287.164777 60857800 
0.000125 31510.529809 58593600 
0.000125 31427.607152 59284800 
0.000125 31449.294752 62336900 
0.000125 31180.622564 61194000 
0.000125 33340.438330 61008800 
0.000125 31178.030285 60034200 
0.000125 32003.812357 59538700 
0.000125 30809.760516 61886700 
0.000125 32328.475972 62471500 
0.000125 31189.659498 61296400 
0.000125 31127.884115 59149800 
0.000125 32010.057114 65557600 
0.000125 32849.618364 61685000 
0.000125 32309.935154 64925100 
0.000125 32119.984787 60355200 
0.000125 31660.921626 63063600 
0.000125 32865.282083 63342600 
0.000125 31922.411935 60168000 
0.000125 32437.224763 62080400 
0.000125 32994.640470 58344500 
0.000125 31237.283391 64334900 
0.000125 31171.159994 62602400 
0.00015 32808.315981 54646500 
0.00015 32120.069509 52946800 
0.00015 33149.193601 52174900 
0.00015 32353.305991 52307100 
0.00015 32761.288117 51133400 
0.00015 33727.950276 51592500 
0.00015 32724.166451 51425700 
0.00015 31582.914601 53198900 
0.00015 32262.876488 50084100 
0.00015 32489.389174 52773700 
0.00015 32105.979002 52538300 
0.00015 31420.858232 54273800 
0.00015 31545.418686 51192500 
0.00015 31117.999301 51986000 
0.00015 31722.512098 53052300 
0.00015 32471.915330 52790700 
0.00015 32856.131933 55329400 
0.00015 31706.165122 49207900 
0.00015 31777.495668 52713500 
0.00015 32436.509458 50437400 
0.00015 32759.657562 54657000 
0.00015 32898.998222 47934200 
0.00015 30887.983010 49378400 
0.00015 32049.009600 53139500 
0.00015 31944.042399 52423100 
0.00015 32790.644899 51124800 
0.00015 32173.777917 52065900 
0.00015 32001.405496 51774900 
0.00015 32870.280860 51733900 
0.00015 33002.470181 50746400 
0.00015 32824.706903 49795400 
0.00015 33170.210620 51776600 
0.00015 31841.109171 51968000 
0.00015 32020.015236 53624100 
0.00015 32146.317311 50614300 
0.00015 33289.048807 52429400 
0.00015 32076.302594 52211000 
0.00015 32560.436954 49832000 
0.00015 32658.113075 51951100 
0.00015 32814.493408 54988900 
0.00015 31987.243541 50811500 
0.00015 32374.091989 52554600 
0.00015 32961.308635 49746600 
0.00015 32558.427429 52199500 
0.00015 31310.953699 52012900 
0.00015 33239.722505 52273100 
0.00015 31980.104384 50470400 
0.00015 33263.146373 50978200 
0.00015 32742.103607 48408700 
0.00015 31649.509156 52848600 
0.00015 33457.708787 52688400 
0.00015 31621.922818 51857900 
0.00015 31284.862554 52108600 
0.00015 32935.230483 49275200 
0.00015 32389.742612 50425700 
0.00015 32006.147408 49992000 
0.00015 32055.689851 52423200 
0.00015 32234.372501 52342800 
0.00015 32411.688699 50731700 
0.00015 31283.374652 50711700 
0.00015 32262.316192 49681800 
0.00015 33084.063917 52556400 
0.00015 32020.398212 51670600 
0.00015 32504.340644 51885100 
0.00015 31941.737445 52655900 
0.00015 31998.703904 52335800 
0.00015 32409.344214 54537500 
0.00015 31699.299840 56863800 
0.00015 32236.195022 53581000 
0.00015 32191.855906 52554100 
0.00015 32824.364646 49615400 
0.00015 32331.264597 51063500 
0.00015 30801.454129 53164100 
0.00015 32277.935101 52783000 
0.00015 31285.782293 51989400 
0.00015 32877.773790 52057200 
0.00015 32169.388675 51957200 
0.00015 31843.036820 53058000 
0.00015 32100.165388 49614500 
0.00015 31788.344063 52111700 
0.00015 31897.220117 50701600 
0.00015 31331.564795 51337800 
0.00015 32872.942647 52335900 
0.00015 30864.999229 50612100 
0.00015 32584.128293 53644300 
0.00015 32164.912593 50365400 
0.00015 31721.747363 52561000 
0.00015 31716.407670 52451300 
0.00015 32107.000999 51910300 
0.00015 32148.468886 54702400 
0.00015 33335.075385 51469600 
0.00015 31704.689443 49176200 
0.00015 32968.678765 54625600 
0.00015 32499.644557 50258100 
0.00015 32001.565321 52023900 
0.00015 31649.149639 51877800 
0.00015 33272.864576 51959100 
0.00015 32326.626826 53792800 
0.00015 31050.955758 51657500 
0.00015 31441.746658 51264600 
0.000175 32742.571768 43814100 
0.000175 32650.074576 42471400 
0.000175 31702.542849 43383500 
0.000175 32168.473144 44162500 
0.000175 31849.904182 46348000 
0.000175 32707.281662 43546500 
0.000175 33191.181607 44794600 
0.000175 32104.033531 43496400 
0.000175 31819.006805 44637300 
0.000175 31447.644344 43905200 
0.000175 32392.358995 45150900 
0.000175 31338.271145 45433800 
0.000175 32582.920435 45303200 
0.000175 32562.019782 44671300 
0.000175 32894.928565 45286900 
0.000175 31483.724452 45520400 
0.000175 32095.348249 45638900 
0.000175 33245.451078 45130000 
0.000175 31189.667289 44238800 
0.000175 32852.825319 45381000 
0.000175 31846.822263 44622900 
0.000175 32701.287098 44300700 
0.000175 32837.648585 48020400 
0.000175 32022.765274 45336100 
0.000175 33660.881501 43670600 
0.000175 31460.116397 45075200 
0.000175 32096.656332 46574600 
0.000175 32359.775151 45851500 
0.000175 32397.692146 47569900 
0.000175 32557.493643 44608500 
0.000175 32595.185819 43661900 
0.000175 32357.290053 45840900 
0.000175 32766.361319 44619200 
0.000175 33166.851061 44013500 
0.000175 31597.988893 43740000 
0.000175 32653.613180 44034400 
0.000175 31490.345145 42827300 
0.000175 32656.991298 45485700 
0.000175 31904.183833 45850200 
0.000175 31631.359182 46878400 
0.000175 31827.207236 44115400 
0.000175 33161.778152 42920200 
0.000175 32487.224255 45443400 
0.000175 31862.049007 43474200 
0.000175 31092.900013 44866300 
0.000175 31580.825565 46522100 
0.000175 32007.943736 45318900 
0.000175 32733.948267 44778800 
0.000175 32752.662392 44090800 
0.000175 32690.011312 46669100 
0.000175 31648.928772 43727600 
0.000175 32258.603186 42049900 
0.000175 31730.917036 44068100 
0.000175 31759.900941 45442600 
0.000175 33134.196445 45124600 
0.000175 33738.436400 44510400 
0.000175 31883.278798 44164300 
0.000175 31999.182435 46043100 
0.000175 32473.655572 43552800 
0.000175 31171.454460 42648100 
0.000175 32532.451500 45997400 
0.000175 32708.791130 45195300 
0.000175 31836.868998 45791600 
0.000175 32639.374329 44121900 
0.000175 32152.322690 46393500 
0.000175 31498.728408 44766900 
0.000175 31821.754579 44645500 
0.000175 31467.704357 44490100 
0.000175 32781.320379 43538700 
0.000175 31941.427331 45016200 
0.000175 32635.670498 45082700 
0.000175 33971.997693 45177800 
0.000175 33043.530581 46575600 
0.000175 31956.268320 44988300 
0.000175 32302.932989 43743400 
0.000175 32324.150607 44613600 
0.000175 32536.856000 43631300 
0.000175 32252.979108 44617200 
0.000175 32914.869776 43866200 
0.000175 32550.634495 45242500 
0.000175 32854.283762 43177500 
0.000175 32218.512498 44942100 
0.000175 32842.784311 44535500 
0.000175 31981.146789 42796100 
0.000175 32673.606805 41345000 
0.000175 32395.538915 46029400 
0.000175 31634.562011 44024600 
0.000175 33265.927197 44376600 
0.000175 32330.730100 44311700 
0.000175 32125.051523 45740300 
0.000175 31433.947692 43582400 
0.000175 31057.995831 44510000 
0.000175 33373.666446 44109400 
0.000175 33773.696407 44813400 
0.000175 31080.333721 44431300 
0.000175 31629.587547 45874200 
0.000175 31587.618537 44339100 
0.000175 31988.642386 45472000 
0.000175 32329.485415 44144300 
0.000175 32168.551873 46328700 
0.0002 32298.440491 39432300 
0.0002 31767.735835 38319200 
0.0002 31688.689707 38786800 
0.0002 30915.567804 38264500 
0.0002 32308.266169 38554000 
0.0002 33398.405521 38320600 
0.0002 32099.516306 39954700 
0.0002 31047.998355 38836200 
0.0002 32187.571796 41009000 
0.0002 32808.936673 39264000 
0.0002 33855.741159 36743800 
0.0002 32349.268129 39099300 
0.0002 32351.804213 39467700 
0.0002 31691.610970 39840800 
0.0002 32724.371859 39401900 
0.0002 32089.383958 39052300 
0.0002 32576.075239 38053500 
0.0002 31332.642636 40881900 
0.0002 31612.518408 38703600 
0.0002 33091.244413 38122300 
0.0002 32846.514491 37848300 
0.0002 33083.239005 39097100 
0.0002 34351.976223 41083200 
0.0002 31307.312050 38310100 
0.0002 31883.016417 39749900 
0.0002 33073.753209 37976500 
0.0002 33692.518755 37952900 
0.0002 31744.133577 39008800 
0.0002 31767.831477 40868800 
0.0002 33094.709739 39110200 
0.0002 31647.803169 39081500 
0.0002 31974.161298 39420500 
0.0002 32324.011307 39619600 
0.0002 32537.883633 39562500 
0.0002 33266.528915 36718100 
0.0002 31920.701882 37587400 
0.0002 32540.710488 39915400 
0.0002 31694.515813 38735600 
0.0002 31518.276902 39935700 
0.0002 31297.050780 39001700 
0.0002 31897.931091 40102600 
0.0002 32174.855952 38857700 
0.0002 32560.399992 38742300 
0.0002 32786.386376 39506900 
0.0002 31794.559719 38647400 
0.0002 32437.738889 37902500 
0.0002 32770.979574 39232500 
0.0002 33026.977429 40944700 
0.0002 31814.830257 38460700 
0.0002 33412.248762 37350300 
0.0002 31488.048352 41493400 
0.0002 34259.691913 38464100 
0.0002 31637.114958 39491200 
0.0002 32640.895755 38508900 
0.0002 32620.513044 39892500 
0.0002 33101.997698 37268700 
0.0002 33608.655320 39060600 
0.0002 32651.667485 41052100 
0.0002 32329.807205 38096100 
0.0002 32898.908839 38674400 
0.0002 31365.091822 39251700 
0.0002 33762.387559 37878400 
0.0002 33109.525068 37367700 
0.0002 32590.915850 39525800 
0.0002 33183.907900 38272300 
0.0002 33621.481658 39699500 
0.0002 31827.232676 39758000 
0.0002 32827.500251 40748800 
0.0002 32529.518808 39719300 
0.0002 32740.258422 37199500 
0.0002 32228.348922 39119600 
0.0002 32149.573851 37757700 
0.0002 33522.536394 38841900 
0.0002 32251.148753 37061300 
0.0002 31436.139768 39812600 
0.0002 32827.634314 38575200 
0.0002 31915.205204 39688100 
0.0002 31933.351821 37983500 
0.0002 32896.280732 37332700 
0.0002 32238.454652 39346700 
0.0002 32314.930563 38557100 
0.0002 31806.832651 40166500 
0.0002 34268.133166 39584900 
0.0002 32349.259832 38289200 
0.0002 32940.056115 38679900 
0.0002 32649.833915 38913300 
0.0002 32487.270216 39097100 
0.0002 33915.490551 40201700 
0.0002 32618.812572 40414600 
0.0002 31388.070447 38814100 
0.0002 33091.950064 38195000 
0.0002 31216.898888 38911200 
0.0002 32334.352299 40613400 
0.0002 31996.707121 39322900 
0.0002 33737.977584 38218400 
0.0002 31923.693817 37978700 
0.0002 30731.079037 38677900 
0.0002 32262.470437 38851100 
0.0002 31476.476459 38591500 
0.0002 33330.717617 38588600 
0.000225 32516.788471 33874200 
0.000225 32041.230860 34925600 
0.000225 33347.517789 35173100 
0.000225 33465.918482 35732100 
0.000225 32242.843550 34063500 
0.000225 32634.515422 35739500 
0.000225 32556.242388 34487800 
0.000225 32443.650729 33742400 
0.000225 33056.593781 34951500 
0.000225 33303.212604 35201000 
0.000225 32514.202411 35541700 
0.000225 32068.686077 32725000 
0.000225 32561.906310 34744300 
0.000225 31472.983942 33629900 
0.000225 32440.555550 34812500 
0.000225 31756.758536 34612400 
0.000225 31604.204495 33887600 
0.000225 31692.707650 33696800 
0.000225 32680.901723 34874100 
0.000225 32184.807598 34003400 
0.000225 34264.566156 34677200 
0.000225 32353.045373 34983500 
0.000225 33139.521190 33756100 
0.000225 32726.580627 34282100 
0.000225 32258.702681 34537400 
0.000225 32470.739356 35257900 
0.000225 32580.959177 35080600 
0.000225 31603.764937 35390900 
0.000225 33160.706802 33771500 
0.000225 33174.587670 33842500 
0.000225 31217.457566 34960600 
0.000225 33755.799416 34554400 
0.000225 32211.319673 34613700 
0.000225 32128.853108 34463300 
0.000225 32658.740557 35476100 
0.000225 33135.164425 34724500 
0.000225 30727.677942 33269800 
0.000225 32726.165008 34499700 
0.000225 31446.336065 33633600 
0.000225 32109.968069 34647000 
0.000225 31584.056936 34895000 
0.000225 32639.165291 35435400 
0.000225 32472.643392 35684100 
0.000225 31905.280712 32880100 
0.000225 32304.974850 34191400 
0.000225 34001.087814 34464800 
0.000225 33018.628808 34247900 
0.000225 31276.713527 34893500 
0.000225 32268.564591 32736600 
0.000225 32429.348172 35960100 
0.000225 32484.537280 34818200 
0.000225 32971.827807 35497900 
0.000225 32781.836818 33395100 
0.000225 32616.564673 34908000 
0.000225 33307.408058 33939300 
0.000225 32083.764014 35033600 
0.000225 32586.653078 35521900 
0.000225 32335.081095 35150200 
0.000225 32076.736980 34499900 
0.000225 32685.492030 33704500 
0.000225 31536.629097 35708300 
0.000225 32552.724184 35444900 
0.000225 32700.548802 34492600 
0.000225 30697.450609 33754400 
0.000225 33344.928091 35176800 
0.000225 33208.192086 34160900 
0.000225 33055.538726 35868000 
0.000225 33837.206128 36676200 
0.000225 32660.408154 36108400 
0.000225 33014.994029 35926800 
0.000225 32480.563025 35647200 
0.000225 30597.319216 36788200 
0.000225 31811.473577 34975300 
0.000225 31437.162171 34569400 
0.000225 33134.110530 36051300 
0.000225 31819.615332 35651600 
0.000225 32698.484705 34657000 
0.000225 31753.566588 34982600 
0.000225 32813.149312 36496300 
0.000225 32041.687168 33694000 
0.000225 32624.421929 35529500 
0.000225 31308.681181 33874500 
0.000225 32138.842196 32986400 
0.000225 32433.331048 34654300 
0.000225 32464.744835 34046300 
0.000225 33165.194856 33884600 
0.000225 32800.505422 35425200 
0.000225 32706.659591 34752300 
0.000225 32587.153606 36008400 
0.000225 32607.080151 33639600 
0.000225 32756.168098 34652400 
0.000225 33379.884965 36463800 
0.000225 32719.700625 33800100 
0.000225 32148.987466 35453400 
0.000225 32002.622949 33882800 
0.000225 31798.573798 35072500 
0.000225 33037.345923 36180400 
0.000225 32452.302280 35094800 
0.000225 32338.625649 33860500 
0.000225 32113.890598 33875600 
0.00025 32261.099430 30401500 
0.00025 32716.376108 30886900 
0.00025 35324.955974 31401400 
0.00025 31543.130923 30264000 
0.00025 32266.688108 32465800 
0.00025 33418.648025 31405300 
0.00025 33142.412983 30843200 
0.00025 32268.175298 31690100 
0.00025 31669.631837 32029500 
0.00025 33606.314198 30733900 
0.00025 32748.398653 31670600 
0.00025 31761.566424 30455200 
0.00025 32193.086937 30636500 
0.00025 31604.114978 30184500 
0.00025 31794.441420 31826500 
0.00025 31873.640701 30668300 
0.00025 33378.199089 30243700 
0.00025 33007.847340 31250200 
0.00025 33416.065629 31237800 
0.00025 32243.906534 31712300 
0.00025 32744.152472 30904200 
0.00025 32340.403907 31526400 
0.00025 33116.700678 31844700 
0.00025 32206.452552 30738400 
0.00025 32682.550608 31657100 
0.00025 32540.752710 32008300 
0.00025 32267.091711 31421000 
0.00025 32116.131312 31417100 
0.00025 32946.220742 30871100 
0.00025 31872.115155 32072300 
0.00025 32373.068833 30756100 
0.00025 32371.030796 32001500 
0.00025 32513.921486 32328100 
0.00025 32808.811567 31289200 
0.00025 32239.039121 31589700 
0.00025 32107.137123 31478100 
0.00025 32758.585053 30080900 
0.00025 31824.603428 32532900 
0.00025 32198.764571 31352800 
0.00025 33089.317915 30927100 
0.00025 31986.056149 29873900 
0.00025 31868.520588 30078700 
0.00025 32714.390514 31521600 
0.00025 33196.169135 30420400 
0.00025 32192.591097 30778500 
0.00025 32797.174655 30596700 
0.00025 31633.483852 30556200 
0.00025 32414.860053 32320700 
0.00025 31349.328850 29653800 
0.00025 32378.846811 30424600 
0.00025 32309.315947 33615200 
0.00025 31254.189302 31275900 
0.00025 32256.863472 31795500 
0.00025 33096.794589 30524200 
0.00025 32652.280085 30632300 
0.00025 32418.133052 30629400 
0.00025 33114.822455 31909700 
0.00025 32256.782090 31354200 
0.00025 32314.409378 29542300 
0.00025 32791.317841 31609600 
0.00025 32542.325833 32213100 
0.00025 30653.364445 31377500 
0.00025 32622.535474 31552200 
0.00025 32059.787408 29499300 
0.00025 31614.691451 31124000 
0.00025 33076.493106 30383000 
0.00025 31969.479042 31645000 
0.00025 31513.848659 32000600 
0.00025 32991.958993 31885900 
0.00025 34152.821873 31540600 
0.00025 32672.414108 31051100 
0.00025 32937.214250 30966200 
0.00025 32167.145240 30650200 
0.00025 32107.638160 32583700 
0.00025 31817.586567 30762700 
0.00025 32833.085424 30259600 
0.00025 33521.916017 31964800 
0.00025 32475.481918 31179900 
0.00025 32535.644167 32195400 
0.00025 32406.070101 31400400 
0.00025 32538.520719 29626800 
0.00025 32179.249654 30287300 
0.00025 31847.585882 30944100 
0.00025 31763.167266 30954700 
0.00025 31681.069615 32240000 
0.00025 31678.928286 32117500 
0.00025 32422.162615 30489700 
0.00025 32249.498565 32435600 
0.00025 32990.074976 31505000 
0.00025 32185.868896 30805100 
0.00025 31959.141298 31435300 
0.00025 32804.335643 31342600 
0.00025 32526.309751 30312800 
0.00025 32496.571608 30348700 
0.00025 32653.548744 32191800 
0.00025 32526.420001 31911600 
0.00025 32536.674213 29773900 
0.00025 33063.414100 31351200 
0.00025 31985.466565 31478700 
0.00025 31898.789076 32793600 
0.000275 33148.006173 30275400 
0.000275 32262.954321 29578800 
0.000275 32492.511813 28946700 
0.000275 32563.159832 28329500 
0.000275 32293.283005 29459200 
0.000275 33637.421414 28592300 
0.000275 33026.898124 27737300 
0.000275 31674.470212 27648100 
0.000275 32232.826279 29557400 
0.000275 33000.351407 28170300 
0.000275 32716.650716 27510100 
0.000275 32127.367856 29348800 
0.000275 33135.721442 27542800 
0.000275 31357.600537 28480400 
0.000275 32444.148644 27344700 
0.000275 32808.058652 28357800 
0.000275 31601.491530 28332600 
0.000275 32643.004090 29156900 
0.000275 32731.867831 28794600 
0.000275 32192.080252 28509500 
0.000275 32392.527758 28318700 
0.000275 33831.356960 27566500 
0.000275 32420.867190 26968100 
0.000275 31885.762304 28656300 
0.000275 32127.724997 30085300 
0.000275 31953.430107 28242400 
0.000275 33040.158862 27759700 
0.000275 33506.919585 28967500 
0.000275 32287.459871 28845900 
0.000275 33749.578718 28779500 
0.000275 33087.408222 27724800 
0.000275 32058.294535 30255900 
0.000275 31712.984806 28648400 
0.000275 31354.343109 27777600 
0.000275 32268.330149 28734900 
0.000275 32903.025254 27666800 
0.000275 32887.663523 29163600 
0.000275 32455.011269 27820600 
0.000275 33849.961417 29938200 
0.000275 32543.748990 29619800 
0.000275 32308.665004 27659200 
0.000275 32770.773595 29187800 
0.000275 32121.143730 27860300 
0.000275 33120.581929 29066200 
0.000275 32416.884141 28242700 
0.000275 32374.974280 28963500 
0.000275 32913.356502 28535400 
0.000275 32458.495417 26895400 
0.000275 33382.151326 28367700 
0.000275 32093.373703 28038400 
0.000275 33505.431454 29032300 
0.000275 32710.281860 28105300 
0.000275 32142.565490 27453100 
0.000275 32197.360229 28761200 
0.000275 32430.726222 27623100 
0.000275 31618.356998 28119200 
0.000275 32879.439605 27935700 
0.000275 32389.530803 26996100 
0.000275 32211.761586 28370500 
0.000275 32479.455344 28003600 
0.000275 32226.017664 29099100 
0.000275 32663.435318 28132100 
0.000275 32644.249987 27900800 
0.000275 33413.894876 27858900 
0.000275 31293.795694 28173900 
0.000275 35133.126416 27201800 
0.000275 32007.417800 28177000 
0.000275 31220.530759 29064500 
0.000275 34421.248854 28312600 
0.000275 31732.134754 27584600 
0.000275 32668.476590 27000400 
0.000275 32886.419718 28306000 
0.000275 31172.042158 28651500 
0.000275 33466.203597 28537600 
0.000275 32311.149177 29202500 
0.000275 32505.885828 28311100 
0.000275 32314.292676 28616800 
0.000275 31936.774477 28583900 
0.000275 32680.340666 29301900 
0.000275 33608.197536 29557700 
0.000275 32350.512454 27632400 
0.000275 32510.839931 27957600 
0.000275 31815.596697 28020600 
0.000275 33136.803770 29827400 
0.000275 32666.814416 29819900 
0.000275 33046.708088 27944400 
0.000275 32194.165279 27955500 
0.000275 31926.537102 27236900 
0.000275 33507.259884 29465500 
0.000275 33684.498113 28486600 
0.000275 32523.060291 29538000 
0.000275 31937.180992 28845100 
0.000275 32873.578797 27870300 
0.000275 31492.937010 30149200 
0.000275 32464.152031 28090700 
0.000275 32101.604703 29612900 
0.000275 32992.338600 27550600 
0.000275 31864.790334 28018600 
0.000275 32373.526878 27108600 
0.000275 32369.113885 29251800 
0.0003 33106.622335 25766300 
0.0003 32633.442093 25360400 
0.0003 33421.122768 26526500 
0.0003 34186.929065 26568100 
0.0003 31882.665533 26345000 
0.0003 32159.396097 26756100 
0.0003 31862.843724 25400300 
0.0003 32009.595282 25848800 
0.0003 32788.250023 24997300 
0.0003 32851.914558 26408700 
0.0003 33684.420263 26100600 
0.0003 33391.099423 27001300 
0.0003 33238.602754 26310900 
0.0003 32700.690986 26549000 
0.0003 31076.443233 26408500 
0.0003 32119.101405 24898300 
0.0003 32809.706658 26129700 
0.0003 32921.479094 25985500 
0.0003 33058.126088 26693600 
0.0003 32004.123122 26656200 
0.0003 31891.063768 27007100 
0.0003 32466.783494 26500500 
0.0003 32417.330549 26456800 
0.0003 33145.367338 27178900 
0.0003 33733.544378 25721800 
0.0003 33781.929418 25690800 
0.0003 35198.977108 26617000 
0.0003 32690.791073 27191900 
0.0003 30959.433197 25219300 
0.0003 32237.677344 26264600 
0.0003 33171.539094 26404100 
0.0003 33458.834215 26249300 
0.0003 31999.939054 24592300 
0.0003 32808.216611 25733400 
0.0003 32662.538235 24544000 
0.0003 32149.290341 24636400 
0.0003 33523.307467 27568800 
0.0003 32912.263317 25744900 
0.0003 34436.701941 24024700 
0.0003 33195.384621 25795200 
0.0003 32770.512199 27398900 
0.0003 32217.428610 26896500 
0.0003 32441.888386 26116700 
0.0003 33555.817832 26088200 
0.0003 32349.002743 25931400 
0.0003 32191.017983 25072100 
0.0003 32756.263333 24929500 
0.0003 32668.369451 25621100 
0.0003 32344.772986 25628800 
0.0003 31620.527808 27016200 
0.0003 32075.873930 24716800 
0.0003 31678.127187 25657800 
0.0003 33039.414561 24829600 
0.0003 34032.928059 26555000 
0.0003 33603.423101 26289000 
0.0003 31118.264162 25707300 
0.0003 31904.813796 25772400 
0.0003 32849.225749 25734400 
0.0003 33604.314965 26236600 
0.0003 33091.067324 26883900 
0.0003 31743.463429 26202300 
0.0003 31894.354066 25527200 
0.0003 32441.919282 26198600 
0.0003 32977.081306 26628800 
0.0003 32259.257915 26048300 
0.0003 31941.741477 25943900 
0.0003 31840.062056 26446500 
0.0003 33187.044152 25456500 
0.0003 33598.575665 26520800 
0.0003 33992.902675 25652200 
0.0003 32705.196745 24863000 
0.0003 33635.965715 25085000 
0.0003 31951.072635 26158200 
0.0003 31007.116636 25003400 
0.0003 32164.688315 25788300 
0.0003 32984.492089 26249500 
0.0003 32044.571484 26387600 
0.0003 33388.065020 26616300 
0.0003 33265.992148 25149100 
0.0003 32916.810613 25176200 
0.0003 32717.560928 25466100 
0.0003 32603.721265 27592200 
0.0003 32377.976605 27732800 
0.0003 32222.103529 25530500 
0.0003 32923.040330 25373500 
0.0003 33230.306122 25654100 
0.0003 34997.734474 24833100 
0.0003 33103.819680 26938500 
0.0003 32646.535866 26043000 
0.0003 33287.114768 24888400 
0.0003 31838.501330 25401200 
0.0003 34369.311419 25622200 
0.0003 32856.320242 26820700 
0.0003 32276.779856 26936400 
0.0003 33141.348876 25251900 
0.0003 33101.085778 25622500 
0.0003 32859.210304 25935900 
0.0003 34548.987970 26241800 
0.0003 33363.360128 26784900 
0.0003 31813.443422 26573500 
0.000325 33530.783472 23918700 
0.000325 33479.624985 23665500 
0.000325 32634.682121 24146000 
0.000325 33509.812975 23852000 
0.000325 33177.980432 24647200 
0.000325 33010.046628 23369100 
0.000325 31731.290563 24980300 
0.000325 33386.081882 24141800 
0.000325 34184.985786 24278000 
0.000325 32509.760534 24120600 
0.000325 31728.903788 24970500 
0.000325 32966.289003 22790700 
0.000325 33424.388795 23793200 
0.000325 32578.865064 24165800 
0.000325 32582.800669 23296700 
0.000325 32560.143101 24055100 
0.000325 33028.900452 24483000 
0.000325 33367.720667 24007800 
0.000325 32740.245614 23794800 
0.000325 32045.815928 24580300 
0.000325 32684.277979 23146900 
0.000325 32830.926260 23624300 
0.000325 32900.784395 23845100 
0.000325 32552.761347 24838500 
0.000325 33541.489263 23542800 
0.000325 33042.297260 23119900 
0.000325 32216.919083 24279400 
0.000325 33370.773163 22105400 
0.000325 33024.429453 24950800 
0.000325 31812.616173 24287100 
0.000325 33848.383406 24456300 
0.000325 33756.476132 24317000 
0.000325 33551.515325 25585700 
0.000325 33650.963968 24739600 
0.000325 33467.683216 23527600 
0.000325 32390.632720 23881800 
0.000325 31816.214585 23898400 
0.000325 32084.572090 24801300 
0.000325 32209.691411 24282000 
0.000325 33895.210037 23480800 
0.000325 32179.076673 24311700 
0.000325 32373.243692 24046700 
0.000325 32410.290323 24214400 
0.000325 31902.910373 23990800 
0.000325 32862.033476 24292400 
0.000325 33594.531037 24649900 
0.000325 33215.496993 24203300 
0.000325 32604.461364 24380900 
0.000325 32805.527916 23751600 
0.000325 31686.339119 23345300 
0.000325 33279.222362 23465900 
0.000325 33905.406218 25576200 
0.000325 32607.425023 23306700 
0.000325 31631.401201 23723500 
0.000325 33523.907831 24078300 
0.000325 33687.020504 22966700 
0.000325 32493.321602 24774500 
0.000325 33620.364645 25196400 
0.000325 32505.809262 24659800 
0.000325 31419.162206 24408000 
0.000325 31818.822754 23223700 
0.000325 32012.686180 23336400 
0.000325 33098.773202 24257300 
0.000325 32151.995833 23396900 
0.000325 32058.942238 24885200 
0.000325 31747.775509 23949600 
0.000325 32322.715030 23536600 
0.000325 32936.711752 24222000 
0.000325 33843.808122 23223900 
0.000325 31889.788901 23778800 
0.000325 33018.225957 23856000 
0.000325 32368.030282 24682700 
0.000325 32121.345990 24672300 
0.000325 31696.785037 24997900 
0.000325 32920.295681 23538000 
0.000325 31585.765158 24037900 
0.000325 32767.855770 22607100 
0.000325 32813.057262 24436700 
0.000325 32129.941511 23586900 
0.000325 32377.770686 23872900 
0.000325 32738.072349 24889400 
0.000325 33042.215125 22969900 
0.000325 32710.301403 23971800 
0.000325 32713.542815 23957700 
0.000325 32736.244919 23187200 
0.000325 32743.596587 23140500 
0.000325 32569.770923 24627100 
0.000325 31559.559238 24308900 
0.000325 32150.743438 22996900 
0.000325 33568.407687 24100100 
0.000325 32503.044582 24807100 
0.000325 33448.495020 22624100 
0.000325 32446.037247 24147900 
0.000325 32314.894409 23383600 
0.000325 33050.504068 24143100 
0.000325 32838.606475 23824700 
0.000325 32018.025737 23835200 
0.000325 33494.353981 23522900 
0.000325 33172.993048 23690000 
0.000325 32928.025642 23408200 
0.00035 32337.165528 21579900 
0.00035 32501.905555 22437200 
0.00035 32573.801490 22343500 
0.00035 31342.233120 22007000 
0.00035 32280.596125 21384700 
0.00035 33251.497045 22393100 
0.00035 32497.969360 22891000 
0.00035 30757.609273 22022100 
0.00035 33220.291363 21931300 
0.00035 34102.568663 22210700 
0.00035 31852.666306 21881900 
0.00035 34075.531519 21784000 
0.00035 32178.206835 21672000 
0.00035 32809.474268 22974100 
0.00035 31594.103825 21028300 
0.00035 32948.687080 22205800 
0.00035 33216.946775 21894000 
0.00035 33209.073409 22419700 
0.00035 32136.628499 21307200 
0.00035 33511.326358 21232700 
0.00035 33923.374834 21854600 
0.00035 31849.266373 22371400 
0.00035 33550.973887 22529100 
0.00035 32024.914434 21979900 
0.00035 31806.806842 22656700 
0.00035 33693.412487 23146000 
0.00035 33032.587573 22884400 
0.00035 32599.960385 22026000 
0.00035 32148.367166 22535500 
0.00035 33993.489237 22689700 
0.00035 32201.294604 24031500 
0.00035 33542.521586 21196800 
0.00035 33807.220033 21515700 
0.00035 32416.087912 22119200 
0.00035 31672.607709 21962000 
0.00035 33550.821454 21931300 
0.00035 33903.572510 20779400 
0.00035 33644.572274 21938200 
0.00035 33719.522632 21679900 
0.00035 31281.299366 21595100 
0.00035 31913.625738 22253900 
0.00035 32374.515373 22651200 
0.00035 32728.418891 22432500 
0.00035 33079.413876 21626900 
0.00035 31542.665491 23243400 
0.00035 31628.221434 21706300 
0.00035 32575.572630 23611700 
0.00035 32022.868253 23328600 
0.00035 32768.886444 22874600 
0.00035 32712.029323 22566700 
0.00035 34147.563631 21291100 
0.00035 32463.007254 21524500 
0.00035 31883.936914 22277500 
0.00035 33409.273440 22244900 
0.00035 32397.069544 22218100 
0.00035 32905.180815 22388300 
0.00035 32224.230693 21835700 
0.00035 33132.620166 22749100 
0.00035 33474.337519 21760000 
0.00035 32901.972860 23397600 
0.00035 31991.770904 23155900 
0.00035 33254.728209 23551200 
0.00035 32479.165396 22209700 
0.00035 33729.234650 22316100 
0.00035 32075.222362 22611900 
0.00035 33320.461382 22349300 
0.00035 33622.055255 22530000 
0.00035 32434.635370 22765000 
0.00035 32553.364142 22154100 
0.00035 32983.012901 21722000 
0.00035 33225.437471 22272600 
0.00035 32763.421292 22486200 
0.00035 31966.214836 21356900 
0.00035 33070.912936 22561100 
0.00035 32322.771846 21438300 
0.00035 32875.543051 22016300 
0.00035 32075.369029 23799900 
0.00035 31369.309728 22378400 
0.00035 33944.997489 24007300 
0.00035 33067.283629 22280600 
0.00035 32424.145199 21818100 
0.00035 32537.228847 21990400 
0.00035 33496.378446 22685900 
0.00035 32486.873413 22208900 
0.00035 32024.137111 22757500 
0.00035 33155.083528 22734400 
0.00035 34265.593695 24007100 
0.00035 33069.837809 22865800 
0.00035 32785.580566 22399500 
0.00035 33951.058207 21999500 
0.00035 32798.418502 21813500 
0.00035 32180.030511 21851800 
0.00035 33238.996109 23041800 
0.00035 33652.559148 21922900 
0.00035 32928.537453 20325700 
0.00035 33218.945725 21681400 
0.00035 33412.994822 22497800 
0.00035 34083.648233 21270700 
0.00035 32672.934130 22796900 
0.00035 32394.060294 21188700 
0.000375 32099.580708 20981200 
0.000375 33528.878176 19980800 
0.000375 33123.927812 21212900 
0.000375 32662.967782 21350300 
0.000375 33000.455027 20401300 
0.000375 32779.156105 20701800 
0.000375 31748.608479 21217500 
0.000375 31991.905919 20879200 
0.000375 32411.528662 20595200 
0.000375 32697.760719 21159200 
0.000375 33467.695172 21240900 
0.000375 33068.747850 21349800 
0.000375 33321.204543 20629000 
0.000375 32352.536294 21544100 
0.000375 32574.677373 20380900 
0.000375 33066.145981 19633600 
0.000375 32502.491643 20873000 
0.000375 32415.635104 21324900 
0.000375 32650.668800 20147900 
0.000375 32970.467400 20974700 
0.000375 31633.899539 20464000 
0.000375 33293.399326 20833200 
0.000375 34181.871857 21655200 
0.000375 32526.619425 20009500 
0.000375 32865.324799 20728600 
0.000375 32698.236670 20506400 
0.000375 33137.898562 20174000 
0.000375 31386.453293 20758600 
0.000375 33150.411866 20853300 
0.000375 33012.838958 20450100 
0.000375 32209.097327 19862200 
0.000375 33633.269843 19547800 
0.000375 33277.300167 21201700 
0.000375 34134.486215 21574800 
0.000375 32888.624974 21097000 
0.000375 32315.547547 20567100 
0.000375 33367.463372 20963400 
0.000375 32763.817261 22379300 
0.000375 32901.309512 20904200 
0.000375 32672.386223 20832000 
0.000375 33810.117868 20387800 
0.000375 34254.919046 21155300 
0.000375 32973.166246 20501800 
0.000375 33629.231833 19767800 
0.000375 33647.658388 20687100 
0.000375 32752.311213 20639600 
0.000375 32003.884909 20865100 
0.000375 32417.519579 20861000 
0.000375 32695.673075 21458300 
0.000375 32696.838532 20939700 
0.000375 33264.802787 21520500 
0.000375 32884.762838 21013600 
0.000375 32026.522155 21592500 
0.000375 33023.344554 21182900 
0.000375 33352.494855 20385500 
0.000375 32998.788778 20392300 
0.000375 32166.669838 20570600 
0.000375 31876.502134 21512600 
0.000375 32545.862592 21970100 
0.000375 32498.908911 20541500 
0.000375 32176.011959 20275000 
0.000375 33377.874601 21362900 
0.000375 33981.983803 20719600 
0.000375 32548.310989 20939200 
0.000375 32847.844655 19575600 
0.000375 34104.927456 20961700 
0.000375 31290.601062 20865300 
0.000375 32982.308714 20719500 
0.000375 33183.366345 21099900 
0.000375 33502.950085 20341100 
0.000375 33545.681143 20306300 
0.000375 31901.409776 19938600 
0.000375 32492.131562 21336600 
0.000375 31967.243179 20410000 
0.000375 34545.483330 21921700 
0.000375 32020.477433 21006200 
0.000375 33027.022003 21086600 
0.000375 32949.891477 20280400 
0.000375 31795.455331 20599000 
0.000375 31893.356212 21532300 
0.000375 31217.808762 20548600 
0.000375 31701.990041 20044600 
0.000375 32096.093276 21451800 
0.000375 33547.997453 21658000 
0.000375 33246.210995 19933100 
0.000375 33716.922018 21418700 
0.000375 35231.751733 21586400 
0.000375 33599.451316 20110400 
0.000375 32985.073648 20981200 
0.000375 33516.087131 20760200 
0.000375 34014.342281 21051700 
0.000375 32591.608899 21122500 
0.000375 33622.740173 20311800 
0.000375 32691.413856 20511000 
0.000375 32646.588485 20619000 
0.000375 32124.609607 20671200 
0.000375 33364.481572 20816600 
0.000375 33399.151694 20860500 
0.000375 32574.865038 20195500 
0.000375 31306.674067 20588400 
0.0004 32415.710445 19139700 
0.0004 32324.391589 19727200 
0.0004 34007.214035 19166800 
0.0004 32357.664913 19032100 
0.0004 33777.617476 19850000 
0.0004 34114.564126 19731700 
0.0004 33744.144813 19989200 
0.0004 33652.781969 19118300 
0.0004 34766.409141 19445500 
0.0004 33533.279167 19431100 
0.0004 32415.673189 19500300 
0.0004 33493.105196 19954500 
0.0004 32923.020431 19930700 
0.0004 31900.935457 19098800 
0.0004 32810.395483 20867600 
0.0004 33792.880889 20142000 
0.0004 32819.829074 19707000 
0.0004 33130.555757 18608400 
0.0004 32792.196812 19720500 
0.0004 33763.969068 19043800 
0.0004 33037.825895 20283300 
0.0004 32772.953751 20353500 
0.0004 33149.178453 19740600 
0.0004 32344.657155 19802300 
0.0004 32331.903421 19870800 
0.0004 31758.339780 20294100 
0.0004 31763.523479 18606800 
0.0004 32582.236561 19780200 
0.0004 33028.681502 18652800 
0.0004 33217.686866 20855600 
0.0004 31611.403786 19693500 
0.0004 32481.106242 19000300 
0.0004 32672.367168 18675300 
0.0004 32779.443088 19718500 
0.0004 33738.253979 19711800 
0.0004 33096.498045 18107900 
0.0004 33161.868376 19828600 
0.0004 33557.384482 19508900 
0.0004 33850.964988 20337800 
0.0004 32989.923658 21573400 
0.0004 32893.802890 19932500 
0.0004 32425.306825 20008600 
0.0004 32721.533947 20254100 
0.0004 33237.236043 19326800 
0.0004 32764.487014 20443600 
0.0004 33377.198423 19179700 
0.0004 32335.508090 18945400 
0.0004 32072.719646 19341400 
0.0004 33390.214496 18658700 
0.0004 33872.876017 19095900 
0.0004 31721.679877 19420400 
0.0004 33015.343288 20259000 
0.0004 31522.889912 19686000 
0.0004 32725.460679 19530300 
0.0004 32765.277598 19770800 
0.0004 32691.788263 19290500 
0.0004 31907.665185 19060400 
0.0004 32941.407667 19913200 
0.0004 34060.737279 19078700 
0.0004 32495.197109 19372300 
0.0004 33307.905113 19744700 
0.0004 33084.519240 19234600 
0.0004 34233.080595 20817000 
0.0004 33596.606114 19575900 
0.0004 32536.779172 19706500 
0.0004 32724.986732 19561000 
0.0004 32978.281426 19271000 
0.0004 32223.467272 19382900 
0.0004 32592.535509 19511200 
0.0004 33037.135853 19222100 
0.0004 33510.784193 19104200 
0.0004 31946.522596 19396200 
0.0004 33601.454971 20002800 
0.0004 32878.573864 19431900 
0.0004 32669.336009 19735600 
0.0004 32904.175261 18518200 
0.0004 34637.964458 20242200 
0.0004 34707.167964 19714300 
0.0004 33499.505454 19885300 
0.0004 32894.243350 20531300 
0.0004 31587.504867 19812800 
0.0004 32229.266887 19241000 
0.0004 31956.310917 20477900 
0.0004 34394.435283 20325200 
0.0004 32436.499839 19801600 
0.0004 36894.933117 19981800 
0.0004 32679.293760 19719400 
0.0004 31688.773680 18962700 
0.0004 34047.948064 18856800 
0.0004 32202.510635 19219700 
0.0004 33326.373870 19002100 
0.0004 33632.157851 18600300 
0.0004 32599.886029 18310700 
0.0004 32729.596090 19464700 
0.0004 32333.586043 19387600 
0.0004 31435.603325 19866800 
0.0004 32014.877686 19309000 
0.0004 32871.983639 19430900 
0.0004 33080.797144 19228100 
0.0004 34457.779575 18674000 
0.000425 32935.556890 19103700 
0.000425 32162.618646 18628700 
0.000425 32506.035813 18663500 
0.000425 33153.132366 19178900 
0.000425 31595.631674 18130600 
0.000425 33926.525326 17696400 
0.000425 33496.205149 17609000 
0.000425 32562.251146 18921000 
0.000425 33741.181952 16900800 
0.000425 32285.531892 17646300 
0.000425 32866.964601 17415800 
0.000425 32145.545432 18287900 
0.000425 34931.069353 18592800 
0.000425 33663.756258 19097000 
0.000425 32560.351808 18656200 
0.000425 33104.152761 18354000 
0.000425 32749.613720 18405600 
0.000425 33353.213944 18556700 
0.000425 33891.551126 18813000 
0.000425 33107.752640 17704400 
0.000425 33807.632557 18821600 
0.000425 33889.952903 17539600 
0.000425 33003.037106 18774400 
0.000425 33380.279956 18407000 
0.000425 32750.659289 17702900 
0.000425 33097.139111 19291700 
0.000425 32750.869187 18367000 
0.000425 33164.943742 19104400 
0.000425 35280.072728 18830600 
0.000425 33231.979105 17248800 
0.000425 33328.535587 18693800 
0.000425 32813.027381 18412900 
0.000425 32434.313855 17403500 
0.000425 32198.272017 19295500 
0.000425 32992.631588 18602000 
0.000425 32727.717406 18129700 
0.000425 32835.661910 19501600 
0.000425 32540.801320 17930500 
0.000425 33148.900741 18836200 
0.000425 33129.667917 18392900 
0.000425 33139.122927 18542000 
0.000425 31576.437385 17558500 
0.000425 33279.890309 18828400 
0.000425 34009.964530 19101000 
0.000425 32066.762526 19091200 
0.000425 32742.171619 18775600 
0.000425 33312.803370 18371100 
0.000425 32543.871067 17891800 
0.000425 33082.782600 18813900 
0.000425 32270.968479 19497800 
0.000425 34658.474641 18452700 
0.000425 32742.903708 18730400 
0.000425 31714.773231 18117500 
0.000425 32351.968635 18319700 
0.000425 32630.356227 18787500 
0.000425 32298.567359 18742100 
0.000425 32597.131048 18890700 
0.000425 31955.389211 18352900 
0.000425 32290.440342 18592100 
0.000425 33832.459837 18842600 
0.000425 32232.866303 17716000 
0.000425 34283.422104 18064600 
0.000425 32370.810610 18829000 
0.000425 32727.475285 18350900 
0.000425 31854.024534 18325700 
0.000425 33122.015175 18333200 
0.000425 31779.361539 18295200 
0.000425 33833.671196 18419000 
0.000425 33059.242594 19075500 
0.000425 33969.602787 18957300 
0.000425 32214.611883 18893100 
0.000425 32150.352640 18398300 
0.000425 33168.374267 17869200 
0.000425 34828.987915 18121300 
0.000425 32970.478162 18508800 
0.000425 33689.736965 19403200 
0.000425 32601.004428 19237300 
0.000425 33197.767947 18764900 
0.000425 33401.001751 18077900 
0.000425 32314.700761 17359100 
0.000425 32015.697763 18271100 
0.000425 31772.033706 18303900 
0.000425 32312.166227 19384800 
0.000425 32924.291565 18415500 
0.000425 32619.879865 17263300 
0.000425 33355.681493 18176400 
0.000425 32686.640060 19234700 
0.000425 32563.557817 18308500 
0.000425 33687.706878 19511300 
0.000425 33291.871397 18789200 
0.000425 32821.723348 17222300 
0.000425 32356.907570 18767300 
0.000425 34058.633706 18763500 
0.000425 31398.587892 18520000 
0.000425 32584.351399 17852000 
0.000425 33123.673511 18272400 
0.000425 32578.683849 17971200 
0.000425 33584.709375 18658100 
0.000425 33483.923302 18829100 
0.000425 34481.823015 19486900 
0.00045 33420.777399 17167000 
0.00045 32778.540226 17344800 
0.00045 32102.606546 17865000 
0.00045 32246.895168 17503300 
0.00045 33944.326666 16872900 
0.00045 32924.521560 17825400 
0.00045 32623.837056 17103300 
0.00045 32094.440610 17307100 
0.00045 33323.710906 16950500 
0.00045 33734.929397 16521200 
0.00045 33544.143346 17355000 
0.00045 32223.626438 17392700 
0.00045 32367.886603 17041400 
0.00045 34032.312528 16936200 
0.00045 32977.496776 17094700 
0.00045 34686.014978 17645800 
0.00045 34688.212393 18558300 
0.00045 35094.645139 17022600 
0.00045 33312.761733 17663000 
0.00045 32333.275353 17034200 
0.00045 33058.036404 17064700 
0.00045 33454.584613 18259400 
0.00045 33455.736708 17247900 
0.00045 34205.510801 17814700 
0.00045 32019.730818 17417500 
0.00045 32183.738887 17670300 
0.00045 33074.906503 17444300 
0.00045 33497.767050 17807500 
0.00045 32496.461234 18701200 
0.00045 33244.759313 17603900 
0.00045 33579.434467 17315600 
0.00045 32886.048464 16617400 
0.00045 33478.027786 16788800 
0.00045 32929.797957 17580400 
0.00045 34565.075879 17498500 
0.00045 33472.154287 17084700 
0.00045 33229.574823 17352800 
0.00045 33028.391137 17362900 
0.00045 33643.119863 17865400 
0.00045 31828.218530 17627400 
0.00045 32784.211309 17992500 
0.00045 34562.518544 17413100 
0.00045 32883.105234 17171300 
0.00045 31845.065215 17721800 
0.00045 32083.819499 16942200 
0.00045 34231.890522 16844900 
0.00045 33665.847342 18268900 
0.00045 31791.481539 16871700 
0.00045 33088.268071 17538300 
0.00045 33374.619783 17252400 
0.00045 33504.827634 17786800 
0.00045 34380.449824 16163100 
0.00045 32963.163020 16995400 
0.00045 32425.849058 18696400 
0.00045 33759.845999 17421200 
0.00045 34273.574618 16862100 
0.00045 34007.962394 17127200 
0.00045 33146.705437 17535800 
0.00045 34513.054793 16209200 
0.00045 33527.318492 17958000 
0.00045 31786.525168 18120400 
0.00045 33486.539652 17818600 
0.00045 33064.308411 16969700 
0.00045 32469.136340 17592000 
0.00045 32733.189657 17569700 
0.00045 32709.252536 16938200 
0.00045 33492.213289 17593700 
0.00045 31961.469850 17303900 
0.00045 34829.826355 18365600 
0.00045 33480.499557 17075300 
0.00045 33093.819988 17306200 
0.00045 32828.575916 16650900 
0.00045 31857.973257 17026500 
0.00045 33827.041350 17090400 
0.00045 32614.008668 16925900 
0.00045 33137.096803 16312300 
0.00045 33752.010966 16603300 
0.00045 32475.980037 16980300 
0.00045 32480.975159 17654200 
0.00045 33867.217632 17745100 
0.00045 32556.331362 18135300 
0.00045 31399.890990 17785700 
0.00045 32907.146577 17837800 
0.00045 32873.421569 17533800 
0.00045 33276.752605 18167000 
0.00045 33572.069015 17444900 
0.00045 33319.390556 18820700 
0.00045 32888.209288 16876700 
0.00045 33224.861949 18156000 
0.00045 31783.834899 17458300 
0.00045 32767.295774 16924300 
0.00045 31865.227886 16305100 
0.00045 34074.688790 17508900 
0.00045 33599.569978 16964900 
0.00045 31912.090609 17397600 
0.00045 32904.120337 17307300 
0.00045 34287.987863 18093800 
0.00045 33173.623295 16417800 
0.00045 32390.676870 16945100 
0.00045 34327.351935 18296300 
0.000475 34628.087717 15158500 
0.000475 32337.706676 16477800 
0.000475 33884.647013 17343800 
0.000475 31520.405758 16363300 
0.000475 32760.053717 15857200 
0.000475 33457.149453 16969000 
0.000475 32445.007432 16322600 
0.000475 32358.478239 16252300 
0.000475 34752.318991 16341200 
0.000475 33632.543009 15766300 
0.000475 32909.023813 16812000 
0.000475 32010.516520 16565800 
0.000475 33614.291567 16215200 
0.000475 33217.778350 16430200 
0.000475 32645.952032 17002500 
0.000475 32928.903904 16108000 
0.000475 32862.265697 16564700 
0.000475 33934.658301 16594300 
0.000475 32114.762977 17515500 
0.000475 34018.845911 16415200 
0.000475 32786.570662 17179500 
0.000475 34542.877850 16489000 
0.000475 32171.500409 15956500 
0.000475 35175.980321 16649600 
0.000475 30854.779577 16606100 
0.000475 33072.288918 16400400 
0.000475 32181.579416 15843100 
0.000475 32693.833507 16192000 
0.000475 33455.337452 16570800 
0.000475 34182.618609 16859600 
0.000475 32141.665638 15646000 
0.000475 32946.263199 15661100 
0.000475 32584.023778 16277200 
0.000475 33632.384690 17007500 
0.000475 32366.846761 16130300 
0.000475 33421.439595 16553500 
0.000475 33723.939309 16008300 
0.000475 32603.090627 17057600 
0.000475 33207.717449 16441500 
0.000475 34631.563532 15750900 
0.000475 35571.961073 17160000 
0.000475 33891.605816 16668600 
0.000475 33265.649963 17184500 
0.000475 33000.954745 16026400 
0.000475 31872.937974 15395700 
0.000475 33337.766600 16236400 
0.000475 33159.731780 15798100 
0.000475 33187.969405 16307800 
0.000475 33133.889822 15535700 
0.000475 33463.097704 16232800 
0.000475 34790.171757 16769200 
0.000475 32470.250917 15956900 
0.000475 33002.408591 17527700 
0.000475 33539.990265 17134600 
0.000475 33124.982930 17211100 
0.000475 31298.341780 16447900 
0.000475 32638.610114 16695100 
0.000475 32748.934911 16357700 
0.000475 33212.525391 16652300 
0.000475 33411.708102 16769900 
0.000475 32778.799221 17446900 
0.000475 32159.353489 16662800 
0.000475 32855.958433 16027600 
0.000475 33315.291521 16826300 
0.000475 31986.211474 15945900 
0.000475 32284.377205 16188800 
0.000475 33794.524395 16334300 
0.000475 31580.058617 16166000 
0.000475 33383.815041 16688700 
0.000475 32173.642007 16313100 
0.000475 32466.915810 15147500 
0.000475 33323.219009 16237300 
0.000475 31987.289818 16877700 
0.000475 32910.255403 16316400 
0.000475 32899.632315 16377100 
0.000475 32656.405509 16765900 
0.000475 33722.688261 16447200 
0.000475 33598.945384 16129300 
0.000475 33376.475862 15872300 
0.000475 33324.891058 16486000 
0.000475 31780.279361 16135900 
0.000475 32660.492723 17012600 
0.000475 32976.750577 16728300 
0.000475 33161.804551 16898900 
0.000475 34019.434873 16273900 
0.000475 33558.600777 15257900 
0.000475 32530.467637 16358300 
0.000475 34311.594146 15768400 
0.000475 32489.453021 16919400 
0.000475 31852.457368 16238300 
0.000475 33436.039081 16820000 
0.000475 33868.240678 17608100 
0.000475 32927.795971 16305200 
0.000475 34664.853345 16328900 
0.000475 32971.695156 16634500 
0.000475 33864.794080 16817200 
0.000475 31299.996603 15913700 
0.000475 32669.285132 16659200 
0.000475 32502.819156 15534500 
0.000475 32851.885913 16404000 
0.0005 32921.283022 15276700 
0.0005 32650.248003 15635200 
0.0005 32818.631978 15796900 
0.0005 33520.898447 15497700 
0.0005 32516.710375 16207500 
0.0005 33070.939389 15747200 
0.0005 32965.159124 15205400 
0.0005 32338.762034 15436900 
0.0005 33039.129451 15423100 
0.0005 33086.951362 15145500 
0.0005 32429.185350 15107800 
0.0005 33399.082852 15729900 
0.0005 33251.490358 15383300 
0.0005 33657.367194 15737000 
0.0005 32614.482064 15040700 
0.0005 32350.012446 15960100 
0.0005 33477.781195 15614400 
0.0005 34266.152832 15568200 
0.0005 32257.312615 15592200 
0.0005 33078.195117 15775900 
0.0005 32243.957682 15265700 
0.0005 33199.138906 15636200 
0.0005 32942.281866 15440300 
0.0005 32071.872955 15276300 
0.0005 33073.001455 15186300 
0.0005 33219.670087 15960600 
0.0005 32984.651604 16099200 
0.0005 33249.048840 15420300 
0.0005 33119.764950 15604100 
0.0005 32964.758637 15854600 
0.0005 33633.876200 15385000 
0.0005 33017.525609 15960600 
0.0005 35381.630814 15505900 
0.0005 32353.290406 15957700 
0.0005 32363.353097 14454300 
0.0005 33868.140657 15788500 
0.0005 33072.664151 14576100 
0.0005 32950.880860 15412000 
0.0005 31873.451494 15886600 
0.0005 32915.911826 15611700 
0.0005 34295.735380 14773100 
0.0005 31646.056832 15935600 
0.0005 32764.398391 15272100 
0.0005 31979.531773 15584700 
0.0005 32861.663299 15196900 
0.0005 31232.928799 15940000 
0.0005 32838.404910 14945200 
0.0005 32225.738631 16133600 
0.0005 33248.326643 15787200 
0.0005 33610.648188 15217000 
0.0005 33954.340838 15934300 
0.0005 33421.696802 15659800 
0.0005 31925.020936 16155400 
0.0005 33498.257419 15664600 
0.0005 33338.522510 15294300 
0.0005 33210.333927 15858700 
0.0005 33401.592965 15653500 
0.0005 34310.536112 14740200 
0.0005 32108.421193 15448400 
0.0005 32729.771492 15596700 
0.0005 33284.209309 16019800 
0.0005 33276.452643 15648600 
0.0005 34808.243314 15726200 
0.0005 32621.970306 15302100 
0.0005 32536.572837 15237200 
0.0005 32589.307564 14906000 
0.0005 33474.389457 15261000 
0.0005 32746.236367 15942100 
0.0005 32455.207580 15357900 
0.0005 33605.630503 16417300 
0.0005 32278.085196 14925200 
0.0005 33158.067557 15487800 
0.0005 32717.427131 14978700 
0.0005 31926.341021 15759500 
0.0005 33065.026998 16046700 
0.0005 31378.463471 15644700 
0.0005 34648.561948 15559200 
0.0005 33441.246079 15224900 
0.0005 33529.941871 14656400 
0.0005 33031.114900 15987900 
0.0005 32700.728770 15144700 
0.0005 32458.225492 15696100 
0.0005 32481.677825 15745400 
0.0005 32841.964295 15789500 
0.0005 32266.861926 15339400 
0.0005 32037.667299 16340100 
0.0005 33370.579639 15933700 
0.0005 33937.598616 15672500 
0.0005 33558.906607 15973000 
0.0005 34223.376464 15825700 
0.0005 32836.317187 15869800 
0.0005 34009.845726 15693400 
0.0005 34328.148071 15319500 
0.0005 33233.617666 15263400 
0.0005 32761.987986 15621600 
0.0005 31441.455012 14604900 
0.0005 31780.403757 15970400 
0.0005 32884.873129 15908100 
0.0005 32986.354832 15433500 
0.0005 32870.338728 15399100 
0.000525 33612.812072 14655500 
0.000525 34572.333230 15155700 
0.000525 32071.279694 15051400 
0.000525 33607.150330 14465500 
0.000525 32295.923800 14964900 
0.000525 35000.315809 14711100 
0.000525 35291.013663 14534800 
0.000525 33160.809064 14906000 
0.000525 31928.770800 14779100 
0.000525 33967.663519 15053900 
0.000525 31924.766867 14302200 
0.000525 34175.319848 14000900 
0.000525 32597.249330 15858200 
0.000525 32498.040036 14237900 
0.000525 34669.112265 14813500 
0.000525 35065.191695 14780900 
0.000525 33525.118465 14696500 
0.000525 32549.480649 14264200 
0.000525 32911.327025 15298000 
0.000525 34198.194419 14838100 
0.000525 33196.085385 15123600 
0.000525 32450.576244 15092600 
0.000525 33620.063499 15004900 
0.000525 33246.108408 15297000 
0.000525 34807.833754 14706500 
0.000525 33792.977412 15794300 
0.000525 34206.317871 15033000 
0.000525 34373.969560 15221700 
0.000525 34061.310272 14769000 
0.000525 34007.360937 15322100 
0.000525 32068.267612 14824600 
0.000525 33227.959903 15378400 
0.000525 33695.940314 14825500 
0.000525 35397.138127 15240900 
0.000525 33337.488327 14779800 
0.000525 33143.480971 14637600 
0.000525 32928.378127 14829000 
0.000525 33811.634897 14261600 
0.000525 33423.374278 14237200 
0.000525 33347.147480 15292700 
0.000525 32966.036299 14946800 
0.000525 33123.502493 15311400 
0.000525 32734.753040 14491500 
0.000525 33579.756996 15855600 
0.000525 33641.687635 15104000 
0.000525 34154.838183 14648000 
0.000525 33758.959266 14832300 
0.000525 33366.836746 14776300 
0.000525 33237.122308 15085300 
0.000525 33927.773824 14586500 
0.000525 33693.140405 15730600 
0.000525 32462.025730 14358500 
0.000525 33153.275198 13750900 
0.000525 32959.619949 14907900 
0.000525 32640.457393 14687300 
0.000525 33500.486863 14722900 
0.000525 32711.702460 15877100 
0.000525 32191.314188 14377000 
0.000525 33171.664661 15074500 
0.000525 32772.131886 15582900 
0.000525 32338.255240 14742700 
0.000525 33762.493961 15182800 
0.000525 32669.572516 14414100 
0.000525 34403.343685 14487400 
0.000525 33952.097493 14491000 
0.000525 33224.444950 14452700 
0.000525 33056.337262 15993900 
0.000525 32062.944897 15097000 
0.000525 32543.500321 14598900 
0.000525 34080.582261 14411200 
0.000525 32760.374511 15393700 
0.000525 34527.233457 14835600 
0.000525 35476.732238 14444100 
0.000525 34194.191805 14835300 
0.000525 34363.549486 15134700 
0.000525 33600.794290 14600200 
0.000525 34058.636886 14701600 
0.000525 34406.494833 14649000 
0.000525 33383.804168 14962900 
0.000525 34750.861664 14592900 
0.000525 34381.730287 15218500 
0.000525 32778.756583 14904600 
0.000525 32613.368050 14184000 
0.000525 32892.460156 14511200 
0.000525 31988.148263 15336300 
0.000525 32475.795236 14275700 
0.000525 31306.273337 15357900 
0.000525 33576.289748 14924300 
0.000525 34556.282680 15310200 
0.000525 32924.725059 14766100 
0.000525 33237.885283 14964800 
0.000525 33416.044264 14548700 
0.000525 33519.734614 15696000 
0.000525 33419.400679 15328100 
0.000525 33467.035381 14617800 
0.000525 31976.237263 15446400 
0.000525 32690.339696 14878700 
0.000525 32474.362016 14677400 
0.000525 35300.009169 14363100 
0.000525 32605.908597 15107100 
0.00055 33250.546284 14580000 
0.00055 32985.121553 14048800 
0.00055 32227.502094 14043600 
0.00055 33214.347992 14267200 
0.00055 35202.075611 14003800 
0.00055 33832.088152 14313000 
0.00055 32990.587817 14733900 
0.00055 32579.319470 14049700 
0.00055 32532.571111 13754200 
0.00055 33529.917004 13868000 
0.00055 33566.020400 14782500 
0.00055 32829.843876 13141800 
0.00055 33253.141105 14673900 
0.00055 33540.329481 15057700 
0.00055 33543.232825 14122300 
0.00055 33570.963944 13995800 
0.00055 32768.652467 13729400 
0.00055 32609.354446 14396400 
0.00055 33086.496030 14494400 
0.00055 33242.212206 14522600 
0.00055 34211.714898 13665100 
0.00055 33636.517761 13560600 
0.00055 34448.888899 13949900 
0.00055 32017.512761 14761600 
0.00055 31994.562814 14261000 
0.00055 32894.599705 14295600 
0.00055 33015.754556 13760800 
0.00055 34058.755908 13768300 
0.00055 32638.444418 13445200 
0.00055 32805.200309 14614100 
0.00055 33654.660772 14482700 
0.00055 33131.768924 14108000 
0.00055 33109.261853 15204500 
0.00055 32983.297986 14488400 
0.00055 33071.934379 13623100 
0.00055 32558.179052 14328800 
0.00055 32836.186017 15062400 
0.00055 33023.447351 14023500 
0.00055 33645.999771 14523300 
0.00055 34016.673265 14326900 
0.00055 32583.823884 14349500 
0.00055 33158.588568 14560600 
0.00055 34013.014485 13932000 
0.00055 33511.776860 14452700 
0.00055 34034.543964 14215900 
0.00055 34230.481975 14657400 
0.00055 32585.029914 14591800 
0.00055 33246.880127 14838900 
0.00055 32161.668455 13711600 
0.00055 33702.366928 14354300 
0.00055 33316.234485 14209600 
0.00055 32516.801683 15168600 
0.00055 33172.355430 15360400 
0.00055 32398.477309 14342700 
0.00055 32418.833834 14029600 
0.00055 33736.400446 14183400 
0.00055 33491.063706 13840800 
0.00055 33418.616886 14601200 
0.00055 33643.882744 14208700 
0.00055 32751.110543 14079900 
0.00055 34100.906261 14384800 
0.00055 32695.072047 14575600 
0.00055 33451.591605 14086700 
0.00055 32826.556704 14216400 
0.00055 32632.573558 13679100 
0.00055 31920.302077 13986300 
0.00055 34483.065353 14520800 
0.00055 31259.145047 14281700 
0.00055 32614.148293 13752100 
0.00055 32462.851406 13939600 
0.00055 32847.730887 14586500 
0.00055 33958.004914 14169600 
0.00055 32954.405280 14172300 
0.00055 34139.616495 13527000 
0.00055 32559.597212 14582400 
0.00055 32791.418028 14261900 
0.00055 33505.979476 14045800 
0.00055 32248.411827 14503400 
0.00055 32626.320582 14594400 
0.00055 33184.561775 14281500 
0.00055 32481.821525 14762300 
0.00055 33164.301200 14032700 
0.00055 32586.720046 13586800 
0.00055 33401.747105 14236500 
0.00055 35868.541592 13551300 
0.00055 32143.953555 14423900 
0.00055 32918.290848 14448600 
0.00055 33674.583260 12919800 
0.00055 32446.370029 14574500 
0.00055 33169.909813 14566600 
0.00055 33049.880762 14437600 
0.00055 33604.953987 14022100 
0.00055 33367.987728 14305600 
0.00055 34336.761875 14093900 
0.00055 33561.158451 14716600 
0.00055 33091.278654 14024400 
0.00055 32366.971676 14264300 
0.00055 33597.515807 13713700 
0.00055 31516.810318 14674300 
0.00055 31217.292839 15035200 
0.000575 33076.278614 13698300 
0.000575 33296.005766 13584700 
0.000575 32900.056525 13001300 
0.000575 31940.129050 13100900 
0.000575 33525.124812 13515500 
0.000575 33511.857825 13926500 
0.000575 32924.801066 14407400 
0.000575 33916.048411 14386300 
0.000575 35222.001358 13096300 
0.000575 33743.815042 13709200 
0.000575 34113.298637 13762900 
0.000575 33154.201244 13518200 
0.000575 34444.071681 13639100 
0.000575 33178.987358 14201000 
0.000575 33885.057282 14584700 
0.000575 34340.779369 13025000 
0.000575 32074.768321 13856000 
0.000575 31939.239715 13678900 
0.000575 33095.739876 14018000 
0.000575 33669.446648 13624600 
0.000575 34283.648682 13261600 
0.000575 32981.700588 13570300 
0.000575 33312.179249 13250800 
0.000575 32518.659086 12942100 
0.000575 33479.360066 13874100 
0.000575 32873.057911 13452100 
0.000575 32257.364908 13109300 
0.000575 33746.735823 14315100 
0.000575 32554.555428 14112700 
0.000575 33779.139630 13386500 
0.000575 32227.125420 13960400 
0.000575 33832.640798 13467100 
0.000575 32757.426616 13337600 
0.000575 32475.376071 13557300 
0.000575 33954.108982 14446000 
0.000575 33411.464872 13179400 
0.000575 33421.471384 13285600 
0.000575 34480.942698 13965500 
0.000575 32626.867553 13720100 
0.000575 32952.008137 13755400 
0.000575 32670.124128 13501200 
0.000575 34173.673197 13190800 
0.000575 31987.755990 12588300 
0.000575 33940.219622 13450700 
0.000575 34348.388359 13895000 
0.000575 33524.556907 14283500 
0.000575 33610.441190 13809400 
0.000575 34196.366858 13334900 
0.000575 33774.372296 13937500 
0.000575 34209.891053 13420300 
0.000575 35151.453598 13235700 
0.000575 32073.548020 13710300 
0.000575 32473.612425 13458300 
0.000575 35150.349247 13461500 
0.000575 33088.521173 13410000 
0.000575 32004.742381 13556700 
0.000575 32894.333174 13319100 
0.000575 32648.567617 13790000 
0.000575 31918.771254 13629900 
0.000575 31983.932863 13830300 
0.000575 33461.019558 14113200 
0.000575 33034.831123 13939000 
0.000575 32208.568979 14104800 
0.000575 32243.190372 13873200 
0.000575 34969.653807 13519600 
0.000575 34654.560122 14014600 
0.000575 33364.702457 13823200 
0.000575 34182.341605 13652300 
0.000575 33720.884927 13406700 
0.000575 32568.535670 13637500 
0.000575 34570.695510 13083300 
0.000575 33279.990772 13386700 
0.000575 33611.704318 13259700 
0.000575 32565.719039 14213400 
0.000575 33283.301980 13739700 
0.000575 35292.824495 14116400 
0.000575 33456.578172 12936500 
0.000575 31734.396279 13390300 
0.000575 33519.717564 14117700 
0.000575 33286.695327 13593200 
0.000575 32130.027049 13470000 
0.000575 34248.843791 13976500 
0.000575 34479.785407 13398200 
0.000575 32213.848996 13829000 
0.000575 32954.290936 13166800 
0.000575 33916.450207 13434400 
0.000575 31414.806565 12865900 
0.000575 34437.329777 14829700 
0.000575 32140.043989 13217700 
0.000575 32517.379355 13065900 
0.000575 32529.194067 13322400 
0.000575 33143.101402 12981700 
0.000575 34306.816786 13654700 
0.000575 33963.435933 13806500 
0.000575 33490.222973 13420400 
0.000575 34570.908443 13630900 
0.000575 32730.516217 13169700 
0.000575 34196.222547 13495400 
0.000575 33466.873198 14374400 
0.000575 33246.589646 13809400 
0.0006 33647.872912 13329000 
0.0006 35017.670975 12775400 
0.0006 33117.456000 13543100 
0.0006 32543.571846 13098700 
0.0006 32358.976137 13705900 
0.0006 35646.403049 13353000 
0.0006 31658.784139 12895600 
0.0006 33283.542370 12869400 
0.0006 34598.933653 12972400 
0.0006 34250.403496 12666500 
0.0006 34674.137855 13812600 
0.0006 33934.621907 13779000 
0.0006 33272.112524 12781100 
0.0006 32942.939467 12725600 
0.0006 33017.838317 12512000 
0.0006 34595.514569 13555800 
0.0006 34817.949444 13202700 
0.0006 33136.467273 12815600 
0.0006 34425.459699 13277500 
0.0006 32941.883029 13798700 
0.0006 32662.602755 12983600 
0.0006 31211.093336 13308600 
0.0006 32928.971918 12539700 
0.0006 34304.982248 13381600 
0.0006 33196.026317 13148700 
0.0006 32968.481719 12759600 
0.0006 33403.644290 12830500 
0.0006 33781.281996 13647100 
0.0006 33467.699800 12688900 
0.0006 33247.711107 12883200 
0.0006 32907.573837 13523200 
0.0006 32931.295197 13162400 
0.0006 32679.338573 12757200 
0.0006 31718.072711 13298100 
0.0006 33231.535020 13200200 
0.0006 34775.244081 12153300 
0.0006 33284.102636 12881900 
0.0006 32708.553142 13077400 
0.0006 33663.320984 13167800 
0.0006 33975.019300 12993600 
0.0006 31200.532728 12500100 
0.0006 32459.534020 12612700 
0.0006 35069.567550 12245100 
0.0006 33650.646532 13293700 
0.0006 33367.728867 12948600 
0.0006 33279.624081 13406000 
0.0006 33149.468628 13411600 
0.0006 34757.444968 13250300 
0.0006 32340.790403 12913600 
0.0006 32399.529275 12713400 
0.0006 33286.850311 12944000 
0.0006 32778.389498 12626200 
0.0006 33325.167052 13415400 
0.0006 33117.725536 13008500 
0.0006 32842.216332 12967900 
0.0006 32780.465556 12697000 
0.0006 34798.817641 13823000 
0.0006 33245.530361 12584100 
0.0006 35988.011343 13125100 
0.0006 32449.721844 13091800 
0.0006 33022.683938 13476900 
0.0006 33117.255503 12976500 
0.0006 32744.215992 12568900 
0.0006 32765.636242 12653900 
0.0006 33290.036374 13374200 
0.0006 33106.488072 12876500 
0.0006 33044.458006 13325500 
0.0006 31909.130796 12599000 
0.0006 33665.213396 12777000 
0.0006 33653.485872 12669800 
0.0006 35223.497566 12945000 
0.0006 33704.847798 13351000 
0.0006 33712.938441 13074600 
0.0006 34189.428419 13043300 
0.0006 34614.752846 13014300 
0.0006 33059.663066 13045800 
0.0006 33362.735661 13263800 
0.0006 32225.364229 13494400 
0.0006 33258.755690 12822600 
0.0006 32961.392193 12998300 
0.0006 33488.141087 13148300 
0.0006 35517.253830 12610700 
0.0006 33501.644634 12835100 
0.0006 34619.118953 12887300 
0.0006 34474.712887 12789400 
0.0006 32721.131095 13435700 
0.0006 32506.567567 12901700 
0.0006 32903.325597 12980800 
0.0006 34286.859177 12939600 
0.0006 34030.012761 13184800 
0.0006 33026.493740 13062300 
0.0006 33160.213033 13566000 
0.0006 32302.062665 13147100 
0.0006 32818.366301 13300700 
0.0006 33164.299870 13030400 
0.0006 34248.991931 13167100 
0.0006 33881.667008 13719800 
0.0006 33304.141794 13034200 
0.0006 34626.613893 12827700 
0.0006 32551.775947 13821700 
0.000625 33015.475748 12636600 
0.000625 33380.531001 12335500 
0.000625 33209.905706 13779000 
0.000625 33705.813163 12880200 
0.000625 33252.577029 12620200 
0.000625 32944.554677 12455700 
0.000625 33194.972676 13046100 
0.000625 32845.067092 12911600 
0.000625 33650.454190 12014100 
0.000625 34496.087173 12885100 
0.000625 32059.235727 12390700 
0.000625 33416.506522 12322500 
0.000625 33991.073916 12893800 
0.000625 33196.236018 12936200 
0.000625 32988.596197 12649400 
0.000625 34849.576032 12374200 
0.000625 32301.388940 12475200 
0.000625 32332.203785 12869100 
0.000625 33877.693361 12406200 
0.000625 31927.708788 12430500 
0.000625 32626.086236 13219500 
0.000625 33386.439103 12540900 
0.000625 34003.147635 12560000 
0.000625 33926.890014 12575000 
0.000625 31842.756416 12284400 
0.000625 33415.463109 12838500 
0.000625 34288.189585 11959300 
0.000625 33796.838768 12716600 
0.000625 33382.155938 13107900 
0.000625 32439.224291 12792800 
0.000625 33464.670188 12420200 
0.000625 32704.372623 12317700 
0.000625 34017.171126 12678200 
0.000625 34485.261605 11915800 
0.000625 32418.967749 11974800 
0.000625 34516.824590 12553500 
0.000625 34177.524062 12562300 
0.000625 33371.654871 12241900 
0.000625 33506.302736 12662800 
0.000625 33821.541735 12354800 
0.000625 33677.497910 12122700 
0.000625 33768.104238 13005300 
0.000625 34052.503630 12214100 
0.000625 34258.131821 13026200 
0.000625 34192.666131 12381000 
0.000625 32142.177227 12507100 
0.000625 34403.822015 12643600 
0.000625 33360.234366 12123500 
0.000625 32409.254312 11878800 
0.000625 33978.889590 12926400 
0.000625 35356.671544 12902000 
0.000625 33638.772606 12452600 
0.000625 33725.036985 12659500 
0.000625 32665.479620 12173400 
0.000625 33322.650436 11960000 
0.000625 33200.436123 12374300 
0.000625 32946.691291 11678600 
0.000625 32859.972693 12345900 
0.000625 33977.154848 12294600 
0.000625 32017.506463 12451400 
0.000625 32600.836562 12479400 
0.000625 33417.247705 12432300 
0.000625 33773.403762 12433200 
0.000625 33621.875362 12606200 
0.000625 34683.590060 11939000 
0.000625 34315.640305 12068200 
0.000625 34116.616004 12311400 
0.000625 35087.899611 11859800 
0.000625 34347.382704 13103000 
0.000625 35459.318718 12837100 
0.000625 34316.997510 12301600 
0.000625 32769.677098 12595200 
0.000625 32504.961354 12467300 
0.000625 34428.004579 12176400 
0.000625 33294.769534 12085100 
0.000625 32290.363197 13132500 
0.000625 34019.997708 12951700 
0.000625 34247.038582 12061400 
0.000625 35042.465662 12450100 
0.000625 33417.982929 12576300 
0.000625 33662.502437 12939600 
0.000625 33845.225539 12345900 
0.000625 32680.355446 12125400 
0.000625 33813.866920 11669200 
0.000625 33161.752556 12485000 
0.000625 32390.069431 12674300 
0.000625 33628.002537 13168300 
0.000625 33898.806130 13053800 
0.000625 34487.452507 13361900 
0.000625 32638.740981 12579100 
0.000625 33301.873490 12756700 
0.000625 36749.217080 12378400 
0.000625 33483.498621 12960200 
0.000625 33024.068190 12484500 
0.000625 34281.473078 11993700 
0.000625 33804.311265 11824100 
0.000625 33329.043451 12039000 
0.000625 34477.864584 13153700 
0.000625 33285.803046 12118300 
0.000625 34180.521979 12427000 
0.00065 34077.210965 12086000 
0.00065 34298.866536 12241300 
0.00065 33209.433956 12639300 
0.00065 32853.206469 12021000 
0.00065 34487.382736 12469700 
0.00065 33551.539543 12092900 
0.00065 32937.515001 11842100 
0.00065 34895.396986 12228400 
0.00065 34365.634170 12122500 
0.00065 33303.555238 12236200 
0.00065 34118.015634 12438200 
0.00065 33721.526213 11941400 
0.00065 33292.537356 12485500 
0.00065 33334.159642 11875300 
0.00065 34076.048990 11191200 
0.00065 32856.481538 11737600 
0.00065 32825.037946 12243900 
0.00065 33073.553619 12022600 
0.00065 32700.090973 12315000 
0.00065 32994.364116 12463000 
0.00065 34121.765389 12090800 
0.00065 32577.738444 11908300 
0.00065 32050.809750 12079200 
0.00065 32699.693925 12448900 
0.00065 33999.631709 12028800 
0.00065 33394.416229 12210100 
0.00065 32869.764756 12122300 
0.00065 33989.267985 11199600 
0.00065 31127.600466 12303700 
0.00065 31835.028987 11836900 
0.00065 32564.777589 11553200 
0.00065 32908.619221 12070200 
0.00065 34438.604993 12573000 
0.00065 33797.674176 12217300 
0.00065 33585.787439 11678900 
0.00065 32765.995749 12604400 
0.00065 34893.200449 12208200 
0.00065 34909.047484 11667000 
0.00065 32873.538547 12093500 
0.00065 35834.180864 12003300 
0.00065 33784.973785 12275000 
0.00065 32825.899173 12029700 
0.00065 32978.123509 12153100 
0.00065 33766.513537 12125600 
0.00065 33983.397155 12592000 
0.00065 33363.124233 12344400 
0.00065 34090.027804 12139300 
0.00065 34461.807544 12494900 
0.00065 33580.334141 11729100 
0.00065 33307.412159 11819200 
0.00065 33397.843014 11561300 
0.00065 34625.271171 11545600 
0.00065 34230.733268 12228900 
0.00065 33905.093342 11858300 
0.00065 33687.628725 12198200 
0.00065 33098.055710 12349500 
0.00065 33078.918620 12071500 
0.00065 31741.074269 11398400 
0.00065 34164.320339 12326000 
0.00065 35753.755616 11950300 
0.00065 34808.601856 12603600 
0.00065 33132.861732 12189500 
0.00065 32230.206340 11978700 
0.00065 33942.831503 11763400 
0.00065 32068.828881 11641000 
0.00065 33074.485808 12345800 
0.00065 33957.501047 12289500 
0.00065 33088.606978 13173900 
0.00065 32296.820764 12221100 
0.00065 32786.361914 12543000 
0.00065 35302.311104 11903500 
0.00065 32835.615966 11465100 
0.00065 33565.113836 12050500 
0.00065 34818.322107 11784200 
0.00065 32740.320332 11852500 
0.00065 32821.800604 12628800 
0.00065 34396.811133 11461000 
0.00065 34395.322852 12324200 
0.00065 34414.020880 11976100 
0.00065 34817.008671 12345800 
0.00065 32610.818625 11695000 
0.00065 34603.991517 12478400 
0.00065 34265.154707 11328600 
0.00065 34874.854900 12642000 
0.00065 33969.176176 11362800 
0.00065 34591.701649 11779500 
0.00065 33399.230116 11910400 
0.00065 34286.784384 12354800 
0.00065 33125.846123 11756200 
0.00065 35259.322944 11986600 
0.00065 35288.122683 11985100 
0.00065 33071.293991 12480600 
0.00065 33195.722436 11500000 
0.00065 31797.132923 12632900 
0.00065 32073.810614 11699000 
0.00065 32309.384782 11733800 
0.00065 34806.829384 12126100 
0.00065 32066.798481 12372600 
0.00065 33578.178367 11506400 
0.00065 33738.312919 12025500 
0.000675 33032.147894 12100400 
0.000675 32388.434187 11467900 
0.000675 32404.776071 11853700 
0.000675 34514.931245 12045200 
0.000675 33192.292637 11393000 
0.000675 34008.729384 11352400 
0.000675 33142.071038 11462400 
0.000675 31553.171189 11371900 
0.000675 32432.377693 11941800 
0.000675 32748.245458 11581000 
0.000675 33932.640456 11572200 
0.000675 34606.108355 11698300 
0.000675 32777.531909 11298000 
0.000675 32360.041687 11541700 
0.000675 32157.236564 11185800 
0.000675 34360.148052 11427900 
0.000675 32108.408450 11214000 
0.000675 32572.651093 11831000 
0.000675 33339.146055 11866500 
0.000675 34354.073480 11231700 
0.000675 34436.550925 10912800 
0.000675 34681.388473 11876800 
0.000675 34316.751508 11269800 
0.000675 33529.832908 11960000 
0.000675 33151.893068 11692600 
0.000675 33244.565137 11710600 
0.000675 33786.340776 10860400 
0.000675 34412.992778 11109000 
0.000675 32328.098583 12085200 
0.000675 33465.481164 11954400 
0.000675 33743.897656 11614700 
0.000675 31901.691349 11336500 
0.000675 33720.931822 11323600 
0.000675 33450.800921 12032800 
0.000675 32778.979880 12343000 
0.000675 35928.168115 11951700 
0.000675 33039.179485 11785800 
0.000675 32085.375201 11610800 
0.000675 32967.691137 11826700 
0.000675 31992.886578 11206100 
0.000675 33501.986082 12016200 
0.000675 33729.090270 12004200 
0.000675 32406.508240 11945700 
0.000675 34516.248674 11529600 
0.000675 33001.257229 11287300 
0.000675 33802.875557 11275900 
0.000675 33308.710258 11444100 
0.000675 33714.302814 11673500 
0.000675 34308.294120 11557800 
0.000675 32428.277213 11504700 
0.000675 34070.725571 11472300 
0.000675 33766.876495 11381900 
0.000675 33493.348176 11427200 
0.000675 32687.847167 11892800 
0.000675 35283.040450 11706800 
0.000675 34235.163757 11219600 
0.000675 32541.744736 11484800 
0.000675 31618.312819 11423600 
0.000675 33516.747455 11645500 
0.000675 32882.280659 11829600 
0.000675 32564.480705 11550500 
0.000675 33835.066040 11752400 
0.000675 33133.092824 11841500 
0.000675 32960.187482 11930600 
0.000675 32694.802911 11796300 
0.000675 34163.589145 11377900 
0.000675 32304.407769 11511600 
0.000675 32742.658955 11633100 
0.000675 32804.522762 11844300 
0.000675 33564.453042 10760200 
0.000675 33588.471413 11494900 
0.000675 35015.425450 11472700 
0.000675 34546.937706 11649200 
0.000675 35657.151096 11797500 
0.000675 33249.556726 12283000 
0.000675 32136.273832 11590000 
0.000675 34041.662942 11607400 
0.000675 34493.442201 11606700 
0.000675 32619.018593 11642100 
0.000675 33054.888641 11586800 
0.000675 32477.207529 11101900 
0.000675 35229.162992 11716500 
0.000675 32565.788785 11165300 
0.000675 32964.567824 11186300 
0.000675 32297.297218 12118800 
0.000675 35253.377141 10745800 
0.000675 31706.539338 11616900 
0.000675 34032.375587 11051200 
0.000675 32657.274041 11224500 
0.000675 34916.846512 11493300 
0.000675 33690.198694 11789600 
0.000675 33282.662489 11456700 
0.000675 32940.558496 11852000 
0.000675 33394.737501 11611400 
0.000675 34347.049627 11218600 
0.000675 32136.617482 11289300 
0.000675 32371.503739 11544100 
0.000675 33043.275845 11342300 
0.000675 33033.146182 11045800 
0.000675 32773.989429 11782400 
0.0007 33392.020103 11479500 
0.0007 33231.268157 11013000 
0.0007 34291.636318 12229500 
0.0007 33066.496395 11434500 
0.0007 31858.970810 11106600 
0.0007 33714.881701 11630200 
0.0007 34022.649258 10815600 
0.0007 33678.702247 11632000 
0.0007 33349.388407 11376300 
0.0007 35202.119707 10335300 
0.0007 32461.403885 10881900 
0.0007 33025.780388 11369000 
0.0007 34218.618907 11184700 
0.0007 33321.454043 11208700 
0.0007 32601.832481 11691400 
0.0007 32974.164101 11455100 
0.0007 33090.231696 11691200 
0.0007 33435.572230 11044500 
0.0007 33135.770577 11317600 
0.0007 32887.508488 11020200 
0.0007 32880.888686 11406900 
0.0007 34453.299798 11089300 
0.0007 34156.103918 10522800 
0.0007 34233.428367 10765400 
0.0007 32921.322598 11204500 
0.0007 34416.541033 10957600 
0.0007 34386.628138 11404000 
0.0007 33903.310226 11121000 
0.0007 34412.781285 11155400 
0.0007 35815.775432 10983000 
0.0007 32769.316773 11432900 
0.0007 33757.336349 11492000 
0.0007 32765.332948 10719400 
0.0007 33242.604684 11478900 
0.0007 34698.219973 11244000 
0.0007 31824.387770 11037200 
0.0007 33726.058996 11174900 
0.0007 33900.332814 10773200 
0.0007 32446.890724 11345500 
0.0007 32176.592841 10962600 
0.0007 33448.664545 10631100 
0.0007 34216.927573 11071200 
0.0007 31784.987310 10719600 
0.0007 34254.027233 11608600 
0.0007 33468.035440 12024200 
0.0007 33903.883728 11114400 
0.0007 34425.113271 11263500 
0.0007 34277.278727 11093000 
0.0007 33541.855444 10924800 
0.0007 33765.952014 10704900 
0.0007 34339.142666 10810000 
0.0007 32528.336278 11339300 
0.0007 33784.706095 10974300 
0.0007 32039.660823 10882000 
0.0007 34175.690179 11329500 
0.0007 34043.031849 11039900 
0.0007 32926.769055 10856600 
0.0007 34508.273373 10320800 
0.0007 33716.602137 10892200 
0.0007 33056.979774 11252500 
0.0007 32546.696192 11533400 
0.0007 33986.317452 11471700 
0.0007 34041.089875 11012300 
0.0007 33341.272778 10879800 
0.0007 35367.183612 11465000 
0.0007 34476.172395 11550900 
0.0007 33249.310346 10585700 
0.0007 32489.574223 12106100 
0.0007 31868.131644 11196600 
0.0007 33284.086391 11339600 
0.0007 33882.681660 11333500 
0.0007 33689.288649 11076700 
0.0007 33520.845350 11040900 
0.0007 32625.341055 11163900 
0.0007 32387.884416 10435900 
0.0007 35613.305039 11081100 
0.0007 33519.285060 11191100 
0.0007 33522.791172 10940400 
0.0007 32808.079650 11488500 
0.0007 32609.053132 11087800 
0.0007 34097.428036 11063700 
0.0007 32822.235776 11283900 
0.0007 33400.319747 10764600 
0.0007 35696.595636 11237100 
0.0007 31593.090098 10763600 
0.0007 33746.703692 11239300 
0.0007 34358.881775 10910900 
0.0007 33492.506675 11201100 
0.0007 33784.029119 11434500 
0.0007 35506.329678 10750100 
0.0007 31054.771096 10953400 
0.0007 33382.187485 11372800 
0.0007 34952.327908 11754700 
0.0007 34056.006687 10931100 
0.0007 34169.527212 11744000 
0.0007 32364.153190 10853000 
0.0007 34163.963393 10951600 
0.0007 32371.263489 11224000 
0.0007 35069.958914 10837600 
0.0007 33632.135002 10968100 
0.000725 34119.201409 10958500 
0.000725 34049.502121 11165000 
0.000725 34477.933447 10520000 
0.000725 35317.953479 10640100 
0.000725 35160.517020 11060400 
0.000725 33306.965159 11073500 
0.000725 33479.101695 11021800 
0.000725 34786.475244 10356600 
0.000725 33510.451877 11023500 
0.000725 32596.053818 10739800 
0.000725 33875.666470 11117400 
0.000725 35786.379920 10595500 
0.000725 34930.394839 10477300 
0.000725 33787.767271 10887200 
0.000725 33799.765933 10634400 
0.000725 32741.520005 11041100 
0.000725 36690.039654 10849200 
0.000725 34551.163369 11349800 
0.000725 33337.100947 10448600 
0.000725 32531.055343 11380100 
0.000725 33906.822839 10407500 
0.000725 33285.981482 10604700 
0.000725 33445.499296 11448500 
0.000725 34377.228552 10441500 
0.000725 33908.018511 10795500 
0.000725 33752.223073 10773500 
0.000725 33245.254572 10507900 
0.000725 33012.356667 10354700 
0.000725 33348.076407 11043000 
0.000725 31671.910255 10549400 
0.000725 33422.946871 10596000 
0.000725 32854.324310 11301600 
0.000725 32732.151829 10832500 
0.000725 31090.614830 10834900 
0.000725 34180.331569 10209800 
0.000725 32674.769194 11207300 
0.000725 33617.197608 11017700 
0.000725 34339.317582 10722100 
0.000725 33319.168702 10362900 
0.000725 33036.928836 10797800 
0.000725 33884.435156 10690600 
0.000725 33422.250957 10826700 
0.000725 32598.232968 10785600 
0.000725 34444.037839 10595400 
0.000725 34115.222912 10865100 
0.000725 33354.470239 11635600 
0.000725 32821.099100 11071400 
0.000725 32955.839338 10450500 
0.000725 35036.520904 10559000 
0.000725 33012.778201 10727000 
0.000725 34390.506279 11399400 
0.000725 34250.337162 10341000 
0.000725 33925.210947 10731300 
0.000725 33702.329307 11259300 
0.000725 32560.637272 10452400 
0.000725 32767.428190 11585200 
0.000725 32874.973529 10553600 
0.000725 32973.211110 11398900 
0.000725 34137.115289 11152900 
0.000725 33076.625595 10705900 
0.000725 33671.634307 10767100 
0.000725 33768.614524 10562600 
0.000725 34771.186710 11009600 
0.000725 32588.625296 10916800 
0.000725 33501.497369 10921400 
0.000725 35220.583485 10627300 
0.000725 32857.191618 10855600 
0.000725 32421.242377 10820000 
0.000725 35159.724292 10860000 
0.000725 35484.376898 11089000 
0.000725 33608.408521 10891200 
0.000725 33291.675810 11136200 
0.000725 33722.758090 11346200 
0.000725 36357.656149 10663500 
0.000725 34295.661300 11052500 
0.000725 33639.840808 10918700 
0.000725 33479.544940 10595100 
0.000725 32548.108106 10583100 
0.000725 34423.751437 10585200 
0.000725 34044.361718 10767600 
0.000725 34363.366665 10395700 
0.000725 34104.331675 10474300 
0.000725 33229.926365 11351800 
0.000725 33501.782692 10664800 
0.000725 32902.046395 10598200 
0.000725 32080.513512 11066900 
0.000725 33105.153054 10857100 
0.000725 33944.680280 10799900 
0.000725 33638.800047 10615900 
0.000725 33508.106801 10962500 
0.000725 33625.390927 11051400 
0.000725 33569.837744 11691600 
0.000725 33741.610425 10896200 
0.000725 35294.762343 11209300 
0.000725 33869.450976 10673300 
0.000725 32895.366909 10630500 
0.000725 33875.494493 11070900 
0.000725 33427.281663 11335800 
0.000725 33532.336607 10908300 
0.000725 34784.325464 10884300 
0.00075 34186.607266 10533600 
0.00075 33387.650051 9977300 
0.00075 33299.124506 10289500 
0.00075 33301.718049 10459900 
0.00075 33773.924105 10364800 
0.00075 32124.400232 11082800 
0.00075 34116.873184 11276100 
0.00075 34280.221249 10691300 
0.00075 35313.693866 10485200 
0.00075 33865.773304 10481000 
0.00075 33784.471000 10346200 
0.00075 33645.438396 10458200 
0.00075 32326.155469 9893500 
0.00075 33525.793396 10567500 
0.00075 34799.132470 10251100 
0.00075 32676.123834 10287800 
0.00075 33116.789865 10309700 
0.00075 34539.219227 9896400 
0.00075 33419.155526 10324700 
0.00075 35087.028319 10469000 
0.00075 34484.269686 10422600 
0.00075 32785.188969 10475800 
0.00075 32895.127813 10450700 
0.00075 34231.298734 10105700 
0.00075 32873.740568 10626300 
0.00075 34170.109598 10787600 
0.00075 34294.210016 10629300 
0.00075 32279.644094 10694200 
0.00075 33988.743465 9720400 
0.00075 34169.240998 10522900 
0.00075 32204.434821 10253200 
0.00075 32496.737872 10694100 
0.00075 33772.229927 10373900 
0.00075 33469.020865 10185800 
0.00075 32936.280238 10452500 
0.00075 33051.748888 10211900 
0.00075 33983.269829 10940100 
0.00075 34628.979431 10525700 
0.00075 34234.338252 10668400 
0.00075 34852.859473 10585700 
0.00075 33228.901632 10278100 
0.00075 32312.441580 9731100 
0.00075 33433.473864 9914900 
0.00075 33879.468606 10436000 
0.00075 34577.243333 10870300 
0.00075 34721.923499 10055600 
0.00075 32561.702997 10549800 
0.00075 34221.785605 10618600 
0.00075 32512.254720 10003300 
0.00075 32786.570497 10520700 
0.00075 33257.260781 11350000 
0.00075 33153.076097 10556100 
0.00075 32626.126182 10492700 
0.00075 33548.445427 10364200 
0.00075 33088.991625 10647800 
0.00075 32758.875844 10327700 
0.00075 33713.313581 10416300 
0.00075 33156.493087 9912600 
0.00075 32792.743979 10330600 
0.00075 33656.720130 10753600 
0.00075 32402.278682 10843300 
0.00075 33786.711367 10414300 
0.00075 35139.176339 9951400 
0.00075 33319.286302 10307900 
0.00075 32157.681822 10715400 
0.00075 34801.203759 10285600 
0.00075 33825.694765 10775100 
0.00075 33895.546084 9997100 
0.00075 32457.067264 10360000 
0.00075 33099.077286 9874100 
0.00075 33425.551909 10902200 
0.00075 33803.409522 10628000 
0.00075 33677.871333 10874600 
0.00075 33021.543821 10419500 
0.00075 33231.154180 10477100 
0.00075 31458.160516 10683200 
0.00075 34012.690137 10803500 
0.00075 34390.527022 10432100 
0.00075 33066.505712 9753800 
0.00075 33066.757978 10325400 
0.00075 34335.161684 10116700 
0.00075 32651.087198 11325200 
0.00075 34724.010470 10751900 
0.00075 33366.133485 10579600 
0.00075 35987.153881 9765900 
0.00075 33951.336120 10203900 
0.00075 33774.067791 10750200 
0.00075 33499.641915 10439700 
0.00075 34210.940363 10330400 
0.00075 33452.612734 10065500 
0.00075 32781.543250 10410100 
0.00075 33637.490064 10361100 
0.00075 34092.834496 10829900 
0.00075 33226.549077 10913500 
0.00075 33790.424771 10147900 
0.00075 32506.561852 10614800 
0.00075 32430.662715 10157200 
0.00075 34290.706446 11177400 
0.00075 31644.873234 10376100 
0.00075 34620.434290 10382600 
0.000775 33307.257288 10267100 
0.000775 34359.409152 11085000 
0.000775 33537.914874 10815700 
0.000775 35529.515426 9711800 
0.000775 35245.935837 10855800 
0.000775 32053.768441 10079300 
0.000775 34127.296709 10339300 
0.000775 34272.159460 9890000 
0.000775 34522.764693 10490900 
0.000775 33166.765945 9851000 
0.000775 34054.446817 10543300 
0.000775 34549.070139 9742100 
0.000775 32082.174629 10229200 
0.000775 33635.870314 10394100 
0.000775 33279.951173 10230300 
0.000775 35634.318480 10124900 
0.000775 33544.085416 10171700 
0.000775 35399.976217 10294700 
0.000775 33695.084514 10599300 
0.000775 33368.151383 9322400 
0.000775 33228.712870 10696700 
0.000775 34439.026023 9851200 
0.000775 33568.454529 10312200 
0.000775 34002.611708 9669200 
0.000775 34868.780296 9807500 
0.000775 34445.749744 10485800 
0.000775 33097.037439 9765800 
0.000775 34370.896633 10177200 
0.000775 35275.425050 9913700 
0.000775 33674.725222 10338000 
0.000775 32107.186456 10052900 
0.000775 34056.603631 9392400 
0.000775 35334.821599 10104600 
0.000775 32469.772369 10620200 
0.000775 32881.368418 10012700 
0.000775 33293.770270 10402800 
0.000775 34281.551619 10270500 
0.000775 33235.423132 10131500 
0.000775 33633.138353 9781100 
0.000775 33750.868236 10515400 
0.000775 33494.345663 10590400 
0.000775 33048.120795 10330500 
0.000775 33052.629668 10503200 
0.000775 31503.879669 9963800 
0.000775 32241.063461 9617400 
0.000775 34303.160978 10260100 
0.000775 33716.078841 10675700 
0.000775 34290.137825 10062600 
0.000775 33580.087889 10334000 
0.000775 32824.752668 10105600 
0.000775 33998.624087 9964700 
0.000775 32735.072360 10057300 
0.000775 34495.910234 10414100 
0.000775 32620.559197 9833300 
0.000775 35694.688659 9448600 
0.000775 33997.527209 10360800 
0.000775 33173.726351 9727600 
0.000775 35299.543822 9834200 
0.000775 34379.370948 10020700 
0.000775 34062.029479 9978800 
0.000775 33200.965798 9896300 
0.000775 32420.465893 10041400 
0.000775 33928.622238 9471300 
0.000775 33663.095023 10411500 
0.000775 33943.934116 10444100 
0.000775 32936.658725 10019800 
0.000775 33456.704966 10109900 
0.000775 33218.023492 9727000 
0.000775 34310.667932 10603500 
0.000775 33597.411550 9898600 
0.000775 35353.564511 10742100 
0.000775 33445.628101 9864700 
0.000775 32558.102402 10094300 
0.000775 33512.205152 10109500 
0.000775 34323.398415 9695600 
0.000775 35007.986432 9693400 
0.000775 35459.487716 10371500 
0.000775 33466.802234 10630300 
0.000775 34613.331972 9968500 
0.000775 34196.691126 10173100 
0.000775 33183.799942 9929800 
0.000775 32556.932560 10508200 
0.000775 34522.149993 10026500 
0.000775 33558.137278 9895100 
0.000775 33628.051862 9174500 
0.000775 32491.651776 9992200 
0.000775 34134.170894 10089200 
0.000775 33267.520932 9963300 
0.000775 32594.556390 10120300 
0.000775 35073.037634 10109000 
0.000775 33019.076394 9946700 
0.000775 33124.208999 9871300 
0.000775 34106.955998 9985200 
0.000775 33051.885990 10510400 
0.000775 34654.643252 10108800 
0.000775 32456.737947 10587200 
0.000775 33436.484032 10238500 
0.000775 33837.680646 9693700 
0.000775 32369.113930 9866600 
0.000775 32227.503134 9912600 
0.0008 34238.588585 10217300 
0.0008 34270.108062 10131200 
0.0008 35262.688777 9486000 
0.0008 33045.386853 9867300 
0.0008 34245.277382 9673000 
0.0008 32893.712780 9826300 
0.0008 34316.956904 10145600 
0.0008 34068.894976 9823500 
0.0008 33240.423240 9792200 
0.0008 34975.419547 9216500 
0.0008 33743.680707 9245000 
0.0008 33768.538474 9739900 
0.0008 33245.320041 10022800 
0.0008 34368.276935 9966000 
0.0008 32456.510830 9550300 
0.0008 33769.371932 9536600 
0.0008 34680.299643 9813900 
0.0008 33375.824907 9603500 
0.0008 33286.878781 9176700 
0.0008 32402.798044 10106400 
0.0008 34795.023361 9777100 
0.0008 33761.434224 10578700 
0.0008 32616.930911 10068100 
0.0008 34276.800431 9969700 
0.0008 33456.157159 9802600 
0.0008 32989.824691 10039300 
0.0008 33302.130035 9982000 
0.0008 34010.408088 10001100 
0.0008 32869.897796 9715600 
0.0008 32923.476986 9944000 
0.0008 33527.500903 9977300 
0.0008 33112.653672 9898000 
0.0008 32852.929213 9643400 
0.0008 34665.629207 10431500 
0.0008 33797.600691 9508600 
0.0008 33378.263530 9996500 
0.0008 35111.921181 9896900 
0.0008 32696.581591 10192700 
0.0008 33276.444935 9747900 
0.0008 33331.267941 9782500 
0.0008 34299.963117 9514500 
0.0008 32545.861346 10788200 
0.0008 33865.221314 9853400 
0.0008 33237.768925 10178600 
0.0008 32323.189093 9853300 
0.0008 33334.379333 9698400 
0.0008 33906.923161 9560100 
0.0008 33528.452770 9551900 
0.0008 34232.746456 9570500 
0.0008 33912.283256 10013000 
0.0008 34246.254792 9749700 
0.0008 33995.595675 10052300 
0.0008 34435.005402 9237000 
0.0008 33526.825592 9339000 
0.0008 35537.267396 9935000 
0.0008 33306.450364 9656700 
0.0008 34194.531084 10152100 
0.0008 33081.359080 10181700 
0.0008 33201.573998 9852300 
0.0008 34456.083672 10114700 
0.0008 34238.768359 10225500 
0.0008 33180.093205 9925700 
0.0008 33336.195988 10257000 
0.0008 33489.691755 9724100 
0.0008 33573.036336 9810900 
0.0008 34392.755600 9501100 
0.0008 34352.827005 9916400 
0.0008 33257.033660 9503200 
0.0008 33144.683827 9868300 
0.0008 32800.078002 9645000 
0.0008 33859.527148 9185700 
0.0008 33984.133227 9707100 
0.0008 31943.532611 9601800 
0.0008 33552.454830 9763700 
0.0008 33623.653508 9867000 
0.0008 33937.087653 9367400 
0.0008 35348.864064 10236600 
0.0008 36019.732389 9610100 
0.0008 33706.008020 9831800 
0.0008 33210.243965 9612300 
0.0008 33180.833387 9514700 
0.0008 34175.151270 10341000 
0.0008 34929.983054 9949800 
0.0008 33659.365506 9760800 
0.0008 33758.543183 9899100 
0.0008 32985.742673 9937000 
0.0008 33397.165117 9751800 
0.0008 34466.988558 10197000 
0.0008 33921.189581 9861000 
0.0008 34202.294667 10032600 
0.0008 32854.554130 10184200 
0.0008 33980.214151 9498000 
0.0008 34434.572759 9526800 
0.0008 36754.976342 10062600 
0.0008 33208.934503 9704300 
0.0008 32527.048263 9870700 
0.0008 34119.203312 9986700 
0.0008 34318.306480 9892900 
0.0008 32005.310983 9907900 
0.0008 34100.896300 9843100 
0.000825 33224.018835 9068900 
0.000825 34435.587966 9578600 
0.000825 34794.179244 9816200 
0.000825 35288.769380 9247000 
0.000825 32658.703213 9593100 
0.000825 33927.448366 9223900 
0.000825 33223.283393 9246600 
0.000825 33364.804056 9907900 
0.000825 33144.428524 9404300 
0.000825 33142.876681 9176100 
0.000825 35837.794035 9682200 
0.000825 34213.917437 10023200 
0.000825 35994.631698 9593800 
0.000825 34749.828769 9524800 
0.000825 35427.566974 9604500 
0.000825 36270.144023 9316500 
0.000825 34665.490265 9318200 
0.000825 34784.319301 9833400 
0.000825 33971.972766 9298300 
0.000825 32479.172518 9863900 
0.000825 32557.281632 9211000 
0.000825 33775.718362 9110100 
0.000825 35337.455523 10518600 
0.000825 33538.026283 9544200 
0.000825 33471.814683 9481700 
0.000825 33662.243841 9676400 
0.000825 33359.954528 9725200 
0.000825 34251.051570 9734900 
0.000825 35053.400983 10061300 
0.000825 33475.494684 9742800 
0.000825 32729.593867 9089000 
0.000825 36232.148032 9167600 
0.000825 33625.436708 9721600 
0.000825 35454.834466 9735500 
0.000825 33790.079493 9363600 
0.000825 33111.482300 9477300 
0.000825 34003.769579 9609900 
0.000825 33868.045161 9305400 
0.000825 33068.097750 9615600 
0.000825 33936.759138 9753300 
0.000825 34374.659460 9697100 
0.000825 33451.385516 9608500 
0.000825 33488.551028 10210700 
0.000825 35176.182836 9612400 
0.000825 33251.575642 9204200 
0.000825 33958.050427 8907600 
0.000825 34079.946128 9201400 
0.000825 32168.477343 9162800 
0.000825 33301.624725 9484400 
0.000825 33188.588455 9496500 
0.000825 32044.663978 8957400 
0.000825 34065.287835 9453000 
0.000825 34927.185337 9691800 
0.000825 34851.759862 9054900 
0.000825 34029.222481 9195100 
0.000825 34287.906803 9171100 
0.000825 32993.025077 10165200 
0.000825 34667.596737 9283400 
0.000825 34029.411233 9118900 
0.000825 35750.442579 9403300 
0.000825 33924.041635 9439000 
0.000825 33076.132432 9311400 
0.000825 33764.881012 9393200 
0.000825 33176.092524 9889900 
0.000825 32506.791294 9147100 
0.000825 32992.089413 9606400 
0.000825 33612.191919 10030000 
0.000825 35318.030268 9505100 
0.000825 36011.878016 9462400 
0.000825 33045.920967 9219200 
0.000825 34303.666251 9321100 
0.000825 33845.763099 9057100 
0.000825 33427.323170 9484200 
0.000825 34056.851007 9030000 
0.000825 35246.879805 9228300 
0.000825 32916.803561 9341600 
0.000825 32824.403594 8557300 
0.000825 33139.044405 9151300 
0.000825 34456.256280 10285500 
0.000825 35344.018347 9483900 
0.000825 32672.520341 9360700 
0.000825 33171.980954 9111600 
0.000825 33248.155965 9126500 
0.000825 34520.632937 9418800 
0.000825 33502.078678 9578300 
0.000825 33965.081685 9644000 
0.000825 34534.628480 9526700 
0.000825 34588.247497 9876000 
0.000825 32633.848132 9865500 
0.000825 31932.727732 9625500 
0.000825 33212.138639 9842800 
0.000825 33901.030876 9112700 
0.000825 33427.806825 9558400 
0.000825 34362.995901 9323400 
0.000825 33216.714122 9523500 
0.000825 34111.971661 9197500 
0.000825 34765.524920 8903800 
0.000825 32975.132704 8993200 
0.000825 33015.071584 9964800 
0.000825 32315.849416 9317200 
0.00085 35740.231306 9960600 
0.00085 34290.634037 9370000 
0.00085 34650.578875 8588200 
0.00085 34118.864858 8996900 
0.00085 33982.606789 9539600 
0.00085 32761.160291 9408400 
0.00085 33739.623974 9366000 
0.00085 35360.677283 9580000 
0.00085 33826.530156 9142500 
0.00085 34487.406280 8688200 
0.00085 32279.979374 9249800 
0.00085 34356.614860 9162800 
0.00085 33399.741645 9483500 
0.00085 35337.955297 9248600 
0.00085 34230.769205 9237300 
0.00085 33876.333145 9019100 
0.00085 33399.549865 9661100 
0.00085 34579.895115 8858200 
0.00085 33691.392922 9290700 
0.00085 34783.146180 9302100 
0.00085 34058.412112 9119900 
0.00085 33598.909829 9590600 
0.00085 32726.074906 8842600 
0.00085 32469.660724 9092800 
0.00085 33525.564353 9083000 
0.00085 33336.465640 9500100 
0.00085 33543.175942 9534600 
0.00085 32750.619308 9389300 
0.00085 34582.505343 9100400 
0.00085 34008.521138 9263800 
0.00085 33256.004035 9195100 
0.00085 32175.445475 9506200 
0.00085 32600.838045 9505800 
0.00085 33535.660396 9197700 
0.00085 35764.670272 9277200 
0.00085 34079.536284 9144800 
0.00085 34323.836676 9099200 
0.00085 33760.893877 9087500 
0.00085 32924.661032 9278800 
0.00085 33619.612477 9393900 
0.00085 33695.562959 8860600 
0.00085 35263.061821 8989300 
0.00085 32797.637548 9231400 
0.00085 37441.427032 9255900 
0.00085 31713.955710 9039000 
0.00085 34040.575919 8845800 
0.00085 32889.829679 9434300 
0.00085 33421.167502 9691200 
0.00085 33410.784908 8818700 
0.00085 34544.941518 9762400 
0.00085 33554.887886 8472300 
0.00085 33004.229775 9426400 
0.00085 34477.546343 9325600 
0.00085 33711.674170 9467300 
0.00085 33568.427045 9369000 
0.00085 35153.499646 9154400 
0.00085 33680.305692 8635300 
0.00085 34297.122322 9393700 
0.00085 33810.265724 9468200 
0.00085 33764.814457 8792100 
0.00085 34297.442180 9666700 
0.00085 33462.829136 9465800 
0.00085 33993.206637 8977500 
0.00085 33123.682937 8961300 
0.00085 36136.981069 9506200 
0.00085 33676.196605 9535500 
0.00085 32607.625244 9496600 
0.00085 33881.408176 9589900 
0.00085 32517.975777 9686400 
0.00085 33328.243488 9781800 
0.00085 33798.253692 9111700 
0.00085 34851.149656 8979500 
0.00085 34556.381272 9257900 
0.00085 33064.346402 9329400 
0.00085 33800.575891 9477900 
0.00085 33432.274124 9001100 
0.00085 33356.230788 9214600 
0.00085 32752.488033 9760000 
0.00085 32998.353322 8866100 
0.00085 31976.362557 9158700 
0.00085 33514.154452 8908700 
0.00085 32437.167307 9317800 
0.00085 33982.818934 9320000 
0.00085 36198.057482 9074500 
0.00085 32650.697700 9802100 
0.00085 32771.050797 9645400 
0.00085 32335.504547 9443300 
0.00085 35347.302863 8974900 
0.00085 33452.400930 9359900 
0.00085 33383.863154 9189500 
0.00085 34947.915030 9164900 
0.00085 32832.147463 9298900 
0.00085 35117.260123 9549800 
0.00085 32810.025981 8958900 
0.00085 33495.076052 9683800 
0.00085 32915.053288 8688400 
0.00085 33640.182603 9296700 
0.00085 33779.957828 10077100 
0.00085 36526.930620 9403500 
0.00085 35509.766856 9065800 
0.000875 33061.140454 8723300 
0.000875 33431.232122 8892300 
0.000875 33683.173674 9070500 
0.000875 34153.510148 9133700 
0.000875 35612.089205 9255300 
0.000875 32525.167450 9112100 
0.000875 32439.508659 8824100 
0.000875 34096.946781 8668000 
0.000875 35865.821718 9221800 
0.000875 33581.355825 9005700 
0.000875 34247.541284 9027300 
0.000875 33619.316138 8757600 
0.000875 32225.210647 9477500 
0.000875 33297.539108 8730000 
0.000875 34303.942124 9113300 
0.000875 33575.346035 8889900 
0.000875 33930.970641 8821100 
0.000875 32804.132564 9032800 
0.000875 34310.663817 8527300 
0.000875 34160.954280 8838000 
0.000875 33621.196226 8931500 
0.000875 34869.891942 8846600 
0.000875 34134.391315 8519400 
0.000875 35226.450259 8999100 
0.000875 33621.637606 9209000 
0.000875 32795.350291 8736000 
0.000875 33292.431856 8838200 
0.000875 34650.710318 9086300 
0.000875 34200.007993 8947600 
0.000875 33425.816241 8461900 
0.000875 31642.242049 9447300 
0.000875 36097.473510 8647900 
0.000875 34538.839524 9248500 
0.000875 33662.826755 9108500 
0.000875 33896.028216 9230600 
0.000875 35242.634461 8886900 
0.000875 33070.348363 9170900 
0.000875 34064.870062 9074400 
0.000875 32815.278541 8578100 
0.000875 36172.556306 9395000 
0.000875 33122.910902 8894800 
0.000875 34972.642331 9387100 
0.000875 35004.673503 9216500 
0.000875 33171.730956 9252700 
0.000875 35602.409168 9081800 
0.000875 33049.423677 8952300 
0.000875 33488.430872 8971100 
0.000875 32508.128622 9192900 
0.000875 32722.811430 8939100 
0.000875 33139.676307 9090900 
0.000875 33816.649684 9606800 
0.000875 32698.463979 8883400 
0.000875 33759.707940 8788700 
0.000875 33386.210507 9305400 
0.000875 34208.922355 8992800 
0.000875 33668.273083 9250100 
0.000875 34700.819993 9240800 
0.000875 34930.352188 8888200 
0.000875 33496.008545 8968100 
0.000875 33046.177712 9167300 
0.000875 32668.232739 9470900 
0.000875 34023.808632 9240800 
0.000875 35812.365689 9122300 
0.000875 34371.661416 8959900 
0.000875 33415.322751 9140400 
0.000875 34581.335927 8937500 
0.000875 33798.640046 9142800 
0.000875 33115.438697 8665500 
0.000875 34638.018753 8991100 
0.000875 33817.813042 8920200 
0.000875 32272.461782 9103900 
0.000875 35055.008270 8927200 
0.000875 33758.045115 9317100 
0.000875 33211.047552 9461100 
0.000875 32885.634426 9149100 
0.000875 32575.916588 9412900 
0.000875 33429.530895 9034000 
0.000875 33432.959606 8394300 
0.000875 33545.812208 9267500 
0.000875 33722.067719 8794700 
0.000875 32600.799720 9094100 
0.000875 32987.631735 8689000 
0.000875 33654.356518 9131700 
0.000875 33641.654519 9038500 
0.000875 35065.366846 9006500 
0.000875 33852.900897 8819800 
0.000875 32311.438298 9101000 
0.000875 32979.301375 9578400 
0.000875 34873.953599 9031100 
0.000875 34397.002343 9127700 
0.000875 35437.846298 9133300 
0.000875 34168.330835 9144400 
0.000875 33367.595761 8969600 
0.000875 33817.660086 8514500 
0.000875 34851.453669 9144900 
0.000875 33730.101514 8879800 
0.000875 33332.317724 9091500 
0.000875 35757.255881 8933200 
0.000875 33329.602318 8912900 
0.000875 34140.078100 9531600 
0.0009 34577.143157 8379000 
0.0009 33923.055955 9407300 
0.0009 35055.893630 8806900 
0.0009 34125.701357 8838300 
0.0009 32625.583125 8660900 
0.0009 34402.454907 8403600 
0.0009 34693.733250 8944600 
0.0009 32953.665898 8641700 
0.0009 34802.001788 8472200 
0.0009 34439.532607 9046000 
0.0009 33424.375020 8801000 
0.0009 32936.256349 8152300 
0.0009 34553.510044 9014100 
0.0009 33476.448129 8613300 
0.0009 33805.460175 8691300 
0.0009 34043.931794 8511600 
0.0009 34766.514906 8441200 
0.0009 33003.405836 9099800 
0.0009 33464.597377 9106000 
0.0009 34479.840204 8584600 
0.0009 33538.044590 8804300 
0.0009 32170.723088 9357600 
0.0009 34000.938548 8844000 
0.0009 34562.945741 8316100 
0.0009 33949.822571 8724600 
0.0009 34098.654987 8531300 
0.0009 34000.647145 9015100 
0.0009 32859.560661 8909500 
0.0009 34097.996632 8925500 
0.0009 33862.313143 8787600 
0.0009 32923.468818 8943500 
0.0009 33108.981559 9264300 
0.0009 33959.160746 8823100 
0.0009 34395.243556 9216800 
0.0009 33255.649313 8765000 
0.0009 34255.947334 8910700 
0.0009 32452.483475 9132200 
0.0009 33219.722591 8916200 
0.0009 33000.134700 9313100 
0.0009 33658.995190 8744400 
0.0009 34749.133076 8321000 
0.0009 34140.893289 9020500 
0.0009 33164.887131 9077600 
0.0009 33822.514699 8261900 
0.0009 34652.151200 8760600 
0.0009 32957.530271 8540200 
0.0009 34561.688092 8649800 
0.0009 34021.664225 8433300 
0.0009 33158.432126 8880300 
0.0009 34935.649530 8253500 
0.0009 33909.999112 8896200 
0.0009 34134.339277 8743500 
0.0009 33460.672071 9086000 
0.0009 33792.187672 8697200 
0.0009 32813.517838 9210400 
0.0009 33928.478629 8911400 
0.0009 33283.401030 8417900 
0.0009 31708.688653 8641000 
0.0009 31049.378766 8588900 
0.0009 34758.086394 8937000 
0.0009 34067.594063 8861900 
0.0009 32817.176993 8876800 
0.0009 35188.194537 9239800 
0.0009 33196.100719 8997600 
0.0009 33975.330242 9068100 
0.0009 33623.385747 8469900 
0.0009 33892.202645 8153600 
0.0009 34842.680150 8943600 
0.0009 31512.201984 8733600 
0.0009 37116.055263 8419300 
0.0009 33148.027201 8858000 
0.0009 33601.880371 8796800 
0.0009 33994.748473 9015700 
0.0009 32750.147302 9057600 
0.0009 35587.246751 8759800 
0.0009 33741.201963 8589700 
0.0009 33246.070370 8588100 
0.0009 34302.581365 8910800 
0.0009 33850.997623 8705400 
0.0009 34852.127206 8699600 
0.0009 35192.247764 9207600 
0.0009 33752.240224 9141700 
0.0009 34864.117712 9092100 
0.0009 36258.373549 8536100 
0.0009 33171.097824 8742800 
0.0009 31842.023167 8540600 
0.0009 33811.233606 8659700 
0.0009 33495.176196 8801600 
0.0009 35023.302941 8548700 
0.0009 32959.085037 8938600 
0.0009 32985.809630 8834300 
0.0009 34032.819658 8728300 
0.0009 34668.866249 8613100 
0.0009 33987.799327 8677200 
0.0009 32672.158972 8862700 
0.0009 35594.309805 9031300 
0.0009 32782.079415 8953100 
0.0009 32797.393466 8938900 
0.0009 33878.282169 8757000 
0.0009 33178.050650 8660100 
0.000925 35055.427155 7964100 
0.000925 33751.756613 8859300 
0.000925 33977.128460 8718200 
0.000925 34755.730991 8511400 
0.000925 33714.786408 8265600 
0.000925 32503.717978 8861700 
0.000925 33360.020132 8391200 
0.000925 33168.458596 8683900 
0.000925 32467.164259 8385400 
0.000925 33017.346545 8461700 
0.000925 34152.000291 8557700 
0.000925 35004.684772 8369700 
0.000925 34530.838744 8461800 
0.000925 33212.360188 8680400 
0.000925 34255.602555 8118900 
0.000925 34141.305653 8658500 
0.000925 35052.884931 8583600 
0.000925 34715.451020 8136900 
0.000925 34475.527471 8701900 
0.000925 32691.500675 8529600 
0.000925 32912.630792 8881900 
0.000925 33728.263624 8530200 
0.000925 35194.966051 8428100 
0.000925 34564.659565 8550900 
0.000925 32410.656729 8807500 
0.000925 35463.328372 8321300 
0.000925 32349.076686 9090600 
0.000925 35765.510707 8551300 
0.000925 34771.825995 8094300 
0.000925 33019.830469 8291300 
0.000925 34205.263212 8408300 
0.000925 33717.029900 8410600 
0.000925 33522.456845 8363100 
0.000925 32887.864138 8900200 
0.000925 34547.812709 8303400 
0.000925 35170.603790 8893000 
0.000925 34732.200409 8229600 
0.000925 33527.801763 8209000 
0.000925 33125.420951 8369500 
0.000925 34967.671656 8549400 
0.000925 32562.546105 8502100 
0.000925 33016.211085 8510700 
0.000925 32273.266658 8013800 
0.000925 34830.399227 8406500 
0.000925 34268.145638 8224300 
0.000925 34612.455152 8271000 
0.000925 34352.989957 8649800 
0.000925 34618.662174 8750200 
0.000925 35672.624214 8475600 
0.000925 35030.972811 8115800 
0.000925 33338.625051 8331600 
0.000925 33615.244180 8601000 
0.000925 34111.813803 8474300 
0.000925 35796.229376 8028400 
0.000925 34365.083219 8618100 
0.000925 31959.928879 8194600 
0.000925 34172.018636 8478600 
0.000925 34728.219395 8619700 
0.000925 33326.274412 8318500 
0.000925 32260.155341 8450900 
0.000925 33730.455736 9315700 
0.000925 31900.654324 8429000 
0.000925 34220.548621 8935400 
0.000925 33586.512041 8670000 
0.000925 33239.635468 8251800 
0.000925 33615.596169 8531000 
0.000925 37470.833444 8308400 
0.000925 33030.110465 8663100 
0.000925 33272.732230 8572800 
0.000925 33734.775884 8622900 
0.000925 33693.530243 8613600 
0.000925 36481.964039 8033600 
0.000925 33164.735330 8212500 
0.000925 34413.211237 8548000 
0.000925 34131.200148 8628700 
0.000925 32790.218296 9087900 
0.000925 34715.447302 7911300 
0.000925 34630.979920 8236000 
0.000925 32278.399740 8972300 
0.000925 33838.664915 8626100 
0.000925 33620.901784 8806900 
0.000925 35015.153417 8291200 
0.000925 34440.675959 8574900 
0.000925 33899.904434 8303100 
0.000925 32617.325977 8878500 
0.000925 33053.558259 8931700 
0.000925 33899.142350 9194400 
0.000925 33418.563847 7888300 
0.000925 36789.834298 8498000 
0.000925 34870.025870 8599200 
0.000925 33750.771494 8661100 
0.000925 33909.928300 8509200 
0.000925 33544.702132 8243800 
0.000925 33148.122550 8829000 
0.000925 34394.722155 8606700 
0.000925 35194.432219 8372100 
0.000925 34630.528576 8495200 
0.000925 34431.512590 7762500 
0.000925 34477.680870 8572100 
0.000925 32914.358031 8442900 
0.00095 33918.241118 8470300 
0.00095 34159.477535 8124600 
0.00095 34050.644327 8446700 
0.00095 36751.330741 8473200 
0.00095 36154.155210 7819200 
0.00095 32734.297661 8376900 
0.00095 33545.481500 7933300 
0.00095 32197.307383 8144400 
0.00095 33623.663813 8176000 
0.00095 35191.194697 9160600 
0.00095 34322.615905 8857400 
0.00095 34894.662308 8290400 
0.00095 33352.304822 8135200 
0.00095 34814.668742 9442800 
0.00095 34450.268334 8035000 
0.00095 33388.979474 8288100 
0.00095 34833.827771 8427000 
0.00095 33234.188136 8736700 
0.00095 34250.532454 8590100 
0.00095 34591.848087 8220500 
0.00095 33319.522263 8069300 
0.00095 33585.827252 8452200 
0.00095 33812.866260 8288400 
0.00095 34053.167412 8621400 
0.00095 34241.653593 8658400 
0.00095 34150.869877 8323400 
0.00095 32826.712070 8670700 
0.00095 32910.617995 8104000 
0.00095 32388.588685 8448300 
0.00095 33099.374143 8290600 
0.00095 32218.684882 8233200 
0.00095 35423.578709 7561800 
0.00095 33647.775494 8082100 
0.00095 32506.215401 8334100 
0.00095 33353.410129 8810200 
0.00095 33328.541824 8421500 
0.00095 35012.593363 8604700 
0.00095 35131.981618 8152000 
0.00095 36149.267513 8400300 
0.00095 33029.792187 8308500 
0.00095 34819.814252 8742800 
0.00095 33596.282152 8264700 
0.00095 33263.899324 8427600 
0.00095 32705.507238 8231100 
0.00095 35446.790866 8170700 
0.00095 34099.684538 7895300 
0.00095 33390.029768 8104700 
0.00095 34217.562895 8653100 
0.00095 33007.402930 8360200 
0.00095 32451.136127 7732800 
0.00095 32824.315804 8142400 
0.00095 33488.688629 8243200 
0.00095 34873.940957 7842400 
0.00095 35412.588480 8163800 
0.00095 35851.024032 8811200 
0.00095 33896.691196 8040000 
0.00095 34182.673035 8207500 
0.00095 33399.006184 7919200 
0.00095 35080.694743 8734400 
0.00095 32002.171709 7897100 
0.00095 33005.921442 8170600 
0.00095 32089.092682 8680500 
0.00095 34834.165635 7927700 
0.00095 33955.366512 8234200 
0.00095 36300.495997 8352900 
0.00095 35378.586492 8158400 
0.00095 34515.895878 8882300 
0.00095 33662.975270 8426600 
0.00095 32542.921623 8319600 
0.00095 34516.699879 8204800 
0.00095 33757.921047 8410600 
0.00095 33320.162390 8505800 
0.00095 34232.471292 8333600 
0.00095 33268.833971 8266000 
0.00095 32869.519566 8617200 
0.00095 35183.798279 8408200 
0.00095 34765.521349 8223900 
0.00095 33192.660835 7848800 
0.00095 34651.397667 8036800 
0.00095 34281.943218 8519500 
0.00095 35219.680064 9436100 
0.00095 34741.918346 8923900 
0.00095 33438.407071 8244200 
0.00095 32607.349104 8488500 
0.00095 32981.655436 8364900 
0.00095 34110.188403 7966200 
0.00095 34214.392595 8687300 
0.00095 32508.382890 8483700 
0.00095 32424.138897 8367200 
0.00095 33744.938850 8177600 
0.00095 34707.906908 8669000 
0.00095 33190.171343 8322600 
0.00095 33748.316501 8409200 
0.00095 33183.115230 8245400 
0.00095 33549.710396 8452900 
0.00095 33731.861098 7689800 
0.00095 35643.513439 8936100 
0.00095 33382.401375 8514200 
0.00095 34753.792529 8474700 
0.00095 34148.423280 8430300 
0.000975 35445.931089 8242100 
0.000975 35123.338111 8157900 
0.000975 33196.033438 8370400 
0.000975 33809.741481 8252000 
0.000975 35334.926373 8079800 
0.000975 33525.894346 7712300 
0.000975 32864.895132 8247300 
0.000975 33256.960645 8272900 
0.000975 36733.688047 8205400 
0.000975 33836.485779 8464400 
0.000975 35762.437913 7841500 
0.000975 34376.886166 7939000 
0.000975 33102.604386 7944100 
0.000975 31967.278814 8090700 
0.000975 33491.463957 8500600 
0.000975 33645.964559 8452200 
0.000975 34477.059184 7770800 
0.000975 33421.563795 8077900 
0.000975 34453.320184 8058200 
0.000975 34369.577371 7816800 
0.000975 33812.575900 8203300 
0.000975 35155.121853 8589600 
0.000975 33589.566091 8134500 
0.000975 34858.589039 7564900 
0.000975 33914.588222 7587300 
0.000975 33639.410860 8158000 
0.000975 35614.337571 8205800 
0.000975 35060.358742 7936000 
0.000975 32971.859440 7690500 
0.000975 33555.956581 8097900 
0.000975 33380.351435 7995600 
0.000975 34280.291567 7698200 
0.000975 33748.451824 7979600 
0.000975 34630.087720 8125200 
0.000975 35115.855505 7860500 
0.000975 34920.319471 8408700 
0.000975 34217.446496 8147900 
0.000975 32956.159533 7768300 
0.000975 34595.882559 8216600 
0.000975 33471.996344 8074100 
0.000975 35163.009440 8244200 
0.000975 33071.351636 8273500 
0.000975 32746.185214 7810200 
0.000975 33522.799379 7770700 
0.000975 32942.723794 8241600 
0.000975 35060.969366 8023200 
0.000975 34410.531630 8405800 
0.000975 33401.472340 8187900 
0.000975 33488.584531 8445000 
0.000975 34168.404433 8181800 
0.000975 35888.153019 8038700 
0.000975 32919.043325 8045000 
0.000975 33693.168743 7535100 
0.000975 32759.876232 8118000 
0.000975 32051.313784 8309700 
0.000975 35289.033086 7776800 
0.000975 31929.458194 7517000 
0.000975 34453.128376 8000300 
0.000975 32683.523811 7914300 
0.000975 33821.664082 7929600 
0.000975 34370.000299 8773300 
0.000975 36283.687224 8279700 
0.000975 34707.170166 7852900 
0.000975 33073.263857 8125900 
0.000975 34430.313516 8001400 
0.000975 34498.691149 8336900 
0.000975 35451.532182 7744000 
0.000975 33482.432886 8150500 
0.000975 34108.093356 8035800 
0.000975 34443.608372 8212500 
0.000975 32981.858265 7986000 
0.000975 33148.014673 8177000 
0.000975 35190.893852 7792700 
0.000975 34798.495733 8002700 
0.000975 34013.686038 8196000 
0.000975 34878.013319 8509300 
0.000975 34175.884609 8259300 
0.000975 34226.157825 7901500 
0.000975 34199.675288 7736600 
0.000975 32411.511419 8411400 
0.000975 34495.519719 8100700 
0.000975 33718.634229 8511700 
0.000975 37487.767317 8196100 
0.000975 34139.488944 8132200 
0.000975 32810.250343 7955500 
0.000975 33851.400723 7741600 
0.000975 35314.906704 7666300 
0.000975 33960.022717 8253900 
0.000975 33166.154026 7765300 
0.000975 34766.783700 7882500 
0.000975 35747.431584 8239700 
0.000975 37080.352406 8130000 
0.000975 33692.545789 7950100 
0.000975 35220.848397 8484000 
0.000975 35032.188508 8504400 
0.000975 33946.522571 8315600 
0.000975 35697.551584 8067500 
0.000975 33954.611813 8118500 
0.000975 33674.309258 8039800 
0.000975 33744.369309 7823000 
0.00001 31743.445402 802692000 
0.00001 31334.063674 777554600 
0.00001 31470.367421 784147200 
0.00001 30917.705538 754908400 
0.00001 31388.456726 772605700 
0.00001 30943.671760 793795700 
0.00001 31202.875595 775519000 
0.00001 31502.371434 777788800 
0.00001 30505.726369 750839400 
0.00001 31017.669197 765808100 
0.00001 31291.475682 772492700 
0.00001 31047.532114 779952100 
0.00001 30571.802319 758089100 
0.00001 30302.684908 749258900 
0.00001 31449.934134 772528500 
0.00001 31918.518297 785526400 
0.00001 31043.662247 798287100 
0.00001 31234.648049 807916900 
0.00001 31381.794995 755806500 
0.00001 30985.288619 769819800 
0.00001 30994.849967 787299100 
0.00001 30911.082581 737681900 
0.00001 31476.630917 762536700 
0.00001 31337.361230 752202100 
0.00001 31626.498892 796349600 
0.00001 31000.177792 789447200 
0.00001 32043.854896 798959300 
0.00001 31469.871405 787278000 
0.00001 31136.208625 758436900 
0.00001 30583.950545 772387700 
0.00001 30838.986891 766622100 
0.00001 31098.911733 772198700 
0.00001 30922.709788 775507500 
0.00001 30397.931657 737484700 
0.00001 31493.105190 777040400 
0.00001 31174.590302 718516700 
0.00001 30759.918782 758225300 
0.00001 31395.185399 758519000 
0.00001 30858.940287 771089800 
0.00001 30846.200604 787432900 
0.00001 30635.228215 769612300 
0.00001 30629.389550 788228800 
0.00001 31574.798199 763357500 
0.00001 30521.691265 769859000 
0.00001 31880.522529 771501700 
0.00001 30252.712495 772982400 
0.00001 30477.394087 757477100 
0.00001 31355.532216 760944000 
0.00001 30853.943651 809398500 
0.00001 31682.816743 784632800 
0.00001 30658.491209 780144800 
0.00001 31469.808863 765093600 
0.00001 31139.670849 774860200 
0.00001 31553.971946 777834600 
0.00001 31109.532315 763685100 
0.00001 31355.630330 768836700 
0.00001 31582.668475 811975900 
0.00001 30753.143570 772982200 
0.00001 31233.089378 796881400 
0.00001 31577.638439 746009000 
0.00001 31268.573978 762781600 
0.00001 31283.642526 783148100 
0.00001 30726.807580 797794500 
0.00001 31282.344106 790637500 
0.00001 30535.036086 797757600 
0.00001 31458.288355 778864700 
0.00001 30814.855561 750093300 
0.00001 30682.893518 762789000 
0.00001 31564.222462 770439000 
0.00001 30982.705572 814441100 
0.00001 31676.253821 797132900 
0.00001 31228.687565 769036700 
0.00001 30970.835133 774814100 
0.00001 31066.232312 783939000 
0.00001 31349.256280 770154300 
0.00001 30569.861781 786254600 
0.00001 31434.506167 754290100 
0.00001 30672.390408 806610800 
0.00001 30444.825645 749930400 
0.00001 30258.239624 814325400 
0.00001 31135.575949 762062700 
0.00001 31429.854740 751628100 
0.00001 31140.957096 782155200 
0.00001 30530.353260 785747800 
0.00001 30793.590257 775442100 
0.00001 31438.954778 762814900 
0.00001 31056.689915 767406900 
0.00001 31871.029785 742615800 
0.00001 30660.461302 784752200 
0.00001 31811.549800 790381100 
0.00001 31292.249985 789413700 
0.00001 31238.358642 787323600 
0.00001 32068.479040 770358600 
0.00001 30793.377251 798924300 
0.00001 30499.362468 753384800 
0.00001 31207.485003 798830500 
0.00001 31729.661821 766115500 
0.00001 30897.122226 776490700 
0.00001 31439.350375 801498500 
0.00001 31202.106548 783824000 
0.0000125 31001.431399 609685500 
0.0000125 31123.761856 602711900 
0.0000125 31652.250598 615078300 
0.0000125 30869.130018 613365900 
0.0000125 30578.370326 615871900 
0.0000125 30756.075932 629892800 
0.0000125 31279.459216 599603700 
0.0000125 31114.281926 638002900 
0.0000125 30849.104829 612091400 
0.0000125 30933.239321 645712500 
0.0000125 31320.006821 621947800 
0.0000125 30314.460148 598709500 
0.0000125 31095.289660 628732500 
0.0000125 32182.725822 596868700 
0.0000125 30953.949506 609281400 
0.0000125 30946.214960 623831200 
0.0000125 30085.592350 612814700 
0.0000125 31282.122797 612065500 
0.0000125 31885.913244 633912200 
0.0000125 31029.315334 589476700 
0.0000125 30212.191358 606517600 
0.0000125 30432.693754 627499900 
0.0000125 30589.102363 600902500 
0.0000125 31144.054044 632594100 
0.0000125 31280.937263 612496100 
0.0000125 31113.320833 610024200 
0.0000125 30720.221870 631786500 
0.0000125 30356.406763 619593300 
0.0000125 31461.724530 592886400 
0.0000125 31544.008733 614014200 
0.0000125 30540.509548 618534000 
0.0000125 31873.840511 616757400 
0.0000125 30910.935459 620866300 
0.0000125 30465.360061 650642900 
0.0000125 31508.728330 606892000 
0.0000125 31479.347061 609391400 
0.0000125 30682.824593 622331700 
0.0000125 30469.078365 632422700 
0.0000125 31163.267935 621617100 
0.0000125 30888.325806 599498200 
0.0000125 30869.106224 611341400 
0.0000125 31279.609253 637956200 
0.0000125 30387.736060 602898700 
0.0000125 31210.688967 620352700 
0.0000125 31848.267216 611748000 
0.0000125 31753.671865 598778000 
0.0000125 30855.919460 616614900 
0.0000125 30967.689369 641449400 
0.0000125 31453.551592 643667500 
0.0000125 31865.719320 620739100 
0.0000125 32481.644367 613315200 
0.0000125 31959.913615 625415800 
0.0000125 32033.819501 609105900 
0.0000125 31161.403736 616273700 
0.0000125 30786.811810 603501000 
0.0000125 30904.536131 603968500 
0.0000125 31418.921566 607426700 
0.0000125 31411.290048 595921400 
0.0000125 30671.469422 635417500 
0.0000125 31174.712888 596017500 
0.0000125 31280.726132 628655900 
0.0000125 30145.911307 602147700 
0.0000125 31797.902080 603498500 
0.0000125 31103.281010 632311200 
0.0000125 31175.370466 634165200 
0.0000125 31815.742385 592058200 
0.0000125 30877.773480 607680000 
0.0000125 30884.222506 638803600 
0.0000125 31200.250931 603302900 
0.0000125 31106.229563 630701100 
0.0000125 31365.693382 624486900 
0.0000125 31085.856858 606193500 
0.0000125 31261.093218 597622400 
0.0000125 31549.427072 658305900 
0.0000125 30340.934416 636687300 
0.0000125 31321.845930 629293200 
0.0000125 31487.377760 641206600 
0.0000125 30703.184434 604026900 
0.0000125 30232.138015 598909500 
0.0000125 31566.876440 606193100 
0.0000125 31168.863178 604069500 
0.0000125 30731.657630 635323500 
0.0000125 31080.451031 627243900 
0.0000125 31065.325416 623271000 
0.0000125 31554.277494 609178600 
0.0000125 31206.747449 617392000 
0.0000125 31004.772942 608239700 
0.0000125 31531.765002 638958300 
0.0000125 30487.724460 618902500 
0.0000125 32165.865541 608826700 
0.0000125 32302.670003 602309100 
0.0000125 30603.022145 630316400 
0.0000125 31452.606513 620027500 
0.0000125 31093.432460 630853800 
0.0000125 31045.932759 625323600 
0.0000125 31038.583805 624802500 
0.0000125 31117.771192 602526700 
0.0000125 31335.339178 618510900 
0.0000125 31269.003704 625195700 
0.0000125 31166.424999 614587300 
0.000015 31297.217711 523256100 
0.000015 31176.273238 535618900 
0.000015 32380.277961 528811700 
0.000015 30767.074356 507376900 
0.000015 30611.435646 504831100 
0.000015 31189.190707 518450800 
0.000015 31558.008661 508674200 
0.000015 31439.609397 510373000 
0.000015 31891.516195 512267100 
0.000015 31420.198148 512715300 
0.000015 31422.340415 515275000 
0.000015 31678.823002 535724500 
0.000015 31326.775998 512917200 
0.000015 31626.754313 523583600 
0.000015 31549.751417 492189600 
0.000015 31932.156223 517252700 
0.000015 31466.545671 506317900 
0.000015 30674.518172 516725200 
0.000015 31241.536144 530695600 
0.000015 31370.392927 517138300 
0.000015 32202.331141 513984100 
0.000015 31059.328526 526000000 
0.000015 31708.162988 504004800 
0.000015 31068.726838 500602300 
0.000015 31208.446376 501737000 
0.000015 31190.299831 534840300 
0.000015 31538.391011 506889200 
0.000015 30030.533638 528993200 
0.000015 30779.132388 520938500 
0.000015 31643.850464 522122300 
0.000015 31863.587253 530797500 
0.000015 31335.459097 520176000 
0.000015 30652.547483 497953000 
0.000015 31054.535219 514439800 
0.000015 31572.358177 520306000 
0.000015 31002.848844 516602200 
0.000015 31160.153618 506033600 
0.000015 31406.766787 522729500 
0.000015 31148.028182 526398600 
0.000015 31216.876893 534222100 
0.000015 30452.294132 529648100 
0.000015 32003.875081 500381500 
0.000015 31508.408880 529722600 
0.000015 30276.299614 516870800 
0.000015 31079.569327 533225000 
0.000015 31808.140735 519444000 
0.000015 30266.720069 502618700 
0.000015 30950.729617 512311400 
0.000015 31077.469900 540178400 
0.000015 31953.015119 550574000 
0.000015 31691.519581 533391900 
0.000015 29890.635751 506477200 
0.000015 31162.680553 526499300 
0.000015 31082.454542 511040500 
0.000015 31028.853622 534642000 
0.000015 31471.655423 524378100 
0.000015 30826.842134 504348400 
0.000015 31018.573244 517840100 
0.000015 31201.139762 501968300 
0.000015 31613.833645 508336400 
0.000015 31241.156841 508589300 
0.000015 30956.853817 500605300 
0.000015 31696.248453 551875900 
0.000015 31215.008230 528955900 
0.000015 31396.470136 532470100 
0.000015 31147.506450 521280900 
0.000015 30836.169245 495115100 
0.000015 30895.735487 515613700 
0.000015 31230.289140 518559600 
0.000015 30761.810157 525814700 
0.000015 30735.337302 554821200 
0.000015 31581.051524 518636700 
0.000015 31462.972440 517045700 
0.000015 30078.307279 519537000 
0.000015 30200.588538 516237200 
0.000015 31241.586789 527073000 
0.000015 31258.180696 521620800 
0.000015 30836.513898 515188800 
0.000015 31132.013230 516570200 
0.000015 31625.142129 509567900 
0.000015 31580.585966 516892600 
0.000015 31002.089334 505731800 
0.000015 31594.858763 504079700 
0.000015 30827.446493 524354400 
0.000015 30710.311184 530579300 
0.000015 31533.690284 506156800 
0.000015 30887.061198 520962600 
0.000015 31432.659851 517319500 
0.000015 30949.225793 518761800 
0.000015 31229.732978 519722200 
0.000015 30960.521274 515513800 
0.000015 31531.133431 524062800 
0.000015 31397.270277 508597700 
0.000015 31220.633570 513354700 
0.000015 30095.540118 522084100 
0.000015 30803.444279 509081200 
0.000015 30729.190964 521894600 
0.000015 30927.249314 526976200 
0.000015 30377.136788 518715000 
0.000015 30861.340304 527082200 
0.0000175 31417.468632 447082100 
0.0000175 31788.689869 438953600 
0.0000175 30611.154045 441942900 
0.0000175 30119.412245 440328000 
0.0000175 31007.023294 429314400 
0.0000175 31136.794262 456274100 
0.0000175 31252.596689 444782700 
0.0000175 31277.931933 419520900 
0.0000175 30589.175630 454077300 
0.0000175 31475.219916 432318000 
0.0000175 32227.979350 436452800 
0.0000175 31053.297468 425205000 
0.0000175 31234.252076 455120900 
0.0000175 31046.032369 455869000 
0.0000175 30439.864689 446684900 
0.0000175 31087.015074 442331200 
0.0000175 31158.087130 431467400 
0.0000175 31294.189498 443024100 
0.0000175 31481.478934 436168200 
0.0000175 30584.417789 438937600 
0.0000175 30959.427025 450738800 
0.0000175 30464.133434 429452500 
0.0000175 31728.479848 443477400 
0.0000175 31921.814740 426930900 
0.0000175 31628.692963 458214700 
0.0000175 30917.215234 434755300 
0.0000175 30625.307101 452279400 
0.0000175 30830.087431 440339700 
0.0000175 30460.579724 438587200 
0.0000175 31247.198246 430709700 
0.0000175 31493.828299 433618300 
0.0000175 31383.343972 431853200 
0.0000175 31308.985342 451051400 
0.0000175 30871.704364 452113100 
0.0000175 31423.137379 439054800 
0.0000175 32184.681969 447069600 
0.0000175 31261.191148 447686500 
0.0000175 31715.413525 444760100 
0.0000175 30879.927183 447382500 
0.0000175 31034.511997 458458600 
0.0000175 31960.355351 447209900 
0.0000175 31201.186665 437303600 
0.0000175 30983.976554 431597800 
0.0000175 30763.200670 437972300 
0.0000175 31339.928936 426214200 
0.0000175 31159.128712 443128900 
0.0000175 31567.402729 449802300 
0.0000175 31401.051819 446514800 
0.0000175 30721.170062 445009200 
0.0000175 31744.127759 437186300 
0.0000175 30921.301220 428872900 
0.0000175 31054.045643 437887400 
0.0000175 30768.868609 437580800 
0.0000175 30990.526910 434421800 
0.0000175 31950.528904 434435400 
0.0000175 31351.799668 448708400 
0.0000175 30897.595434 428023600 
0.0000175 32420.986638 419889400 
0.0000175 30679.899940 435270300 
0.0000175 30643.056481 429110800 
0.0000175 30578.474153 436370800 
0.0000175 31094.419459 428057900 
0.0000175 31041.472675 429903400 
0.0000175 31320.556286 438779900 
0.0000175 31463.613534 446955600 
0.0000175 31566.472936 439808400 
0.0000175 31921.998082 441377700 
0.0000175 30075.965037 424132600 
0.0000175 31495.073381 450974800 
0.0000175 31050.531799 452969600 
0.0000175 31569.145030 444029400 
0.0000175 32049.696388 440708000 
0.0000175 31339.356106 443079200 
0.0000175 31130.947603 441565500 
0.0000175 31023.133194 444432900 
0.0000175 30306.483001 446655800 
0.0000175 31323.986431 432137700 
0.0000175 31207.160988 447536500 
0.0000175 31514.102841 450698300 
0.0000175 30522.440117 436321000 
0.0000175 31407.514404 443226600 
0.0000175 30936.380325 436991900 
0.0000175 30891.597698 461984600 
0.0000175 30643.616524 459795900 
0.0000175 30904.717554 443279200 
0.0000175 31665.553735 452921700 
0.0000175 30616.137418 441114100 
0.0000175 31330.002914 449397400 
0.0000175 31026.034113 449070300 
0.0000175 30708.605411 453093100 
0.0000175 31811.961835 448909900 
0.0000175 32054.129557 440896200 
0.0000175 30867.100966 441730900 
0.0000175 31037.089645 436044200 
0.0000175 31605.003581 436251200 
0.0000175 30726.934386 430292100 
0.0000175 30624.711336 420566000 
0.0000175 32117.441975 444212500 
0.0000175 31355.701678 447679800 
0.0000175 30831.642368 433603400 
0.00002 31768.887079 378539800 
0.00002 31933.341090 392281500 
0.00002 31532.471663 391542300 
0.00002 31638.928838 392510300 
0.00002 30730.816622 391253500 
0.00002 30935.097048 397576300 
0.00002 31632.180641 373726800 
0.00002 30849.756612 386869800 
0.00002 31559.986101 398618600 
0.00002 30664.454367 386809600 
0.00002 31706.345786 387902100 
0.00002 31580.067065 384188700 
0.00002 31741.730632 400779100 
0.00002 31733.720724 383868700 
0.00002 31101.921911 393126100 
0.00002 31598.867354 376374400 
0.00002 30773.369199 387579900 
0.00002 30183.853012 386485200 
0.00002 31245.521433 381149800 
0.00002 31647.025141 383422000 
0.00002 31030.487426 390595700 
0.00002 31652.057273 378147600 
0.00002 31005.269848 382590900 
0.00002 30929.146069 383716000 
0.00002 30779.875272 390904700 
0.00002 31931.102595 373771900 
0.00002 31722.102729 384842600 
0.00002 31193.977397 400007300 
0.00002 30900.066897 385597300 
0.00002 32189.716920 402613400 
0.00002 31097.138781 388720800 
0.00002 30700.018578 386475600 
0.00002 31347.147861 378739200 
0.00002 31345.235054 379229400 
0.00002 30503.182767 386205200 
0.00002 30731.435907 390032800 
0.00002 32033.060260 379741800 
0.00002 30893.627486 389321900 
0.00002 31098.767582 391313100 
0.00002 31426.992975 377880000 
0.00002 30933.311585 391006400 
0.00002 30816.857277 366521800 
0.00002 31174.679919 378319100 
0.00002 30953.101268 387606700 
0.00002 31460.521817 400231800 
0.00002 31356.483600 393933400 
0.00002 31176.106787 381583900 
0.00002 31155.696425 410544100 
0.00002 31492.712159 378738100 
0.00002 31583.367771 381228100 
0.00002 30933.820390 395232100 
0.00002 31526.610570 390127200 
0.00002 31230.530810 389349600 
0.00002 30979.178191 395641600 
0.00002 31186.035938 379430100 
0.00002 31594.629386 380893900 
0.00002 30768.352674 370337800 
0.00002 31190.967276 394249500 
0.00002 31246.541254 374951400 
0.00002 31800.771386 393512800 
0.00002 30885.955929 391504200 
0.00002 31205.780780 381992200 
0.00002 32163.427399 398192800 
0.00002 31401.505480 378543600 
0.00002 30417.844864 373536900 
0.00002 31359.257655 394002100 
0.00002 31674.679386 379626700 
0.00002 31662.352313 394528100 
0.00002 30930.121300 382249800 
0.00002 30569.197892 384537400 
0.00002 31149.243692 375018900 
0.00002 31106.915695 386279600 
0.00002 31957.682183 372848600 
0.00002 30319.648974 370035800 
0.00002 31273.997129 390667800 
0.00002 31302.594812 384542900 
0.00002 31742.160753 398987000 
0.00002 31292.203794 381274000 
0.00002 31511.238454 404528200 
0.00002 31151.938523 386558600 
0.00002 31380.067922 374662000 
0.00002 30670.972177 377978100 
0.00002 31690.851964 385058700 
0.00002 31145.051758 391786500 
0.00002 31018.865463 375191900 
0.00002 31200.447422 374825400 
0.00002 31430.824269 384403700 
0.00002 30611.669733 392427500 
0.00002 31117.171202 385974400 
0.00002 31515.299851 383107600 
0.00002 31573.489981 379534800 
0.00002 31640.897764 394257100 
0.00002 30871.819143 384407900 
0.00002 31541.706127 406180100 
0.00002 30514.411302 395420200 
0.00002 31542.109221 378701300 
0.00002 31794.595577 382651400 
0.00002 31212.716328 380354000 
0.00002 31377.830413 384905500 
0.00002 32333.075748 396908500 
0.0000225 31406.247224 349518900 
0.0000225 31242.802033 342917400 
0.0000225 30489.882108 349623800 
0.0000225 31228.073933 340089400 
0.0000225 30594.625818 333828000 
0.0000225 31938.216781 339650400 
0.0000225 31018.016957 349604700 
0.0000225 30811.901728 353800900 
0.0000225 32271.658669 334016600 
0.0000225 32104.737865 341880800 
0.0000225 30560.157810 344082700 
0.0000225 31170.650095 356948500 
0.0000225 30678.262992 348848000 
0.0000225 33151.256008 342535200 
0.0000225 31527.669119 343975900 
0.0000225 31029.266374 335698800 
0.0000225 30788.028751 327993600 
0.0000225 30606.077773 363209400 
0.0000225 30631.900486 345486200 
0.0000225 32335.991233 345837700 
0.0000225 31128.986185 329771800 
0.0000225 31532.239499 344843900 
0.0000225 31742.973308 358334700 
0.0000225 31018.787255 341408300 
0.0000225 32541.116478 333047300 
0.0000225 30603.697055 341020200 
0.0000225 30870.083711 347735400 
0.0000225 31368.958955 347898300 
0.0000225 31487.741208 356172700 
0.0000225 30738.405120 350003700 
0.0000225 30362.881510 346868100 
0.0000225 30464.894462 353528200 
0.0000225 30604.311183 334993000 
0.0000225 30881.525850 335664000 
0.0000225 31427.776227 357878400 
0.0000225 31241.528435 353461000 
0.0000225 31662.197914 348739900 
0.0000225 31167.971571 337954100 
0.0000225 31220.992489 351397800 
0.0000225 30990.198632 348631800 
0.0000225 31324.287288 347846300 
0.0000225 31366.911363 334549100 
0.0000225 31812.797180 336390600 
0.0000225 32283.128017 350316200 
0.0000225 30639.415487 350087300 
0.0000225 31893.900336 352485800 
0.0000225 31285.888952 334954900 
0.0000225 31147.840203 348367800 
0.0000225 30872.850606 329650700 
0.0000225 31857.498468 344325700 
0.0000225 31171.586579 340839800 
0.0000225 31546.747203 337342100 
0.0000225 32041.387588 349733200 
0.0000225 31101.007353 340443300 
0.0000225 31011.656293 344626100 
0.0000225 31581.503698 348118500 
0.0000225 30911.768108 362176700 
0.0000225 30862.172947 333743500 
0.0000225 31416.217584 349431300 
0.0000225 30734.766978 341866900 
0.0000225 30689.671770 343406500 
0.0000225 31774.282109 345760100 
0.0000225 30219.647293 354285300 
0.0000225 31515.332943 358893600 
0.0000225 31950.776949 346580100 
0.0000225 31964.444078 346163600 
0.0000225 30238.484498 331355100 
0.0000225 31304.444205 353922500 
0.0000225 32608.980682 352611600 
0.0000225 31286.643934 345969600 
0.0000225 31063.750156 345102400 
0.0000225 30681.369526 337242800 
0.0000225 31202.093480 342120900 
0.0000225 30839.320837 340780500 
0.0000225 31631.623300 354022700 
0.0000225 31599.154434 341689000 
0.0000225 30959.132574 342978900 
0.0000225 31258.112308 342263700 
0.0000225 31321.345024 354810000 
0.0000225 31151.757686 340636900 
0.0000225 31377.784001 357294000 
0.0000225 30832.655792 344036800 
0.0000225 31102.661259 352896100 
0.0000225 30703.139637 351911000 
0.0000225 31668.575817 336900900 
0.0000225 31777.193300 349446400 
0.0000225 31646.601491 345157700 
0.0000225 31628.343541 349665900 
0.0000225 30924.881138 338620700 
0.0000225 31344.449912 334294400 
0.0000225 30468.704111 350777000 
0.0000225 31451.423332 353251000 
0.0000225 31106.374464 362339200 
0.0000225 31362.321145 357354800 
0.0000225 31287.766626 346889300 
0.0000225 31345.910635 336029500 
0.0000225 31702.356029 338800200 
0.0000225 31768.076396 328707600 
0.0000225 32447.809007 342352200 
0.0000225 31351.157909 346091600 
0.000025 31074.247664 309940300 
0.000025 30926.160712 312220100 
0.000025 31444.739824 308930700 
0.000025 31638.349182 304950600 
0.000025 30429.260358 308147200 
0.000025 31934.015674 314077400 
0.000025 31563.173501 308893500 
0.000025 31634.933421 306237400 
0.000025 30802.539533 317161200 
0.000025 30718.722953 309443600 
0.000025 30884.832389 304894500 
0.000025 31775.066633 310664800 
0.000025 30631.313695 312727500 
0.000025 31580.879546 309469700 
0.000025 31701.340214 309278600 
0.000025 32035.404712 320336100 
0.000025 31293.749301 322275800 
0.000025 31735.655943 317099200 
0.000025 31155.527256 310562100 
0.000025 31698.174432 317495700 
0.000025 31232.337995 313697500 
0.000025 31840.342691 305778600 
0.000025 31248.491767 317072300 
0.000025 31480.877935 319598400 
0.000025 31789.433998 302850100 
0.000025 31184.537477 302105300 
0.000025 32003.924426 314269900 
0.000025 31398.556114 297330900 
0.000025 32074.497363 304125200 
0.000025 32278.970980 316912000 
0.000025 32748.344238 312179100 
0.000025 31520.082082 314849500 
0.000025 30728.052091 300056900 
0.000025 31414.143695 319451000 
0.000025 32035.852878 308039800 
0.000025 31474.857179 312104800 
0.000025 31916.405150 302604300 
0.000025 31360.987350 311175800 
0.000025 31784.061574 315919000 
0.000025 31330.498869 320209300 
0.000025 30819.487931 308578100 
0.000025 31273.845257 309334600 
0.000025 31806.344679 316485900 
0.000025 31779.621293 313732900 
0.000025 31551.270725 313693800 
0.000025 30934.373384 311371400 
0.000025 31633.129274 315027400 
0.000025 31538.640444 310780200 
0.000025 31190.826456 318901900 
0.000025 31300.103728 304512800 
0.000025 31171.045678 315882700 
0.000025 31424.330716 303904600 
0.000025 30750.370067 295456400 
0.000025 30917.795088 322235500 
0.000025 31127.120602 304266700 
0.000025 31519.076918 325004100 
0.000025 31502.580557 301348800 
0.000025 31600.907976 312364800 
0.000025 31624.178373 300505900 
0.000025 31011.123703 303340900 
0.000025 32342.145833 313991800 
0.000025 31899.246275 313086900 
0.000025 31080.622726 307655700 
0.000025 31259.755377 308807600 
0.000025 32116.101333 314191900 
0.000025 30921.060123 306676200 
0.000025 31354.673119 305802800 
0.000025 31782.393530 318217900 
0.000025 31074.683892 316954200 
0.000025 30881.434584 299620600 
0.000025 31143.763098 313963800 
0.000025 31150.880695 311949000 
0.000025 31848.046329 313170500 
0.000025 31386.438671 305775900 
0.000025 30925.814318 318209600 
0.000025 31423.206093 308067800 
0.000025 31395.308252 315270200 
0.000025 31052.204845 314932600 
0.000025 30951.642876 316890400 
0.000025 30434.555118 300161300 
0.000025 30517.790671 298791100 
0.000025 30989.948316 305371500 
0.000025 31649.987873 306727600 
0.000025 31616.906941 301057600 
0.000025 31465.808010 304184900 
0.000025 30616.437727 324169400 
0.000025 31014.540459 314334400 
0.000025 31757.373948 305741900 
0.000025 30241.081513 310651400 
0.000025 31071.172303 305176800 
0.000025 31451.264017 311684900 
0.000025 31403.493981 303634200 
0.000025 31476.070813 319547300 
0.000025 30631.264017 320175300 
0.000025 30388.555192 307077300 
0.000025 31396.737688 315935400 
0.000025 31164.432995 299189200 
0.000025 31859.835152 300226300 
0.000025 31608.774967 299749000 
0.000025 30337.861462 312180100 
0.0000275 30975.694063 294133800 
0.0000275 31346.985413 292860200 
0.0000275 31677.067964 279995900 
0.0000275 31134.352478 288281400 
0.0000275 31402.283694 279188700 
0.0000275 31451.334395 282538300 
0.0000275 31414.955778 273922500 
0.0000275 31323.572525 286003400 
0.0000275 30947.845688 292713500 
0.0000275 32683.303610 272096200 
0.0000275 31472.670727 280941600 
0.0000275 31449.129089 276922100 
0.0000275 31423.527525 279667400 
0.0000275 30417.386369 287756000 
0.0000275 30615.860388 272747000 
0.0000275 31165.917909 295867900 
0.0000275 31243.282515 286963300 
0.0000275 30866.015262 284667900 
0.0000275 31141.070133 284029100 
0.0000275 30818.652030 279274400 
0.0000275 31222.788836 281580300 
0.0000275 29941.805526 274792800 
0.0000275 30975.458577 277772500 
0.0000275 31078.285661 277986600 
0.0000275 31658.947914 284033400 
0.0000275 31569.503040 280147100 
0.0000275 32230.389976 276302100 
0.0000275 32067.322964 280553800 
0.0000275 30299.458731 282497000 
0.0000275 29950.270538 280314200 
0.0000275 31143.195768 280911800 
0.0000275 31410.535708 288718500 
0.0000275 31540.920263 276943700 
0.0000275 30830.468936 270351100 
0.0000275 31316.757662 274177900 
0.0000275 31407.916019 282996500 
0.0000275 30912.458526 283485000 
0.0000275 30506.919304 279833000 
0.0000275 31312.415069 285499100 
0.0000275 31816.907511 286095600 
0.0000275 31225.655483 291135100 
0.0000275 30864.504878 281170300 
0.0000275 31044.590599 276027200 
0.0000275 31497.584830 273425100 
0.0000275 31397.321464 280771000 
0.0000275 31157.436100 279632500 
0.0000275 31427.612519 273624900 
0.0000275 31555.718635 290510100 
0.0000275 31188.827910 275591100 
0.0000275 31264.417943 282016200 
0.0000275 31274.061202 296977900 
0.0000275 31328.565832 279880900 
0.0000275 31289.037613 285314500 
0.0000275 31027.982240 278124500 
0.0000275 31772.781866 272934900 
0.0000275 30754.310305 277651600 
0.0000275 31631.989892 279615500 
0.0000275 31389.962373 294918500 
0.0000275 31493.905901 279462200 
0.0000275 31148.880804 281507500 
0.0000275 30322.283223 285927700 
0.0000275 31346.215508 295660200 
0.0000275 31619.955746 282435100 
0.0000275 31390.573873 280910200 
0.0000275 31777.306828 283603000 
0.0000275 32087.029353 272386100 
0.0000275 31331.414752 290803000 
0.0000275 31393.569604 280692500 
0.0000275 31295.345598 287523200 
0.0000275 32175.531438 280269700 
0.0000275 31575.862234 289300900 
0.0000275 31474.657254 280482500 
0.0000275 31718.878345 289576700 
0.0000275 31615.791440 285594700 
0.0000275 30805.932399 285641300 
0.0000275 30334.606205 281333600 
0.0000275 31169.701779 284511600 
0.0000275 31172.269376 283678200 
0.0000275 32789.917126 283483600 
0.0000275 31702.005919 279795800 
0.0000275 30349.321796 277653100 
0.0000275 31728.533963 282583400 
0.0000275 31812.873791 284503200 
0.0000275 31990.082188 281613900 
0.0000275 32313.153521 288301000 
0.0000275 30306.027600 279546000 
0.0000275 31427.278527 281840300 
0.0000275 31799.949776 272837700 
0.0000275 31163.319008 274730300 
0.0000275 31802.815946 265156400 
0.0000275 31547.609275 276985800 
0.0000275 31612.912806 275310900 
0.0000275 30779.157666 291112600 
0.0000275 31122.832932 283803600 
0.0000275 32001.983675 273215200 
0.0000275 31283.766694 283493500 
0.0000275 31718.081639 275942800 
0.0000275 32890.546040 285515400 
0.0000275 30573.866011 279435600 
0.0000275 31228.674619 288620100 
0.00003 31660.089833 269909300 
0.00003 30360.968099 261796200 
0.00003 31585.893174 269421500 
0.00003 31096.537918 255606200 
0.00003 30944.612323 261942600 
0.00003 32512.539339 268082800 
0.00003 31783.540152 257191200 
0.00003 31401.914433 254042900 
0.00003 31273.071360 256820400 
0.00003 30927.739174 261733700 
0.00003 31864.352851 263134100 
0.00003 31234.448590 249714900 
0.00003 32194.840717 254695900 
0.00003 31183.606036 264345300 
0.00003 30660.832377 261341200 
0.00003 31206.112337 251908700 
0.00003 31754.040558 257472700 
0.00003 30661.047426 252943800 
0.00003 32171.083548 254025200 
0.00003 30934.748752 257861500 
0.00003 31924.190758 265273500 
0.00003 31670.270575 252448500 
0.00003 31245.583210 264199200 
0.00003 31243.226540 247035600 
0.00003 32747.890131 248473900 
0.00003 31908.311075 256442100 
0.00003 31353.005177 247582200 
0.00003 31697.304098 246512700 
0.00003 31370.937945 248523700 
0.00003 32048.944717 256838400 
0.00003 30954.522838 257709500 
0.00003 31799.121505 258847100 
0.00003 31241.015169 257396500 
0.00003 30815.440804 254399400 
0.00003 30964.061702 263982900 
0.00003 31782.058824 263312100 
0.00003 30999.288727 256356600 
0.00003 31760.379028 260175000 
0.00003 30849.356504 253070700 
0.00003 30240.000923 258710900 
0.00003 31083.281581 262687600 
0.00003 32205.171169 259794000 
0.00003 31647.440794 260221400 
0.00003 30384.839079 253961200 
0.00003 31787.752828 254476700 
0.00003 31567.078064 252143800 
0.00003 30696.911378 262932100 
0.00003 31190.684136 261865800 
0.00003 32162.723856 263266100 
0.00003 31698.795707 267807700 
0.00003 31325.180116 260353500 
0.00003 31262.132310 254312300 
0.00003 31851.538102 255769900 
0.00003 31482.504684 271745800 
0.00003 31815.814350 260601700 
0.00003 31127.649014 261601900 
0.00003 32335.268954 250160200 
0.00003 30973.509237 260566400 
0.00003 31102.833318 262752400 
0.00003 31668.463654 257157000 
0.00003 31620.981345 266906400 
0.00003 31067.338886 260204200 
0.00003 31208.516439 259443100 
0.00003 30755.655509 256120600 
0.00003 31076.877322 259278800 
0.00003 31830.099191 253057500 
0.00003 32054.338929 259116200 
0.00003 31200.631774 258744700 
0.00003 31326.683281 256500000 
0.00003 32192.091481 259190600 
0.00003 32320.581409 257303600 
0.00003 30847.620421 260416700 
0.00003 30563.673312 244390100 
0.00003 31330.464940 249653900 
0.00003 31178.480329 257564600 
0.00003 30676.447408 263792300 
0.00003 30937.538475 258817400 
0.00003 32374.899841 252240700 
0.00003 32474.454137 256848500 
0.00003 31698.398131 261885400 
0.00003 31946.055395 258448900 
0.00003 32119.624521 264719900 
0.00003 30642.013067 254802800 
0.00003 31862.032098 258051800 
0.00003 31354.795218 253406900 
0.00003 30520.677437 250176200 
0.00003 31833.962917 260391400 
0.00003 32236.282172 265044400 
0.00003 31323.324675 264423000 
0.00003 31711.058390 263537600 
0.00003 31939.297323 252075900 
0.00003 31062.237812 261639600 
0.00003 31307.083388 256173100 
0.00003 31393.630125 270063900 
0.00003 31735.915684 259419900 
0.00003 31428.434216 252634600 
0.00003 30590.875921 263004500 
0.00003 31234.396270 259818900 
0.00003 31201.755674 259636800 
0.00003 31278.550107 261530200 
0.0000325 31613.710420 243111500 
0.0000325 30846.025775 243911800 
0.0000325 31322.801820 240250200 
0.0000325 32095.218618 231432400 
0.0000325 30896.449618 238469100 
0.0000325 31972.212598 235760600 
0.0000325 31096.286383 242140700 
0.0000325 31897.631860 238120400 
0.0000325 32067.814304 236757300 
0.0000325 31280.178726 245829500 
0.0000325 32943.302884 240065200 
0.0000325 31588.046011 243022400 
0.0000325 31248.952915 242691200 
0.0000325 31608.522470 228107800 
0.0000325 31391.483249 235350400 
0.0000325 30634.327770 243677500 
0.0000325 31699.298351 236509300 
0.0000325 31531.168767 242367800 
0.0000325 31526.525911 240725500 
0.0000325 31863.663946 236401000 
0.0000325 31474.136090 237526300 
0.0000325 31888.023694 240887600 
0.0000325 30882.561982 233071600 
0.0000325 32552.092495 237206200 
0.0000325 31082.025481 243129600 
0.0000325 30994.483253 237766700 
0.0000325 30851.936857 230600400 
0.0000325 31946.769084 235378600 
0.0000325 31622.908193 248596500 
0.0000325 31893.214208 242554800 
0.0000325 31575.767148 239981900 
0.0000325 31813.485385 249027900 
0.0000325 31234.399536 240982400 
0.0000325 31103.370191 235210400 
0.0000325 31044.985420 240868500 
0.0000325 31418.801300 229519000 
0.0000325 31343.980953 232773700 
0.0000325 30765.785618 225239800 
0.0000325 31291.766856 246259200 
0.0000325 32192.919707 229971500 
0.0000325 30633.593112 240540700 
0.0000325 31529.678826 241986200 
0.0000325 31455.871501 246139300 
0.0000325 32369.619895 245616800 
0.0000325 30782.125425 237932900 
0.0000325 31458.376030 244556400 
0.0000325 30678.246755 228677600 
0.0000325 31179.045482 231293400 
0.0000325 32075.432539 240690800 
0.0000325 32928.233063 243197200 
0.0000325 31419.311784 241024700 
0.0000325 31325.869342 234198100 
0.0000325 31015.218420 237447400 
0.0000325 31722.268224 240431700 
0.0000325 31450.955115 238965300 
0.0000325 31505.867651 240920800 
0.0000325 31724.083857 248914700 
0.0000325 31416.900517 235238500 
0.0000325 31004.842608 233115200 
0.0000325 31171.022351 236818300 
0.0000325 31047.039795 238646900 
0.0000325 31552.779979 242609800 
0.0000325 31461.423815 238782800 
0.0000325 31924.486800 242111300 
0.0000325 32070.914132 244959600 
0.0000325 32008.587345 247799200 
0.0000325 31036.746531 229810400 
0.0000325 32002.320094 236229300 
0.0000325 31827.448851 231119400 
0.0000325 31851.948805 236490100 
0.0000325 31773.667078 235480700 
0.0000325 31281.845351 239534600 
0.0000325 31815.079660 229282400 
0.0000325 31103.409579 221538000 
0.0000325 31721.475451 240551100 
0.0000325 31267.071572 249603800 
0.0000325 31699.330884 234073200 
0.0000325 31472.994133 227793700 
0.0000325 31291.164088 238511400 
0.0000325 31755.288149 234049700 
0.0000325 30779.575787 230399300 
0.0000325 30734.465605 238372600 
0.0000325 31323.108147 236181900 
0.0000325 31506.646334 237065400 
0.0000325 32204.738398 238820500 
0.0000325 31236.164460 229108800 
0.0000325 32637.704050 240257200 
0.0000325 31874.449133 230559000 
0.0000325 31816.112017 244646400 
0.0000325 30988.435826 237194200 
0.0000325 31883.287185 243351600 
0.0000325 31028.026297 249382300 
0.0000325 31475.015725 237052500 
0.0000325 31203.319648 234664800 
0.0000325 31876.121190 238748100 
0.0000325 32133.465991 239010800 
0.0000325 31008.816206 240895900 
0.0000325 31513.304385 233640200 
0.0000325 31017.842370 247820900 
0.0000325 31456.568323 241679000 
0.000035 31632.999386 221106500 
0.000035 32058.767429 229732200 
0.000035 31454.773068 229455900 
0.000035 31672.798996 209546500 
0.000035 31420.000633 220044000 
0.000035 32335.753598 226213800 
0.000035 32134.936938 217612800 
0.000035 31992.224139 213935600 
0.000035 31925.460199 225700100 
0.000035 31642.143933 217657000 
0.000035 31341.218536 227163000 
0.000035 30789.956959 220288300 
0.000035 31422.278752 226887900 
0.000035 31347.305436 219259400 
0.000035 31478.591609 220008100 
0.000035 30240.927715 224587600 
0.000035 31787.482435 220259600 
0.000035 31203.716762 229382400 
0.000035 32153.274901 218901600 
0.000035 31057.302061 230958100 
0.000035 31058.665651 219838800 
0.000035 31954.599953 226220700 
0.000035 32911.435710 209709100 
0.000035 31963.267464 220351000 
0.000035 31514.897414 219749700 
0.000035 31614.975712 226513300 
0.000035 31673.397264 214820400 
0.000035 31443.939801 224596200 
0.000035 31178.374984 222187800 
0.000035 31549.584320 217380200 
0.000035 31406.981139 212350900 
0.000035 31088.683425 216728000 
0.000035 31775.565289 217588600 
0.000035 31377.950845 216456300 
0.000035 32279.126926 227260800 
0.000035 31642.527463 227782200 
0.000035 31268.008911 221853900 
0.000035 31013.487956 221002900 
0.000035 30903.454078 224070400 
0.000035 31284.258083 230776400 
0.000035 31205.219547 215791000 
0.000035 31778.395103 223166600 
0.000035 30258.620379 220120700 
0.000035 31212.811326 219035800 
0.000035 31313.976288 227001400 
0.000035 31679.298026 216951700 
0.000035 31725.059768 221264900 
0.000035 31237.423088 221027500 
0.000035 30727.681827 218820800 
0.000035 31398.275454 222363200 
0.000035 32231.517037 210841100 
0.000035 30452.108916 223611500 
0.000035 31409.011897 235413200 
0.000035 31199.219302 221086800 
0.000035 31716.318703 215950500 
0.000035 32373.316016 215195400 
0.000035 31087.652941 219130200 
0.000035 30620.909414 224899200 
0.000035 31749.982840 219634900 
0.000035 32336.235516 230525400 
0.000035 31674.292717 212188800 
0.000035 31698.193378 223621200 
0.000035 31273.099773 218144800 
0.000035 30166.965890 210410000 
0.000035 31931.665869 222930100 
0.000035 31441.626259 228679100 
0.000035 30503.432952 219333400 
0.000035 31026.141892 222175400 
0.000035 31438.330927 217138200 
0.000035 31852.080689 225943300 
0.000035 31616.840277 243304200 
0.000035 31233.115684 220501000 
0.000035 31856.240541 220575400 
0.000035 32501.328652 222820100 
0.000035 32346.632188 225958200 
0.000035 31177.615005 213164400 
0.000035 31508.560289 225492200 
0.000035 31718.157188 226472700 
0.000035 31683.686586 220302000 
0.000035 31634.927500 212684100 
0.000035 31818.237433 218468700 
0.000035 32040.011032 221453700 
0.000035 30674.045575 222269400 
0.000035 31590.046549 217098400 
0.000035 32596.271115 220938900 
0.000035 31745.897165 228255800 
0.000035 32161.561098 224433400 
0.000035 31418.460928 212080000 
0.000035 32454.966726 222744800 
0.000035 30781.902552 220974300 
0.000035 31220.433791 223840300 
0.000035 32067.499576 211586600 
0.000035 31030.987449 223767200 
0.000035 30743.964830 216567400 
0.000035 31376.299141 224632400 
0.000035 31014.539250 216678300 
0.000035 32542.080235 227180200 
0.000035 32357.357549 225410300 
0.000035 30785.914279 232873200 
0.000035 31662.683194 223039000 
0.0000375 31928.133387 202577900 
0.0000375 31445.347531 213136900 
0.0000375 32200.833711 206539600 
0.0000375 30834.162139 204380200 
0.0000375 31886.158008 203941800 
0.0000375 31401.672471 201108400 
0.0000375 31223.114065 224313200 
0.0000375 32801.632657 199881100 
0.0000375 32616.880734 204876800 
0.0000375 30893.861204 204007900 
0.0000375 31113.500707 203577800 
0.0000375 32145.672770 207866500 
0.0000375 31812.622281 207736500 
0.0000375 30868.878280 201482800 
0.0000375 31028.493852 195822700 
0.0000375 31582.813466 193353100 
0.0000375 31328.185475 210345300 
0.0000375 31676.057093 202023200 
0.0000375 31115.514528 212378700 
0.0000375 31147.861429 210885200 
0.0000375 31419.312708 210986000 
0.0000375 30488.790936 206458300 
0.0000375 31195.680508 212545700 
0.0000375 32730.077811 205307200 
0.0000375 31623.518232 205833700 
0.0000375 32996.644809 207071800 
0.0000375 32064.654339 205319200 
0.0000375 32025.367612 193198200 
0.0000375 30979.370058 207749800 
0.0000375 30748.399675 211508500 
0.0000375 31369.899964 211904600 
0.0000375 31163.924180 198739800 
0.0000375 31957.147250 206273000 
0.0000375 31132.051413 206882200 
0.0000375 31113.543940 203981800 
0.0000375 30836.995622 202564400 
0.0000375 31471.058960 209000300 
0.0000375 31169.468674 209784400 
0.0000375 30817.725765 204564300 
0.0000375 32239.134449 204930200 
0.0000375 30866.949210 206602000 
0.0000375 31643.323608 205805900 
0.0000375 31483.122019 207338200 
0.0000375 30731.900892 209779400 
0.0000375 31360.405667 206141300 
0.0000375 31096.974816 205418600 
0.0000375 31305.006964 205357900 
0.0000375 31040.604828 208555900 
0.0000375 30471.631097 198878900 
0.0000375 31466.635662 203918200 
0.0000375 31727.922990 206527300 
0.0000375 31571.147756 209596600 
0.0000375 31476.256586 209951500 
0.0000375 30566.683813 216541800 
0.0000375 31478.691299 211994200 
0.0000375 31390.179631 204425300 
0.0000375 30709.988861 200420200 
0.0000375 32038.557948 212329000 
0.0000375 31775.363068 194806400 
0.0000375 32266.331003 202459900 
0.0000375 31515.672100 197796800 
0.0000375 32089.559369 205050800 
0.0000375 31253.549304 209326800 
0.0000375 31289.929024 208143900 
0.0000375 31979.836514 201466000 
0.0000375 31758.798386 203368100 
0.0000375 31818.172550 205473100 
0.0000375 31871.490298 213585000 
0.0000375 33535.635198 202863600 
0.0000375 31194.065909 204867400 
0.0000375 31677.311145 202688200 
0.0000375 31776.811056 204093700 
0.0000375 31914.361831 204725200 
0.0000375 31760.575839 209311800 
0.0000375 31129.377852 204525300 
0.0000375 30846.418625 207288000 
0.0000375 32258.573337 203452700 
0.0000375 31864.721504 195305200 
0.0000375 30961.951627 204471300 
0.0000375 31894.849650 206727700 
0.0000375 31644.463161 216450000 
0.0000375 30677.039871 206129700 
0.0000375 32063.238563 201842300 
0.0000375 31633.874876 203987400 
0.0000375 31459.364214 202334000 
0.0000375 32049.334559 205004800 
0.0000375 31894.313625 197980500 
0.0000375 30735.203126 206136600 
0.0000375 32346.244423 212747400 
0.0000375 32168.562242 211030900 
0.0000375 32142.843321 209754300 
0.0000375 30941.963704 207507200 
0.0000375 31316.592109 202596200 
0.0000375 31822.947212 210454400 
0.0000375 31133.595024 203825100 
0.0000375 31897.996866 213347800 
0.0000375 31730.997512 207367100 
0.0000375 31412.869055 198795800 
0.0000375 31524.644505 210126400 
0.0000375 31931.571823 210390900 
0.00004 31533.402509 196654600 
0.00004 33264.446824 192528800 
0.00004 32021.256153 199982800 
0.00004 31979.756614 191301200 
0.00004 31069.450368 197796600 
0.00004 31178.318348 194349800 
0.00004 31845.203665 197256300 
0.00004 31455.313148 193500600 
0.00004 31406.536334 198452200 
0.00004 31484.074470 192134000 
0.00004 31957.033172 195320100 
0.00004 30617.111417 190716300 
0.00004 31461.456255 193033300 
0.00004 31347.830343 191510200 
0.00004 31523.306899 195759200 
0.00004 32285.687670 202896300 
0.00004 30931.991688 185175900 
0.00004 31478.211864 195434900 
0.00004 31846.988358 190957900 
0.00004 31594.010364 194240800 
0.00004 32173.648218 201348100 
0.00004 31512.914689 195494000 
0.00004 31819.462835 200398300 
0.00004 31010.026656 198382400 
0.00004 31711.819188 196660900 
0.00004 32524.550058 198930800 
0.00004 30895.898009 198786100 
0.00004 31554.011158 191113600 
0.00004 31792.375276 194383700 
0.00004 31727.526070 191846500 
0.00004 31679.266239 203329500 
0.00004 31084.078288 193823500 
0.00004 30960.749717 204486300 
0.00004 31580.955994 189708600 
0.00004 31714.733970 193581000 
0.00004 31166.083445 196293600 
0.00004 31259.065658 185375100 
0.00004 31545.168092 193926200 
0.00004 31511.075500 191736800 
0.00004 31739.085843 193676800 
0.00004 31368.749414 191886000 
0.00004 31373.553039 191685200 
0.00004 31370.321883 200157700 
0.00004 32571.359427 195287400 
0.00004 31449.224598 188220600 
0.00004 31556.730223 191783900 
0.00004 31854.508667 193507700 
0.00004 31888.520268 191148300 
0.00004 31486.538107 190939900 
0.00004 32353.515173 189427800 
0.00004 31647.185781 191372800 
0.00004 31605.625696 205744100 
0.00004 32317.625324 194030000 
0.00004 30745.014585 192204900 
0.00004 31333.037359 195444000 
0.00004 31437.277925 197635800 
0.00004 31342.714998 196759800 
0.00004 32193.237833 197002500 
0.00004 31471.831802 194194800 
0.00004 30625.699042 191567300 
0.00004 31372.002775 198163500 
0.00004 31168.338003 190784100 
0.00004 31597.701647 196595900 
0.00004 30894.568946 183851500 
0.00004 32289.473108 191237200 
0.00004 30796.470363 197150800 
0.00004 31539.092954 196221900 
0.00004 32139.036756 195609500 
0.00004 32057.832421 190013700 
0.00004 31564.106923 194303900 
0.00004 30813.800748 189090500 
0.00004 30709.381433 197413800 
0.00004 31687.259961 189234100 
0.00004 31315.126412 191241200 
0.00004 30793.530333 194864900 
0.00004 31509.523558 191078300 
0.00004 30757.358100 187897300 
0.00004 31781.903540 195120300 
0.00004 31158.155593 191471200 
0.00004 31306.889797 192206700 
0.00004 32331.623517 197458400 
0.00004 31919.703593 189409200 
0.00004 31714.600159 196341400 
0.00004 32306.623795 194957300 
0.00004 31430.746911 189496000 
0.00004 32440.891474 193771800 
0.00004 31019.535567 197037700 
0.00004 31185.633095 197068800 
0.00004 31821.014229 197168200 
0.00004 32446.512581 201975200 
0.00004 32380.387648 193546800 
0.00004 32114.213732 192511700 
0.00004 32269.363626 195471200 
0.00004 32077.971995 193261700 
0.00004 31718.682810 196509300 
0.00004 31314.646849 196849700 
0.00004 31078.460412 189920300 
0.00004 31871.770804 190141500 
0.00004 32063.727417 194599500 
0.00004 31095.956939 202791500 
0.0000425 31137.500989 187851900 
0.0000425 31236.656550 182982600 
0.0000425 31355.285608 193502000 
0.0000425 31116.029159 179658800 
0.0000425 31153.494659 187005900 
0.0000425 31249.151809 183208400 
0.0000425 31847.477961 181265300 
0.0000425 31445.584034 182724500 
0.0000425 30585.754052 184387500 
0.0000425 30737.536953 180288100 
0.0000425 31922.817259 182230600 
0.0000425 32219.026525 175974300 
0.0000425 30696.499824 184885900 
0.0000425 30892.365028 188458100 
0.0000425 32208.872705 183938500 
0.0000425 31659.702709 185113100 
0.0000425 31610.794145 186291700 
0.0000425 31565.640505 181172200 
0.0000425 31858.341939 182435600 
0.0000425 31333.995170 186958800 
0.0000425 32412.997490 182211600 
0.0000425 32066.001094 186050900 
0.0000425 32118.512797 176969600 
0.0000425 31775.495810 178152300 
0.0000425 31234.260656 183329400 
0.0000425 31071.427553 181027900 
0.0000425 31270.117386 190612600 
0.0000425 32189.040426 183364700 
0.0000425 31072.855557 180144300 
0.0000425 31284.060532 180222900 
0.0000425 31474.687000 177264200 
0.0000425 32056.241288 186836100 
0.0000425 30739.559550 178530600 
0.0000425 31417.425796 179768600 
0.0000425 31621.700638 173362400 
0.0000425 31670.053250 182936600 
0.0000425 32245.930529 185721300 
0.0000425 31018.763787 190812800 
0.0000425 31956.673252 192464100 
0.0000425 30640.863301 180626100 
0.0000425 31805.575759 189285100 
0.0000425 31660.727846 182213000 
0.0000425 31712.498151 180647100 
0.0000425 31486.295090 178329500 
0.0000425 31159.475772 176099500 
0.0000425 31200.465233 179143600 
0.0000425 31484.992380 185313600 
0.0000425 31589.808827 185089800 
0.0000425 30711.036311 179948100 
0.0000425 32336.707058 180952600 
0.0000425 31995.741485 182297800 
0.0000425 30734.309883 190427800 
0.0000425 31547.332106 178333500 
0.0000425 30775.210181 185434000 
0.0000425 31660.867351 187697400 
0.0000425 31456.541879 185982100 
0.0000425 31789.703664 177307800 
0.0000425 31147.839569 178148700 
0.0000425 31428.851353 189847700 
0.0000425 32307.058889 178717600 
0.0000425 31488.189159 187256400 
0.0000425 31487.647411 183701900 
0.0000425 32022.702820 185218500 
0.0000425 31838.180725 179189500 
0.0000425 31220.868474 168932300 
0.0000425 31374.182160 186044900 
0.0000425 31432.180302 183799500 
0.0000425 31004.282129 183975200 
0.0000425 31888.430081 184746500 
0.0000425 31582.766282 179220600 
0.0000425 31690.642566 182702300 
0.0000425 31402.110155 183206200 
0.0000425 31376.112014 184897600 
0.0000425 31131.997723 182063200 
0.0000425 31499.318771 182564800 
0.0000425 31521.173335 180026800 
0.0000425 31001.503664 179702900 
0.0000425 30815.143966 178918200 
0.0000425 32074.716427 185421700 
0.0000425 31509.554600 174425500 
0.0000425 31563.733873 185503100 
0.0000425 31698.346454 188456900 
0.0000425 31384.000392 177425600 
0.0000425 30803.194880 181566400 
0.0000425 31639.112252 191012500 
0.0000425 31774.425939 182013900 
0.0000425 32119.343040 176519100 
0.0000425 31563.244982 185486400 
0.0000425 31590.414981 176535300 
0.0000425 31539.860253 187557500 
0.0000425 32151.831074 189822700 
0.0000425 31072.484387 176723600 
0.0000425 30956.546771 181275000 
0.0000425 30938.127187 183553100 
0.0000425 31528.589289 185262600 
0.0000425 31751.162634 182093500 
0.0000425 31444.745382 185603300 
0.0000425 31398.791604 184320800 
0.0000425 32742.097697 180782000 
0.0000425 31677.710362 181774200 
0.000045 31848.604411 165938200 
0.000045 31857.160586 175277400 
0.000045 31283.852352 168726900 
0.000045 31763.095063 168514100 
0.000045 31244.089899 174246400 
0.000045 32229.923157 173955600 
0.000045 32110.367898 174733100 
0.000045 31587.758701 173205900 
0.000045 31843.877755 171940300 
0.000045 32335.006656 174320000 
0.000045 30826.488739 168388200 
0.000045 30598.542091 163342500 
0.000045 31117.736157 171412000 
0.000045 31903.501578 172519100 
0.000045 31501.396470 177543700 
0.000045 30778.460257 172759300 
0.000045 31723.097447 169807000 
0.000045 31427.524227 172598700 
0.000045 32530.406129 178185400 
0.000045 31599.508463 181608600 
0.000045 31868.659691 167403700 
0.000045 31383.249725 171425600 
0.000045 32255.021432 179036100 
0.000045 33372.652726 167940200 
0.000045 32118.105797 166465000 
0.000045 32520.554929 182108100 
0.000045 31849.281905 173913200 
0.000045 30832.760445 172214500 
0.000045 31623.704954 174844000 
0.000045 30713.465929 173460900 
0.000045 32815.145984 171413600 
0.000045 32288.230310 166844100 
0.000045 31885.480315 166967400 
0.000045 31095.993085 177505600 
0.000045 32309.538237 164265600 
0.000045 31953.582650 175676000 
0.000045 32043.404607 168733100 
0.000045 30990.152104 173045900 
0.000045 31575.676601 170085000 
0.000045 30880.059179 163931900 
0.000045 31381.058154 171668800 
0.000045 31379.568221 173066700 
0.000045 31599.003033 171289500 
0.000045 31675.452748 166683000 
0.000045 30923.016820 175366000 
0.000045 31218.476438 172585700 
0.000045 31228.504312 174222900 
0.000045 31848.754348 180336500 
0.000045 30982.941972 177081700 
0.000045 32235.782624 180717200 
0.000045 31456.888123 171594200 
0.000045 31083.520780 166095500 
0.000045 31924.698727 172708400 
0.000045 31708.164237 172263200 
0.000045 31808.114820 172560400 
0.000045 32379.446397 167355800 
0.000045 30470.193517 167950000 
0.000045 31053.308954 169821100 
0.000045 32129.569966 170530600 
0.000045 31620.740428 172049800 
0.000045 31708.236310 176984600 
0.000045 31644.967172 173502200 
0.000045 31681.178625 164518300 
0.000045 31898.078346 176006100 
0.000045 30665.422855 174204700 
0.000045 32445.671884 173413800 
0.000045 30896.269379 174412300 
0.000045 31923.903883 166788200 
0.000045 31035.949570 172099100 
0.000045 31880.123771 175399000 
0.000045 31612.346147 173720900 
0.000045 31533.054824 178033200 
0.000045 32163.040699 165466600 
0.000045 31432.875002 170113200 
0.000045 31844.310016 166484700 
0.000045 32069.939905 173712000 
0.000045 31725.699065 176980300 
0.000045 32028.939604 178810100 
0.000045 31834.943305 171023300 
0.000045 30970.723395 169660000 
0.000045 31740.454470 171007200 
0.000045 31270.679959 174517400 
0.000045 30946.461764 172145100 
0.000045 31609.370049 168863300 
0.000045 31421.471939 173858900 
0.000045 31653.398968 172723500 
0.000045 31266.421746 170144400 
0.000045 30862.830487 170948100 
0.000045 31028.486989 174225900 
0.000045 30985.806820 176597800 
0.000045 31968.626396 178069500 
0.000045 33067.907061 172722700 
0.000045 30852.161755 173786000 
0.000045 31973.405484 160899300 
0.000045 31733.992200 177795400 
0.000045 31747.829150 164405700 
0.000045 30993.847147 167973900 
0.000045 31709.578987 168593900 
0.000045 31337.377891 165063100 
0.000045 30906.326022 166534400 
0.0000475 32604.972741 156321300 
0.0000475 30540.670455 168646100 
0.0000475 31180.313417 164904100 
0.0000475 31781.517554 162004800 
0.0000475 32248.245864 157052700 
0.0000475 31377.872348 153487200 
0.0000475 30958.814997 160817200 
0.0000475 31117.512059 164595400 
0.0000475 32463.301215 158086800 
0.0000475 32409.753084 174031100 
0.0000475 32219.787021 168912800 
0.0000475 32074.269913 162708100 
0.0000475 32100.604331 159257900 
0.0000475 30853.207925 169334700 
0.0000475 32397.204357 169987800 
0.0000475 31113.520055 167182900 
0.0000475 31616.141229 162695700 
0.0000475 31681.625354 160776900 
0.0000475 31630.458280 166883500 
0.0000475 31250.335217 162270600 
0.0000475 31882.662762 163082400 
0.0000475 30839.837927 161850100 
0.0000475 31365.076626 162519500 
0.0000475 31807.027094 163344100 
0.0000475 32167.150683 164925100 
0.0000475 31391.674345 164415800 
0.0000475 30370.148853 164559300 
0.0000475 30800.673422 164201500 
0.0000475 31099.933312 158469400 
0.0000475 31859.254207 165774100 
0.0000475 31736.912199 163154500 
0.0000475 32063.145241 159430500 
0.0000475 32115.368301 165085300 
0.0000475 31739.614113 162950400 
0.0000475 31625.379089 160935800 
0.0000475 31130.657297 167490800 
0.0000475 31293.275940 156053000 
0.0000475 30933.622020 167287400 
0.0000475 31511.658780 164554300 
0.0000475 31801.040170 160471100 
0.0000475 31624.361273 159879200 
0.0000475 32314.173998 159258900 
0.0000475 32336.251886 161310900 
0.0000475 31930.432214 156431500 
0.0000475 32164.628806 158712600 
0.0000475 30862.779291 165186500 
0.0000475 32706.503600 162831100 
0.0000475 32281.502344 163475700 
0.0000475 31783.065220 164299500 
0.0000475 31757.635627 159142600 
0.0000475 31655.868881 160448200 
0.0000475 32805.384988 157951100 
0.0000475 30760.158881 164551900 
0.0000475 32890.381048 165383900 
0.0000475 30537.904363 156831300 
0.0000475 32446.207645 166921400 
0.0000475 31117.962251 164403400 
0.0000475 31734.222726 162873900 
0.0000475 31066.734442 165635400 
0.0000475 31155.800094 159946700 
0.0000475 30700.019798 163853400 
0.0000475 31079.933950 161361600 
0.0000475 31349.365824 164643800 
0.0000475 32629.058555 161959200 
0.0000475 32025.191749 167451100 
0.0000475 31683.079964 165848100 
0.0000475 31855.114163 157978400 
0.0000475 31796.079578 160767200 
0.0000475 31524.047157 160628500 
0.0000475 31846.934645 163609500 
0.0000475 31795.479816 165046100 
0.0000475 31578.005108 162619500 
0.0000475 31294.918859 163649200 
0.0000475 31546.039829 161016500 
0.0000475 31376.711229 165572100 
0.0000475 31274.821365 161667300 
0.0000475 32732.640943 161579600 
0.0000475 32049.372454 154381100 
0.0000475 31642.343594 162331600 
0.0000475 32176.502733 160517600 
0.0000475 30613.521021 157497400 
0.0000475 32278.900993 163643700 
0.0000475 32149.532180 162980600 
0.0000475 31694.683514 160606300 
0.0000475 31197.050830 166837600 
0.0000475 31669.123882 162249000 
0.0000475 32135.352641 167203700 
0.0000475 33383.179536 166455300 
0.0000475 31760.538966 161752600 
0.0000475 31907.699005 163389400 
0.0000475 31025.037423 164099900 
0.0000475 32502.039150 167053300 
0.0000475 31168.719297 168012300 
0.0000475 31220.523161 163749400 
0.0000475 31501.411084 156719500 
0.0000475 31592.031639 157279300 
0.0000475 32033.949666 162161100 
0.0000475 31767.517820 162563000 
0.0000475 31498.298319 167779800 
0.0000475 31377.648252 160723000 
0.00005 31725.042111 159431500 
0.00005 30830.195479 152183600 
0.00005 32215.914803 158470100 
0.00005 31133.995624 150396000 
0.00005 31136.232820 159241700 
0.00005 32140.418698 156049600 
0.00005 32314.641881 156311800 
0.00005 31650.411139 158395600 
0.00005 31236.427453 152792100 
0.00005 31810.827441 159218800 
0.00005 31047.143412 156015500 
0.00005 31667.290577 158289800 
0.00005 32148.682431 145122100 
0.00005 30775.628101 152816300 
0.00005 31836.580119 149916800 
0.00005 31338.627917 156782300 
0.00005 31971.434768 160849900 
0.00005 32352.899641 160037700 
0.00005 31511.926541 150759900 
0.00005 31745.099451 151966500 
0.00005 31033.042973 152471700 
0.00005 31714.987840 161532800 
0.00005 31518.767853 155045700 
0.00005 31768.138904 148528100 
0.00005 32231.176702 156699400 
0.00005 30648.931329 150553400 
0.00005 31764.487988 149097900 
0.00005 31177.086779 151218800 
0.00005 31353.661603 159819400 
0.00005 31621.559271 155968900 
0.00005 31174.942099 158139600 
0.00005 31434.108655 155272700 
0.00005 31353.441759 155007600 
0.00005 31303.100684 157740000 
0.00005 31774.215603 157266300 
0.00005 32636.461375 157420900 
0.00005 31824.395092 152981000 
0.00005 32117.212615 158408700 
0.00005 32057.537411 163454800 
0.00005 31522.274510 152844600 
0.00005 31770.804577 152888400 
0.00005 32225.518135 153878600 
0.00005 32027.907070 150836900 
0.00005 32100.751984 160614100 
0.00005 31874.195103 154704200 
0.00005 31570.425200 150798500 
0.00005 31835.844040 147927900 
0.00005 32562.554677 151017400 
0.00005 30295.814937 154189100 
0.00005 32338.466004 156615600 
0.00005 31498.581623 152405800 
0.00005 31213.805747 156778200 
0.00005 31666.486434 155687000 
0.00005 31897.741263 153293300 
0.00005 31663.223690 154494500 
0.00005 31393.243598 151962700 
0.00005 31798.428168 151758100 
0.00005 31329.980718 151413900 
0.00005 31536.945268 158968100 
0.00005 31701.915722 158707700 
0.00005 30884.716464 150465100 
0.00005 31419.579116 155252000 
0.00005 31209.314010 158538800 
0.00005 31502.615016 160201300 
0.00005 31642.115489 150992500 
0.00005 31884.040054 160997400 
0.00005 31140.509281 154128000 
0.00005 32056.823538 153021700 
0.00005 30869.141533 151940600 
0.00005 30839.765421 153376700 
0.00005 31643.783238 154567700 
0.00005 32336.328725 155258100 
0.00005 30503.585724 154664800 
0.00005 31550.898756 148770600 
0.00005 32301.270327 149315400 
0.00005 31170.829505 148238900 
0.00005 30795.587188 155547400 
0.00005 31434.595262 155826400 
0.00005 32400.223614 155363600 
0.00005 32225.582061 154579000 
0.00005 32007.116475 159879100 
0.00005 32046.517450 158526100 
0.00005 31767.517000 152233900 
0.00005 30882.889351 155105400 
0.00005 32802.680588 155734600 
0.00005 32056.838595 154886700 
0.00005 31578.946932 153066000 
0.00005 30919.530995 152137800 
0.00005 31646.929552 157131200 
0.00005 31520.156800 159013700 
0.00005 31279.327354 160659300 
0.00005 31173.174532 152208200 
0.00005 32492.269581 151204400 
0.00005 32387.997027 158251500 
0.00005 31458.450496 151971000 
0.00005 31405.149383 153237300 
0.00005 30598.051438 149454200 
0.00005 31770.956404 160395600 
0.00005 31490.919614 149679200 
0.00005 31095.558705 154626000 
0.0000525 31861.504984 153793400 
0.0000525 31065.991948 147268200 
0.0000525 31017.914607 143728800 
0.0000525 31118.331772 152119900 
0.0000525 32618.164184 149489900 
0.0000525 30947.831737 152311100 
0.0000525 31866.741134 144235700 
0.0000525 31709.895045 149975500 
0.0000525 31485.361849 145080300 
0.0000525 31730.611074 153293200 
0.0000525 31253.819915 144195400 
0.0000525 31724.754660 144922200 
0.0000525 32075.203541 142667400 
0.0000525 31116.750274 143376300 
0.0000525 30941.758065 147721600 
0.0000525 30727.405069 144601500 
0.0000525 31750.299372 144638900 
0.0000525 31517.597443 142025300 
0.0000525 32031.178045 145905700 
0.0000525 31543.099352 143596200 
0.0000525 30446.560685 147897500 
0.0000525 31390.380219 143330500 
0.0000525 31922.435150 147352100 
0.0000525 31756.953256 150169600 
0.0000525 32067.396622 146228800 
0.0000525 31449.421142 147920700 
0.0000525 32045.976924 149263200 
0.0000525 32220.002409 143356500 
0.0000525 32577.193339 152519300 
0.0000525 30941.076989 149423300 
0.0000525 31538.477541 152805000 
0.0000525 30351.511432 149488500 
0.0000525 32116.979092 146652100 
0.0000525 32177.941804 148372500 
0.0000525 31897.924062 152354000 
0.0000525 30996.398056 147613500 
0.0000525 31162.444845 144230400 
0.0000525 31193.270911 150640100 
0.0000525 32261.365410 147942200 
0.0000525 32495.533907 151934500 
0.0000525 31694.912429 143605900 
0.0000525 31141.761566 143083300 
0.0000525 30922.253785 152888800 
0.0000525 31464.047599 145826100 
0.0000525 32190.937906 147711900 
0.0000525 31505.840033 143241400 
0.0000525 31976.208412 150545100 
0.0000525 33117.872168 151804100 
0.0000525 30947.475183 147484800 
0.0000525 31597.187856 149497700 
0.0000525 31246.937310 152044500 
0.0000525 31319.683015 147669200 
0.0000525 31031.473595 147244100 
0.0000525 30427.038740 147301000 
0.0000525 31545.971001 143478900 
0.0000525 31040.384862 147350600 
0.0000525 32007.380133 151143700 
0.0000525 32008.433895 146073000 
0.0000525 31544.781369 138890300 
0.0000525 31936.002509 141703300 
0.0000525 31917.367566 144557000 
0.0000525 30843.974446 153209100 
0.0000525 32177.100702 145802700 
0.0000525 32613.691792 151275800 
0.0000525 31552.211347 151585000 
0.0000525 31516.445604 146499400 
0.0000525 32265.249414 146112300 
0.0000525 31415.267439 148546200 
0.0000525 31322.803213 149575500 
0.0000525 31792.412942 146939900 
0.0000525 31269.839279 142810000 
0.0000525 31293.987817 143327600 
0.0000525 31220.916842 150916900 
0.0000525 30731.784276 151125100 
0.0000525 31216.457841 155941600 
0.0000525 30798.951265 151760500 
0.0000525 30870.308267 149776200 
0.0000525 30454.753540 149508300 
0.0000525 31219.130832 152083000 
0.0000525 32687.274078 147368800 
0.0000525 31716.600316 151125200 
0.0000525 30870.880003 145166300 
0.0000525 31404.239105 147246800 
0.0000525 32711.728510 144329300 
0.0000525 31846.325864 142325400 
0.0000525 31416.166928 154898900 
0.0000525 32168.829318 147587900 
0.0000525 31090.006933 145223600 
0.0000525 31006.481706 149958500 
0.0000525 31838.571996 148345200 
0.0000525 31202.549297 143250100 
0.0000525 30731.328013 144797400 
0.0000525 31074.516531 144440500 
0.0000525 32289.807310 152740000 
0.0000525 30791.981495 149512500 
0.0000525 31875.328552 148617000 
0.0000525 30990.932993 152509100 
0.0000525 31563.231110 143925600 
0.0000525 32127.530130 149177500 
0.0000525 32180.528666 144537200 
0.000055 31205.951906 144055300 
0.000055 31742.579658 142143800 
0.000055 31681.408588 141185000 
0.000055 31404.649022 138965400 
0.000055 31690.578368 135862600 
0.000055 31037.856178 141466000 
0.000055 32020.832932 142427500 
0.000055 32208.833183 137280200 
0.000055 30975.995665 140831100 
0.000055 31643.525266 141861100 
0.000055 31337.850162 142603800 
0.000055 31545.290025 140221400 
0.000055 32099.694584 141646400 
0.000055 32595.873256 143466900 
0.000055 31183.372210 141073700 
0.000055 31353.528235 146021200 
0.000055 31182.820417 142678900 
0.000055 31366.734994 139655700 
0.000055 32983.645933 144319300 
0.000055 31484.958462 139721400 
0.000055 31799.909782 139842400 
0.000055 31786.758420 143742500 
0.000055 31243.036378 138727100 
0.000055 32288.815963 141145000 
0.000055 31439.931981 142063800 
0.000055 31519.560502 139179100 
0.000055 31075.946029 147693100 
0.000055 30874.526414 145215400 
0.000055 32355.126836 140913500 
0.000055 31435.108781 148173800 
0.000055 31711.987301 140295500 
0.000055 30935.415816 136235700 
0.000055 31788.255359 138497300 
0.000055 31349.316415 138797400 
0.000055 31783.289642 142414800 
0.000055 32461.390083 142410600 
0.000055 31175.491605 135470400 
0.000055 30961.024153 136029000 
0.000055 31233.779506 144514500 
0.000055 33234.611837 138135700 
0.000055 30570.099711 144218200 
0.000055 31528.261750 144364000 
0.000055 30767.618784 143858300 
0.000055 30925.419548 140630900 
0.000055 31099.289860 141582200 
0.000055 30511.184480 142712500 
0.000055 31110.712208 139807900 
0.000055 32173.261140 137762400 
0.000055 32014.890548 141259500 
0.000055 31665.453845 143357800 
0.000055 31270.382883 144058500 
0.000055 32225.118834 143738900 
0.000055 32584.289757 141593500 
0.000055 31470.620195 147479400 
0.000055 33153.131526 139636700 
0.000055 31206.165637 142282800 
0.000055 32202.036596 139553700 
0.000055 30395.763644 140557000 
0.000055 31963.151151 146218600 
0.000055 32484.816584 136013400 
0.000055 31791.312795 137885600 
0.000055 31160.351388 139165900 
0.000055 31834.199859 148126500 
0.000055 31765.002691 140234200 
0.000055 30472.328242 141303800 
0.000055 31867.689697 146965700 
0.000055 30185.133945 137216000 
0.000055 31874.861650 140291200 
0.000055 31226.092372 137878600 
0.000055 31344.045271 137298400 
0.000055 31710.302509 139900600 
0.000055 31623.532451 137357000 
0.000055 31779.279629 143873900 
0.000055 31816.735003 144355600 
0.000055 32023.648407 135816500 
0.000055 31774.763830 141867400 
0.000055 31624.473834 140849700 
0.000055 32646.579142 137506600 
0.000055 31982.234662 141892000 
0.000055 31286.407975 144161400 
0.000055 32392.917977 137576500 
0.000055 31420.209796 138816700 
0.000055 31116.637549 140432200 
0.000055 32143.679959 148045100 
0.000055 32015.275704 138297900 
0.000055 30880.060890 135737800 
0.000055 31863.795746 144501700 
0.000055 31482.697836 145609200 
0.000055 30921.815709 139528600 
0.000055 31380.569481 143338000 
0.000055 31828.975685 143322700 
0.000055 32502.452606 139550800 
0.000055 31636.896512 142785100 
0.000055 32295.552288 139158000 
0.000055 31349.465941 138840200 
0.000055 32286.397155 145223200 
0.000055 31772.380018 147762700 
0.000055 31386.610129 146526500 
0.000055 31706.523786 137981100 
0.000055 31229.137512 136799400 
0.0000575 31845.584327 136000900 
0.0000575 30852.305431 136047900 
0.0000575 32392.577224 132175600 
0.0000575 31888.354249 140572000 
0.0000575 30032.378072 134520800 
0.0000575 31969.398038 133078300 
0.0000575 32241.189043 137631300 
0.0000575 31718.852525 135036000 
0.0000575 31393.167766 129345000 
0.0000575 31320.866080 139741500 
0.0000575 31150.401999 135905500 
0.0000575 30149.730964 128506300 
0.0000575 31597.411575 136514400 
0.0000575 31138.924301 132161500 
0.0000575 31677.580100 137959800 
0.0000575 30920.168167 133978500 
0.0000575 31412.867605 131753200 
0.0000575 30875.532621 139784400 
0.0000575 32563.097130 136309800 
0.0000575 31616.285205 131429100 
0.0000575 31668.090739 132280600 
0.0000575 32499.348891 135370500 
0.0000575 32137.389390 136898000 
0.0000575 32099.948967 135294900 
0.0000575 31883.137649 136841200 
0.0000575 32616.614228 134476800 
0.0000575 30434.030134 136157000 
0.0000575 31087.022997 133756000 
0.0000575 31998.851648 135044900 
0.0000575 31112.652940 133118900 
0.0000575 31384.709160 134811400 
0.0000575 31948.327617 134775400 
0.0000575 32357.297371 137711300 
0.0000575 31862.840859 134731500 
0.0000575 31366.373930 134296800 
0.0000575 31959.469870 134244900 
0.0000575 31760.246999 135943000 
0.0000575 31747.919064 132180600 
0.0000575 30725.599541 135883100 
0.0000575 31533.698231 135523000 
0.0000575 31272.233073 128707300 
0.0000575 32167.608703 134699900 
0.0000575 32149.718120 136559000 
0.0000575 32205.150721 135294800 
0.0000575 31579.078753 134278200 
0.0000575 31762.493039 136143700 
0.0000575 31605.802958 129343900 
0.0000575 32104.317805 130199400 
0.0000575 32611.518290 132046900 
0.0000575 31221.100303 133255900 
0.0000575 32190.600013 133631100 
0.0000575 32411.602329 137370700 
0.0000575 32061.777462 134886400 
0.0000575 31329.410948 137060300 
0.0000575 31291.971352 135998000 
0.0000575 31412.658124 136087500 
0.0000575 30944.889233 135221800 
0.0000575 31639.751861 135582900 
0.0000575 31007.809973 130151400 
0.0000575 31554.060209 134580300 
0.0000575 32579.464980 136162100 
0.0000575 31606.683992 134313700 
0.0000575 31709.828898 135115100 
0.0000575 30869.441285 135229000 
0.0000575 31188.920779 138523500 
0.0000575 30779.010879 134090400 
0.0000575 31900.839773 129372900 
0.0000575 32405.209044 137066900 
0.0000575 31770.072099 137376200 
0.0000575 31648.160148 139196500 
0.0000575 30672.442416 133886100 
0.0000575 32188.486335 132779200 
0.0000575 31716.010712 137024600 
0.0000575 31082.744328 131854500 
0.0000575 30956.613675 136308600 
0.0000575 30753.404269 129336400 
0.0000575 31267.931303 131229200 
0.0000575 31455.057615 134574400 
0.0000575 31933.421741 133748200 
0.0000575 31362.785413 131811800 
0.0000575 31788.371399 133847000 
0.0000575 32567.690212 135190300 
0.0000575 31501.805562 137268300 
0.0000575 30737.669610 138738000 
0.0000575 31449.076675 132411200 
0.0000575 32266.143145 140814400 
0.0000575 31102.304957 132446700 
0.0000575 30980.310772 134130600 
0.0000575 32242.327889 136003400 
0.0000575 31814.460138 126841600 
0.0000575 31267.918329 130295500 
0.0000575 31735.915845 140827800 
0.0000575 31008.808563 134002600 
0.0000575 31238.764047 129639100 
0.0000575 31562.028597 131463800 
0.0000575 31333.444015 137022900 
0.0000575 32054.621534 139750000 
0.0000575 30807.162422 132461500 
0.0000575 32161.171144 139690800 
0.0000575 32743.224034 135615000 
0.00006 31854.170874 130991800 
0.00006 31001.568509 129530200 
0.00006 30848.384282 133089300 
0.00006 31754.967387 128596200 
0.00006 31644.711768 126656700 
0.00006 31815.540603 131673900 
0.00006 32217.199124 133695200 
0.00006 30762.883049 132492900 
0.00006 31919.627062 126009600 
0.00006 31626.189555 129876000 
0.00006 31526.917503 130058500 
0.00006 31720.277388 128487000 
0.00006 31878.721677 129399200 
0.00006 30866.971248 125074500 
0.00006 31992.365218 128751100 
0.00006 30868.832271 128076700 
0.00006 30842.612034 126842000 
0.00006 31839.007024 127152400 
0.00006 31922.512023 128118000 
0.00006 31498.090937 132869600 
0.00006 30966.408359 129257400 
0.00006 31533.865613 130346600 
0.00006 32324.312037 124695600 
0.00006 30355.388806 134189900 
0.00006 31018.326681 128285200 
0.00006 31508.679705 130958400 
0.00006 31126.196159 131957100 
0.00006 31786.493316 125944600 
0.00006 31574.720587 133741200 
0.00006 31513.369999 124138500 
0.00006 31714.447555 127720200 
0.00006 32204.571136 126081600 
0.00006 31014.559088 128199900 
0.00006 31474.165634 130881500 
0.00006 31366.031736 133772500 
0.00006 32834.470107 130426300 
0.00006 31956.204017 131187500 
0.00006 31660.179459 130915000 
0.00006 31170.552876 128446400 
0.00006 31549.388006 129366900 
0.00006 31629.551586 130510600 
0.00006 32062.455825 124108600 
0.00006 30783.481507 129042700 
0.00006 31813.188635 132502400 
0.00006 30841.281268 132133300 
0.00006 31959.636220 125722300 
0.00006 31845.952403 128564000 
0.00006 30742.223218 126524900 
0.00006 31859.912088 126835700 
0.00006 32742.358178 127923400 
0.00006 31719.922851 128768800 
0.00006 32059.874303 122969300 
0.00006 31724.795072 133479200 
0.00006 31870.182260 136135000 
0.00006 32294.078038 127105000 
0.00006 31422.222310 123658400 
0.00006 31974.687565 124039900 
0.00006 32042.698660 134614500 
0.00006 31358.815779 128182700 
0.00006 33149.119690 129068500 
0.00006 31582.387168 127914900 
0.00006 31390.038089 135010000 
0.00006 31883.817111 126148400 
0.00006 32499.631375 127311400 
0.00006 31383.101382 129012800 
0.00006 33017.854315 132392800 
0.00006 31273.136571 131499800 
0.00006 31885.614829 131539800 
0.00006 31909.981260 127777900 
0.00006 31632.557624 123345800 
0.00006 32802.379039 127832200 
0.00006 30953.427353 128725100 
0.00006 32268.476721 129656800 
0.00006 31504.118611 127853900 
0.00006 31931.705904 129886300 
0.00006 31748.864564 134781800 
0.00006 31398.718725 127681100 
0.00006 31234.748578 131487000 
0.00006 32437.079214 139190900 
0.00006 32672.946560 131450000 
0.00006 32160.743492 131485700 
0.00006 31019.550624 131913600 
0.00006 31493.799176 135890900 
0.00006 31186.170091 126315700 
0.00006 32084.329473 127725900 
0.00006 31106.278570 128341300 
0.00006 31352.471337 131706500 
0.00006 31219.826351 124292600 
0.00006 32621.834920 128381300 
0.00006 31173.495894 133756500 
0.00006 30878.842482 132686800 
0.00006 30992.263572 130818700 
0.00006 32315.368609 124452100 
0.00006 32296.226651 125070600 
0.00006 31367.679996 129380200 
0.00006 31585.208453 129467400 
0.00006 30958.719898 130135600 
0.00006 31164.662931 129226100 
0.00006 32864.741710 130407500 
0.00006 31938.952565 126096200 
0.0000625 31378.055490 129466300 
0.0000625 31026.535987 123930900 
0.0000625 31318.387000 122957900 
0.0000625 31481.164717 130815700 
0.0000625 32218.932963 122409300 
0.0000625 31178.964174 121792900 
0.0000625 32173.887703 127757200 
0.0000625 31956.521292 120944700 
0.0000625 30740.346101 123554200 
0.0000625 32218.982018 124696500 
0.0000625 31700.795274 124946800 
0.0000625 31130.744791 123918300 
0.0000625 31715.771147 128001800 
0.0000625 30818.251828 126265600 
0.0000625 32088.822849 122226900 
0.0000625 32435.495434 124131300 
0.0000625 31568.731601 130090400 
0.0000625 31419.196307 120675700 
0.0000625 32498.387854 119896400 
0.0000625 32448.483067 124576700 
0.0000625 31004.597773 121148700 
0.0000625 31910.307298 122945600 
0.0000625 32539.890426 124218500 
0.0000625 32365.505823 124574600 
0.0000625 32508.927550 122588800 
0.0000625 32200.791606 126419100 
0.0000625 31921.927424 118269000 
0.0000625 31249.054941 129379100 
0.0000625 31250.805011 123906900 
0.0000625 32086.232172 125178900 
0.0000625 32108.668377 121244200 
0.0000625 31610.543344 122946600 
0.0000625 32736.426310 127183000 
0.0000625 31378.245704 121310400 
0.0000625 30953.320068 123112600 
0.0000625 31448.833225 124728100 
0.0000625 31017.014897 129327300 
0.0000625 31793.641612 121691500 
0.0000625 31824.601957 126107400 
0.0000625 31505.633070 121631900 
0.0000625 31665.172771 127290700 
0.0000625 32861.396616 122761100 
0.0000625 31902.179831 128307800 
0.0000625 32248.224961 123389600 
0.0000625 32557.271423 124417700 
0.0000625 31329.046166 129852500 
0.0000625 31928.436542 123748100 
0.0000625 31737.402582 123219200 
0.0000625 31858.742705 125907000 
0.0000625 31648.405266 126422800 
0.0000625 31225.470881 123881100 
0.0000625 31288.918467 119229300 
0.0000625 31415.926276 123620200 
0.0000625 31988.209594 124986400 
0.0000625 32192.345065 121884800 
0.0000625 32619.678531 123019100 
0.0000625 31234.723995 122011700 
0.0000625 32342.900217 123566500 
0.0000625 30488.240650 121211800 
0.0000625 32498.889420 122741200 
0.0000625 31465.117950 128180700 
0.0000625 30984.052000 121561400 
0.0000625 31211.058061 130949500 
0.0000625 31509.149131 124840400 
0.0000625 31163.223568 125181400 
0.0000625 31485.079841 129525400 
0.0000625 31878.271406 123288900 
0.0000625 30873.881181 125379500 
0.0000625 31100.545195 120610900 
0.0000625 31141.949290 126159200 
0.0000625 32947.272619 127157800 
0.0000625 32181.371189 126156400 
0.0000625 31865.179765 123885100 
0.0000625 31259.499275 122327100 
0.0000625 32537.126422 124169300 
0.0000625 31598.626626 123690900 
0.0000625 31120.245510 121492400 
0.0000625 31942.235125 123035100 
0.0000625 31694.293399 123178200 
0.0000625 30549.316197 122189500 
0.0000625 32448.019038 127942400 
0.0000625 32120.035843 119571800 
0.0000625 30407.118649 119868600 
0.0000625 31459.394492 122944900 
0.0000625 32556.764951 121560200 
0.0000625 31481.025250 126200800 
0.0000625 31549.814698 125834700 
0.0000625 31453.604636 129018500 
0.0000625 31543.432332 121140300 
0.0000625 31609.285005 124150300 
0.0000625 32473.534093 126846800 
0.0000625 32059.701945 123883200 
0.0000625 31585.955952 128013600 
0.0000625 32330.698414 129015600 
0.0000625 31252.755786 124298800 
0.0000625 32075.195332 121676400 
0.0000625 32031.543426 124237500 
0.0000625 31817.258830 128439000 
0.0000625 31425.536030 122891300 
0.0000625 31246.009907 118388600 
0.000065 31516.197460 122313200 
0.000065 31747.153311 118085200 
0.000065 31917.098538 121062500 
0.000065 31898.208953 118261100 
0.000065 31936.066667 122744300 
0.000065 31492.755058 115373000 
0.000065 30920.658601 119772300 
0.000065 32459.108932 118427800 
0.000065 31508.416485 120969500 
0.000065 32184.828023 122201100 
0.000065 31338.318669 118487200 
0.000065 32007.172528 119904200 
0.000065 33064.290136 122736400 
0.000065 32064.848734 122382700 
0.000065 32108.469846 118707700 
0.000065 31800.944565 119064000 
0.000065 30936.511193 119249800 
0.000065 31368.950123 114012800 
0.000065 30795.258631 121967900 
0.000065 31273.092948 113201800 
0.000065 31409.841568 118643800 
0.000065 31052.224518 121375200 
0.000065 31971.267549 119797600 
0.000065 30681.334944 117323900 
0.000065 31499.933707 119911400 
0.000065 32011.790860 115694100 
0.000065 31879.411257 119121400 
0.000065 31407.559974 119407100 
0.000065 31210.177761 116984900 
0.000065 31785.515241 116321000 
0.000065 31977.958307 121412100 
0.000065 31868.674603 114616700 
0.000065 32643.772236 117746100 
0.000065 31101.390276 116675400 
0.000065 30875.316011 119172000 
0.000065 31585.977758 119596500 
0.000065 31537.677183 118705000 
0.000065 32513.400806 124399100 
0.000065 31334.502060 128720200 
0.000065 31700.185761 117468700 
0.000065 31101.824310 116957100 
0.000065 31390.823703 122101800 
0.000065 31185.391251 127741600 
0.000065 30825.496722 116372700 
0.000065 31589.803683 120942800 
0.000065 32167.015891 119737500 
0.000065 31117.158803 117643700 
0.000065 31971.990912 116671400 
0.000065 32494.536145 111235800 
0.000065 31501.223655 116728300 
0.000065 32542.547957 123469200 
0.000065 31248.926774 117942900 
0.000065 32065.797441 114705600 
0.000065 32241.944260 117818200 
0.000065 31795.546636 121261800 
0.000065 32191.330827 121999200 
0.000065 30976.305138 122941000 
0.000065 32053.883076 115456800 
0.000065 31080.996886 123513200 
0.000065 31595.490967 122213800 
0.000065 30885.645758 119031000 
0.000065 31590.082932 120032900 
0.000065 32036.495119 121440500 
0.000065 33098.715169 119932400 
0.000065 31427.098977 115304400 
0.000065 31731.581756 120628600 
0.000065 31226.250684 120492700 
0.000065 32469.833155 112901600 
0.000065 31372.876880 122949800 
0.000065 30777.180236 113792300 
0.000065 32532.989758 121064000 
0.000065 32301.215754 117454700 
0.000065 32268.744000 117548000 
0.000065 31712.104825 124544000 
0.000065 31651.534366 118101400 
0.000065 32133.020936 121102900 
0.000065 30767.882363 120893600 
0.000065 30994.573062 117863800 
0.000065 33665.901038 119539800 
0.000065 31543.974228 123190900 
0.000065 31431.492062 121001600 
0.000065 31614.490991 117688900 
0.000065 32314.823863 116990300 
0.000065 32811.256578 122568100 
0.000065 30339.570104 116525400 
0.000065 31224.789222 120168500 
0.000065 32397.895943 115397200 
0.000065 31860.106476 122329100 
0.000065 31815.397003 119461400 
0.000065 32175.783248 119880300 
0.000065 31658.729728 119035000 
0.000065 32618.713181 120743200 
0.000065 31522.862349 120121700 
0.000065 31713.599615 115250200 
0.000065 31808.481260 119893100 
0.000065 31928.176852 119494800 
0.000065 31576.807366 116674600 
0.000065 31405.905462 121326800 
0.000065 31538.233516 120303500 
0.000065 31347.685883 120481000 
0.0000675 31644.711042 112372300 
0.0000675 32528.823717 112712900 
0.0000675 31428.735182 116336100 
0.0000675 31581.320117 117340400 
0.0000675 32102.248561 117762700 
0.0000675 31806.375633 117214200 
0.0000675 32387.740448 120593100 
0.0000675 31442.283820 114461100 
0.0000675 31707.113230 112769100 
0.0000675 32558.005840 116195800 
0.0000675 32096.942843 115715100 
0.0000675 31650.221292 119014800 
0.0000675 31749.824779 117819400 
0.0000675 31851.262160 116364800 
0.0000675 32227.169061 116497100 
0.0000675 32086.020575 113184600 
0.0000675 31881.318652 114050500 
0.0000675 32183.559555 109210000 
0.0000675 32441.255208 121710900 
0.0000675 31118.558861 113598900 
0.0000675 30112.136517 115070100 
0.0000675 31478.422619 115684400 
0.0000675 31589.674234 118915000 
0.0000675 31968.846718 115616300 
0.0000675 31906.987570 114257200 
0.0000675 31402.194287 122019500 
0.0000675 30854.860772 108960000 
0.0000675 31880.875259 113730500 
0.0000675 30766.618519 117735000 
0.0000675 31980.351293 119285100 
0.0000675 31669.838462 114801300 
0.0000675 31768.282596 116428100 
0.0000675 31833.619693 113314200 
0.0000675 31596.358307 115766400 
0.0000675 31661.560448 115338400 
0.0000675 31673.541875 116062700 
0.0000675 31408.249618 112864000 
0.0000675 31980.210971 111568700 
0.0000675 32198.509776 119380900 
0.0000675 32107.061562 117622800 
0.0000675 31398.079105 115948700 
0.0000675 31662.856738 116556600 
0.0000675 30631.229969 113591700 
0.0000675 31259.173761 114845700 
0.0000675 32727.551474 115740400 
0.0000675 31060.566688 111759000 
0.0000675 31471.771650 116716700 
0.0000675 31948.362641 117202500 
0.0000675 32567.864842 113968000 
0.0000675 32891.359798 114528300 
0.0000675 31862.061726 116743100 
0.0000675 31694.221368 114351500 
0.0000675 31905.491208 115168800 
0.0000675 31738.386726 111310000 
0.0000675 31276.475711 110186000 
0.0000675 32122.490973 114522600 
0.0000675 33707.825656 117245800 
0.0000675 32161.750415 121537600 
0.0000675 32025.853311 119854000 
0.0000675 31197.847274 116733200 
0.0000675 31838.037450 113226500 
0.0000675 31384.700665 117880400 
0.0000675 32116.335541 114868100 
0.0000675 31500.082723 116519700 
0.0000675 31701.053334 113317200 
0.0000675 31419.875381 113351500 
0.0000675 31787.770471 111488800 
0.0000675 32202.512573 114185500 
0.0000675 31484.378633 118551300 
0.0000675 32097.373289 116100800 
0.0000675 32101.189846 111917400 
0.0000675 32278.774862 114410800 
0.0000675 31408.881537 116252500 
0.0000675 31774.965669 113751700 
0.0000675 31363.636365 114295400 
0.0000675 32563.972567 117144200 
0.0000675 31764.525606 114088200 
0.0000675 31008.436009 114777600 
0.0000675 32233.691534 111738100 
0.0000675 32335.437245 109942600 
0.0000675 31592.766087 118079800 
0.0000675 32057.291583 114445600 
0.0000675 32335.699908 110202800 
0.0000675 32959.768353 115579400 
0.0000675 31089.339917 111130000 
0.0000675 32051.627893 112831300 
0.0000675 31865.990964 116979200 
0.0000675 32599.298696 115861000 
0.0000675 31309.787417 116020100 
0.0000675 32385.899238 110595800 
0.0000675 30749.352402 115923700 
0.0000675 31746.089763 115987100 
0.0000675 31392.501065 115309700 
0.0000675 31457.832439 111487800 
0.0000675 31610.970138 110226300 
0.0000675 31768.051636 112430800 
0.0000675 31547.782019 112527300 
0.0000675 31626.895498 113722600 
0.0000675 32478.568739 116749200 
0.0000675 31165.600315 120160000 
0.00007 31795.461184 111821000 
0.00007 32677.760963 112564900 
0.00007 31800.761577 114167800 
0.00007 31312.685795 113108300 
0.00007 31073.252622 112137500 
0.00007 31974.087315 114569700 
0.00007 31577.905395 108331000 
0.00007 31441.112853 109933200 
0.00007 32197.651730 111681200 
0.00007 32709.494363 115459200 
0.00007 32269.264752 113384200 
0.00007 31574.738410 115782700 
0.00007 31418.606039 112886800 
0.00007 32544.404503 107233300 
0.00007 31597.651678 109164700 
0.00007 32157.416233 111679500 
0.00007 31634.280120 104199000 
0.00007 31983.119797 111458300 
0.00007 31469.223094 114672700 
0.00007 31976.618381 120491300 
0.00007 31525.701406 105243300 
0.00007 31583.156845 109667200 
0.00007 32054.311171 116511100 
0.00007 30804.248348 111726200 
0.00007 31302.355952 112231800 
0.00007 31645.953685 106339300 
0.00007 31845.134930 112466900 
0.00007 33407.585499 110702100 
0.00007 32726.292387 112887300 
0.00007 32334.607232 111141200 
0.00007 31453.296098 112046700 
0.00007 31446.038366 113860200 
0.00007 32064.922664 107740400 
0.00007 30662.853071 108497200 
0.00007 31138.616036 110529700 
0.00007 31385.752063 108043300 
0.00007 31413.107585 106192900 
0.00007 32200.816200 109791300 
0.00007 31456.775072 112611800 
0.00007 33589.575441 112508200 
0.00007 31945.230106 112980000 
0.00007 31272.341465 109352900 
0.00007 32096.473350 112030600 
0.00007 31625.039811 107200700 
0.00007 30823.923222 107269600 
0.00007 31053.101873 110560300 
0.00007 31326.172865 115045200 
0.00007 32162.687556 113882200 
0.00007 31928.406369 109811300 
0.00007 32369.236170 110235900 
0.00007 31835.785102 112396600 
0.00007 30578.427474 111217400 
0.00007 32101.265100 110371000 
0.00007 32227.146835 108967200 
0.00007 32227.169823 109130700 
0.00007 29835.673872 107918500 
0.00007 30974.659014 117849800 
0.00007 31707.700255 114759000 
0.00007 31464.232272 109765500 
0.00007 32400.497189 112451700 
0.00007 32256.082913 110056400 
0.00007 30920.703532 111030200 
0.00007 31900.622769 110895800 
0.00007 30407.796966 109746200 
0.00007 32105.866431 102201300 
0.00007 31667.645317 110050300 
0.00007 31735.384269 110959400 
0.00007 31870.278726 110335000 
0.00007 32522.952063 108777000 
0.00007 31485.076617 113655800 
0.00007 32099.809581 110228400 
0.00007 31659.114618 109731200 
0.00007 32274.191334 107005000 
0.00007 31796.666627 115961500 
0.00007 31389.790432 112417000 
0.00007 31702.332405 116377800 
0.00007 31226.110296 109277300 
0.00007 31397.437569 111775400 
0.00007 31390.545009 112430600 
0.00007 31647.512817 106376300 
0.00007 33286.344216 114075700 
0.00007 31374.991623 113239700 
0.00007 32564.171129 111601000 
0.00007 32312.194953 108531000 
0.00007 32467.413763 114323900 
0.00007 32218.973354 109196400 
0.00007 31047.305147 112792800 
0.00007 30980.080601 111537700 
0.00007 32252.397416 109307900 
0.00007 31388.969269 110970600 
0.00007 32251.746962 113079700 
0.00007 31594.735341 110286900 
0.00007 32200.521032 107528300 
0.00007 32149.842019 110474300 
0.00007 32239.699214 111014700 
0.00007 31502.073646 111829400 
0.00007 31487.445082 110994500 
0.00007 31549.789102 116116100 
0.00007 31214.145492 111724200 
0.00007 32092.981489 110461700 
0.0000725 31513.525861 107695400 
0.0000725 32057.861093 105243400 
0.0000725 32579.633876 102975100 
0.0000725 32372.776412 106222800 
0.0000725 30516.030675 105271000 
0.0000725 31094.360618 104320400 
0.0000725 31744.446465 101196300 
0.0000725 33402.531321 108675100 
0.0000725 31984.009397 110820100 
0.0000725 31395.076163 112260200 
0.0000725 31725.118930 105742700 
0.0000725 32050.868654 105428000 
0.0000725 31743.994896 108943400 
0.0000725 31034.675876 109371800 
0.0000725 31310.764064 102452200 
0.0000725 32606.284097 111259700 
0.0000725 30657.369795 105157300 
0.0000725 31684.658006 108052100 
0.0000725 31445.696226 108418500 
0.0000725 32904.388482 107818200 
0.0000725 32831.006821 107523800 
0.0000725 32011.689784 102928400 
0.0000725 30846.601237 105328100 
0.0000725 31996.172633 107329700 
0.0000725 31451.243080 104818900 
0.0000725 32434.428849 105242500 
0.0000725 31054.149186 107702500 
0.0000725 31726.625465 110090900 
0.0000725 31401.748466 108760600 
0.0000725 31687.913091 107459900 
0.0000725 31769.639117 109062600 
0.0000725 32451.997198 110382300 
0.0000725 32292.754193 105218700 
0.0000725 31774.617536 115078400 
0.0000725 31006.584346 107248100 
0.0000725 33006.430539 105232800 
0.0000725 31857.302944 108643300 
0.0000725 31529.174831 104285700 
0.0000725 32409.412251 102926500 
0.0000725 32147.791725 106892700 
0.0000725 32338.401346 109675000 
0.0000725 32625.320890 105023400 
0.0000725 32045.674603 110961800 
0.0000725 31955.236985 104979900 
0.0000725 31918.831708 104259200 
0.0000725 31114.075080 110727300 
0.0000725 32747.475116 102691300 
0.0000725 31975.798601 109955200 
0.0000725 31705.090907 105374900 
0.0000725 31127.493559 103566200 
0.0000725 31225.515922 99996500 
0.0000725 32152.900092 102795900 
0.0000725 31759.478157 110099200 
0.0000725 30701.537074 106614000 
0.0000725 31880.950660 106438600 
0.0000725 31902.476607 106261000 
0.0000725 33001.090849 109794200 
0.0000725 32065.275157 107501100 
0.0000725 31851.469757 109695500 
0.0000725 31849.993893 105937100 
0.0000725 30989.603852 107074000 
0.0000725 31442.032815 101802400 
0.0000725 31767.155423 107276500 
0.0000725 31795.739050 111126500 
0.0000725 32109.608139 109513500 
0.0000725 31249.717444 107847000 
0.0000725 32825.588793 107213500 
0.0000725 32530.040647 108361800 
0.0000725 31494.850610 107943800 
0.0000725 32821.753222 107337400 
0.0000725 32672.563370 104834800 
0.0000725 30938.945292 105493800 
0.0000725 31912.136845 108018000 
0.0000725 32710.388523 110537200 
0.0000725 31960.203734 107610300 
0.0000725 31873.810422 107291900 
0.0000725 31199.179252 102646300 
0.0000725 31763.483071 102805100 
0.0000725 32587.915846 101710500 
0.0000725 31071.652276 106452300 
0.0000725 31542.359319 109198500 
0.0000725 32206.119978 109468300 
0.0000725 31085.732233 112661700 
0.0000725 32369.299659 111951700 
0.0000725 32328.996438 107074300 
0.0000725 31597.714395 107073300 
0.0000725 31991.589579 105553900 
0.0000725 32028.840483 105783700 
0.0000725 31561.061376 103653200 
0.0000725 31722.174268 107277500 
0.0000725 31411.360733 108468400 
0.0000725 31406.311443 105065100 
0.0000725 32364.653342 112787200 
0.0000725 32489.252357 103934900 
0.0000725 32206.564704 106776200 
0.0000725 32402.192216 105371000 
0.0000725 32120.155761 105569000 
0.0000725 32621.873937 104444000 
0.0000725 31453.713396 107161700 
0.0000725 32280.248403 106723000 
0.000075 31547.166192 108490300 
0.000075 32127.057563 104263800 
0.000075 31443.823797 101389400 
0.000075 31864.979756 99205700 
0.000075 32489.716723 104155400 
0.000075 31591.777925 99902600 
0.000075 30633.663983 103992400 
0.000075 32018.387476 97557900 
0.000075 31964.739206 99745300 
0.000075 31251.924872 98302000 
0.000075 32301.011387 103283900 
0.000075 31870.063978 101607100 
0.000075 31997.887078 100761200 
0.000075 31663.932580 103873700 
0.000075 32431.241418 104588100 
0.000075 31687.206241 103150900 
0.000075 31873.745189 106669000 
0.000075 32456.251156 100208200 
0.000075 32393.509110 107870300 
0.000075 31743.693940 105677500 
0.000075 31525.123377 102263400 
0.000075 32565.162212 106079500 
0.000075 31383.551161 101979600 
0.000075 31384.415764 105049800 
0.000075 31693.030626 102401400 
0.000075 32393.548207 100760200 
0.000075 31301.078968 104285200 
0.000075 32066.364022 103057400 
0.000075 32362.674804 105156200 
0.000075 33149.683155 100711300 
0.000075 30921.891722 104422300 
0.000075 31896.545987 103843300 
0.000075 32072.141047 107217500 
0.000075 31991.568187 102609800 
0.000075 32293.911576 101962400 
0.000075 32121.292343 106716200 
0.000075 31905.019809 102763400 
0.000075 31592.928021 102676800 
0.000075 30705.268721 102866600 
0.000075 30925.539538 104439300 
0.000075 31533.738778 103334600 
0.000075 31561.259684 109991900 
0.000075 32439.733750 100896300 
0.000075 31967.278581 103018100 
0.000075 30976.123847 103462800 
0.000075 31704.138845 105401200 
0.000075 31275.521494 103278800 
0.000075 31030.393786 102474800 
0.000075 31644.598524 103073100 
0.000075 31558.583571 106124100 
0.000075 31143.968119 101510800 
0.000075 31658.013430 104452300 
0.000075 31516.605826 103149100 
0.000075 31150.390675 104094800 
0.000075 32267.492334 104771200 
0.000075 32309.784493 102283300 
0.000075 31563.999093 99228900 
0.000075 31702.462461 109202200 
0.000075 31993.865677 104042300 
0.000075 30495.211773 102268700 
0.000075 31786.319546 106342500 
0.000075 31692.966167 105398200 
0.000075 31158.983557 104363100 
0.000075 32656.661564 103122300 
0.000075 31637.263253 104285700 
0.000075 33151.512667 106671100 
0.000075 31306.791659 106164700 
0.000075 31721.893802 102574100 
0.000075 30410.641900 100153300 
0.000075 31729.652397 105193700 
0.000075 32478.234763 102079400 
0.000075 31588.168950 106703300 
0.000075 30622.595371 104678700 
0.000075 32111.428758 111071500 
0.000075 32170.515827 103839100 
0.000075 30765.412354 98997900 
0.000075 31892.083234 99250100 
0.000075 31837.947495 100195200 
0.000075 30901.816892 100833100 
0.000075 30741.995136 103456600 
0.000075 31748.509553 100296900 
0.000075 31833.600550 105040000 
0.000075 31973.623572 104301700 
0.000075 30692.782928 101068400 
0.000075 32308.487518 104095900 
0.000075 31542.744895 105692500 
0.000075 32137.276255 102706000 
0.000075 32224.798270 104651600 
0.000075 31458.406249 100660800 
0.000075 32483.625393 105457500 
0.000075 31329.105963 101764300 
0.000075 31146.737596 104552000 
0.000075 31234.275886 97488100 
0.000075 32013.973644 101685400 
0.000075 32091.400420 102789900 
0.000075 31791.565540 100838400 
0.000075 30709.146466 99207100 
0.000075 31288.648509 107727100 
0.000075 31011.042417 104177300 
0.000075 32119.224683 107172800 
0.0000775 30451.944281 98196800 
0.0000775 31537.924090 101894800 
0.0000775 31675.350584 100066500 
0.0000775 32177.042818 98290900 
0.0000775 32604.972441 99260600 
0.0000775 32269.582989 99990900 
0.0000775 32588.140385 97342900 
0.0000775 31945.785369 98622900 
0.0000775 31412.627116 100153300 
0.0000775 32436.005799 103399600 
0.0000775 32213.216742 101244200 
0.0000775 31740.658998 96830900 
0.0000775 31428.208508 99342800 
0.0000775 32455.876608 105628200 
0.0000775 31097.732381 95226800 
0.0000775 31571.613190 101679600 
0.0000775 31726.274267 97417400 
0.0000775 31438.602446 103159400 
0.0000775 31623.413892 99514600 
0.0000775 32871.219324 103518800 
0.0000775 32576.541767 104452500 
0.0000775 31102.690758 99219300 
0.0000775 32932.866728 107638200 
0.0000775 31615.210137 102246100 
0.0000775 32622.736551 102188200 
0.0000775 31157.996711 102041500 
0.0000775 32081.826528 104958400 
0.0000775 33401.070202 100561400 
0.0000775 32429.222242 100728000 
0.0000775 32370.098193 100811500 
0.0000775 31782.017288 98913600 
0.0000775 31428.370916 96436700 
0.0000775 31433.478338 97804400 
0.0000775 31173.871652 98461000 
0.0000775 32258.505992 98299500 
0.0000775 32267.237997 102212800 
0.0000775 31492.882007 101574200 
0.0000775 32068.953009 100451200 
0.0000775 31819.023754 104036600 
0.0000775 31482.152683 101407800 
0.0000775 32134.867820 100167100 
0.0000775 31086.558669 102817500 
0.0000775 33003.018222 101661400 
0.0000775 31071.379006 99119600 
0.0000775 30769.545223 100522000 
0.0000775 32083.053187 102139000 
0.0000775 30827.975486 98196300 
0.0000775 31963.700170 99352700 
0.0000775 30927.555199 104077000 
0.0000775 31239.126189 96571200 
0.0000775 31835.037495 99953200 
0.0000775 30511.896114 97101400 
0.0000775 30979.660461 99190500 
0.0000775 31883.617396 97886400 
0.0000775 32329.286853 107168000 
0.0000775 31600.793408 97139500 
0.0000775 32009.819566 102990300 
0.0000775 31860.186911 97772500 
0.0000775 32198.813153 100412800 
0.0000775 31978.351076 102692000 
0.0000775 31538.723199 102249700 
0.0000775 32822.775387 100388700 
0.0000775 32014.051000 101396000 
0.0000775 31806.148113 100699000 
0.0000775 31880.545439 99467400 
0.0000775 32342.418142 103876100 
0.0000775 30978.661271 96742800 
0.0000775 33200.130051 102742800 
0.0000775 31362.494716 103113700 
0.0000775 31281.225349 101802600 
0.0000775 31829.142129 95581200 
0.0000775 31834.796646 99598000 
0.0000775 31746.138718 97688500 
0.0000775 31594.791650 105895700 
0.0000775 32054.023318 95836500 
0.0000775 30785.401382 103131700 
0.0000775 32127.718706 97827900 
0.0000775 31665.775877 100163000 
0.0000775 30636.844863 96909500 
0.0000775 33248.136869 99099500 
0.0000775 30998.477049 100950300 
0.0000775 31694.195224 102159500 
0.0000775 32180.150248 98926300 
0.0000775 33408.854788 99185600 
0.0000775 31931.468713 101749700 
0.0000775 32206.466173 100110500 
0.0000775 31600.557636 97096100 
0.0000775 32397.288446 99931000 
0.0000775 32173.332486 99227500 
0.0000775 33850.468719 99284800 
0.0000775 32481.825966 98400100 
0.0000775 32856.590247 99156800 
0.0000775 31803.214714 101466000 
0.0000775 31599.194309 99266100 
0.0000775 32154.533896 97370600 
0.0000775 31704.760597 102061700 
0.0000775 30864.542560 103700900 
0.0000775 32217.102662 97079200 
0.0000775 31531.586659 100658700 
0.0000775 31248.077131 96575300 
0.00008 32385.926108 100188900 
0.00008 31361.245891 96105500 
0.00008 32352.183860 95810900 
0.00008 31864.362086 96982600 
0.00008 31725.980342 101014000 
0.00008 32586.448297 99048500 
0.00008 32271.653941 96088600 
0.00008 31539.421071 101625400 
0.00008 31972.544393 99573200 
0.00008 31740.675686 95736800 
0.00008 31759.898030 100271100 
0.00008 31943.914617 99829100 
0.00008 32107.666297 99757500 
0.00008 32594.289231 99043700 
0.00008 31905.039255 98518000 
0.00008 32407.661839 99205100 
0.00008 32351.771172 99711800 
0.00008 31751.094359 96264700 
0.00008 31699.019065 94745700 
0.00008 31921.614881 100714400 
0.00008 32132.571178 96831800 
0.00008 31839.975025 98230100 
0.00008 31365.920182 93912800 
0.00008 31942.078517 97791900 
0.00008 31727.377927 97123300 
0.00008 32807.854908 100408400 
0.00008 31761.812844 100330400 
0.00008 31338.432986 97199800 
0.00008 30852.973199 100138400 
0.00008 33528.634398 98048700 
0.00008 31505.491360 97284500 
0.00008 30990.795014 96365400 
0.00008 32366.999489 93712100 
0.00008 31973.384012 98429400 
0.00008 31781.602722 98725100 
0.00008 31991.978986 93664000 
0.00008 31182.577450 97871900 
0.00008 31438.982678 94615700 
0.00008 31163.337449 99720600 
0.00008 32144.083624 96600400 
0.00008 31649.795156 98592300 
0.00008 32153.642407 100696700 
0.00008 32035.180405 98418900 
0.00008 31428.225913 99847100 
0.00008 31628.054870 95203100 
0.00008 31459.092323 98850300 
0.00008 33119.279108 97080500 
0.00008 30909.385307 94809600 
0.00008 32311.432172 100199100 
0.00008 31900.000781 98914100 
0.00008 33294.899670 96389500 
0.00008 31364.796236 94718100 
0.00008 32258.393829 96838200 
0.00008 31026.663731 96216800 
0.00008 31729.998280 94537400 
0.00008 32226.639917 99913900 
0.00008 31364.453189 103442800 
0.00008 31528.016476 98312700 
0.00008 31741.299920 94458200 
0.00008 32028.174315 96469800 
0.00008 30899.235124 98554200 
0.00008 32531.105708 99242400 
0.00008 30511.290396 95887600 
0.00008 31291.302202 93110900 
0.00008 31095.180241 95703700 
0.00008 31638.989135 98790100 
0.00008 31525.793491 96321400 
0.00008 32649.823623 97998500 
0.00008 31360.468348 100190400 
0.00008 31658.530085 94764800 
0.00008 32767.875334 101177800 
0.00008 30953.606565 96058900 
0.00008 31649.554858 97275200 
0.00008 31626.506591 96443500 
0.00008 31605.528260 97410000 
0.00008 31625.795138 99281100 
0.00008 32200.940886 95689400 
0.00008 31993.582734 95650700 
0.00008 31623.020959 95553400 
0.00008 32276.925682 99402400 
0.00008 31860.778488 97686000 
0.00008 30523.424345 96213600 
0.00008 31664.824726 99366100 
0.00008 30768.967271 95654600 
0.00008 32810.924881 98529100 
0.00008 31800.416704 93421100 
0.00008 31342.202413 98496900 
0.00008 31477.820823 97085500 
0.00008 32230.195860 98861200 
0.00008 31744.524871 100844000 
0.00008 31385.506312 99110400 
0.00008 31193.124823 99677200 
0.00008 31146.723777 98860800 
0.00008 32101.467748 96892700 
0.00008 30975.805844 99094100 
0.00008 31730.324021 97422300 
0.00008 32748.445554 98526900 
0.00008 32700.200025 99727200 
0.00008 31805.794556 96822300 
0.00008 31724.049121 97163000 
0.0000825 31375.711105 95746500 
0.0000825 31994.634914 97072500 
0.0000825 31041.071114 94520900 
0.0000825 32137.781622 95959900 
0.0000825 31299.555701 95943800 
0.0000825 31908.624241 95668800 
0.0000825 32080.523719 90657000 
0.0000825 31554.891746 95926600 
0.0000825 30688.246316 93657900 
0.0000825 31520.460792 97278500 
0.0000825 32203.389205 92136000 
0.0000825 31992.874113 98034900 
0.0000825 32199.976352 98165900 
0.0000825 31946.961891 90985800 
0.0000825 31062.046411 96587700 
0.0000825 31106.975568 92818700 
0.0000825 31596.169173 95774200 
0.0000825 31805.094834 94586600 
0.0000825 32588.515876 94884800 
0.0000825 32370.578351 93085000 
0.0000825 32612.430138 94577300 
0.0000825 32092.371266 96891400 
0.0000825 32863.114373 95510100 
0.0000825 31755.332447 92926700 
0.0000825 31155.996567 96201300 
0.0000825 32913.685509 93519700 
0.0000825 31725.759523 97449600 
0.0000825 31589.646351 93169200 
0.0000825 31862.749698 94628300 
0.0000825 31725.561233 95644000 
0.0000825 32433.994158 94112600 
0.0000825 32787.894044 96340400 
0.0000825 31537.199205 90616800 
0.0000825 31888.092028 91872500 
0.0000825 31648.162338 88037400 
0.0000825 32478.898246 92125700 
0.0000825 31616.524635 96035200 
0.0000825 31057.141320 96353800 
0.0000825 32315.412968 94707400 
0.0000825 31677.857027 93323600 
0.0000825 31231.767697 96364100 
0.0000825 31867.314535 93165700 
0.0000825 31319.386107 92737500 
0.0000825 32074.604429 94319700 
0.0000825 32000.484133 91480100 
0.0000825 31972.854412 95518200 
0.0000825 30954.941651 96203200 
0.0000825 32203.472988 97580800 
0.0000825 32051.740366 97014700 
0.0000825 32063.577625 95398900 
0.0000825 32908.578571 98283600 
0.0000825 31165.937811 93895200 
0.0000825 32072.982939 92958900 
0.0000825 32218.123137 95387500 
0.0000825 31281.131548 91346300 
0.0000825 32300.026723 91365100 
0.0000825 32121.030535 93731900 
0.0000825 31763.249133 94620500 
0.0000825 32107.379058 93970400 
0.0000825 31893.559066 94954900 
0.0000825 32424.070666 91126800 
0.0000825 31697.127012 90489500 
0.0000825 32111.785576 94179200 
0.0000825 32321.529025 96009100 
0.0000825 31647.251348 93034500 
0.0000825 32588.634773 91468800 
0.0000825 31962.880829 93611600 
0.0000825 31869.499265 96401000 
0.0000825 31925.574623 94616900 
0.0000825 31582.878109 98839100 
0.0000825 32817.621435 95679900 
0.0000825 32764.809871 90647700 
0.0000825 31111.139476 94983200 
0.0000825 33099.047863 90081400 
0.0000825 31634.502299 92905400 
0.0000825 32116.146190 94975900 
0.0000825 32088.609515 98967200 
0.0000825 31509.682698 90631400 
0.0000825 31945.843275 94710100 
0.0000825 31084.219589 92591600 
0.0000825 32560.024033 89959600 
0.0000825 30832.230250 92502400 
0.0000825 32754.649351 96085200 
0.0000825 31596.260701 95083100 
0.0000825 31247.644442 95085200 
0.0000825 32346.532025 92336500 
0.0000825 31437.566725 90367800 
0.0000825 31181.327367 100839800 
0.0000825 31849.377307 95281500 
0.0000825 32402.355691 96809700 
0.0000825 32497.471672 93157800 
0.0000825 31960.545975 89992100 
0.0000825 32300.514759 95692700 
0.0000825 31480.996982 96532500 
0.0000825 32071.914160 92502500 
0.0000825 30977.416013 96480400 
0.0000825 31850.130777 95347500 
0.0000825 32280.360186 92120800 
0.0000825 32035.010251 92129500 
0.0000825 31708.152500 96460700 
0.000085 32790.765980 89659000 
0.000085 32402.687656 89594500 
0.000085 32036.459776 92482600 
0.000085 31191.535651 87494800 
0.000085 32552.085981 90634400 
0.000085 30416.912957 91915200 
0.000085 31156.937427 95247300 
0.000085 31397.954967 92506200 
0.000085 31671.440120 88427000 
0.000085 32613.317619 89510500 
0.000085 31698.561909 87838500 
0.000085 32781.000973 91589900 
0.000085 32279.715562 89101500 
0.000085 31024.305405 86801300 
0.000085 31649.635058 91785400 
0.000085 31097.234743 89431400 
0.000085 32241.022033 88342000 
0.000085 31469.002775 93655000 
0.000085 32447.498109 89240400 
0.000085 32999.148306 90469400 
0.000085 32462.883801 93081000 
0.000085 32557.221933 90930700 
0.000085 32147.990656 90122500 
0.000085 31697.999183 91686200 
0.000085 31929.100996 91593900 
0.000085 31606.208156 93025700 
0.000085 31392.852354 87776500 
0.000085 32063.688703 92367900 
0.000085 32236.358112 91243200 
0.000085 31847.291521 88525800 
0.000085 32548.483176 92253400 
0.000085 31610.402952 89536400 
0.000085 31677.904819 90586900 
0.000085 31194.185737 88347900 
0.000085 31797.768291 89163600 
0.000085 32791.927282 91448600 
0.000085 32277.362544 90104500 
0.000085 31292.494702 90700200 
0.000085 32229.569466 94639200 
0.000085 32434.122549 90389700 
0.000085 32922.758295 90237300 
0.000085 32344.972566 90267500 
0.000085 32412.610189 91776900 
0.000085 31187.620148 92231500 
0.000085 32483.300132 91368500 
0.000085 32110.525217 91118400 
0.000085 32904.869854 88544800 
0.000085 31963.883272 91597300 
0.000085 31734.587145 92525200 
0.000085 31118.781475 92678600 
0.000085 32925.948804 97375700 
0.000085 31843.586999 89398600 
0.000085 32859.045649 88088100 
0.000085 30787.913391 91990800 
0.000085 31892.198534 91783800 
0.000085 32036.573340 91101300 
0.000085 32599.258267 96432000 
0.000085 32100.952274 93151800 
0.000085 31556.842692 95868000 
0.000085 32157.518093 92014600 
0.000085 32036.975263 89311800 
0.000085 32335.359659 93885400 
0.000085 31763.836019 90665900 
0.000085 32269.804711 90798000 
0.000085 30871.924041 89234800 
0.000085 32310.519180 94348400 
0.000085 32807.426115 92524800 
0.000085 31877.861341 89882800 
0.000085 31515.658454 87592800 
0.000085 31954.515913 91698500 
0.000085 31592.048629 90931700 
0.000085 31603.035020 90785300 
0.000085 32099.514305 94535400 
0.000085 32920.372042 92279300 
0.000085 31633.669081 88074400 
0.000085 31864.996289 89842500 
0.000085 32517.156944 90676900 
0.000085 32524.976308 88350500 
0.000085 32574.425447 87181100 
0.000085 31366.119521 92410200 
0.000085 32621.173501 91835600 
0.000085 31714.109038 90230800 
0.000085 31368.733833 92531700 
0.000085 32314.880692 91650900 
0.000085 31600.185969 89307100 
0.000085 32861.377958 93468000 
0.000085 31017.477653 90645400 
0.000085 32117.024356 90899400 
0.000085 32637.286425 90720000 
0.000085 32450.585049 92388800 
0.000085 32263.220533 90133200 
0.000085 32940.023860 89529800 
0.000085 32950.680074 92924700 
0.000085 33016.215357 90059000 
0.000085 31708.407505 89842500 
0.000085 32165.918496 88267000 
0.000085 32544.820097 93273600 
0.000085 32090.097656 91737200 
0.000085 32255.291797 94189400 
0.000085 31291.450337 87943000 
0.0000875 31488.560615 96597400 
0.0000875 31476.060571 86972500 
0.0000875 31579.620405 90629600 
0.0000875 30962.267405 89866600 
0.0000875 32278.248939 87115600 
0.0000875 31941.968203 87737600 
0.0000875 32756.792754 86221100 
0.0000875 31665.335737 85367800 
0.0000875 32149.593306 94008000 
0.0000875 31342.265267 91518200 
0.0000875 31904.421813 86515100 
0.0000875 31794.865295 88590700 
0.0000875 31422.733161 88832800 
0.0000875 32526.838254 90553400 
0.0000875 31006.823708 84578500 
0.0000875 31674.066443 90889800 
0.0000875 32864.699899 86854100 
0.0000875 31399.051824 85525100 
0.0000875 33392.540254 89137800 
0.0000875 31955.310945 91952600 
0.0000875 31332.889531 86238900 
0.0000875 31354.015911 89424000 
0.0000875 32412.433813 90045600 
0.0000875 32407.874822 88936200 
0.0000875 31686.238240 93178700 
0.0000875 32021.363674 86545400 
0.0000875 32521.997343 87182800 
0.0000875 32334.043160 93925700 
0.0000875 32581.622692 88834400 
0.0000875 32271.024485 88622300 
0.0000875 32869.507000 89672400 
0.0000875 31270.974419 89164800 
0.0000875 31681.319445 86499100 
0.0000875 31835.198066 88202600 
0.0000875 31843.601342 88758300 
0.0000875 32537.182409 89094900 
0.0000875 31464.966565 87565700 
0.0000875 32448.440245 86841800 
0.0000875 31156.278752 86938000 
0.0000875 33326.375210 94171600 
0.0000875 33021.865135 86601200 
0.0000875 31309.200353 87326500 
0.0000875 31725.590200 89989400 
0.0000875 31570.126397 88343200 
0.0000875 32025.306006 90906900 
0.0000875 31356.737348 85471200 
0.0000875 32123.877449 88005200 
0.0000875 31433.248067 90377500 
0.0000875 31434.160603 89388700 
0.0000875 32224.565050 92290700 
0.0000875 32399.143908 88999300 
0.0000875 31192.875505 85751000 
0.0000875 31412.882852 87871200 
0.0000875 32312.875079 88358900 
0.0000875 31241.032079 87019600 
0.0000875 31968.339942 91569400 
0.0000875 31164.044695 89720300 
0.0000875 32310.920186 88950800 
0.0000875 31288.813938 85571700 
0.0000875 31997.170853 89160500 
0.0000875 30638.515305 86296600 
0.0000875 31236.290023 88640100 
0.0000875 31995.456073 87960600 
0.0000875 31386.833243 89346500 
0.0000875 32326.093046 87918400 
0.0000875 31867.542365 85175300 
0.0000875 31117.979327 88316800 
0.0000875 32724.834236 85383000 
0.0000875 32374.474987 86468500 
0.0000875 31709.964571 83635700 
0.0000875 31466.202596 87738300 
0.0000875 31490.629117 90086500 
0.0000875 30941.545772 86191100 
0.0000875 30862.655901 88624700 
0.0000875 32488.930000 87522100 
0.0000875 31739.611171 86677900 
0.0000875 31169.689729 91646300 
0.0000875 32168.258672 93023800 
0.0000875 32350.295727 91338800 
0.0000875 32459.747756 90572600 
0.0000875 33297.577256 89109300 
0.0000875 31035.613510 89539400 
0.0000875 31527.389490 86968000 
0.0000875 31636.976684 86529100 
0.0000875 31665.072465 92951300 
0.0000875 31596.378179 85932200 
0.0000875 31529.004536 89210700 
0.0000875 31438.381209 90651800 
0.0000875 33413.319771 90090000 
0.0000875 31822.633452 90158300 
0.0000875 33074.092166 90638800 
0.0000875 31031.311944 88696700 
0.0000875 31925.434172 91008500 
0.0000875 31278.190724 87356100 
0.0000875 32407.429958 90238500 
0.0000875 32010.349364 87468800 
0.0000875 31417.540088 86301400 
0.0000875 32439.872197 85974400 
0.0000875 31236.871850 88152300 
0.0000875 31216.302748 88395000 
0.00009 32077.822461 83279500 
0.00009 31281.784995 86492100 
0.00009 32185.885005 89268400 
0.00009 32442.221296 83438000 
0.00009 32633.778286 86293000 
0.00009 32310.137754 85408700 
0.00009 32327.776311 88281900 
0.00009 31676.358082 82483100 
0.00009 32033.790743 83457200 
0.00009 31373.377000 85886500 
0.00009 31559.555221 90540700 
0.00009 32941.513657 87352900 
0.00009 30652.112193 87123400 
0.00009 32817.902326 89413300 
0.00009 31393.739980 88258300 
0.00009 31996.114109 86074300 
0.00009 31806.271999 88946700 
0.00009 32875.376284 86790200 
0.00009 31945.448081 88571700 
0.00009 32446.741380 86739700 
0.00009 32528.645792 82730500 
0.00009 31994.688652 89890300 
0.00009 32109.913989 86135100 
0.00009 31126.545325 84731800 
0.00009 30915.481749 84100400 
0.00009 31139.330758 85233700 
0.00009 32388.106612 84485000 
0.00009 31346.228399 84373900 
0.00009 30816.991981 85536800 
0.00009 31970.750356 88992800 
0.00009 31556.326571 81359900 
0.00009 32165.840194 89799600 
0.00009 32631.915989 87143300 
0.00009 31361.042254 90173300 
0.00009 32233.050407 85848800 
0.00009 31917.873609 88468200 
0.00009 32103.253525 85711600 
0.00009 31477.581175 85303700 
0.00009 31981.852711 84532200 
0.00009 30925.738478 86311800 
0.00009 32581.908461 91809400 
0.00009 31374.405852 88573200 
0.00009 32364.568832 90404500 
0.00009 32036.172525 84008100 
0.00009 31557.312934 89698300 
0.00009 31591.377866 89098900 
0.00009 32124.078811 85100900 
0.00009 31237.866615 91899800 
0.00009 31470.420151 85087000 
0.00009 31537.365688 81577900 
0.00009 32501.932187 89751100 
0.00009 31406.367672 88234200 
0.00009 32060.224124 83710100 
0.00009 32178.705382 89301400 
0.00009 31985.126136 86582600 
0.00009 32195.124662 83379100 
0.00009 31783.498743 86118900 
0.00009 31730.743557 86162600 
0.00009 31284.065179 83156900 
0.00009 31364.174555 88443200 
0.00009 32127.396891 89875400 
0.00009 32509.736425 83274800 
0.00009 32769.206693 85739700 
0.00009 31525.418536 81552100 
0.00009 31377.909502 85647700 
0.00009 34222.625831 81571900 
0.00009 32909.893577 83204600 
0.00009 31250.557465 85378500 
0.00009 32057.090726 82652500 
0.00009 31874.455973 84121600 
0.00009 31951.387863 84890400 
0.00009 32696.011210 85312700 
0.00009 31081.837433 81139200 
0.00009 31231.499919 88258700 
0.00009 33598.589001 86659300 
0.00009 31200.620406 86368800 
0.00009 31622.175183 85976000 
0.00009 31594.754133 86949200 
0.00009 31791.312615 82396400 
0.00009 31564.155342 86843100 
0.00009 31835.711688 85697200 
0.00009 33567.967711 82913000 
0.00009 32588.346445 92439400 
0.00009 32148.189762 87321400 
0.00009 32812.646579 85841200 
0.00009 31988.444460 86907600 
0.00009 31736.790610 85692400 
0.00009 31234.361881 91346400 
0.00009 32448.437477 86005000 
0.00009 32381.021214 92710700 
0.00009 31924.123813 86944600 
0.00009 31769.723453 83951000 
0.00009 31271.779123 88718300 
0.00009 31914.877677 88511800 
0.00009 31492.102663 85413500 
0.00009 32408.199475 90311200 
0.00009 32690.225305 88317200 
0.00009 31683.529005 84830600 
0.00009 32358.245994 81914600 
0.00009 31959.840749 85860500 
0.0000925 31478.660072 82864500 
0.0000925 32286.906252 84449000 
0.0000925 31670.316657 83347700 
0.0000925 32155.059879 82278400 
0.0000925 32273.203834 83143300 
0.0000925 32801.213651 84187800 
0.0000925 32023.314722 86139100 
0.0000925 31463.205526 84695200 
0.0000925 32215.792526 83570000 
0.0000925 32337.502088 86014900 
0.0000925 31784.413673 85135300 
0.0000925 31791.348286 85072000 
0.0000925 32368.027668 86656100 
0.0000925 32083.972116 80824500 
0.0000925 32773.589908 82712800 
0.0000925 31643.151063 82724000 
0.0000925 32971.576782 86302900 
0.0000925 32012.797891 81204600 
0.0000925 31818.408400 84974300 
0.0000925 32168.290152 87659300 
0.0000925 31450.846290 85251900 
0.0000925 30749.710014 83979700 
0.0000925 30836.539571 80651300 
0.0000925 32292.972928 89079000 
0.0000925 32603.181673 83518800 
0.0000925 31042.296934 83801400 
0.0000925 32176.118757 81675400 
0.0000925 31789.361939 85148800 
0.0000925 31782.615751 85751300 
0.0000925 31886.331387 81091300 
0.0000925 31771.175541 86506900 
0.0000925 32609.855752 85616200 
0.0000925 31333.812881 82693900 
0.0000925 33057.747025 83588800 
0.0000925 32074.177486 84937900 
0.0000925 31651.008893 82439500 
0.0000925 31969.794772 84450800 
0.0000925 31558.817876 81685700 
0.0000925 31314.172168 83980500 
0.0000925 31832.618988 84066500 
0.0000925 31773.001065 82134000 
0.0000925 31756.664761 82787200 
0.0000925 31816.951362 82282700 
0.0000925 31422.368168 82022100 
0.0000925 31871.346429 85376100 
0.0000925 31638.447166 82753300 
0.0000925 32235.922581 85324000 
0.0000925 31356.815419 83825300 
0.0000925 32503.317664 86492300 
0.0000925 31868.458778 86571100 
0.0000925 32259.322410 85625200 
0.0000925 32229.050406 85330500 
0.0000925 32395.640882 78913200 
0.0000925 32217.426492 81019400 
0.0000925 31838.584454 87106000 
0.0000925 31733.671736 85071000 
0.0000925 31952.128152 78854800 
0.0000925 31893.629423 85504300 
0.0000925 31760.610600 83190100 
0.0000925 32339.799424 86233900 
0.0000925 30767.247054 86409100 
0.0000925 31383.286127 78502900 
0.0000925 30843.144627 86263100 
0.0000925 31368.871268 83930700 
0.0000925 31663.972486 81870200 
0.0000925 31461.934512 83756300 
0.0000925 31778.758252 81486000 
0.0000925 31167.752577 81571700 
0.0000925 32343.196799 85661100 
0.0000925 31546.100004 85101600 
0.0000925 31055.177903 86246400 
0.0000925 32223.162974 82641100 
0.0000925 30686.303416 89865400 
0.0000925 31434.727071 85214500 
0.0000925 31737.859849 82469000 
0.0000925 31502.777626 84826100 
0.0000925 31771.269506 83592200 
0.0000925 31703.245906 84577100 
0.0000925 32057.848392 84435300 
0.0000925 32757.893451 84139600 
0.0000925 32708.213650 83566800 
0.0000925 31545.350348 85502200 
0.0000925 32752.408420 82101600 
0.0000925 31853.793864 86989200 
0.0000925 31485.335799 81985400 
0.0000925 31704.537823 85794300 
0.0000925 32200.598002 83722600 
0.0000925 32199.787129 86197800 
0.0000925 31728.969544 88152800 
0.0000925 32197.411101 83557500 
0.0000925 31678.489372 87437400 
0.0000925 31096.975570 84070900 
0.0000925 31775.449419 84351700 
0.0000925 31679.427793 86009900 
0.0000925 32449.579045 88982800 
0.0000925 32767.591025 84173000 
0.0000925 32229.690229 81759100 
0.0000925 32100.012343 83652400 
0.0000925 32546.262245 83650900 
0.0000925 33526.121847 82581000 
0.000095 32282.825886 79705000 
0.000095 30963.144216 79944100 
0.000095 32350.782544 80647500 
0.000095 31111.873163 87420300 
0.000095 31818.105244 83237100 
0.000095 32048.104721 81870400 
0.000095 31680.710897 79340000 
0.000095 32134.692600 83040900 
0.000095 31165.758890 80954000 
0.000095 30919.005293 83372000 
0.000095 31856.461399 82752900 
0.000095 32029.328604 82403400 
0.000095 31857.011122 85832100 
0.000095 32034.858763 82880500 
0.000095 31349.765849 81883600 
0.000095 32844.944233 81500800 
0.000095 31826.619747 85411700 
0.000095 30758.200059 79650300 
0.000095 31788.241117 80342700 
0.000095 32026.255900 81979900 
0.000095 31233.427435 84664500 
0.000095 31726.937082 82270300 
0.000095 31788.428761 79566500 
0.000095 31409.370087 84460800 
0.000095 31263.847199 79524900 
0.000095 32581.405362 86190700 
0.000095 31844.744745 81717700 
0.000095 32921.098424 82147900 
0.000095 31966.196289 83981000 
0.000095 32854.253619 80198400 
0.000095 31006.055682 86844800 
0.000095 33169.994549 80180100 
0.000095 31505.203572 82959600 
0.000095 31665.348312 82958100 
0.000095 33790.405927 87432100 
0.000095 32221.526892 76817200 
0.000095 32017.976051 82313200 
0.000095 32749.212904 81460300 
0.000095 31474.498918 82799400 
0.000095 31996.943633 82227000 
0.000095 32558.739839 80080900 
0.000095 32867.989425 83856900 
0.000095 31906.077486 83463700 
0.000095 31727.685159 81957000 
0.000095 32450.138018 80866800 
0.000095 31205.333083 82660200 
0.000095 31662.777629 80979400 
0.000095 30871.565127 83199600 
0.000095 32354.045441 82008800 
0.000095 32508.355330 81589600 
0.000095 32328.114621 83706800 
0.000095 31717.763724 84687900 
0.000095 31904.834792 82568000 
0.000095 31015.112363 80093100 
0.000095 32190.769624 81924100 
0.000095 33188.722521 81897900 
0.000095 30723.419029 82771900 
0.000095 32476.557098 81712900 
0.000095 30871.241370 82476800 
0.000095 31493.625000 80765500 
0.000095 33168.787522 79815600 
0.000095 31603.399646 81705500 
0.000095 31206.282084 80263400 
0.000095 32118.052331 82257100 
0.000095 32500.298780 82359200 
0.000095 32174.977990 81538100 
0.000095 31812.219083 84374500 
0.000095 31203.041860 83314100 
0.000095 32712.074994 82670600 
0.000095 31722.779656 83877400 
0.000095 31636.608652 83104000 
0.000095 31071.084507 81783100 
0.000095 31785.446505 83972000 
0.000095 31626.646947 84764200 
0.000095 31590.103931 82201600 
0.000095 31535.638698 83505100 
0.000095 32234.128744 80674100 
0.000095 32019.966854 80114200 
0.000095 31993.860913 84069400 
0.000095 31294.452936 84116200 
0.000095 30834.948014 81777200 
0.000095 31640.349168 82155900 
0.000095 31048.447368 81116300 
0.000095 31129.362569 82997500 
0.000095 31932.802621 80662800 
0.000095 31664.254910 80688600 
0.000095 32075.024181 84056800 
0.000095 32153.922590 81105800 
0.000095 31353.669194 80472200 
0.000095 31668.991440 83388900 
0.000095 32092.115540 80012600 
0.000095 31858.570474 81118900 
0.000095 32673.755651 79338800 
0.000095 31933.183211 79214600 
0.000095 32326.554281 83038800 
0.000095 31775.528337 82662900 
0.000095 31741.307264 87290700 
0.000095 31282.738892 82673200 
0.000095 31651.376661 81507600 
0.000095 31952.657959 84308400 
0.0000975 31448.235616 78094000 
0.0000975 32089.003593 81514200 
0.0000975 32007.253112 80092300 
0.0000975 31856.377794 80440100 
0.0000975 31792.478713 82242400 
0.0000975 31122.096964 79551100 
0.0000975 32384.137378 80980100 
0.0000975 32155.623741 80563200 
0.0000975 31379.876986 83332100 
0.0000975 32658.503833 80249600 
0.0000975 32656.975576 77358100 
0.0000975 31841.453269 80221100 
0.0000975 32523.466262 83963900 
0.0000975 31646.773452 75853000 
0.0000975 32307.087278 78504600 
0.0000975 32001.441261 80718600 
0.0000975 31552.713895 81164500 
0.0000975 31926.577813 79665600 
0.0000975 32008.149757 82232400 
0.0000975 32741.218086 79451200 
0.0000975 32076.999983 79719100 
0.0000975 32389.696006 79466200 
0.0000975 32146.317290 80579000 
0.0000975 32308.929623 80813800 
0.0000975 32285.158164 78214600 
0.0000975 31315.284296 80075100 
0.0000975 31537.580728 79824600 
0.0000975 31817.660746 81599000 
0.0000975 31567.311932 79198800 
0.0000975 32539.563614 77505200 
0.0000975 31985.123120 78438100 
0.0000975 32672.613936 82353300 
0.0000975 32076.179174 79879100 
0.0000975 31991.040897 80572000 
0.0000975 32052.156523 79649400 
0.0000975 30685.196385 80601200 
0.0000975 31461.746695 80417100 
0.0000975 31747.042275 79740900 
0.0000975 32549.569664 80065300 
0.0000975 33399.236050 78284500 
0.0000975 31206.398795 79270500 
0.0000975 31586.274343 79398600 
0.0000975 31934.561558 77383100 
0.0000975 31604.437449 78346300 
0.0000975 32466.968152 80553500 
0.0000975 31757.625855 81268300 
0.0000975 32587.189670 83738400 
0.0000975 31807.718859 80727600 
0.0000975 30973.834567 82900600 
0.0000975 31716.095789 80446700 
0.0000975 32133.550019 77738600 
0.0000975 32457.461314 83048400 
0.0000975 32349.809115 80530000 
0.0000975 31254.441390 78096400 
0.0000975 32650.382016 76724100 
0.0000975 32825.386468 81709600 
0.0000975 31648.371177 79252000 
0.0000975 32517.735375 77546600 
0.0000975 32079.071909 80685100 
0.0000975 31985.748078 77477100 
0.0000975 32160.526254 82016800 
0.0000975 32563.744347 77161900 
0.0000975 31857.802776 81182100 
0.0000975 30944.272440 74110800 
0.0000975 32559.479768 77790900 
0.0000975 32420.124048 77794000 
0.0000975 31956.101729 78403900 
0.0000975 31889.114621 79015100 
0.0000975 32815.294515 79640000 
0.0000975 31038.761528 79360100 
0.0000975 32089.102504 80352100 
0.0000975 31472.669075 77282300 
0.0000975 31941.434337 76658600 
0.0000975 31873.149345 81880700 
0.0000975 31075.252988 78784900 
0.0000975 30486.515581 78156900 
0.0000975 30723.243819 79215700 
0.0000975 31729.336499 79028500 
0.0000975 32143.320362 79800900 
0.0000975 32381.195837 76756200 
0.0000975 32785.862509 80310600 
0.0000975 31531.046482 77932900 
0.0000975 32852.164710 80136900 
0.0000975 31503.585223 77338600 
0.0000975 31489.190375 80756000 
0.0000975 31699.527733 78384000 
0.0000975 31451.266823 79313300 
0.0000975 31138.159602 78919300 
0.0000975 31879.755040 79470400 
0.0000975 31738.499514 81151600 
0.0000975 30901.937815 81646200 
0.0000975 31419.712776 82070800 
0.0000975 31428.371868 81547700 
0.0000975 31993.909544 87862500 
0.0000975 31755.229236 79598600 
0.0000975 32249.439627 79624400 
0.0000975 33243.718343 81945800 
0.0000975 30785.839271 83498900 
0.0000975 31653.385610 80628300 
0.0000975 32219.382368 81703400 
0.000001 30228.249221 7561011500 
0.000001 30332.108758 7485569300 
0.000001 30590.886266 7807896500 
0.000001 30868.580896 7714564900 
0.000001 30707.838547 7812026000 
0.000001 30419.759868 7828126700 
0.000001 30622.721925 7498515900 
0.000001 30641.219397 7651218500 
0.000001 30624.122492 7807778100 
0.000001 30589.010973 7674254500 
0.000001 30684.690149 7577405900 
0.000001 31099.321536 7699558100 
0.000001 31072.997239 7905142400 
0.000001 30607.818669 7443700700 
0.000001 30679.974611 7717635600 
0.000001 30434.322067 7707805900 
0.000001 30954.010764 7777876900 
0.000001 30489.660045 7866038900 
0.000001 30449.171980 7652000400 
0.000001 30002.736823 7864456900 
0.000001 30320.027220 7804107600 
0.000001 30159.181614 7676952400 
0.000001 30177.230734 7718193700 
0.000001 30529.538769 7979276000 
0.000001 30560.640523 7534551800 
0.000001 30144.339047 7341886200 
0.000001 30366.467174 7692763700 
0.000001 30625.613188 7515287600 
0.000001 30271.656088 7577169800 
0.000001 30767.030171 7773323400 
0.000001 30822.963233 7524086500 
0.000001 31280.801279 7716124400 
0.000001 30628.117988 7512939100 
0.000001 30339.185302 7781375300 
0.000001 30626.201602 7602442500 
0.000001 31179.824569 7626518000 
0.000001 29978.672631 7817770400 
0.000001 30444.447675 7649327200 
0.000001 30284.864499 7841171400 
0.000001 31266.122407 7830921700 
0.000001 30932.695741 7758545000 
0.000001 30294.011078 7547890700 
0.000001 30722.857811 7846152600 
0.000001 30456.360907 7837377900 
0.000001 30377.650615 7910772600 
0.000001 30589.141616 7875435100 
0.000001 30851.490967 7295318700 
0.000001 31101.229909 7553182100 
0.000001 31188.819855 7591275900 
0.000001 30691.996648 7852355600 
0.000001 30846.944492 7685909900 
0.000001 30432.783819 7523688000 
0.000001 30970.560566 7754527600 
0.000001 30295.503528 7921027700 
0.000001 30206.018902 7546662900 
0.000001 29799.676669 7581488200 
0.000001 30795.278719 7274271300 
0.000001 30373.076885 7716193600 
0.000001 30321.232931 7776269900 
0.000001 30988.324154 7667170100 
0.000001 30799.689526 7546594400 
0.000001 30698.305066 7583483600 
0.000001 30785.956257 7651871400 
0.000001 30011.699739 7742795700 
0.000001 30126.878148 7741359100 
0.000001 31271.547698 7446195000 
0.000001 29940.473196 7686944000 
0.000001 29652.522865 7867270600 
0.000001 30621.863712 7516129300 
0.000001 30513.427861 7443817600 
0.000001 30404.837655 7984005600 
0.000001 30867.634095 7726312700 
0.000001 30945.649740 7544162600 
0.000001 29762.828631 7914039800 
0.000001 30313.452061 7615644900 
0.000001 30567.741083 7639685600 
0.000001 29930.563005 7408154800 
0.000001 30978.884725 7667869100 
0.000001 30838.760533 7762087200 
0.000001 30115.995354 7521174600 
0.000001 30453.819038 7779702100 
0.000001 29619.083717 7753318000 
0.000001 30345.384587 7786019700 
0.000001 29873.163000 7507407300 
0.000001 30096.535816 7603870800 
0.000001 30942.659458 7713261000 
0.000001 30181.964858 7818816400 
0.000001 29879.649309 7719295200 
0.000001 30801.122447 7655982900 
0.000001 30435.377444 7916678500 
0.000001 30118.241963 7750197000 
0.000001 31310.734407 7681697000 
0.000001 30587.181593 7764495700 
0.000001 30779.735594 7380368700 
0.000001 31263.307227 7717785700 
0.000001 30843.292383 7668079400 
0.000001 30531.169840 7579659500 
0.000001 29942.505814 7851189000 
0.000001 30244.019489 7475120600 
0.000001 30753.048821 7492734800 
0.00000125 31155.609886 6243514100 
0.00000125 30870.856102 6074337400 
0.00000125 29536.317862 5933194300 
0.00000125 31164.908398 6054299700 
0.00000125 31499.988129 6040125800 
0.00000125 31134.191981 5980419600 
0.00000125 31177.247470 5914059300 
0.00000125 30522.937106 5955284700 
0.00000125 30028.671374 6078866300 
0.00000125 30317.483591 6538310500 
0.00000125 30955.649584 5950541500 
0.00000125 30121.488315 6044006700 
0.00000125 30602.819060 6039387800 
0.00000125 31128.656832 6351415200 
0.00000125 30794.587205 5826639100 
0.00000125 31510.754257 6271119600 
0.00000125 30515.202573 6216319200 
0.00000125 30215.305297 6131898500 
0.00000125 31091.744540 6408797000 
0.00000125 30692.630106 6127043800 
0.00000125 30123.826161 6126235000 
0.00000125 30381.960595 6234767600 
0.00000125 31084.781040 6282074700 
0.00000125 30610.599617 6284341400 
0.00000125 30616.191211 6359729000 
0.00000125 31037.449960 6314787600 
0.00000125 30260.943542 6334937900 
0.00000125 30719.016005 6183059100 
0.00000125 30708.985079 6166367300 
0.00000125 30446.025318 5916557900 
0.00000125 31095.422520 6261455000 
0.00000125 31342.508490 6164179600 
0.00000125 29772.224219 5924841100 
0.00000125 30897.425013 6301701500 
0.00000125 30848.560635 6397837600 
0.00000125 29828.367214 5952969600 
0.00000125 29884.586435 6037131300 
0.00000125 30706.245537 6426358600 
0.00000125 30746.495536 6061105400 
0.00000125 30271.844082 6086509300 
0.00000125 30473.863309 5859143300 
0.00000125 31096.315157 5885057800 
0.00000125 29820.747326 6103974400 
0.00000125 30219.965991 6082223100 
0.00000125 30376.562062 6137437200 
0.00000125 30286.413669 5997160100 
0.00000125 30585.916796 5981724800 
0.00000125 30003.166236 6138027500 
0.00000125 31137.673248 6169241400 
0.00000125 30522.146631 6158249300 
0.00000125 30505.256501 6030471200 
0.00000125 29850.987302 6011631200 
0.00000125 30643.824035 5844218800 
0.00000125 30301.152231 6314187200 
0.00000125 30365.169175 6240482300 
0.00000125 30451.712128 6061685900 
0.00000125 30592.383832 6336821800 
0.00000125 31074.997791 6239789300 
0.00000125 30998.071212 6257603800 
0.00000125 29990.208403 6157524200 
0.00000125 30747.057287 6004656900 
0.00000125 30971.134841 5987661100 
0.00000125 30479.506044 6067119400 
0.00000125 31054.514664 6227379100 
0.00000125 30856.639192 6077776800 
0.00000125 31340.804921 6136949300 
0.00000125 30575.017666 6187068600 
0.00000125 30491.934737 5994163400 
0.00000125 30698.201282 6330681800 
0.00000125 31133.221096 6086587200 
0.00000125 30002.475043 6235551200 
0.00000125 30200.043044 6294117600 
0.00000125 31053.713056 6088481000 
0.00000125 30884.871323 5972138000 
0.00000125 30470.817670 6126721100 
0.00000125 30130.223433 5961623600 
0.00000125 30918.886712 6145599600 
0.00000125 30291.353766 6062758000 
0.00000125 30448.412630 6138328100 
0.00000125 30180.378883 6190547300 
0.00000125 30187.706842 6095056200 
0.00000125 30112.556714 6191933500 
0.00000125 30782.900771 6037603700 
0.00000125 30773.019645 5988333700 
0.00000125 31369.045899 6290253300 
0.00000125 30813.789122 6065233800 
0.00000125 30596.671747 5995008200 
0.00000125 30509.856883 6071602300 
0.00000125 30652.431286 6115992500 
0.00000125 30509.478458 6105053400 
0.00000125 30550.545913 6143307000 
0.00000125 30867.161412 6115099300 
0.00000125 31005.254634 6087949000 
0.00000125 30548.932993 6025464900 
0.00000125 30559.700584 5899153600 
0.00000125 29794.059436 6166354600 
0.00000125 30052.224167 6206073600 
0.00000125 30731.534969 6208959400 
0.00000125 30267.710778 6035684600 
0.00000125 30843.471550 6011366100 
0.0000015 30663.408453 5158004500 
0.0000015 30978.168928 5269034100 
0.0000015 30017.823487 4953653000 
0.0000015 30573.931134 4988332900 
0.0000015 30243.853879 5161416100 
0.0000015 31029.949188 4970872900 
0.0000015 30680.430802 5055987000 
0.0000015 30687.097971 5081446600 
0.0000015 30158.751059 5144818900 
0.0000015 30724.323846 5349985800 
0.0000015 30913.727840 5204823600 
0.0000015 30258.339932 4938363600 
0.0000015 30797.146835 4982768000 
0.0000015 30491.013457 5008485300 
0.0000015 31287.858778 4965230200 
0.0000015 30509.920965 5220566300 
0.0000015 31489.413037 5082616100 
0.0000015 30975.354277 4999328900 
0.0000015 31033.057480 5116024400 
0.0000015 30502.942737 5276024000 
0.0000015 30020.605132 5189810100 
0.0000015 30482.572383 5318089200 
0.0000015 30596.849702 5220707800 
0.0000015 30827.496039 5193181200 
0.0000015 31010.926150 5013128700 
0.0000015 30949.867299 5040311000 
0.0000015 30639.265273 5008229900 
0.0000015 30690.716827 4949439900 
0.0000015 30275.598109 5202268700 
0.0000015 30533.967994 5406176800 
0.0000015 30073.318866 4998567800 
0.0000015 30838.131822 5197557200 
0.0000015 30679.678351 4949865400 
0.0000015 30377.816758 4849030100 
0.0000015 30169.997304 5157923800 
0.0000015 30379.620058 5231131200 
0.0000015 30214.685342 5039298800 
0.0000015 30275.750905 5178699200 
0.0000015 30430.015123 5180370000 
0.0000015 30741.294687 5117413300 
0.0000015 30732.318100 4976358600 
0.0000015 30134.086124 4985990000 
0.0000015 31300.044090 5182769700 
0.0000015 31011.956675 5112642200 
0.0000015 30615.040737 5357167800 
0.0000015 30874.217463 5116016400 
0.0000015 30323.540661 5296663000 
0.0000015 30920.296404 5358959700 
0.0000015 30678.311259 5033955000 
0.0000015 30604.298489 5352895500 
0.0000015 30428.230034 5069902800 
0.0000015 30428.492355 5051349300 
0.0000015 31028.981374 4902719700 
0.0000015 31179.113889 5223194600 
0.0000015 30837.335461 5100899800 
0.0000015 29820.907639 5129925900 
0.0000015 30658.989974 5392258300 
0.0000015 30250.669090 5145733800 
0.0000015 30400.009716 5108218800 
0.0000015 30469.825458 5100549200 
0.0000015 30505.922453 5140575600 
0.0000015 30849.624709 5195234000 
0.0000015 30235.430169 5137533500 
0.0000015 30217.205170 5129154800 
0.0000015 30440.266677 5157821600 
0.0000015 30732.948838 5183549500 
0.0000015 31456.201731 4978623900 
0.0000015 30713.973060 5203647800 
0.0000015 30526.015964 5343514400 
0.0000015 31070.756501 5188837800 
0.0000015 30456.277454 5040834900 
0.0000015 31012.569608 5021114900 
0.0000015 31264.510428 5112970700 
0.0000015 30004.072468 4917815400 
0.0000015 30531.371986 5117903200 
0.0000015 29957.303129 5104861100 
0.0000015 30558.748131 5100756100 
0.0000015 29892.357883 4943761200 
0.0000015 30587.599967 5060866100 
0.0000015 30371.940829 4919360400 
0.0000015 30556.580388 4992913100 
0.0000015 30511.827449 4998461500 
0.0000015 30011.296726 5064365100 
0.0000015 30013.013721 5103897800 
0.0000015 30830.432222 5099484300 
0.0000015 30592.959520 5209240400 
0.0000015 29986.283159 5184122400 
0.0000015 30087.594347 4980534400 
0.0000015 31292.854085 5011862800 
0.0000015 30711.309370 5138759000 
0.0000015 31405.559777 5335686500 
0.0000015 30739.889541 5148585300 
0.0000015 30876.618838 4980013100 
0.0000015 30686.316689 5019570100 
0.0000015 30620.807406 5022072400 
0.0000015 30287.052308 4739341600 
0.0000015 30395.580532 5170297500 
0.0000015 30668.179811 5203048100 
0.0000015 31044.408632 5294745100 
0.0000015 30559.383957 5271319400 
0.00000175 31120.369312 4386356500 
0.00000175 30240.018626 4449112300 
0.00000175 30834.974597 4481755300 
0.00000175 30671.885220 4341932600 
0.00000175 30576.799114 4397462900 
0.00000175 31415.966318 4419187700 
0.00000175 30633.826446 4345407800 
0.00000175 30865.277291 4389730500 
0.00000175 30571.021189 4382912400 
0.00000175 31252.656688 4346870900 
0.00000175 31237.473770 4413803700 
0.00000175 30448.439924 4482084200 
0.00000175 31237.550813 4310146100 
0.00000175 30860.634937 4237551800 
0.00000175 30497.810204 4230683600 
0.00000175 30067.125347 4300983400 
0.00000175 30513.514064 4270362800 
0.00000175 30383.076240 4453473300 
0.00000175 30372.451347 4432602100 
0.00000175 30265.120652 4434040600 
0.00000175 30290.887518 4185533500 
0.00000175 30458.185521 4305849800 
0.00000175 30492.683901 4346404100 
0.00000175 31275.500434 4317248800 
0.00000175 31019.401921 4683948100 
0.00000175 30436.079671 4463734100 
0.00000175 30730.444382 4312531200 
0.00000175 31182.313978 4419036600 
0.00000175 30529.107567 4528691300 
0.00000175 30315.543933 4457463200 
0.00000175 30934.496321 4286164900 
0.00000175 30872.209972 4379427400 
0.00000175 29936.850204 4440521300 
0.00000175 30908.227603 4664272800 
0.00000175 30838.647595 4435916000 
0.00000175 30901.928425 4359626200 
0.00000175 30962.426265 4311116200 
0.00000175 30834.831374 4459660700 
0.00000175 31234.223442 4415011100 
0.00000175 30394.437128 4444305400 
0.00000175 30193.019578 4092987400 
0.00000175 30633.911690 4330632600 
0.00000175 30759.288866 4344021800 
0.00000175 31213.623361 4542374800 
0.00000175 30852.457715 4403120300 
0.00000175 30321.272813 4563508800 
0.00000175 30183.458990 4406560200 
0.00000175 30742.521779 4344092100 
0.00000175 30418.099846 4311767600 
0.00000175 30622.373328 4361828700 
0.00000175 30353.586410 4280418200 
0.00000175 30590.770299 4264528400 
0.00000175 30137.604918 4483094400 
0.00000175 31204.762535 4504368300 
0.00000175 30627.409747 4408532300 
0.00000175 30688.829783 4260146900 
0.00000175 31314.665644 4475809800 
0.00000175 31152.014619 4409398600 
0.00000175 30455.939391 4152889400 
0.00000175 31122.419321 4587678600 
0.00000175 30773.450276 4308150700 
0.00000175 31481.652737 4347817200 
0.00000175 30301.008294 4397995400 
0.00000175 30626.544122 4322458900 
0.00000175 30376.667596 4358624300 
0.00000175 31246.633586 4278760000 
0.00000175 30608.079791 4448224400 
0.00000175 30469.495780 4254420500 
0.00000175 31287.141588 4249186600 
0.00000175 30718.508390 4357629300 
0.00000175 30553.628321 4465024500 
0.00000175 30661.587496 4502001300 
0.00000175 30913.263125 4233653700 
0.00000175 31439.742584 4431519300 
0.00000175 30840.560158 4193197900 
0.00000175 30523.093130 4370119100 
0.00000175 30138.423905 4341930500 
0.00000175 30374.385279 4373411600 
0.00000175 31019.844185 4556717400 
0.00000175 30449.591807 4315670600 
0.00000175 31131.692663 4367948000 
0.00000175 30175.078143 4386860100 
0.00000175 31102.808203 4504423000 
0.00000175 30629.009478 4328174200 
0.00000175 31330.626325 4244343600 
0.00000175 30719.657765 4383326100 
0.00000175 30224.372334 4472117300 
0.00000175 30931.082737 4363854000 
0.00000175 30310.172387 4200315200 
0.00000175 30993.765530 4280624500 
0.00000175 30798.652824 4338197600 
0.00000175 30176.236186 4383999800 
0.00000175 30715.757955 4322741800 
0.00000175 31196.128087 4332103600 
0.00000175 30207.168356 4301725400 
0.00000175 30588.682756 4290716500 
0.00000175 30486.002992 4503833900 
0.00000175 30286.788718 4364144500 
0.00000175 30353.307328 4293265400 
0.00000175 30204.176827 4159320700 
0.000002 30921.928401 3815009900 
0.000002 30340.319991 3872631000 
0.000002 30026.517931 3885296700 
0.000002 29856.332652 3894775100 
0.000002 30154.907117 3862880700 
0.000002 30956.222461 3786241000 
0.000002 30383.308981 3913051700 
0.000002 30172.263931 3844337300 
0.000002 30846.854715 3793464800 
0.000002 30692.539371 3753717700 
0.000002 30643.245675 3847955700 
0.000002 30547.248036 3787530800 
0.000002 31410.172339 3825013300 
0.000002 30433.832836 3892868900 
0.000002 30589.880896 3893949400 
0.000002 30560.300739 3914431100 
0.000002 30506.260272 3814953100 
0.000002 30574.106960 3933272100 
0.000002 30158.164458 3912465900 
0.000002 31301.378692 3820344100 
0.000002 31470.183301 3928573700 
0.000002 30821.333284 3829055600 
0.000002 30474.154605 3952012000 
0.000002 30811.758221 3828429500 
0.000002 30864.483594 3699043000 
0.000002 30272.947115 3747316100 
0.000002 31649.886416 3844504500 
0.000002 30581.178281 3899984500 
0.000002 30542.298216 3842255000 
0.000002 31485.931594 3901537400 
0.000002 30815.072807 3754786500 
0.000002 31101.998002 3817936500 
0.000002 30305.240210 3955931200 
0.000002 31605.014929 3986491900 
0.000002 31405.076029 4020165800 
0.000002 30612.727824 3765592400 
0.000002 31089.533250 3840433700 
0.000002 30735.787461 3803347900 
0.000002 30472.961507 3848205500 
0.000002 30084.386665 3839670800 
0.000002 30485.609407 3788360200 
0.000002 31445.253354 3774555300 
0.000002 30179.461929 3875251600 
0.000002 30317.603910 3808051800 
0.000002 30949.948943 3936692700 
0.000002 30313.717072 3706315800 
0.000002 30710.039202 3892568700 
0.000002 31402.649614 3875434100 
0.000002 30947.979063 3865799700 
0.000002 30933.138837 3817753000 
0.000002 29991.729013 3719964700 
0.000002 30813.058085 3743657900 
0.000002 31258.245345 3929259700 
0.000002 30484.907952 3962765300 
0.000002 29755.788173 3744458400 
0.000002 31188.586446 3697442200 
0.000002 30367.146937 3659339900 
0.000002 30727.475378 3770001000 
0.000002 30916.956921 4011772000 
0.000002 30721.912369 3690778300 
0.000002 31119.454102 3949055100 
0.000002 31256.633714 3835462700 
0.000002 30844.890975 3849135200 
0.000002 31072.470233 3870606900 
0.000002 30362.419647 3908115800 
0.000002 31138.312715 3821331800 
0.000002 30630.216349 3838954400 
0.000002 31873.782140 3847238300 
0.000002 30229.059182 3767693700 
0.000002 30987.217750 3857831900 
0.000002 30882.806509 3845662100 
0.000002 30961.254590 3793337300 
0.000002 30083.345727 3662376600 
0.000002 31181.973672 3945227600 
0.000002 30242.722158 3782528000 
0.000002 30597.653468 3774182400 
0.000002 30524.605663 3795357200 
0.000002 30815.780780 3760132200 
0.000002 30366.967625 3772831800 
0.000002 30126.476050 3780328400 
0.000002 31157.917582 3924356900 
0.000002 30994.761982 3889997500 
0.000002 30877.138286 3871620200 
0.000002 30786.410305 3867485700 
0.000002 30686.795283 3615488300 
0.000002 30587.993505 3903159300 
0.000002 29960.897172 3922732000 
0.000002 30738.228107 3962765800 
0.000002 30685.366511 3841108500 
0.000002 30711.962121 3855323700 
0.000002 30233.159160 3880917800 
0.000002 30421.431118 3680447400 
0.000002 30179.549540 3868223200 
0.000002 30460.556703 3907947800 
0.000002 30527.846148 3904388200 
0.000002 30957.306139 3852436500 
0.000002 30827.333718 3712397500 
0.000002 30356.446573 3896287400 
0.000002 31014.329290 3865943700 
0.000002 30357.287494 3740629000 
0.00000225 30194.583694 3521216000 
0.00000225 30938.923392 3314022400 
0.00000225 30089.349816 3413092200 
0.00000225 30234.628965 3296851800 
0.00000225 30506.604749 3422312100 
0.00000225 30054.265389 3379364900 
0.00000225 30804.435128 3443506800 
0.00000225 30241.268116 3320159500 
0.00000225 30609.358211 3386433900 
0.00000225 30227.187199 3447363500 
0.00000225 30051.016474 3471149900 
0.00000225 30958.257039 3574090000 
0.00000225 30730.345257 3358944300 
0.00000225 30490.545559 3447242900 
0.00000225 31162.601460 3475517200 
0.00000225 31457.923511 3557194500 
0.00000225 30477.913853 3436968600 
0.00000225 30221.799483 3388270300 
0.00000225 30772.524795 3405021100 
0.00000225 31241.543184 3389390300 
0.00000225 31440.108982 3363872600 
0.00000225 30521.548572 3422972900 
0.00000225 30324.678737 3517265100 
0.00000225 31332.204349 3341857700 
0.00000225 30345.965189 3336099300 
0.00000225 30230.473775 3441951900 
0.00000225 30840.192017 3443668000 
0.00000225 30602.037807 3415063100 
0.00000225 30867.122001 3358947900 
0.00000225 30989.182223 3450514300 
0.00000225 31059.675001 3441849000 
0.00000225 30883.834797 3388247100 
0.00000225 30226.817108 3424864600 
0.00000225 30908.862929 3393685300 
0.00000225 31248.858135 3372261600 
0.00000225 30999.042134 3422015500 
0.00000225 30919.224346 3258240800 
0.00000225 30682.234970 3547421400 
0.00000225 30351.705576 3446616800 
0.00000225 30352.475060 3484575700 
0.00000225 30604.906469 3428148800 
0.00000225 31575.183188 3488120800 
0.00000225 31374.950778 3464202600 
0.00000225 30606.250037 3314180700 
0.00000225 30285.096940 3364462200 
0.00000225 30327.010176 3456750200 
0.00000225 31526.982728 3579266100 
0.00000225 29921.322141 3408666800 
0.00000225 30984.167896 3466839900 
0.00000225 30834.285223 3336749200 
0.00000225 30821.661364 3358657600 
0.00000225 30774.123188 3390962000 
0.00000225 30470.163425 3411320000 
0.00000225 32011.923083 3487257700 
0.00000225 30199.409462 3334565800 
0.00000225 30285.674232 3445008500 
0.00000225 30879.959616 3589784500 
0.00000225 30835.515740 3373771500 
0.00000225 30631.247136 3324642000 
0.00000225 30787.698109 3522150300 
0.00000225 30793.140958 3411019400 
0.00000225 30241.747071 3429386000 
0.00000225 30641.110300 3397879600 
0.00000225 31324.556780 3436605000 
0.00000225 31529.625005 3512220000 
0.00000225 30870.010678 3460041400 
0.00000225 30553.250072 3383558900 
0.00000225 31296.774950 3433210700 
0.00000225 31197.671534 3409851900 
0.00000225 30667.890641 3344668000 
0.00000225 32278.155398 3410681300 
0.00000225 29912.508797 3307093400 
0.00000225 31042.880767 3323841500 
0.00000225 30456.532965 3416158200 
0.00000225 31055.467807 3510972900 
0.00000225 30174.006341 3526166500 
0.00000225 30031.410191 3430994900 
0.00000225 30986.348359 3420971900 
0.00000225 31094.692177 3393226500 
0.00000225 30390.876866 3388563400 
0.00000225 29760.331473 3476899500 
0.00000225 30948.004031 3328613500 
0.00000225 30714.614620 3438237600 
0.00000225 30376.402383 3254567900 
0.00000225 30575.031594 3396871400 
0.00000225 30318.345371 3459315500 
0.00000225 30427.448707 3406707600 
0.00000225 30863.217955 3410293300 
0.00000225 31435.861141 3363685500 
0.00000225 31263.490141 3469590800 
0.00000225 30891.190611 3395467200 
0.00000225 30782.507975 3403947700 
0.00000225 30303.159725 3402884300 
0.00000225 31264.233949 3393014300 
0.00000225 30364.274880 3436906200 
0.00000225 30544.726666 3361728400 
0.00000225 30959.210382 3343437000 
0.00000225 31259.967595 3552345500 
0.00000225 30292.239217 3336498000 
0.00000225 30569.587275 3390942400 
0.0000025 30378.585127 3088824200 
0.0000025 31169.591394 3077243500 
0.0000025 30440.085483 3095389900 
0.0000025 30827.124272 3032517200 
0.0000025 30412.727601 3056942500 
0.0000025 30555.862780 3091962500 
0.0000025 30860.693595 3054164300 
0.0000025 31109.185404 3115149000 
0.0000025 30898.278492 3113718000 
0.0000025 30838.985218 3127153600 
0.0000025 30583.981622 3117732800 
0.0000025 30518.468073 3114569600 
0.0000025 30478.437855 3082239200 
0.0000025 30736.045297 3095237900 
0.0000025 30825.258076 3032637800 
0.0000025 30346.026836 3050965100 
0.0000025 30499.022658 3076187300 
0.0000025 30481.904155 3073254400 
0.0000025 31005.546065 3079067700 
0.0000025 30413.264284 2964224100 
0.0000025 30710.473570 3077115700 
0.0000025 29923.662787 3017108200 
0.0000025 30341.266830 3076688200 
0.0000025 30567.639029 3008240000 
0.0000025 30261.780504 3092203500 
0.0000025 30393.833671 3032349100 
0.0000025 31220.022560 3150610000 
0.0000025 30795.414201 3015800200 
0.0000025 30874.143687 3081026300 
0.0000025 31340.718307 3158630400 
0.0000025 29926.441888 3033682900 
0.0000025 30963.499654 3090448800 
0.0000025 30868.256282 3020287700 
0.0000025 31220.006888 3107162900 
0.0000025 30764.206710 3154455500 
0.0000025 30755.973783 3065247500 
0.0000025 30740.800249 3097383000 
0.0000025 31369.290568 2987329600 
0.0000025 30762.750830 3111422800 
0.0000025 30245.998523 3158712600 
0.0000025 31137.209448 3029403700 
0.0000025 30465.455835 2993595300 
0.0000025 30779.794877 2984068600 
0.0000025 30556.227636 2995644700 
0.0000025 30287.282466 3124001800 
0.0000025 31282.208824 3138040200 
0.0000025 30909.269926 3115222400 
0.0000025 30536.061707 3048810700 
0.0000025 30532.333898 3184377400 
0.0000025 30985.384900 3076919800 
0.0000025 30840.086716 2986427000 
0.0000025 30004.100698 3045319000 
0.0000025 31989.779049 3175130800 
0.0000025 31162.117805 3007701000 
0.0000025 30013.873317 2994613000 
0.0000025 30932.582899 3111100700 
0.0000025 30266.496840 3113691000 
0.0000025 31280.387103 3161971400 
0.0000025 31178.478343 3084981700 
0.0000025 30584.510802 3028914300 
0.0000025 30094.111464 3088316100 
0.0000025 30927.002619 3033400200 
0.0000025 30825.481783 2998775800 
0.0000025 30771.528945 3026215500 
0.0000025 30044.434023 3002244600 
0.0000025 30235.962504 3001749300 
0.0000025 31361.074423 3103851600 
0.0000025 30175.895756 3041560800 
0.0000025 30426.607331 3090947700 
0.0000025 29943.684644 3085443000 
0.0000025 30688.885230 3177350000 
0.0000025 30976.153165 3155619600 
0.0000025 30776.523629 3180204800 
0.0000025 30731.324915 3149980500 
0.0000025 31124.282642 3128343700 
0.0000025 30242.890814 3053079200 
0.0000025 30287.657294 3106587000 
0.0000025 31495.208771 3192587300 
0.0000025 30185.618972 3118230900 
0.0000025 31128.306351 3034844700 
0.0000025 30762.351237 3020623600 
0.0000025 31460.761232 3022962100 
0.0000025 30541.166152 3029761700 
0.0000025 30590.535268 3047870600 
0.0000025 30759.726105 3021410900 
0.0000025 30655.660678 3115133100 
0.0000025 30874.893055 3105901300 
0.0000025 30478.783366 3121972000 
0.0000025 31562.387022 3191818700 
0.0000025 31472.372185 3066988400 
0.0000025 30856.232150 3124480500 
0.0000025 31141.931539 3087266700 
0.0000025 30776.384972 3194667300 
0.0000025 30929.548263 3105678600 
0.0000025 30514.347223 2987873600 
0.0000025 31467.060630 2962681600 
0.0000025 30845.723161 3202722000 
0.0000025 30873.355910 3111393700 
0.0000025 31630.205656 3043363500 
0.0000025 31671.984209 3052678300 
0.00000275 30919.402576 2879912700 
0.00000275 31542.531597 2848653800 
0.00000275 30567.276798 2826141400 
0.00000275 31462.167837 2787097200 
0.00000275 30636.258036 2777552600 
0.00000275 30192.477956 2829442900 
0.00000275 30437.329845 2741180600 
0.00000275 30686.957285 2716402000 
0.00000275 31110.006873 2820415600 
0.00000275 31219.047430 2813767500 
0.00000275 30716.132859 2714670800 
0.00000275 31322.195086 2718560700 
0.00000275 30493.998558 2818110400 
0.00000275 30609.911132 2818372700 
0.00000275 30393.986318 2863876300 
0.00000275 30694.609010 2765784000 
0.00000275 30208.861368 2819595700 
0.00000275 30412.662295 2718159700 
0.00000275 30695.227619 2661458200 
0.00000275 30958.975326 2797499500 
0.00000275 30598.619541 2642740300 
0.00000275 30876.982184 2679589500 
0.00000275 30673.991916 2757451700 
0.00000275 30248.693257 2805133300 
0.00000275 30889.359616 2800878600 
0.00000275 30715.341915 2706283000 
0.00000275 30506.409171 2888104800 
0.00000275 30381.915788 2686204700 
0.00000275 30461.526906 2707021900 
0.00000275 30957.091467 2759513300 
0.00000275 30784.153002 2746456100 
0.00000275 30900.599743 2803900500 
0.00000275 31114.104858 2851755000 
0.00000275 30780.405342 2817014700 
0.00000275 30910.142072 2728342200 
0.00000275 30648.317102 2774996200 
0.00000275 30550.375306 2737086100 
0.00000275 29850.907749 2739362100 
0.00000275 30696.414084 2838559200 
0.00000275 31307.354387 2741530800 
0.00000275 31584.321213 2850210100 
0.00000275 30537.406155 2693385300 
0.00000275 30876.061248 2707533800 
0.00000275 31501.605559 2762252400 
0.00000275 30877.547112 2742931800 
0.00000275 30636.107992 2821859500 
0.00000275 29960.890805 2800222700 
0.00000275 30926.016314 2789030400 
0.00000275 31321.175714 2864204600 
0.00000275 31022.093107 2772494100 
0.00000275 30800.065798 2829353500 
0.00000275 31196.224876 2865939500 
0.00000275 31354.920853 2692659000 
0.00000275 30813.613209 2780375000 
0.00000275 30000.735683 2773146300 
0.00000275 30432.107107 2796699500 
0.00000275 30657.989849 2818674800 
0.00000275 30682.114652 2856875300 
0.00000275 29917.345016 2764614400 
0.00000275 30541.066894 2798520300 
0.00000275 30907.521434 2849142100 
0.00000275 31474.507628 2720203700 
0.00000275 30857.984507 2850837100 
0.00000275 30689.913051 2893764000 
0.00000275 31473.713426 2802744200 
0.00000275 30399.621816 2744499500 
0.00000275 30185.575923 2795129700 
0.00000275 30344.071090 2856420600 
0.00000275 30757.597020 2829824000 
0.00000275 31297.724751 2870090300 
0.00000275 31372.418879 2816565300 
0.00000275 30604.570170 2773726400 
0.00000275 30489.769046 2852892400 
0.00000275 30644.588867 2865411400 
0.00000275 30108.852557 2887415300 
0.00000275 31201.555059 2863717200 
0.00000275 30676.722900 2742053700 
0.00000275 30733.110625 2743256100 
0.00000275 30813.075780 2843487300 
0.00000275 30467.752218 2743681200 
0.00000275 31008.571212 2934291700 
0.00000275 30963.734952 2786381100 
0.00000275 31534.757964 2835586900 
0.00000275 30985.293631 2746730400 
0.00000275 31344.980100 2818630800 
0.00000275 31023.567877 2722652400 
0.00000275 30425.348034 2858494300 
0.00000275 30402.742786 2837990200 
0.00000275 30252.067915 2726447200 
0.00000275 31144.582260 2859713900 
0.00000275 30879.597959 2814478100 
0.00000275 30383.697161 2711744900 
0.00000275 30258.518265 2775650200 
0.00000275 30330.224198 2713002000 
0.00000275 30497.870293 2758242100 
0.00000275 31206.341614 2776660300 
0.00000275 30710.085154 2918921800 
0.00000275 30821.423554 2921456700 
0.00000275 30922.739479 2746439100 
0.00000275 30755.423073 2713130900 
0.000003 30958.460084 2443634400 
0.000003 30498.545279 2614279600 
0.000003 30792.023107 2553657100 
0.000003 30953.866532 2547950100 
0.000003 30377.943450 2626669600 
0.000003 30592.741184 2481066400 
0.000003 30232.231369 2543263600 
0.000003 30163.615745 2549701500 
0.000003 30550.698500 2507788000 
0.000003 30757.869657 2570868600 
0.000003 30378.046224 2568588100 
0.000003 30527.312743 2650143400 
0.000003 30941.733329 2542668300 
0.000003 30507.565947 2555412500 
0.000003 30438.108556 2543168500 
0.000003 31250.351803 2595269600 
0.000003 30638.113090 2465180000 
0.000003 30985.441076 2560337300 
0.000003 30711.153077 2603713900 
0.000003 31009.128349 2564127900 
0.000003 30182.950238 2457596400 
0.000003 30352.216622 2628859400 
0.000003 30833.743176 2625211500 
0.000003 30487.257684 2584044000 
0.000003 31085.159381 2492725000 
0.000003 29935.898048 2522135400 
0.000003 30908.123517 2577736300 
0.000003 31432.874183 2486412000 
0.000003 31432.979816 2630258400 
0.000003 30889.513904 2456177300 
0.000003 31492.475903 2593057900 
0.000003 31456.129983 2537881800 
0.000003 30441.376129 2583030400 
0.000003 30581.460082 2633974000 
0.000003 30448.998819 2655506200 
0.000003 30084.436657 2559834000 
0.000003 30573.475408 2581468000 
0.000003 30277.741366 2523775800 
0.000003 29935.486281 2487884100 
0.000003 30780.687059 2489404300 
0.000003 30942.501907 2534671100 
0.000003 30541.041547 2605009900 
0.000003 30355.588699 2522579500 
0.000003 30228.303226 2597573400 
0.000003 31171.012162 2563988000 
0.000003 30823.053236 2418911400 
0.000003 30886.382189 2619363600 
0.000003 30818.987662 2622102800 
0.000003 30801.377726 2533132200 
0.000003 31265.436810 2618817600 
0.000003 30347.650131 2540167800 
0.000003 30512.061936 2460009900 
0.000003 31328.048123 2562904000 
0.000003 30670.468580 2590811000 
0.000003 31044.474815 2600353900 
0.000003 30550.485648 2484270200 
0.000003 30663.787639 2526641900 
0.000003 30372.623571 2517832200 
0.000003 30314.968849 2625554100 
0.000003 31246.104306 2597371300 
0.000003 31138.379125 2449340200 
0.000003 30361.674027 2547704400 
0.000003 30514.871308 2585090400 
0.000003 30759.206812 2514200900 
0.000003 30837.959756 2509128800 
0.000003 30264.670101 2577420700 
0.000003 30756.206326 2510582100 
0.000003 30398.143563 2590588100 
0.000003 31001.685843 2481512100 
0.000003 31123.062259 2567173600 
0.000003 31407.538595 2559334900 
0.000003 30836.934478 2521722600 
0.000003 30735.463754 2487954000 
0.000003 30951.607504 2570061000 
0.000003 30343.661356 2570661200 
0.000003 31028.047493 2518314000 
0.000003 30962.128137 2615048400 
0.000003 30904.899726 2482850300 
0.000003 31072.176701 2560421400 
0.000003 30826.234876 2534958600 
0.000003 30305.849641 2519907600 
0.000003 31235.539760 2645772700 
0.000003 30626.705577 2521130300 
0.000003 30699.239518 2562424100 
0.000003 30438.353597 2532492800 
0.000003 31315.233024 2603650700 
0.000003 30541.509528 2609597700 
0.000003 31476.662232 2564718000 
0.000003 30707.518878 2654265000 
0.000003 30742.127375 2582960300 
0.000003 31638.443951 2635429000 
0.000003 30726.078823 2587107900 
0.000003 30792.191949 2502945900 
0.000003 30519.689165 2605861500 
0.000003 30758.819959 2523582600 
0.000003 30744.442441 2517485100 
0.000003 30875.342185 2605441300 
0.000003 30660.012234 2610710000 
0.000003 30572.746448 2625523100 
0.000003 30420.553211 2543145200 
0.00000325 31275.461684 2442633300 
0.00000325 29908.687926 2403944100 
0.00000325 30972.215721 2407645700 
0.00000325 31204.627787 2405660200 
0.00000325 31180.557059 2287862900 
0.00000325 31061.613779 2286632600 
0.00000325 30925.042691 2363774800 
0.00000325 31517.608862 2394657800 
0.00000325 30581.938167 2364462300 
0.00000325 30994.836962 2344915600 
0.00000325 30889.133690 2339227100 
0.00000325 30865.688488 2327556500 
0.00000325 30488.667476 2343307600 
0.00000325 31470.583310 2417780700 
0.00000325 30396.657573 2366827300 
0.00000325 30883.361525 2414507100 
0.00000325 31036.421954 2339444300 
0.00000325 30705.801688 2349148500 
0.00000325 30810.828384 2328383600 
0.00000325 30392.606630 2322989800 
0.00000325 32072.977789 2409907800 
0.00000325 30519.244066 2293183300 
0.00000325 30274.878594 2321666500 
0.00000325 31160.175415 2314988700 
0.00000325 31115.810977 2298158100 
0.00000325 31216.384790 2345285800 
0.00000325 30497.573039 2406470000 
0.00000325 30748.756781 2454358400 
0.00000325 31212.723565 2401616500 
0.00000325 30810.391226 2398121200 
0.00000325 30508.978049 2358636900 
0.00000325 29977.307010 2332499600 
0.00000325 31140.854381 2411285100 
0.00000325 30523.299459 2455077700 
0.00000325 30553.640309 2346105700 
0.00000325 30939.918817 2390726500 
0.00000325 30452.723116 2366345300 
0.00000325 30475.683867 2364373000 
0.00000325 30846.742484 2334967700 
0.00000325 31380.241510 2340799600 
0.00000325 31291.275948 2375929100 
0.00000325 31554.355522 2337438900 
0.00000325 30577.347989 2368293300 
0.00000325 31243.927793 2371717600 
0.00000325 31308.821616 2274079100 
0.00000325 30781.830621 2443757100 
0.00000325 31628.500684 2394011900 
0.00000325 30975.680681 2259605700 
0.00000325 31137.883105 2365621300 
0.00000325 30210.233116 2386419000 
0.00000325 30276.771106 2392228300 
0.00000325 31650.290605 2284136700 
0.00000325 31000.632335 2385980200 
0.00000325 31005.180033 2483209300 
0.00000325 30821.007846 2314978300 
0.00000325 30413.465119 2336488500 
0.00000325 30768.218861 2339713800 
0.00000325 30955.150064 2355770900 
0.00000325 30109.135962 2369856900 
0.00000325 30183.768949 2470991700 
0.00000325 30595.125912 2423002100 
0.00000325 30655.278728 2285221900 
0.00000325 30637.110650 2352585500 
0.00000325 31154.752023 2412058400 
0.00000325 30378.147621 2396598300 
0.00000325 30179.061705 2348601400 
0.00000325 30805.943926 2406107400 
0.00000325 30936.126295 2327495900 
0.00000325 31361.281668 2342223800 
0.00000325 30262.523966 2413565600 
0.00000325 31300.850534 2415826300 
0.00000325 30794.620347 2395332700 
0.00000325 31216.580502 2303367300 
0.00000325 30555.834037 2357916400 
0.00000325 30654.904080 2422343800 
0.00000325 30340.392691 2451538100 
0.00000325 30913.312880 2327537700 
0.00000325 30991.689299 2302507700 
0.00000325 30915.358313 2413324800 
0.00000325 31091.069507 2299087500 
0.00000325 30373.075876 2337938600 
0.00000325 30668.469905 2366125700 
0.00000325 30459.087216 2343727400 
0.00000325 31327.232966 2328946300 
0.00000325 31293.478099 2417637600 
0.00000325 30766.399979 2392533700 
0.00000325 30771.483258 2404832700 
0.00000325 30296.382767 2366521800 
0.00000325 31361.545451 2391757100 
0.00000325 31039.364318 2367184700 
0.00000325 30831.117116 2417081700 
0.00000325 30954.607237 2384392800 
0.00000325 30649.454751 2359761400 
0.00000325 31049.462522 2285954100 
0.00000325 30331.060372 2373629500 
0.00000325 31246.056672 2376600300 
0.00000325 31287.928637 2318075500 
0.00000325 30973.533288 2435714300 
0.00000325 30704.879560 2297967800 
0.00000325 29981.085509 2332129000 
0.0000035 31439.283598 2174110400 
0.0000035 30109.534878 2215751400 
0.0000035 30547.313532 2224480500 
0.0000035 30734.150996 2140366100 
0.0000035 31063.373576 2169296000 
0.0000035 30155.779191 2223813600 
0.0000035 30861.996269 2294486700 
0.0000035 30606.726332 2194114100 
0.0000035 30489.165111 2099785700 
0.0000035 31188.201538 2185363300 
0.0000035 31049.748709 2195602300 
0.0000035 30125.868420 2190189300 
0.0000035 30857.264098 2231752500 
0.0000035 30984.145381 2179941700 
0.0000035 31026.825276 2155390900 
0.0000035 30874.833802 2111049700 
0.0000035 30785.633853 2254474900 
0.0000035 31672.655278 2152329500 
0.0000035 30703.855101 2232788700 
0.0000035 31220.904221 2212421700 
0.0000035 31740.697663 2278312300 
0.0000035 31011.113911 2221318900 
0.0000035 30848.142165 2263651600 
0.0000035 31002.970274 2246901100 
0.0000035 30969.915941 2303125000 
0.0000035 30765.922793 2128235400 
0.0000035 30685.975756 2213216100 
0.0000035 30831.614657 2119270800 
0.0000035 30889.826306 2141141600 
0.0000035 31230.179370 2252552900 
0.0000035 31321.421851 2208103900 
0.0000035 30611.573315 2239789200 
0.0000035 30893.536924 2184876200 
0.0000035 30396.516538 2184354400 
0.0000035 30353.828324 2189411900 
0.0000035 30536.215956 2257262500 
0.0000035 31549.700033 2290057300 
0.0000035 31011.586050 2228466300 
0.0000035 30500.384517 2186564500 
0.0000035 30194.564984 2167022100 
0.0000035 31222.284852 2214577700 
0.0000035 30598.572456 2242035300 
0.0000035 30034.479076 2229265200 
0.0000035 30509.641859 2210625800 
0.0000035 30324.940900 2267552700 
0.0000035 31467.695734 2171124000 
0.0000035 30597.383343 2258246400 
0.0000035 30592.179624 2207765700 
0.0000035 30226.896880 2250571400 
0.0000035 30375.932550 2195362300 
0.0000035 30912.881825 2224854200 
0.0000035 30221.874787 2179430500 
0.0000035 30092.139817 2192222700 
0.0000035 30799.276279 2162108400 
0.0000035 31190.575472 2279979200 
0.0000035 30561.396126 2170760300 
0.0000035 30884.831650 2174767800 
0.0000035 30316.633895 2269836600 
0.0000035 30956.926623 2128255200 
0.0000035 31164.867589 2179778800 
0.0000035 30585.177550 2188979100 
0.0000035 31166.653292 2198074400 
0.0000035 30959.542640 2230315800 
0.0000035 31562.993961 2138479500 
0.0000035 31487.977463 2200467300 
0.0000035 30161.966791 2267332600 
0.0000035 31461.122267 2314431100 
0.0000035 30356.261149 2177928900 
0.0000035 30111.423247 2130621000 
0.0000035 31665.153742 2271016400 
0.0000035 30247.134689 2126071100 
0.0000035 30722.658980 2196944100 
0.0000035 31280.480745 2210586700 
0.0000035 31058.292979 2236011600 
0.0000035 31870.667640 2306323700 
0.0000035 30340.599881 2159959300 
0.0000035 31264.529488 2206889500 
0.0000035 30255.435990 2262341500 
0.0000035 31313.525835 2241971400 
0.0000035 31025.718635 2209351500 
0.0000035 29612.549108 2194895600 
0.0000035 30227.203016 2152816500 
0.0000035 30883.296264 2131799700 
0.0000035 31274.419986 2176007700 
0.0000035 30143.148672 2172458500 
0.0000035 30893.913053 2149459100 
0.0000035 30375.723848 2160317600 
0.0000035 31282.146501 2195322100 
0.0000035 30979.400809 2147547800 
0.0000035 30172.554540 2187319600 
0.0000035 31058.076236 2128209900 
0.0000035 30854.256548 2180095000 
0.0000035 31411.574003 2169288100 
0.0000035 31182.720703 2198425800 
0.0000035 30113.235059 2254428900 
0.0000035 30722.198482 2161623400 
0.0000035 30853.385621 2179652700 
0.0000035 31250.022407 2248402100 
0.0000035 31233.321935 2174609000 
0.0000035 31054.528979 2145530900 
0.00000375 30911.565471 2103959400 
0.00000375 31310.529431 2075107900 
0.00000375 30968.055884 2027925400 
0.00000375 31096.971460 2086373900 
0.00000375 30766.742924 2132908700 
0.00000375 30530.588064 2073216700 
0.00000375 31257.467250 2004913300 
0.00000375 31542.652746 2009939100 
0.00000375 30595.695904 2011153900 
0.00000375 30805.541024 2006946400 
0.00000375 30503.657198 2131336100 
0.00000375 31008.249114 2093489400 
0.00000375 30264.338129 2045258000 
0.00000375 30398.081281 2077159400 
0.00000375 30726.737096 2036358700 
0.00000375 30758.105200 2026154300 
0.00000375 31344.381884 2072291100 
0.00000375 30543.211520 2003882600 
0.00000375 31317.123797 2016317900 
0.00000375 30935.213776 2036115000 
0.00000375 31078.974607 2096427400 
0.00000375 31062.640640 2112930500 
0.00000375 31418.418209 2029445800 
0.00000375 31302.309619 2031321500 
0.00000375 31111.380275 2138777700 
0.00000375 31188.262808 2043528400 
0.00000375 31673.556127 2073879900 
0.00000375 30577.074445 2022714000 
0.00000375 31119.287028 1960541700 
0.00000375 30603.205075 2025869900 
0.00000375 30902.842848 2123355500 
0.00000375 31197.646532 2100766600 
0.00000375 31137.136616 2063754300 
0.00000375 29968.977142 2061114300 
0.00000375 30451.740668 2102154400 
0.00000375 30988.825472 1964631000 
0.00000375 30444.614529 2023963300 
0.00000375 31010.777308 2045082700 
0.00000375 30680.721003 1980665100 
0.00000375 30520.723838 2032613700 
0.00000375 31155.527343 2137148800 
0.00000375 30879.615546 2106900200 
0.00000375 30157.980205 2033559700 
0.00000375 30312.798623 2082282300 
0.00000375 30561.685862 2152083500 
0.00000375 30267.746166 2116133200 
0.00000375 30578.907474 2046154600 
0.00000375 30761.692376 2106712700 
0.00000375 30914.229877 2017723800 
0.00000375 30840.902056 2091490100 
0.00000375 30917.764881 2044631800 
0.00000375 30845.674693 2033298200 
0.00000375 30636.429614 2092564600 
0.00000375 30473.939344 2038938200 
0.00000375 31132.909019 2036049900 
0.00000375 29884.791480 2002053800 
0.00000375 30767.921721 2110034700 
0.00000375 31220.207771 2005657700 
0.00000375 30925.020136 1988652900 
0.00000375 30611.986125 2077694300 
0.00000375 30585.027451 2082800700 
0.00000375 30981.371394 2106447000 
0.00000375 30774.852248 2085030200 
0.00000375 31340.909343 2045332000 
0.00000375 30639.400512 2028752100 
0.00000375 31205.436660 2084367800 
0.00000375 31339.432115 2068019400 
0.00000375 30714.193929 2087655100 
0.00000375 30585.307116 1984597700 
0.00000375 31028.353976 2037397200 
0.00000375 30848.226797 1944037300 
0.00000375 31497.682241 2109647200 
0.00000375 30642.289065 2012641200 
0.00000375 31624.410825 2033944700 
0.00000375 30703.040044 2066541000 
0.00000375 31096.861748 2087578000 
0.00000375 30758.207000 2043152700 
0.00000375 31175.176534 2019354100 
0.00000375 30291.890920 2157666300 
0.00000375 30497.380979 2085791900 
0.00000375 30024.882171 1993642900 
0.00000375 30901.052828 2020105700 
0.00000375 30821.755846 2043065500 
0.00000375 30640.794929 2054606500 
0.00000375 30580.021748 2039432700 
0.00000375 30818.290895 2003865700 
0.00000375 31575.674093 1997590100 
0.00000375 31256.385345 2095557500 
0.00000375 30103.835072 2028616400 
0.00000375 30831.806336 2015642500 
0.00000375 31875.703094 1992376500 
0.00000375 30880.538277 2117705300 
0.00000375 31360.744085 2109966200 
0.00000375 30933.891011 2089965700 
0.00000375 31775.944146 2057848300 
0.00000375 31436.217962 2075512600 
0.00000375 31397.186847 2044138900 
0.00000375 30989.064145 2013624100 
0.00000375 30966.947863 1998287500 
0.00000375 31039.589607 2090627700 
0.000004 30833.558203 1856076500 
0.000004 30669.572187 1836722400 
0.000004 30249.165443 1944824600 
0.000004 30730.375199 1934319100 
0.000004 30578.731167 1868649800 
0.000004 30899.935792 1926012100 
0.000004 30635.845969 1866241700 
0.000004 30659.644852 1949909600 
0.000004 31018.496276 1911440400 
0.000004 32038.148768 1945334500 
0.000004 31744.166174 1922216600 
0.000004 30818.178223 1918904400 
0.000004 30224.802789 1950145700 
0.000004 30940.832169 1965843800 
0.000004 30968.657325 1896473700 
0.000004 30624.106943 1971999200 
0.000004 30254.066047 1945011000 
0.000004 31424.805317 1929711400 
0.000004 30410.889190 1920693700 
0.000004 30290.647979 1868544600 
0.000004 30686.065202 1883578500 
0.000004 30433.621972 1921821900 
0.000004 30728.869571 1886835500 
0.000004 31295.115691 1966506300 
0.000004 31129.156685 1944958000 
0.000004 30670.389710 1897707100 
0.000004 31913.802484 2015807000 
0.000004 31104.135517 1907146400 
0.000004 30306.811602 1915491200 
0.000004 30444.909736 1944797500 
0.000004 31051.378643 1898380500 
0.000004 30670.387401 1919821400 
0.000004 30816.913225 1894825000 
0.000004 30854.128443 1929189400 
0.000004 30902.644087 1956290500 
0.000004 30682.605582 1854024900 
0.000004 31524.593256 1904999400 
0.000004 30474.467002 1954040200 
0.000004 30863.039644 1867615800 
0.000004 30095.740308 1934874100 
0.000004 30865.204825 1996987800 
0.000004 30350.775796 1924612100 
0.000004 31087.390849 1897443700 
0.000004 30186.040866 1844195500 
0.000004 31156.635153 1936614600 
0.000004 30487.338966 1861351900 
0.000004 31415.326306 1957764200 
0.000004 30321.152049 1903151800 
0.000004 30608.305914 1863599300 
0.000004 30950.045344 1986935800 
0.000004 30819.975694 1976759400 
0.000004 30565.011007 1901295900 
0.000004 31096.174516 1908189100 
0.000004 31117.183979 1891656100 
0.000004 31102.554765 1918839600 
0.000004 31247.976300 1927206800 
0.000004 31074.757187 1865274200 
0.000004 31386.358188 1975051300 
0.000004 31782.856115 1926648900 
0.000004 30721.697101 1937884300 
0.000004 30612.574846 1924647400 
0.000004 31458.714142 1884265500 
0.000004 31646.331201 2032386100 
0.000004 30775.803664 1952272700 
0.000004 30449.572853 1896958000 
0.000004 30392.709099 1850573800 
0.000004 29996.375516 1925089000 
0.000004 30984.489000 1889364600 
0.000004 31402.631954 2006575500 
0.000004 31061.674896 1864046000 
0.000004 31136.647491 1889053700 
0.000004 30719.284892 1970393300 
0.000004 30814.656511 1926208700 
0.000004 31123.889086 1907531900 
0.000004 30370.140242 1961721700 
0.000004 31224.410629 1878061900 
0.000004 31159.851159 1866192600 
0.000004 30973.088583 2014129500 
0.000004 30416.407703 1914414700 
0.000004 30634.174360 1912266100 
0.000004 30940.351944 2012332900 
0.000004 30825.451353 1970921800 
0.000004 30576.010145 1987919600 
0.000004 30663.593026 1913572700 
0.000004 30646.732789 1949447500 
0.000004 30489.391718 1908985100 
0.000004 31641.911182 1927239100 
0.000004 30673.561293 1972188000 
0.000004 30759.702938 1978464300 
0.000004 30700.063562 1945231500 
0.000004 30187.831273 1976752800 
0.000004 31528.656481 1946265600 
0.000004 30497.024370 1984027700 
0.000004 30777.402083 1959152200 
0.000004 30361.480200 1902650600 
0.000004 30984.225480 1958345800 
0.000004 30985.522907 1871883000 
0.000004 31409.811199 1973041500 
0.000004 30238.804301 1875034600 
0.000004 30685.852639 1848337800 
0.00000425 31432.263130 1887451200 
0.00000425 30454.660001 1878310200 
0.00000425 31066.359798 1832143900 
0.00000425 31546.516325 1756111200 
0.00000425 31189.507429 1803272800 
0.00000425 30659.643676 1764961500 
0.00000425 31183.671144 1798117000 
0.00000425 30968.892686 1798042200 
0.00000425 30557.181799 1841970800 
0.00000425 31466.444912 1794150000 
0.00000425 30546.526540 1865320600 
0.00000425 31320.466937 1827480500 
0.00000425 30253.524278 1810100100 
0.00000425 30788.871869 1863671700 
0.00000425 31575.232006 1838723200 
0.00000425 30871.491482 1831361600 
0.00000425 30737.441159 1821066200 
0.00000425 31132.229714 1795346800 
0.00000425 31252.996654 1806417100 
0.00000425 30075.996521 1846097200 
0.00000425 30132.211284 1791388500 
0.00000425 31023.363774 1836862900 
0.00000425 31575.450374 1813306100 
0.00000425 31747.381944 1817800900 
0.00000425 31142.758766 1769025300 
0.00000425 30925.453848 1777294300 
0.00000425 30070.779240 1817358900 
0.00000425 31329.240147 1881923100 
0.00000425 30570.863189 1811991700 
0.00000425 30717.809284 1864063500 
0.00000425 30122.920491 1814222500 
0.00000425 30676.796678 1790994700 
0.00000425 31449.047969 1763247200 
0.00000425 30664.557221 1790502100 
0.00000425 31345.277917 1805063400 
0.00000425 31041.214792 1858615800 
0.00000425 30215.537592 1801722800 
0.00000425 30934.914608 1836808100 
0.00000425 30520.458290 1831616700 
0.00000425 31031.227191 1847711000 
0.00000425 30814.457449 1894911200 
0.00000425 30584.642602 1844860400 
0.00000425 31167.763325 1741771600 
0.00000425 30309.820272 1780746400 
0.00000425 31495.418491 1824276800 
0.00000425 30599.711778 1771391400 
0.00000425 30289.664014 1866007800 
0.00000425 31850.910840 1822864700 
0.00000425 30556.134971 1822422300 
0.00000425 30948.585065 1858683700 
0.00000425 30437.081054 1761052300 
0.00000425 30877.750041 1800558400 
0.00000425 30720.198987 1790580200 
0.00000425 31166.718079 1746167300 
0.00000425 31370.994148 1832648700 
0.00000425 30655.439161 1809610600 
0.00000425 31602.953735 1837135000 
0.00000425 31606.084969 1784989700 
0.00000425 31196.830093 1795298200 
0.00000425 31216.945216 1830130600 
0.00000425 31071.116478 1860670000 
0.00000425 31459.488476 1794906500 
0.00000425 30693.123913 1848939800 
0.00000425 30909.206337 1747413400 
0.00000425 30441.730349 1858275200 
0.00000425 30630.811382 1856529200 
0.00000425 31117.436121 1809292300 
0.00000425 30427.351214 1831880700 
0.00000425 31208.457228 1845797100 
0.00000425 30991.823059 1791938300 
0.00000425 31013.017020 1768103100 
0.00000425 31376.568041 1754478900 
0.00000425 30405.627000 1833075000 
0.00000425 30574.015648 1865625700 
0.00000425 30223.296197 1825432900 
0.00000425 31395.636087 1882123300 
0.00000425 30836.495116 1857305700 
0.00000425 31359.232067 1809974200 
0.00000425 30507.352753 1845017300 
0.00000425 31299.433413 1783173700 
0.00000425 31624.042767 1808128500 
0.00000425 30711.214274 1826510000 
0.00000425 30660.229849 1813399900 
0.00000425 31148.569378 1772973900 
0.00000425 30953.686924 1790405100 
0.00000425 30824.007133 1886716900 
0.00000425 31052.205061 1845564800 
0.00000425 31038.574565 1817382100 
0.00000425 30755.331785 1816111800 
0.00000425 30350.611747 1816845600 
0.00000425 31660.426184 1823236400 
0.00000425 29786.206431 1842310500 
0.00000425 31034.427066 1768480000 
0.00000425 30659.922562 1773734500 
0.00000425 30794.866748 1915649200 
0.00000425 30759.654799 1810542500 
0.00000425 30975.995772 1819319300 
0.00000425 30230.943292 1821933700 
0.00000425 31601.294183 1886882700 
0.00000425 31968.053534 1870320600 
0.0000045 30973.414088 1726516300 
0.0000045 30840.179749 1707501400 
0.0000045 31093.505057 1720324700 
0.0000045 31014.877732 1740763300 
0.0000045 31428.780080 1702603900 
0.0000045 30664.040606 1782658900 
0.0000045 30832.707574 1714699100 
0.0000045 30803.208498 1704197900 
0.0000045 30292.396466 1685388300 
0.0000045 30591.790894 1749158100 
0.0000045 30816.016661 1659112400 
0.0000045 30236.763835 1705364600 
0.0000045 30850.395987 1687115300 
0.0000045 30836.987086 1734626600 
0.0000045 30643.468174 1706802600 
0.0000045 31025.592989 1778664300 
0.0000045 30556.131587 1686502100 
0.0000045 30775.150031 1726473700 
0.0000045 30567.800993 1700574800 
0.0000045 31671.639372 1639414100 
0.0000045 30609.594574 1726218900 
0.0000045 30888.792035 1690684500 
0.0000045 30508.354059 1724372300 
0.0000045 30103.151940 1700189500 
0.0000045 30340.467969 1679907500 
0.0000045 30568.177521 1736819500 
0.0000045 30304.888680 1758797200 
0.0000045 30798.715413 1747448600 
0.0000045 31631.747374 1702784200 
0.0000045 30780.634340 1701115800 
0.0000045 30726.317197 1742480800 
0.0000045 31156.184074 1688517700 
0.0000045 31448.548828 1681203100 
0.0000045 30986.274629 1695928400 
0.0000045 31381.394724 1768069700 
0.0000045 30745.423458 1699365500 
0.0000045 31578.977815 1705428600 
0.0000045 30731.411072 1773366500 
0.0000045 30670.800733 1701200100 
0.0000045 30948.135778 1707479100 
0.0000045 30716.177115 1736962500 
0.0000045 30341.409234 1669496900 
0.0000045 30536.292612 1778339500 
0.0000045 30864.892262 1712563100 
0.0000045 30414.016529 1720510500 
0.0000045 30736.153399 1685697100 
0.0000045 30376.464405 1678568900 
0.0000045 30761.988010 1669800300 
0.0000045 30659.903638 1762698000 
0.0000045 30704.187530 1654156100 
0.0000045 30862.338954 1717413800 
0.0000045 30915.279088 1726174800 
0.0000045 31701.105606 1672135000 
0.0000045 30684.913633 1729080100 
0.0000045 30631.396036 1721030500 
0.0000045 31290.011126 1739464400 
0.0000045 30608.693981 1703060300 
0.0000045 30915.514778 1709716700 
0.0000045 30762.178962 1772380100 
0.0000045 31541.033147 1767355200 
0.0000045 31225.214360 1683259900 
0.0000045 30317.083794 1706643000 
0.0000045 31223.326852 1705974500 
0.0000045 30898.868319 1709071600 
0.0000045 30576.769992 1716527300 
0.0000045 30194.225777 1678950900 
0.0000045 31324.004915 1662346300 
0.0000045 30146.320368 1587484700 
0.0000045 30686.519872 1794312300 
0.0000045 31118.986340 1690706000 
0.0000045 30854.299325 1748133100 
0.0000045 30453.720085 1620724400 
0.0000045 31053.723226 1733213200 
0.0000045 29759.183326 1641987100 
0.0000045 30524.537869 1773902500 
0.0000045 30809.776657 1744866600 
0.0000045 31237.968566 1679165400 
0.0000045 31818.229238 1661765700 
0.0000045 30531.837296 1665576700 
0.0000045 31035.650241 1734245300 
0.0000045 30656.580809 1683395900 
0.0000045 30555.569040 1702126000 
0.0000045 30868.245164 1735714800 
0.0000045 31021.109924 1696214700 
0.0000045 30709.978901 1711373500 
0.0000045 30235.608085 1753656000 
0.0000045 31642.121407 1737934100 
0.0000045 30476.165484 1702343000 
0.0000045 31881.785298 1728077800 
0.0000045 31064.495189 1645355400 
0.0000045 30465.395019 1736281000 
0.0000045 31323.352025 1736723800 
0.0000045 30516.917849 1646667500 
0.0000045 30565.938572 1742556900 
0.0000045 30870.872371 1737786600 
0.0000045 30859.188104 1728005300 
0.0000045 30748.589934 1694972800 
0.0000045 30424.332747 1694219100 
0.0000045 30581.310805 1695241200 
0.0000045 31081.057834 1728536500 
0.00000475 30991.010194 1589392500 
0.00000475 30608.265262 1628876900 
0.00000475 30615.992809 1634332000 
0.00000475 30351.133257 1596581000 
0.00000475 30740.633786 1670365500 
0.00000475 30767.095950 1684781200 
0.00000475 30914.115603 1572124400 
0.00000475 30518.644070 1653505800 
0.00000475 31662.460682 1611868000 
0.00000475 31362.782376 1577370400 
0.00000475 30559.225982 1652403100 
0.00000475 30555.980326 1597200100 
0.00000475 30414.582204 1618491400 
0.00000475 30455.387730 1642713800 
0.00000475 31305.173691 1594810600 
0.00000475 30084.814377 1661675500 
0.00000475 31045.309249 1606999100 
0.00000475 31448.583476 1618946000 
0.00000475 31529.948099 1628259200 
0.00000475 30689.673419 1589840300 
0.00000475 30371.089280 1556678800 
0.00000475 31155.292845 1601939700 
0.00000475 30584.755295 1626201800 
0.00000475 31519.472570 1588609000 
0.00000475 30876.909848 1592133100 
0.00000475 31817.058150 1692409600 
0.00000475 31129.507177 1640656600 
0.00000475 31559.869343 1630154300 
0.00000475 30870.528710 1609426400 
0.00000475 30412.443894 1631933900 
0.00000475 30357.177785 1588505700 
0.00000475 31302.611833 1658205100 
0.00000475 31150.247355 1569757600 
0.00000475 30465.336806 1566271700 
0.00000475 30702.575487 1570397200 
0.00000475 31168.195339 1655206300 
0.00000475 30781.278012 1575734400 
0.00000475 30621.321940 1605091000 
0.00000475 30666.225238 1651369600 
0.00000475 31183.188733 1635475300 
0.00000475 30693.082598 1637659200 
0.00000475 30456.333064 1602367800 
0.00000475 31285.116990 1603470500 
0.00000475 31372.583301 1661528800 
0.00000475 31191.098602 1639494400 
0.00000475 31439.305167 1607463400 
0.00000475 30916.453079 1671478700 
0.00000475 31637.523047 1668332400 
0.00000475 31134.553920 1679744500 
0.00000475 31162.796038 1602938200 
0.00000475 31178.139088 1618781100 
0.00000475 30922.839272 1626859700 
0.00000475 31981.138786 1632072400 
0.00000475 30728.940485 1630992200 
0.00000475 30824.560605 1669605000 
0.00000475 31781.627107 1620418500 
0.00000475 30798.703791 1567565300 
0.00000475 30098.257240 1685257500 
0.00000475 30475.632122 1642433400 
0.00000475 30491.121676 1616410700 
0.00000475 31266.517813 1660244600 
0.00000475 29774.560864 1665987300 
0.00000475 30450.438394 1634342600 
0.00000475 30522.477246 1618908300 
0.00000475 31887.952626 1635387000 
0.00000475 31267.147736 1637234600 
0.00000475 31170.792369 1616676000 
0.00000475 31518.281714 1603019100 
0.00000475 30497.715084 1655759200 
0.00000475 30766.902400 1571950400 
0.00000475 30158.362649 1627402400 
0.00000475 30210.949250 1631108900 
0.00000475 30825.426937 1635205300 
0.00000475 31025.735372 1650901200 
0.00000475 31157.898670 1627707400 
0.00000475 31043.380034 1627728300 
0.00000475 31133.454550 1573846000 
0.00000475 30875.745964 1545904700 
0.00000475 31153.718245 1637723300 
0.00000475 30799.485513 1592407800 
0.00000475 31135.521042 1611854400 
0.00000475 31268.752107 1663668000 
0.00000475 31464.927337 1619381600 
0.00000475 31069.959496 1594089200 
0.00000475 30739.167521 1598927100 
0.00000475 30563.783995 1652697000 
0.00000475 30783.298772 1637603600 
0.00000475 30826.939740 1625748600 
0.00000475 30886.175588 1589928000 
0.00000475 30627.707315 1633213600 
0.00000475 31126.686338 1604682000 
0.00000475 30314.239949 1597958300 
0.00000475 30994.077235 1665676300 
0.00000475 30682.783310 1654822500 
0.00000475 30538.126763 1566400700 
0.00000475 31336.450472 1663432400 
0.00000475 30535.708044 1570162000 
0.00000475 30868.534413 1594203200 
0.00000475 30515.293788 1612142000 
0.00000475 30564.727221 1553353300 
0.000005 30832.494450 1538790000 
0.000005 30565.247787 1539188000 
0.000005 31705.419390 1598778000 
0.000005 30481.488319 1565653400 
0.000005 30627.757138 1573197200 
0.000005 31313.226120 1557247400 
0.000005 31592.658948 1623642600 
0.000005 31371.281937 1602169200 
0.000005 30425.254595 1506376700 
0.000005 31179.324082 1521627500 
0.000005 30244.798747 1579645800 
0.000005 30967.531236 1579795000 
0.000005 30582.650363 1571396900 
0.000005 30584.958300 1572354100 
0.000005 30642.486570 1536013700 
0.000005 31068.844885 1585940300 
0.000005 30807.374511 1502751500 
0.000005 31076.980262 1589023500 
0.000005 31350.167676 1513925300 
0.000005 31444.511848 1537172100 
0.000005 30111.148208 1587316000 
0.000005 31132.815244 1518339800 
0.000005 31268.879218 1483829400 
0.000005 31857.796466 1576271700 
0.000005 30322.726157 1521076400 
0.000005 30975.868982 1513235900 
0.000005 30846.494737 1502231100 
0.000005 31190.953164 1535799100 
0.000005 30737.745740 1593649500 
0.000005 30542.553552 1531041700 
0.000005 29919.290259 1570611300 
0.000005 31075.264238 1550802300 
0.000005 30901.923132 1537683200 
0.000005 30950.498305 1488105100 
0.000005 31203.595112 1511927100 
0.000005 31082.905875 1520344300 
0.000005 30500.824192 1469155600 
0.000005 30553.459120 1514818400 
0.000005 30424.756064 1576472700 
0.000005 31291.955017 1516267500 
0.000005 31778.571426 1598525900 
0.000005 31220.582907 1516201700 
0.000005 30527.672838 1516017400 
0.000005 30714.368112 1536499800 
0.000005 30467.570662 1554132000 
0.000005 31774.956498 1486299600 
0.000005 30646.645688 1527629700 
0.000005 31562.361087 1530468800 
0.000005 31431.219940 1446398800 
0.000005 31027.163113 1566172300 
0.000005 30471.873560 1544938600 
0.000005 30772.273570 1549087300 
0.000005 30755.257450 1494276000 
0.000005 31320.953804 1549700500 
0.000005 30590.164000 1524269700 
0.000005 29895.600568 1568828600 
0.000005 30924.884716 1516527400 
0.000005 30674.470900 1571522900 
0.000005 30328.359987 1539401700 
0.000005 31100.191526 1590495500 
0.000005 31042.587835 1496917600 
0.000005 30859.073830 1596898400 
0.000005 30401.877667 1519384800 
0.000005 30344.884840 1560873700 
0.000005 30231.176317 1501870800 
0.000005 30828.251637 1499061000 
0.000005 31260.284661 1588782300 
0.000005 30574.041718 1541084100 
0.000005 30341.720282 1500638600 
0.000005 31485.751556 1496237400 
0.000005 30789.797873 1515301700 
0.000005 31270.599877 1511334200 
0.000005 30671.289443 1512054900 
0.000005 30016.484995 1494265100 
0.000005 30819.926744 1540994100 
0.000005 30468.911414 1515345600 
0.000005 31257.295809 1504000400 
0.000005 30333.693096 1517701700 
0.000005 30405.226708 1551717000 
0.000005 31287.677812 1541303500 
0.000005 31554.133544 1578687800 
0.000005 30740.464885 1463763400 
0.000005 30671.117405 1526800000 
0.000005 31319.203797 1626176600 
0.000005 30548.194803 1575765700 
0.000005 31245.861741 1533145900 
0.000005 30850.766754 1606162900 
0.000005 30525.935262 1582091000 
0.000005 31694.532659 1523420100 
0.000005 30569.045392 1531388500 
0.000005 31335.858327 1505338800 
0.000005 29774.934182 1477350900 
0.000005 30638.502262 1513562500 
0.000005 31354.231996 1514623500 
0.000005 30765.875384 1490945700 
0.000005 30240.282691 1569212500 
0.000005 30625.201473 1591296900 
0.000005 30027.229280 1529806600 
0.000005 31637.595870 1510192600 
0.000005 31329.915642 1514274400 
0.00000525 31410.342793 1508640100 
0.00000525 31154.501016 1518902000 
0.00000525 30976.153598 1414473600 
0.00000525 31186.885333 1515380000 
0.00000525 31636.108435 1429592500 
0.00000525 30420.507900 1444063500 
0.00000525 30752.019612 1460117600 
0.00000525 31224.810483 1466851500 
0.00000525 30288.259512 1457749400 
0.00000525 31423.050820 1470737700 
0.00000525 30893.166513 1472207600 
0.00000525 31733.726519 1465308500 
0.00000525 30633.125119 1459585300 
0.00000525 30878.344451 1520986700 
0.00000525 30787.457214 1468767200 
0.00000525 31639.696249 1469982900 
0.00000525 30960.034815 1467460300 
0.00000525 30925.909608 1445967800 
0.00000525 30660.224453 1499026400 
0.00000525 30408.478974 1474177200 
0.00000525 30197.978788 1438262300 
0.00000525 31128.509814 1483286200 
0.00000525 30898.819479 1463992200 
0.00000525 30265.868158 1456739800 
0.00000525 31176.885637 1447942000 
0.00000525 30171.996693 1457643100 
0.00000525 31001.001390 1461956100 
0.00000525 31492.126933 1443437500 
0.00000525 30972.670819 1414072000 
0.00000525 30923.976001 1443869800 
0.00000525 31217.879879 1453354700 
0.00000525 30422.866139 1474770000 
0.00000525 30354.218114 1472978800 
0.00000525 30393.023904 1498689000 
0.00000525 31893.388158 1538324700 
0.00000525 31088.245901 1473451300 
0.00000525 31155.072223 1439912800 
0.00000525 30462.133180 1478334800 
0.00000525 31016.244177 1439141700 
0.00000525 31244.647009 1501644000 
0.00000525 31133.294402 1457896700 
0.00000525 31491.563440 1552737200 
0.00000525 30467.453703 1421432200 
0.00000525 30685.848893 1464258900 
0.00000525 30910.718508 1445448900 
0.00000525 30480.308019 1439794700 
0.00000525 30689.475606 1451189200 
0.00000525 30661.777394 1497218300 
0.00000525 30657.493623 1458815300 
0.00000525 30475.314822 1508355300 
0.00000525 31782.397537 1439844400 
0.00000525 31210.304671 1479127200 
0.00000525 30671.046333 1452131100 
0.00000525 30993.000080 1495624800 
0.00000525 30675.884362 1415201300 
0.00000525 31197.033943 1447719000 
0.00000525 30497.656355 1465033800 
0.00000525 30940.184136 1455343300 
0.00000525 30743.478204 1486314100 
0.00000525 30751.079897 1473725000 
0.00000525 30937.448451 1405455900 
0.00000525 31277.859153 1470153200 
0.00000525 30838.533211 1485897800 
0.00000525 31342.986013 1433734700 
0.00000525 31440.718093 1492269300 
0.00000525 31039.330543 1434558900 
0.00000525 31535.303881 1492708800 
0.00000525 30410.249333 1424582500 
0.00000525 31002.079179 1474867000 
0.00000525 31028.262454 1491843300 
0.00000525 31074.633278 1488264500 
0.00000525 31481.156713 1462347800 
0.00000525 30882.764738 1434158000 
0.00000525 30657.808184 1468193200 
0.00000525 30463.827327 1484203300 
0.00000525 31822.986439 1419707600 
0.00000525 31328.095428 1502805600 
0.00000525 30567.359046 1503430800 
0.00000525 31302.359429 1480654800 
0.00000525 30602.019951 1496845900 
0.00000525 31303.830162 1509504500 
0.00000525 30659.589576 1488603600 
0.00000525 30354.624222 1444745600 
0.00000525 30978.729679 1456992600 
0.00000525 30787.342654 1460951300 
0.00000525 31566.424033 1443394700 
0.00000525 30276.513898 1436686300 
0.00000525 31041.234937 1529059200 
0.00000525 31408.221931 1498815100 
0.00000525 30765.944683 1491112900 
0.00000525 30734.341834 1442561000 
0.00000525 30763.972094 1503975000 
0.00000525 31184.402145 1411977700 
0.00000525 30860.084879 1454902100 
0.00000525 31438.308179 1457852200 
0.00000525 30872.609602 1446887200 
0.00000525 30895.382207 1506644800 
0.00000525 31086.261995 1507744800 
0.00000525 30236.389280 1440911300 
0.00000525 31318.479263 1467180800 
0.0000055 31923.301319 1404600800 
0.0000055 31500.664841 1382916900 
0.0000055 30814.923259 1426183100 
0.0000055 30946.673283 1414110300 
0.0000055 31220.589902 1423681300 
0.0000055 30074.761417 1414319600 
0.0000055 30791.818635 1380826700 
0.0000055 30110.299589 1440384600 
0.0000055 31275.181476 1415927900 
0.0000055 30754.338641 1370305700 
0.0000055 30885.129029 1392104400 
0.0000055 31059.731174 1386089800 
0.0000055 31279.610058 1432397600 
0.0000055 31234.287946 1378476700 
0.0000055 30206.057019 1351420600 
0.0000055 30968.762921 1436646800 
0.0000055 30945.898017 1432422200 
0.0000055 30444.132374 1375986000 
0.0000055 30020.892901 1377509500 
0.0000055 30758.093677 1458106000 
0.0000055 30638.320971 1398772100 
0.0000055 31006.030896 1453536300 
0.0000055 30973.517373 1377242800 
0.0000055 31133.806717 1397725200 
0.0000055 30639.151766 1401307300 
0.0000055 31357.545481 1406112500 
0.0000055 31110.944483 1384819800 
0.0000055 30521.297697 1408693100 
0.0000055 31328.080245 1367725400 
0.0000055 30320.123131 1384328400 
0.0000055 31145.891651 1396261200 
0.0000055 30598.766773 1351668300 
0.0000055 30854.895572 1360545300 
0.0000055 30525.436005 1320781100 
0.0000055 30606.799088 1424391900 
0.0000055 30554.687606 1384555500 
0.0000055 31407.832548 1415034400 
0.0000055 31400.308582 1387757300 
0.0000055 31056.548173 1453772100 
0.0000055 31575.936584 1421349000 
0.0000055 30409.023752 1375246900 
0.0000055 31379.790468 1369838100 
0.0000055 29901.683727 1433553200 
0.0000055 30486.302636 1404354600 
0.0000055 30662.644703 1351858400 
0.0000055 31387.824845 1442995200 
0.0000055 31279.057233 1374090300 
0.0000055 31289.920412 1425259100 
0.0000055 31262.496377 1389729300 
0.0000055 30712.656255 1432604600 
0.0000055 30831.580230 1395747300 
0.0000055 31016.968818 1440727400 
0.0000055 30775.005175 1391999400 
0.0000055 31051.042435 1396430400 
0.0000055 30536.359064 1437967200 
0.0000055 30641.001361 1399120200 
0.0000055 30433.806409 1388687800 
0.0000055 31122.444677 1437649000 
0.0000055 29777.419111 1387685700 
0.0000055 31369.446389 1460655400 
0.0000055 30277.550707 1422477100 
0.0000055 30347.806058 1365303400 
0.0000055 30498.300085 1436668700 
0.0000055 30693.675898 1390455400 
0.0000055 30500.888773 1355990200 
0.0000055 30793.030253 1417608700 
0.0000055 31168.875508 1407715200 
0.0000055 30768.767257 1422426500 
0.0000055 31395.996792 1403975800 
0.0000055 30597.778313 1432108100 
0.0000055 31868.174256 1400882000 
0.0000055 31167.939742 1362799800 
0.0000055 30587.911498 1405250800 
0.0000055 31234.307901 1414548600 
0.0000055 31633.444694 1401612700 
0.0000055 30573.447407 1372962700 
0.0000055 31007.875340 1405516400 
0.0000055 31214.783828 1403064900 
0.0000055 31542.344680 1388256600 
0.0000055 31134.838922 1400227800 
0.0000055 31248.499529 1412431400 
0.0000055 30711.766393 1418472200 
0.0000055 30748.866126 1401590400 
0.0000055 30757.307637 1376913300 
0.0000055 30474.254676 1393071000 
0.0000055 30711.370135 1383465000 
0.0000055 30415.655799 1386901500 
0.0000055 30184.861875 1391730600 
0.0000055 30718.182720 1358935200 
0.0000055 31638.410405 1428874700 
0.0000055 30725.408025 1388688300 
0.0000055 31710.257078 1434587500 
0.0000055 30398.203561 1462121600 
0.0000055 31141.006387 1395653700 
0.0000055 30625.385537 1448181800 
0.0000055 32305.853923 1415171300 
0.0000055 30828.662323 1383511500 
0.0000055 30361.089223 1351739000 
0.0000055 31556.019283 1459893200 
0.0000055 31279.133270 1396593600 
0.00000575 31410.100061 1362629000 
0.00000575 30769.259074 1352696000 
0.00000575 30773.487482 1347241300 
0.00000575 30477.613236 1318533100 
0.00000575 30774.912683 1301082800 
0.00000575 30800.743881 1387821800 
0.00000575 30835.871055 1380817000 
0.00000575 30590.473326 1314319600 
0.00000575 31046.957232 1390942800 
0.00000575 30439.615058 1314483800 
0.00000575 30711.176826 1353879700 
0.00000575 30040.013557 1310625600 
0.00000575 31182.424890 1365704400 
0.00000575 31834.122315 1356268200 
0.00000575 30994.261099 1351007400 
0.00000575 31004.510530 1332270700 
0.00000575 30757.137267 1380553100 
0.00000575 30862.821240 1307608000 
0.00000575 30420.663007 1331222000 
0.00000575 30721.556858 1364252700 
0.00000575 31055.296335 1379332500 
0.00000575 30604.474392 1325466100 
0.00000575 31569.618470 1350266300 
0.00000575 30845.368805 1303194200 
0.00000575 30617.398222 1304268700 
0.00000575 30294.666595 1299499300 
0.00000575 30774.902706 1312503200 
0.00000575 31038.315586 1347960600 
0.00000575 31033.634920 1339949800 
0.00000575 29955.667409 1340965200 
0.00000575 30713.500599 1358704400 
0.00000575 31201.067829 1314092500 
0.00000575 31046.944333 1365503400 
0.00000575 31237.103541 1287198400 
0.00000575 30672.405021 1305773000 
0.00000575 30613.140628 1271609900 
0.00000575 29804.753457 1366653200 
0.00000575 31451.921175 1318309000 
0.00000575 31806.148952 1312799100 
0.00000575 31079.810367 1352533300 
0.00000575 30987.392722 1355328500 
0.00000575 31289.765777 1351501900 
0.00000575 30827.227165 1381230700 
0.00000575 30301.025955 1319480100 
0.00000575 30354.868585 1303030000 
0.00000575 31035.435471 1373939200 
0.00000575 31058.337011 1339284900 
0.00000575 30602.510283 1338869800 
0.00000575 30942.552372 1327491600 
0.00000575 30604.536217 1309173000 
0.00000575 30148.934019 1381188000 
0.00000575 30794.777407 1316874900 
0.00000575 30916.142701 1334062700 
0.00000575 31035.545464 1341584300 
0.00000575 31478.468620 1336530400 
0.00000575 30482.962319 1376462600 
0.00000575 30093.585414 1339716900 
0.00000575 31760.745842 1375387200 
0.00000575 30568.441162 1338395700 
0.00000575 30416.550087 1342896900 
0.00000575 30452.701018 1336291800 
0.00000575 30771.749049 1341387000 
0.00000575 31136.775556 1331443500 
0.00000575 30502.520416 1323692500 
0.00000575 30722.831245 1336087800 
0.00000575 30362.735376 1341559300 
0.00000575 31392.960530 1320353600 
0.00000575 31183.871297 1335330100 
0.00000575 30061.754551 1332459500 
0.00000575 31627.706873 1353024400 
0.00000575 30375.422684 1347593600 
0.00000575 31258.195750 1322797200 
0.00000575 31135.277556 1379000000 
0.00000575 30618.129503 1361644600 
0.00000575 31318.495079 1311851900 
0.00000575 30885.328841 1353491600 
0.00000575 30392.781749 1304723000 
0.00000575 31472.545838 1293954500 
0.00000575 31247.846224 1294788500 
0.00000575 31700.597811 1305894400 
0.00000575 30753.968074 1366154900 
0.00000575 31328.151655 1383990000 
0.00000575 31600.468634 1266352800 
0.00000575 30764.246442 1383093200 
0.00000575 30642.340904 1355546800 
0.00000575 30691.879545 1339908500 
0.00000575 31001.919397 1330534700 
0.00000575 30415.141199 1327201100 
0.00000575 30138.342762 1397750800 
0.00000575 30608.600690 1325485400 
0.00000575 31150.031475 1323628900 
0.00000575 30200.726291 1323287100 
0.00000575 32509.261377 1336762100 
0.00000575 30631.418202 1351387200 
0.00000575 31483.334822 1326273800 
0.00000575 30387.485376 1361288300 
0.00000575 30730.123831 1344967500 
0.00000575 31994.598696 1351673800 
0.00000575 31009.611382 1323742900 
0.00000575 30740.158707 1383885000 
0.000006 30740.820563 1336908300 
0.000006 31022.229759 1287593000 
0.000006 31553.837914 1313809300 
0.000006 31487.492619 1307851200 
0.000006 30632.204428 1265235900 
0.000006 31482.943520 1266406800 
0.000006 30781.466137 1270441900 
0.000006 31106.164448 1358467400 
0.000006 31149.812855 1245134700 
0.000006 30231.047656 1278408300 
0.000006 30728.274310 1267366000 
0.000006 31017.814535 1281251500 
0.000006 31355.132522 1279328600 
0.000006 30985.407832 1236389500 
0.000006 30968.670318 1300161400 
0.000006 30453.301587 1259132600 
0.000006 31942.179685 1305031700 
0.000006 30645.386248 1273068500 
0.000006 29931.136716 1235103700 
0.000006 30886.678910 1300569600 
0.000006 30561.424252 1264930000 
0.000006 30589.447193 1302181300 
0.000006 30828.647784 1342520000 
0.000006 30787.674182 1266045500 
0.000006 30476.839158 1249260400 
0.000006 30241.705648 1254567700 
0.000006 30287.260625 1395470100 
0.000006 31564.168771 1250206000 
0.000006 31447.341158 1293202700 
0.000006 30748.896121 1272817300 
0.000006 30889.590981 1295094300 
0.000006 31007.082357 1257307700 
0.000006 31125.774346 1241701200 
0.000006 31631.600109 1270148700 
0.000006 31106.360180 1271783100 
0.000006 32177.947416 1289603400 
0.000006 30257.410175 1299367400 
0.000006 31372.252987 1319269100 
0.000006 30707.767001 1309741200 
0.000006 31276.728022 1292524700 
0.000006 31621.393164 1305638900 
0.000006 30079.109015 1264491900 
0.000006 31782.284463 1266518800 
0.000006 31170.751985 1338998300 
0.000006 31235.451448 1286012800 
0.000006 31691.820348 1285327200 
0.000006 30727.624149 1284075700 
0.000006 30475.360017 1275461500 
0.000006 31520.171432 1315994000 
0.000006 31826.757008 1222738100 
0.000006 31132.381052 1207310400 
0.000006 31050.965477 1290610400 
0.000006 30777.730959 1266050600 
0.000006 30806.543517 1286421000 
0.000006 31044.822112 1287749800 
0.000006 31265.048483 1300543600 
0.000006 31513.320814 1268042700 
0.000006 30712.721447 1266345100 
0.000006 30590.594031 1315628800 
0.000006 30398.186845 1286991400 
0.000006 30778.372108 1317590900 
0.000006 30733.382594 1277605800 
0.000006 30133.710488 1297926100 
0.000006 30862.179538 1327044500 
0.000006 31567.398610 1287440200 
0.000006 30972.549849 1307720700 
0.000006 31062.590955 1258691200 
0.000006 30745.696494 1258250700 
0.000006 30252.218616 1354396900 
0.000006 31521.666214 1324064400 
0.000006 30871.903055 1295483100 
0.000006 31098.042027 1271604400 
0.000006 31809.080864 1294891200 
0.000006 31220.196315 1282832300 
0.000006 30142.380171 1340310900 
0.000006 31095.850440 1324692400 
0.000006 31207.952485 1281552100 
0.000006 30347.370492 1270822300 
0.000006 31394.625075 1320719200 
0.000006 30793.321028 1335596800 
0.000006 30108.864465 1271741500 
0.000006 31325.367821 1267099400 
0.000006 31147.302331 1295893100 
0.000006 31033.393581 1308154700 
0.000006 31454.466361 1306944000 
0.000006 30899.039109 1326131100 
0.000006 32098.174117 1318754900 
0.000006 30898.740257 1268227200 
0.000006 30985.043303 1300157400 
0.000006 30427.900825 1325756700 
0.000006 31477.397581 1216052400 
0.000006 30938.010262 1307809100 
0.000006 31590.283164 1292775900 
0.000006 30760.678768 1285463400 
0.000006 31121.668143 1273342500 
0.000006 32060.304060 1317863100 
0.000006 30992.878963 1267129400 
0.000006 30898.784879 1325537800 
0.000006 31133.778500 1265673800 
0.000006 31115.629509 1294295400 
0.00000625 30627.545390 1242145200 
0.00000625 31600.999196 1204798600 
0.00000625 31573.780492 1232479800 
0.00000625 30976.531003 1264960600 
0.00000625 30806.090216 1257663100 
0.00000625 30873.993892 1242070900 
0.00000625 30501.119542 1260980600 
0.00000625 31124.917363 1263546800 
0.00000625 30685.870212 1286501000 
0.00000625 30546.303281 1255982500 
0.00000625 31081.393034 1236188500 
0.00000625 30568.049008 1214668900 
0.00000625 30986.275007 1276750600 
0.00000625 31285.672903 1237974900 
0.00000625 31096.470856 1278162300 
0.00000625 30488.920677 1198176900 
0.00000625 30953.437130 1254770300 
0.00000625 31262.956395 1190259200 
0.00000625 32302.764036 1251932000 
0.00000625 31475.017220 1212215300 
0.00000625 31343.587883 1289907700 
0.00000625 31228.270786 1201677600 
0.00000625 30963.539007 1275345800 
0.00000625 30537.188173 1219546900 
0.00000625 30539.324391 1188594900 
0.00000625 31380.405249 1251028900 
0.00000625 30525.362381 1205994100 
0.00000625 31170.945394 1252226600 
0.00000625 31414.073673 1208873000 
0.00000625 31291.447486 1210850100 
0.00000625 30670.286949 1194586600 
0.00000625 30921.284049 1189685500 
0.00000625 30705.667296 1229579500 
0.00000625 30844.884639 1198816900 
0.00000625 31202.265007 1207916600 
0.00000625 31045.442499 1226614900 
0.00000625 30406.504021 1228949400 
0.00000625 30537.697424 1234368700 
0.00000625 30627.755034 1228749200 
0.00000625 31001.079056 1269676700 
0.00000625 30889.706533 1240529800 
0.00000625 30922.746821 1240170900 
0.00000625 31146.217559 1209135800 
0.00000625 30690.749369 1202711800 
0.00000625 31126.187357 1210342400 
0.00000625 31338.737271 1230907800 
0.00000625 30815.759642 1227146400 
0.00000625 31141.435957 1221516400 
0.00000625 31317.240350 1215449700 
0.00000625 30789.966703 1241104200 
0.00000625 30515.729365 1253629900 
0.00000625 30826.387355 1175574500 
0.00000625 30679.796763 1196452500 
0.00000625 30842.561597 1224854000 
0.00000625 31626.493323 1262107500 
0.00000625 31252.736651 1287382400 
0.00000625 31355.670989 1253983600 
0.00000625 31013.692562 1230932300 
0.00000625 30670.582945 1189097500 
0.00000625 31451.429616 1243168700 
0.00000625 31474.476476 1220736100 
0.00000625 31108.249338 1198822700 
0.00000625 32486.698789 1251741700 
0.00000625 30577.146188 1206482200 
0.00000625 30286.751581 1241254000 
0.00000625 31577.229172 1215563300 
0.00000625 30692.702287 1206104700 
0.00000625 31175.407707 1252587600 
0.00000625 31213.715135 1181746400 
0.00000625 31322.144716 1241571400 
0.00000625 30353.682926 1216108800 
0.00000625 31541.818341 1178792900 
0.00000625 30371.130012 1224896100 
0.00000625 30973.980977 1230798700 
0.00000625 30593.275545 1212777300 
0.00000625 31091.080042 1227290600 
0.00000625 31189.511336 1272237900 
0.00000625 30677.280232 1262039900 
0.00000625 30401.684863 1195800300 
0.00000625 30732.824097 1269487900 
0.00000625 31299.400001 1221377700 
0.00000625 31293.233390 1227409600 
0.00000625 30854.852637 1219028900 
0.00000625 31053.692839 1234645900 
0.00000625 30746.464829 1266462400 
0.00000625 30671.597836 1295142600 
0.00000625 30483.198240 1248406600 
0.00000625 30585.383789 1258702400 
0.00000625 30829.559721 1241198500 
0.00000625 30363.579790 1275958100 
0.00000625 30846.216004 1233114300 
0.00000625 30568.878686 1229220400 
0.00000625 31261.705515 1282905500 
0.00000625 30618.299966 1249833800 
0.00000625 31620.719069 1220369700 
0.00000625 30031.456330 1203449200 
0.00000625 30915.092698 1173723000 
0.00000625 31310.138069 1235533700 
0.00000625 31137.196250 1207253800 
0.00000625 30547.206912 1257642700 
0.0000065 30762.186009 1194512600 
0.0000065 30709.393750 1168056100 
0.0000065 31783.913808 1228986100 
0.0000065 30880.259329 1165710400 
0.0000065 30606.293023 1189475100 
0.0000065 30338.862365 1204125700 
0.0000065 31960.274671 1212758000 
0.0000065 31258.143476 1164285900 
0.0000065 30680.213332 1232834900 
0.0000065 31518.951711 1214033200 
0.0000065 31024.626525 1184838200 
0.0000065 30637.951662 1166982800 
0.0000065 31232.050616 1223394800 
0.0000065 31176.237761 1236370900 
0.0000065 31192.038822 1128397400 
0.0000065 31491.371134 1226910700 
0.0000065 30341.482551 1161412000 
0.0000065 31667.217604 1197425300 
0.0000065 30763.083092 1196387300 
0.0000065 30966.667025 1154043300 
0.0000065 31202.906446 1154237700 
0.0000065 30809.388569 1153189600 
0.0000065 29803.088127 1136433700 
0.0000065 31015.587753 1197119400 
0.0000065 31404.607840 1197969500 
0.0000065 30852.626476 1196643800 
0.0000065 30493.805681 1163742600 
0.0000065 30167.851040 1208657000 
0.0000065 31674.451612 1193644300 
0.0000065 30401.199626 1194687600 
0.0000065 31340.412121 1180667300 
0.0000065 30650.693627 1172296200 
0.0000065 31265.742712 1153083800 
0.0000065 31133.701305 1229398900 
0.0000065 31556.536796 1183772000 
0.0000065 31859.409131 1243342500 
0.0000065 31255.992363 1207574600 
0.0000065 30354.846532 1133477300 
0.0000065 32090.211494 1211704400 
0.0000065 31133.260372 1197251800 
0.0000065 30801.465019 1176987700 
0.0000065 30735.224288 1172966200 
0.0000065 30915.326248 1179217000 
0.0000065 30836.007686 1135548500 
0.0000065 29998.520510 1182046400 
0.0000065 31023.472967 1167796100 
0.0000065 30987.179445 1151700900 
0.0000065 30650.008176 1207317500 
0.0000065 30940.118686 1169726800 
0.0000065 31346.646029 1191027300 
0.0000065 31335.933362 1158427500 
0.0000065 30952.080149 1181794000 
0.0000065 30805.582389 1199333800 
0.0000065 30422.206088 1186693500 
0.0000065 31338.086721 1155788500 
0.0000065 31137.112401 1212660200 
0.0000065 30999.323515 1192738800 
0.0000065 31111.316180 1177393800 
0.0000065 30812.969374 1221561700 
0.0000065 31860.768249 1205306000 
0.0000065 30592.517050 1155633700 
0.0000065 30136.130748 1184834800 
0.0000065 30454.663459 1232522900 
0.0000065 30892.025022 1217059600 
0.0000065 31620.922840 1218156000 
0.0000065 30949.083387 1185761900 
0.0000065 30757.169025 1180189700 
0.0000065 31014.019163 1193391800 
0.0000065 31418.671365 1207942100 
0.0000065 30965.643613 1133915300 
0.0000065 31265.960477 1216050900 
0.0000065 30431.326426 1172873300 
0.0000065 30431.409754 1170834800 
0.0000065 30904.480007 1194175600 
0.0000065 31389.837506 1153102800 
0.0000065 31159.541352 1164626600 
0.0000065 31192.349027 1166728900 
0.0000065 30909.189412 1169111700 
0.0000065 29869.957758 1190304700 
0.0000065 30610.033605 1190721100 
0.0000065 30572.271840 1192018700 
0.0000065 31323.094616 1195999600 
0.0000065 31159.103470 1168806700 
0.0000065 30672.016643 1227452200 
0.0000065 30565.800527 1183722100 
0.0000065 31345.524645 1187461500 
0.0000065 31064.364637 1170452700 
0.0000065 31558.721419 1223778300 
0.0000065 31534.527987 1217630800 
0.0000065 30571.360613 1180850100 
0.0000065 30329.483047 1117267000 
0.0000065 31292.954114 1229987000 
0.0000065 31010.804941 1208799900 
0.0000065 30522.032631 1194633300 
0.0000065 31206.114650 1193025900 
0.0000065 31145.173461 1170575200 
0.0000065 30771.418779 1177806700 
0.0000065 30916.369024 1185997600 
0.0000065 30377.242806 1185022400 
0.0000065 30508.575172 1139494900 
0.00000675 31166.134961 1083610900 
0.00000675 31112.671521 1152149300 
0.00000675 31031.153514 1121364200 
0.00000675 30740.724054 1163889100 
0.00000675 29969.535722 1111458000 
0.00000675 31476.138570 1114788500 
0.00000675 29786.023513 1151024000 
0.00000675 30880.006010 1154298800 
0.00000675 30293.547896 1169823400 
0.00000675 30208.130189 1146003900 
0.00000675 31326.311464 1141371300 
0.00000675 30351.372070 1132325100 
0.00000675 30942.846973 1126016200 
0.00000675 32117.850638 1136242100 
0.00000675 31375.700213 1138305300 
0.00000675 30222.111830 1199711400 
0.00000675 31631.874023 1171913800 
0.00000675 30878.876224 1169027300 
0.00000675 31356.304818 1084747600 
0.00000675 30390.708465 1143664900 
0.00000675 31228.520842 1115399900 
0.00000675 30938.524265 1105791000 
0.00000675 30987.285990 1147181300 
0.00000675 31296.189997 1168930900 
0.00000675 31169.213880 1159646800 
0.00000675 30397.638483 1135469600 
0.00000675 31371.954795 1147341400 
0.00000675 30836.661998 1118324100 
0.00000675 30859.443859 1116389300 
0.00000675 30748.959990 1146403900 
0.00000675 30610.336961 1132379300 
0.00000675 30958.986128 1109450700 
0.00000675 32152.948648 1127435600 
0.00000675 30310.125794 1161863000 
0.00000675 30801.277137 1129983300 
0.00000675 31245.052073 1163962200 
0.00000675 31183.832057 1180878300 
0.00000675 31211.327127 1141357400 
0.00000675 30963.842375 1133254300 
0.00000675 30872.810905 1147278000 
0.00000675 32322.551611 1126791200 
0.00000675 30487.764270 1176167400 
0.00000675 31999.442595 1152521500 
0.00000675 30511.927803 1106374500 
0.00000675 30582.523146 1120000900 
0.00000675 30871.382887 1161058200 
0.00000675 30846.652440 1145090500 
0.00000675 30997.387187 1131091600 
0.00000675 30247.864215 1126588500 
0.00000675 30405.141393 1158849500 
0.00000675 31332.046379 1158721800 
0.00000675 31049.733823 1136425500 
0.00000675 31533.821054 1163972900 
0.00000675 30294.574172 1148755600 
0.00000675 31385.100736 1126786400 
0.00000675 32051.093880 1108418700 
0.00000675 31078.506960 1109786800 
0.00000675 31122.923002 1163890500 
0.00000675 30575.705807 1150684600 
0.00000675 30991.841562 1166607200 
0.00000675 30625.691322 1167429000 
0.00000675 31101.413034 1139123300 
0.00000675 31261.062500 1151614800 
0.00000675 31216.179503 1126226500 
0.00000675 30371.579622 1175146900 
0.00000675 30565.198124 1173559200 
0.00000675 30735.314654 1170565000 
0.00000675 30867.331018 1106265000 
0.00000675 31053.612001 1142538400 
0.00000675 30802.533466 1139030600 
0.00000675 30545.308302 1122922500 
0.00000675 30380.829845 1164038700 
0.00000675 31478.830324 1111092300 
0.00000675 31131.202078 1094645400 
0.00000675 30065.924611 1129846300 
0.00000675 32113.006305 1113722300 
0.00000675 30646.485233 1126166500 
0.00000675 31611.467370 1157946100 
0.00000675 30956.011037 1187493400 
0.00000675 31109.254882 1138759000 
0.00000675 30300.812025 1123495500 
0.00000675 30445.208884 1138029800 
0.00000675 30358.565652 1150548300 
0.00000675 30882.080977 1112490600 
0.00000675 30965.661629 1137075200 
0.00000675 30443.783010 1208982300 
0.00000675 30842.650520 1131443000 
0.00000675 30806.294173 1165340000 
0.00000675 30561.369779 1150746700 
0.00000675 30992.604974 1142764200 
0.00000675 30577.387197 1153925400 
0.00000675 30886.319249 1136723000 
0.00000675 31806.349117 1173307200 
0.00000675 30376.244792 1153791500 
0.00000675 30115.949206 1145789700 
0.00000675 30994.984025 1134308500 
0.00000675 31938.370161 1185765500 
0.00000675 30823.989369 1122171000 
0.00000675 31785.693943 1122072300 
0.00000675 30261.209456 1170600500 
0.000007 30816.883161 1091295200 
0.000007 30774.992523 1101008700 
0.000007 31039.846377 1135850900 
0.000007 30583.750736 1111418900 
0.000007 30746.661026 1116017700 
0.000007 31037.274379 1103602600 
0.000007 31051.716750 1095923000 
0.000007 30979.789058 1146201600 
0.000007 31435.275629 1115744600 
0.000007 31098.479479 1109086400 
0.000007 30501.101804 1085510900 
0.000007 31418.237030 1096222300 
0.000007 31673.518450 1110613600 
0.000007 30672.525771 1073404000 
0.000007 30400.144594 1135141900 
0.000007 30275.776710 1100948800 
0.000007 30509.593252 1118278700 
0.000007 31453.228288 1073215500 
0.000007 31339.700320 1104201200 
0.000007 31232.931819 1092901900 
0.000007 31428.214594 1084958800 
0.000007 31710.870966 1103795400 
0.000007 30653.910673 1089339700 
0.000007 30376.768276 1100352500 
0.000007 31054.411183 1060409800 
0.000007 31158.439198 1113634200 
0.000007 31500.457701 1109423500 
0.000007 31063.622358 1109040700 
0.000007 30586.982977 1060958900 
0.000007 30815.000291 1108930500 
0.000007 30058.980051 1090492300 
0.000007 30540.637620 1149948500 
0.000007 31089.213294 1141209400 
0.000007 30802.487541 1098623700 
0.000007 30578.000793 1082936800 
0.000007 31004.490155 1088921900 
0.000007 31136.606094 1128815500 
0.000007 31849.087680 1115403700 
0.000007 31064.816897 1113483600 
0.000007 30961.187425 1108067300 
0.000007 31880.744365 1113258400 
0.000007 30118.563036 1065968700 
0.000007 30802.079484 1141913500 
0.000007 31308.834280 1107225300 
0.000007 30943.215911 1088755400 
0.000007 31380.873672 1125979300 
0.000007 31123.973350 1098277200 
0.000007 31390.521687 1103579700 
0.000007 30505.920286 1096231300 
0.000007 31266.825698 1129659800 
0.000007 31233.344009 1108584900 
0.000007 31350.880091 1059177700 
0.000007 30284.449665 1060559000 
0.000007 31788.757798 1116874000 
0.000007 31504.810693 1117436700 
0.000007 30890.909690 1136980600 
0.000007 31070.487766 1062857700 
0.000007 31258.230200 1123569600 
0.000007 31272.053601 1131729000 
0.000007 31304.044052 1092692400 
0.000007 30876.425242 1110374700 
0.000007 30641.905445 1093762400 
0.000007 30127.622228 1064542200 
0.000007 30933.938529 1094041500 
0.000007 31113.038216 1093512300 
0.000007 30655.088085 1118351700 
0.000007 31046.923622 1099044800 
0.000007 30844.008608 1114800700 
0.000007 31146.670847 1105174200 
0.000007 30514.479813 1129335500 
0.000007 30944.365030 1071983800 
0.000007 30438.325100 1104357400 
0.000007 30804.046444 1109436900 
0.000007 31260.185710 1118754200 
0.000007 31452.051506 1133663200 
0.000007 30968.870869 1112533200 
0.000007 30843.208039 1120348600 
0.000007 30787.788597 1134229100 
0.000007 31070.469348 1123655600 
0.000007 30404.708863 1095117400 
0.000007 31305.100754 1138939400 
0.000007 30974.313268 1087922500 
0.000007 30699.028073 1081641100 
0.000007 30800.033683 1094248600 
0.000007 31246.228326 1081639800 
0.000007 30323.638320 1132524800 
0.000007 30763.269080 1129482700 
0.000007 31931.542156 1161155700 
0.000007 30518.549626 1108463900 
0.000007 30978.910425 1120784600 
0.000007 31064.169026 1087387000 
0.000007 31163.901418 1070816500 
0.000007 30486.827600 1109223900 
0.000007 31757.888630 1114776800 
0.000007 30555.425909 1112871100 
0.000007 30636.974428 1097251300 
0.000007 31402.813205 1083202600 
0.000007 31425.036381 1110316100 
0.000007 31297.553921 1105127800 
0.000007 31518.393897 1062376100 
0.00000725 32061.335882 1050535000 
0.00000725 31041.597611 1093798100 
0.00000725 31032.623798 1068860300 
0.00000725 31139.113780 1072763500 
0.00000725 31233.049367 1069234600 
0.00000725 31019.062304 1068080100 
0.00000725 30598.807087 1063038300 
0.00000725 31055.018868 1074822200 
0.00000725 30969.713247 1098541300 
0.00000725 30873.528077 1069023800 
0.00000725 30266.578826 1027348200 
0.00000725 31228.887705 1087726500 
0.00000725 31329.294051 1059209900 
0.00000725 31629.784915 1062429200 
0.00000725 30614.855891 1097994800 
0.00000725 31676.882886 1053273500 
0.00000725 31249.282147 1046512700 
0.00000725 30710.791942 1049724000 
0.00000725 30657.254850 1075729400 
0.00000725 31627.763535 1101123200 
0.00000725 31715.362439 1063460800 
0.00000725 31350.814620 1064626800 
0.00000725 30933.206291 1073832600 
0.00000725 31213.354984 1047208000 
0.00000725 31278.860857 1057121800 
0.00000725 31218.526821 1045895400 
0.00000725 31654.236894 1072174200 
0.00000725 30750.671641 1053730900 
0.00000725 30628.514319 1066404600 
0.00000725 31237.056259 1082716200 
0.00000725 31245.570411 1059376100 
0.00000725 30419.789366 1046759400 
0.00000725 30825.388589 1089951500 
0.00000725 31011.985619 1099038800 
0.00000725 31339.488640 1075742200 
0.00000725 30731.277296 1028953200 
0.00000725 30372.630752 1062732200 
0.00000725 30482.110710 1056636900 
0.00000725 31029.536728 1044862400 
0.00000725 31138.446069 1034947500 
0.00000725 31371.727709 1051672000 
0.00000725 30299.500676 1089298300 
0.00000725 30829.130760 1039645800 
0.00000725 31244.441077 1025641700 
0.00000725 30334.638309 1061497400 
0.00000725 31018.388319 1085141600 
0.00000725 31063.315890 1093624900 
0.00000725 31270.224055 1080412600 
0.00000725 31213.893084 1108356600 
0.00000725 31446.480328 1094118100 
0.00000725 30876.529843 1028368400 
0.00000725 31096.699232 1103862000 
0.00000725 31529.627350 1032645900 
0.00000725 31038.682357 1083369200 
0.00000725 31059.760852 1082555200 
0.00000725 30484.789726 1066872000 
0.00000725 31751.631264 1091583600 
0.00000725 30441.290792 1077765500 
0.00000725 30833.861501 1048744400 
0.00000725 30774.522401 1065821800 
0.00000725 30775.016204 1053264400 
0.00000725 30697.915817 1045954500 
0.00000725 30780.509662 1064514100 
0.00000725 30731.288479 1058017600 
0.00000725 30771.530705 1079707900 
0.00000725 30255.736350 1038585900 
0.00000725 31357.710672 1124251900 
0.00000725 31399.877949 1091054900 
0.00000725 31501.474866 1090549900 
0.00000725 31401.077479 1057073700 
0.00000725 30988.774947 1070650900 
0.00000725 30546.951453 1066959400 
0.00000725 31262.352481 1066268200 
0.00000725 30506.857777 1085422600 
0.00000725 30932.729206 1044607700 
0.00000725 30477.440225 1050976600 
0.00000725 31011.469563 1093417300 
0.00000725 31113.418229 1051132100 
0.00000725 31881.121196 1038673900 
0.00000725 30742.476679 1043393800 
0.00000725 30526.410379 1069636800 
0.00000725 31057.018377 1023429200 
0.00000725 30877.741934 1083257100 
0.00000725 30485.432203 1104179900 
0.00000725 30531.559656 1042862800 
0.00000725 31544.753885 1037796000 
0.00000725 30146.597028 1064454700 
0.00000725 30311.384934 1055184200 
0.00000725 31139.580981 1063338600 
0.00000725 30651.785002 1089789700 
0.00000725 31499.661461 1064551500 
0.00000725 31466.371166 1091014600 
0.00000725 31250.204223 1082802800 
0.00000725 31084.868868 1052587100 
0.00000725 30514.902970 1059129600 
0.00000725 30516.059502 1073919300 
0.00000725 31437.992041 1082874800 
0.00000725 30567.255806 1060493100 
0.00000725 30949.778748 1043661400 
0.00000725 31191.627797 1045388300 
0.0000075 30362.354403 1049666500 
0.0000075 31608.289991 1019972400 
0.0000075 30556.990651 1024083600 
0.0000075 31225.613128 1022384500 
0.0000075 29924.212554 1012122700 
0.0000075 30354.798870 1026383200 
0.0000075 30758.653713 1053595600 
0.0000075 30285.645568 1017545000 
0.0000075 31416.938292 1008718900 
0.0000075 30800.050729 1019645700 
0.0000075 30756.430882 976676400 
0.0000075 29683.271400 1039497100 
0.0000075 32020.121845 1024092400 
0.0000075 30410.572925 1050863600 
0.0000075 31234.277669 1049594200 
0.0000075 30789.715358 1049785200 
0.0000075 30576.124610 992764500 
0.0000075 31796.218124 1031554200 
0.0000075 30672.085017 1005864000 
0.0000075 30418.356968 1038824300 
0.0000075 30790.135733 1014251400 
0.0000075 31726.599864 1009351600 
0.0000075 30816.685174 993493300 
0.0000075 30676.768129 1034977000 
0.0000075 31519.737454 988749800 
0.0000075 31115.411991 1070137500 
0.0000075 30975.880416 1008683900 
0.0000075 31687.890420 1020994400 
0.0000075 30763.285575 1037111900 
0.0000075 31708.325399 1037022700 
0.0000075 30481.227764 1034628400 
0.0000075 30094.101757 1021721500 
0.0000075 30736.246475 1012668800 
0.0000075 31180.244159 1012594600 
0.0000075 30508.273643 999926700 
0.0000075 30835.007240 1037041500 
0.0000075 30557.343510 989834500 
0.0000075 31176.355010 1047453700 
0.0000075 31407.960393 1042482300 
0.0000075 30860.202439 1042842300 
0.0000075 30718.611641 1051202400 
0.0000075 30895.616150 1007096900 
0.0000075 30940.208693 1046994800 
0.0000075 31140.086794 1072605400 
0.0000075 30823.677068 968784100 
0.0000075 31962.210497 1067274900 
0.0000075 31111.742468 1044848800 
0.0000075 31541.480460 1044592500 
0.0000075 30672.990017 986229900 
0.0000075 30658.976802 1039503500 
0.0000075 30814.253168 1016431500 
0.0000075 30808.131848 1034390200 
0.0000075 31463.895725 976851500 
0.0000075 30742.525610 1080977400 
0.0000075 31023.922914 977174200 
0.0000075 31247.096159 997900100 
0.0000075 30328.806497 1040942400 
0.0000075 31824.445825 1044470100 
0.0000075 30456.671292 1022304400 
0.0000075 31046.687281 1030929800 
0.0000075 30580.978741 1015969100 
0.0000075 30586.621928 1049168600 
0.0000075 31135.463925 1049459400 
0.0000075 31155.554330 997202000 
0.0000075 31135.354542 1071696700 
0.0000075 30995.347777 1028290800 
0.0000075 31370.415868 1015438900 
0.0000075 31083.487622 1051908100 
0.0000075 31542.515770 1086043800 
0.0000075 31150.835829 1036129600 
0.0000075 30610.462229 1005304700 
0.0000075 30682.893246 997718800 
0.0000075 31234.127158 1008780700 
0.0000075 30948.157298 1000415400 
0.0000075 30694.943081 1044898400 
0.0000075 31155.205720 1006265700 
0.0000075 30982.477463 1023235900 
0.0000075 30850.052484 988506900 
0.0000075 30940.538863 984432500 
0.0000075 30348.258452 993095500 
0.0000075 31104.627234 1035358100 
0.0000075 31669.828535 1005752100 
0.0000075 31121.825485 1015114300 
0.0000075 30912.073368 988120100 
0.0000075 31715.547732 988401800 
0.0000075 31259.951465 1052049300 
0.0000075 31060.765698 1018707200 
0.0000075 30398.492977 975256300 
0.0000075 30539.071384 1042208400 
0.0000075 31054.208455 1004858900 
0.0000075 31605.676097 1047779000 
0.0000075 31497.490084 1039604800 
0.0000075 31281.490951 989870600 
0.0000075 30561.841455 1001651600 
0.0000075 30935.748018 1068085900 
0.0000075 30522.976582 1051380000 
0.0000075 31498.117052 1055934300 
0.0000075 30670.206497 994732300 
0.0000075 30962.707717 1034385000 
0.0000075 31397.133111 993141000 
0.00000775 30787.980485 996414000 
0.00000775 31324.096789 965159900 
0.00000775 30833.693614 996533800 
0.00000775 30583.642637 993638900 
0.00000775 30354.007743 1017573900 
0.00000775 31766.508548 959307400 
0.00000775 30961.575267 1006415800 
0.00000775 31847.649773 978639600 
0.00000775 30818.922395 1001794300 
0.00000775 30463.010479 997359300 
0.00000775 31229.970244 947927700 
0.00000775 31017.652197 979159700 
0.00000775 30543.767921 1021967700 
0.00000775 31642.156965 966844400 
0.00000775 31134.069807 1010978000 
0.00000775 30986.195729 999433400 
0.00000775 30895.062461 934686500 
0.00000775 30847.939293 940655800 
0.00000775 30347.783032 972636100 
0.00000775 31501.959451 1025579900 
0.00000775 30860.981472 957381400 
0.00000775 31289.940365 996500500 
0.00000775 31498.048064 1011669800 
0.00000775 31445.277018 994403500 
0.00000775 30576.077231 964040800 
0.00000775 30950.404701 1012902400 
0.00000775 30699.449475 1013115100 
0.00000775 30807.020281 1032696700 
0.00000775 31402.605229 994955400 
0.00000775 30809.955047 997548800 
0.00000775 31766.457445 964126900 
0.00000775 30944.848343 1013293700 
0.00000775 30952.831249 1007042300 
0.00000775 30782.244640 1014932800 
0.00000775 30801.665430 982715800 
0.00000775 31883.288301 1027214100 
0.00000775 31239.294303 981825900 
0.00000775 30760.276484 1034782400 
0.00000775 30356.066717 954646200 
0.00000775 31001.374176 1015817400 
0.00000775 30335.093702 979388700 
0.00000775 31503.057528 1003991900 
0.00000775 31177.785668 1015219800 
0.00000775 30865.727847 1031538300 
0.00000775 31232.445872 984098900 
0.00000775 30411.571465 986139500 
0.00000775 31547.769995 1026096700 
0.00000775 31371.374916 957333100 
0.00000775 30032.301950 992073500 
0.00000775 31015.644468 994454500 
0.00000775 31135.930524 970048600 
0.00000775 31060.304411 1005706900 
0.00000775 30717.801985 977345100 
0.00000775 31025.955877 978021600 
0.00000775 31293.998953 985359200 
0.00000775 30789.719018 984421900 
0.00000775 31856.106186 1026375400 
0.00000775 31229.569763 985187600 
0.00000775 30510.202691 990807500 
0.00000775 31441.118207 996798500 
0.00000775 30806.167674 997519300 
0.00000775 31103.927455 999970900 
0.00000775 30943.241664 1036371800 
0.00000775 31057.070220 1003527000 
0.00000775 31056.279462 1008805800 
0.00000775 30822.747433 1027997800 
0.00000775 30827.899358 968724000 
0.00000775 30529.502410 977719700 
0.00000775 31237.379069 1028168800 
0.00000775 31477.311633 1031806900 
0.00000775 31347.620100 1029454600 
0.00000775 30584.385487 996821900 
0.00000775 31324.972246 985170700 
0.00000775 30551.524187 985537900 
0.00000775 30854.447374 1004911300 
0.00000775 30965.989299 1000913000 
0.00000775 31072.033883 1005556700 
0.00000775 30530.428030 1007951000 
0.00000775 30904.259898 996492900 
0.00000775 30628.587888 982196500 
0.00000775 30871.300445 1014600700 
0.00000775 30343.553462 965390900 
0.00000775 30549.461170 996032700 
0.00000775 31465.066571 992437200 
0.00000775 30693.966604 987912000 
0.00000775 30916.449614 975168600 
0.00000775 30942.546722 1037507900 
0.00000775 31496.487485 1007362900 
0.00000775 31307.126993 1003648000 
0.00000775 30731.020534 1003910400 
0.00000775 32032.456401 1001850900 
0.00000775 30505.381985 979163000 
0.00000775 30396.471782 990926100 
0.00000775 30864.772098 1007880000 
0.00000775 30937.835090 1024191000 
0.00000775 30332.252929 948150400 
0.00000775 30930.693422 1001135000 
0.00000775 31668.712312 1047001300 
0.00000775 29806.060610 1002254600 
0.00000775 31177.467197 1031761500 
0.000008 31021.264257 923661800 
0.000008 30469.970565 973729700 
0.000008 31620.467921 936677300 
0.000008 30762.504389 953959800 
0.000008 30735.371114 955552600 
0.000008 31050.086726 955675500 
0.000008 30145.406725 954415000 
0.000008 30547.320982 979046900 
0.000008 31756.052179 947840000 
0.000008 31585.327911 974217000 
0.000008 31256.539981 967835000 
0.000008 31243.578245 977018500 
0.000008 30598.378816 965680400 
0.000008 31208.976720 960960000 
0.000008 30804.546241 1022843700 
0.000008 30698.759460 981584800 
0.000008 31384.508791 984763000 
0.000008 31919.902128 955977700 
0.000008 30775.016803 966885600 
0.000008 30614.485817 936465800 
0.000008 30627.255756 968159900 
0.000008 31602.405315 928114000 
0.000008 31106.265644 963867000 
0.000008 30609.081564 938352300 
0.000008 29892.924594 963035500 
0.000008 30499.503497 978552400 
0.000008 30739.482421 960510800 
0.000008 30420.805785 950593500 
0.000008 30847.609145 969117800 
0.000008 30439.908972 996681400 
0.000008 31464.722989 971260500 
0.000008 31717.659519 925598400 
0.000008 30632.604966 953242500 
0.000008 30596.295159 955486600 
0.000008 31498.613757 979582700 
0.000008 30542.796987 1005918400 
0.000008 31857.288295 935798700 
0.000008 30931.000550 958180000 
0.000008 31522.836966 948255100 
0.000008 31209.646910 960988800 
0.000008 31941.302438 953846100 
0.000008 30648.035543 970136100 
0.000008 30749.289623 941390400 
0.000008 30601.942444 937124500 
0.000008 30725.539370 969214300 
0.000008 31737.225538 982962700 
0.000008 30936.261672 991068000 
0.000008 30491.471967 942193400 
0.000008 31376.540684 969746900 
0.000008 30590.421064 963107500 
0.000008 31629.915886 965593100 
0.000008 31128.763509 945231200 
0.000008 30993.354198 939629100 
0.000008 32070.648935 940259000 
0.000008 30737.836897 961160600 
0.000008 31856.102325 945300200 
0.000008 31337.383863 968591000 
0.000008 30438.425718 974178000 
0.000008 31047.698257 962888200 
0.000008 30838.832221 947148600 
0.000008 31313.403204 981271300 
0.000008 31590.740812 940660800 
0.000008 31203.690169 979174700 
0.000008 31374.334591 975381900 
0.000008 30042.696026 958195400 
0.000008 31330.796623 964600100 
0.000008 32053.797803 967141300 
0.000008 31883.506607 966731200 
0.000008 30701.360968 967343000 
0.000008 31323.053110 979294500 
0.000008 30433.884037 933247200 
0.000008 30785.631744 979012200 
0.000008 30653.583500 964523900 
0.000008 31591.487244 931962700 
0.000008 30495.381920 951159400 
0.000008 31325.108099 983984400 
0.000008 31656.743682 952660100 
0.000008 31380.137090 946124100 
0.000008 31889.521337 964694200 
0.000008 30492.066428 992924100 
0.000008 31078.506493 997606900 
0.000008 30677.032180 955917800 
0.000008 30561.749765 956301000 
0.000008 31252.690015 943223200 
0.000008 30329.367078 965367700 
0.000008 30697.291264 945363500 
0.000008 30444.480335 966406700 
0.000008 31078.700797 967420600 
0.000008 32006.957345 929808900 
0.000008 31441.596255 990970900 
0.000008 30519.809232 983357500 
0.000008 31156.123289 977262500 
0.000008 31018.181359 953257200 
0.000008 30827.358082 984954600 
0.000008 30148.806917 947651800 
0.000008 31978.651036 961322400 
0.000008 30638.247787 999228500 
0.000008 30956.380351 948395300 
0.000008 30370.287851 960779200 
0.000008 30859.323707 994229600 
0.00000825 30617.041456 941993500 
0.00000825 31541.297940 954197400 
0.00000825 30688.481729 960868400 
0.00000825 31107.815475 950435000 
0.00000825 29808.389460 934203100 
0.00000825 30803.513400 959184200 
0.00000825 31744.898186 966152100 
0.00000825 31332.621095 952849200 
0.00000825 30740.953406 913566300 
0.00000825 30974.685375 926697300 
0.00000825 30856.072114 923046200 
0.00000825 31067.472401 950190600 
0.00000825 31753.134437 959281300 
0.00000825 30108.226447 927680000 
0.00000825 31113.343127 943979000 
0.00000825 30681.275372 930125700 
0.00000825 30783.045061 928216600 
0.00000825 31556.322914 959011100 
0.00000825 31473.080791 947300900 
0.00000825 30472.507521 943480000 
0.00000825 31762.579545 970545900 
0.00000825 30253.031047 926460400 
0.00000825 30245.845201 909382300 
0.00000825 30639.232807 902163800 
0.00000825 30944.017343 938004600 
0.00000825 30852.728206 894967400 
0.00000825 30932.950292 932843600 
0.00000825 30511.815930 945669300 
0.00000825 31128.080335 945250200 
0.00000825 31832.829343 942890000 
0.00000825 31029.788661 910915100 
0.00000825 30907.219108 949197300 
0.00000825 31449.598216 899641400 
0.00000825 30959.078210 906687000 
0.00000825 31069.796057 940051800 
0.00000825 31716.947714 931185800 
0.00000825 30770.506890 908900500 
0.00000825 30868.853303 922639200 
0.00000825 30210.387742 949436400 
0.00000825 31735.562451 936526600 
0.00000825 30934.137168 944406200 
0.00000825 30851.469440 975357500 
0.00000825 30832.744975 959019700 
0.00000825 30682.697492 933965400 
0.00000825 30054.205010 941589600 
0.00000825 30882.619209 934042000 
0.00000825 31048.523666 977412800 
0.00000825 31011.294454 942721500 
0.00000825 30335.228906 959971600 
0.00000825 30595.291188 909331400 
0.00000825 30465.988756 963991900 
0.00000825 30580.372680 917882700 
0.00000825 30788.253787 931302000 
0.00000825 30674.558200 923875800 
0.00000825 31415.821568 933809500 
0.00000825 29805.488963 960034200 
0.00000825 30318.119323 960433000 
0.00000825 30642.552559 912724400 
0.00000825 30980.560969 921929300 
0.00000825 30861.772282 912818600 
0.00000825 30793.340849 972166900 
0.00000825 30723.744255 946771800 
0.00000825 31052.819655 905937200 
0.00000825 31299.922731 915214000 
0.00000825 31058.469806 966935400 
0.00000825 31755.582830 922024200 
0.00000825 30838.973213 931586600 
0.00000825 31189.430898 930480600 
0.00000825 30738.117455 937448300 
0.00000825 31024.450054 947339700 
0.00000825 30550.571760 945014500 
0.00000825 30735.808151 944112600 
0.00000825 30878.108485 950441100 
0.00000825 30519.647367 973144700 
0.00000825 30785.252210 917746600 
0.00000825 31130.682272 976348600 
0.00000825 30599.311564 932173700 
0.00000825 31009.596554 942016400 
0.00000825 30826.216132 908454800 
0.00000825 31173.996131 937549300 
0.00000825 30370.092468 943913500 
0.00000825 30532.484254 904693400 
0.00000825 31221.120858 937324700 
0.00000825 31162.123175 939007900 
0.00000825 31442.440997 962508000 
0.00000825 30650.137640 915482100 
0.00000825 31172.312008 973475900 
0.00000825 31486.786463 877329300 
0.00000825 31642.049503 909051900 
0.00000825 30858.499674 919012800 
0.00000825 30413.644872 935381300 
0.00000825 31286.734719 914946100 
0.00000825 31424.409019 961664600 
0.00000825 31197.661858 933726100 
0.00000825 31249.845019 930556400 
0.00000825 31857.534336 946553900 
0.00000825 30403.892173 950123400 
0.00000825 30338.212038 919764500 
0.00000825 30850.503239 947768500 
0.00000825 30807.911130 956983400 
0.0000085 31846.624818 913440700 
0.0000085 30929.118500 955894700 
0.0000085 30966.908644 912218100 
0.0000085 30882.799739 900799700 
0.0000085 30598.624873 873273900 
0.0000085 30979.258979 891259700 
0.0000085 30504.250621 908995600 
0.0000085 30971.685093 901636100 
0.0000085 30834.145721 924966700 
0.0000085 29956.025494 944034400 
0.0000085 30814.231434 918001200 
0.0000085 31387.131284 916663600 
0.0000085 30944.037677 892042800 
0.0000085 31441.338017 884377400 
0.0000085 30069.532898 888150300 
0.0000085 31010.002738 882876800 
0.0000085 30840.253486 958229700 
0.0000085 30732.588505 903601500 
0.0000085 30607.596552 894852600 
0.0000085 30673.772067 921497800 
0.0000085 30846.912127 900971800 
0.0000085 30604.760457 910242100 
0.0000085 30814.560799 896121400 
0.0000085 31402.682314 881586900 
0.0000085 30839.608254 923751900 
0.0000085 31087.692596 902254600 
0.0000085 31843.999902 934267400 
0.0000085 30773.647810 884735400 
0.0000085 30966.097277 881170500 
0.0000085 31302.850468 928473300 
0.0000085 30597.773526 871311300 
0.0000085 31099.761022 909209100 
0.0000085 30964.277883 878626800 
0.0000085 31101.046375 915427900 
0.0000085 31259.896325 914255700 
0.0000085 32517.979746 893570200 
0.0000085 31552.288143 904580900 
0.0000085 32145.208852 934931100 
0.0000085 30173.780151 880194200 
0.0000085 30942.990557 931769300 
0.0000085 31682.860435 927166900 
0.0000085 30399.250223 932263900 
0.0000085 31289.267496 902178500 
0.0000085 30951.477739 926961400 
0.0000085 30591.211058 933950900 
0.0000085 30548.421987 898164300 
0.0000085 30573.913199 890574100 
0.0000085 31428.376429 912840400 
0.0000085 30978.258007 924770400 
0.0000085 31224.534130 905382700 
0.0000085 31853.093280 901536800 
0.0000085 31138.329097 931119500 
0.0000085 31097.600156 896185400 
0.0000085 31333.796374 936439400 
0.0000085 31353.930284 911599400 
0.0000085 31066.449440 885761600 
0.0000085 30515.603810 910035400 
0.0000085 31184.220427 925993100 
0.0000085 30482.419288 892604300 
0.0000085 31611.581116 895667900 
0.0000085 31190.353672 921689500 
0.0000085 30766.054978 913630900 
0.0000085 30960.314683 911717900 
0.0000085 31217.087793 897637700 
0.0000085 31244.002735 882693200 
0.0000085 30937.636459 922506900 
0.0000085 31068.097887 907792100 
0.0000085 30746.891218 946276600 
0.0000085 30888.703506 880617300 
0.0000085 31305.098578 938061300 
0.0000085 31485.543910 933584400 
0.0000085 30927.174490 919855100 
0.0000085 30682.327533 957111300 
0.0000085 30864.742662 880840900 
0.0000085 31308.111471 865431400 
0.0000085 31186.608735 908859800 
0.0000085 30901.454821 917751100 
0.0000085 30837.977941 913018100 
0.0000085 31214.381571 927942100 
0.0000085 31506.156412 908140800 
0.0000085 31065.809751 940863800 
0.0000085 31396.658794 939755600 
0.0000085 31335.736525 935629300 
0.0000085 30388.539160 888087800 
0.0000085 30550.125757 893087400 
0.0000085 30905.517439 909338700 
0.0000085 30254.256643 940227800 
0.0000085 29985.086534 905020000 
0.0000085 31883.047113 918416200 
0.0000085 31693.411901 899381500 
0.0000085 31442.373173 896947300 
0.0000085 30600.977398 897812300 
0.0000085 30328.896001 913870400 
0.0000085 30948.419116 909021600 
0.0000085 31118.136269 913504300 
0.0000085 30482.032956 946848100 
0.0000085 30272.804769 886362200 
0.0000085 31318.738705 907311200 
0.0000085 30961.178222 947760300 
0.0000085 31438.572065 882445500 
0.00000875 31042.061757 868065500 
0.00000875 31358.267620 857725200 
0.00000875 30694.594078 877905000 
0.00000875 30639.594257 884028100 
0.00000875 30792.512065 908793900 
0.00000875 31457.951209 854021700 
0.00000875 30946.829221 873719000 
0.00000875 30981.698153 872902800 
0.00000875 31261.628858 846059300 
0.00000875 30921.896252 892497600 
0.00000875 30996.198276 873647000 
0.00000875 30725.212365 893663200 
0.00000875 30634.101995 867330400 
0.00000875 31110.208622 870323200 
0.00000875 30428.921045 889962500 
0.00000875 31095.612821 874040000 
0.00000875 31294.382592 878044900 
0.00000875 31473.839169 861744300 
0.00000875 31090.401425 878693100 
0.00000875 30649.241496 872684000 
0.00000875 30317.156707 877251400 
0.00000875 30690.677373 878186100 
0.00000875 30589.487704 859942300 
0.00000875 31411.762296 875936200 
0.00000875 31120.947852 844996700 
0.00000875 31235.285775 888809400 
0.00000875 31058.758762 878834800 
0.00000875 31411.553960 897177900 
0.00000875 31111.813025 896429100 
0.00000875 30619.464327 888388300 
0.00000875 30224.248831 899149600 
0.00000875 30918.704682 869727100 
0.00000875 31293.935286 907121100 
0.00000875 31135.289791 890681100 
0.00000875 31363.419853 882127900 
0.00000875 30980.303596 904193100 
0.00000875 31408.620740 852784500 
0.00000875 31698.336303 881622200 
0.00000875 31639.798520 900155200 
0.00000875 31083.182775 881562900 
0.00000875 30952.195300 854904700 
0.00000875 30925.747773 856827200 
0.00000875 31117.420715 854406300 
0.00000875 31261.105467 881239600 
0.00000875 30553.038606 872740900 
0.00000875 30118.247079 854817500 
0.00000875 31833.054942 828070400 
0.00000875 31113.162995 867310400 
0.00000875 30831.667662 881297600 
0.00000875 31149.615062 880450200 
0.00000875 32196.014086 871556200 
0.00000875 31324.036914 896177600 
0.00000875 31304.992689 849009500 
0.00000875 30923.439375 873801200 
0.00000875 30363.583226 860706900 
0.00000875 30642.572895 857267500 
0.00000875 31564.385442 895597800 
0.00000875 31126.267252 899864800 
0.00000875 31169.339451 902889300 
0.00000875 31244.127631 847280200 
0.00000875 31052.801783 872327400 
0.00000875 31067.681197 882614100 
0.00000875 30452.701395 866375600 
0.00000875 30440.876497 883330600 
0.00000875 30769.660420 848686300 
0.00000875 30765.911922 864806800 
0.00000875 30905.667411 880391900 
0.00000875 31176.686574 864729600 
0.00000875 30839.282300 876160500 
0.00000875 31083.075695 897914300 
0.00000875 31033.924652 898899200 
0.00000875 30787.427391 855721200 
0.00000875 31322.969724 864206600 
0.00000875 31402.376457 855844500 
0.00000875 31689.728397 913574300 
0.00000875 30969.319468 868157300 
0.00000875 31983.351419 883469600 
0.00000875 30472.862183 896169200 
0.00000875 31287.294377 886017900 
0.00000875 31239.726878 888229000 
0.00000875 30591.563037 891620400 
0.00000875 30326.340099 897959800 
0.00000875 30924.468377 904711000 
0.00000875 31503.270243 844364400 
0.00000875 31369.887299 892595400 
0.00000875 31509.599175 895025200 
0.00000875 31543.674493 884139500 
0.00000875 31497.430120 921806600 
0.00000875 30861.438971 869145100 
0.00000875 31391.667899 888699700 
0.00000875 31451.327911 882691500 
0.00000875 30999.870948 906454900 
0.00000875 30784.804358 881182100 
0.00000875 31149.707301 891881300 
0.00000875 31798.198837 888569500 
0.00000875 31216.401169 900508100 
0.00000875 31203.013559 881108000 
0.00000875 31777.002444 858417800 
0.00000875 32090.510134 886021500 
0.00000875 31131.975233 861200800 
0.000009 32149.078679 879529000 
0.000009 30314.282285 889391600 
0.000009 30767.818035 858699600 
0.000009 30841.167320 830513900 
0.000009 30945.370798 848731300 
0.000009 31297.107428 905917900 
0.000009 30597.680413 881014700 
0.000009 30874.647589 864649600 
0.000009 31479.563351 833719300 
0.000009 30854.965763 836957000 
0.000009 30619.239217 861850900 
0.000009 30363.792747 838277200 
0.000009 30967.276127 864082200 
0.000009 31985.454444 882528500 
0.000009 30546.424470 846927600 
0.000009 31207.312898 882929200 
0.000009 31071.746868 896584300 
0.000009 30924.581568 835868500 
0.000009 31660.069129 856431200 
0.000009 31025.035456 852516800 
0.000009 30789.421372 865883100 
0.000009 30720.100296 861116900 
0.000009 31633.841331 841851000 
0.000009 31792.898218 847481900 
0.000009 31359.682941 833918000 
0.000009 30828.232106 877099200 
0.000009 31806.607731 853684800 
0.000009 30849.346772 856277200 
0.000009 31022.131428 873099600 
0.000009 31167.870637 866810500 
0.000009 30435.025823 868397800 
0.000009 30706.358461 850612300 
0.000009 30749.928119 876654900 
0.000009 30873.507478 846079300 
0.000009 31385.715300 868652500 
0.000009 32223.212800 845949200 
0.000009 30975.075869 862891100 
0.000009 31207.728842 853773100 
0.000009 31238.547055 870325200 
0.000009 31034.303630 837097300 
0.000009 31220.026120 866661600 
0.000009 30161.305146 896167900 
0.000009 30729.987809 872860600 
0.000009 31191.687470 878100800 
0.000009 30650.790996 834913000 
0.000009 31223.453607 831753400 
0.000009 31388.840515 848622100 
0.000009 30619.692162 847881600 
0.000009 30908.123750 846894100 
0.000009 31181.941407 846436000 
0.000009 31184.181364 833943500 
0.000009 30416.498424 848254100 
0.000009 31022.681033 878196400 
0.000009 31138.002424 851124200 
0.000009 30950.084684 855800900 
0.000009 30452.082077 849334900 
0.000009 30485.495020 837215400 
0.000009 32195.944635 843760800 
0.000009 31314.082131 824741000 
0.000009 31948.639392 862458300 
0.000009 31938.068675 875407000 
0.000009 31220.274200 849635500 
0.000009 30711.632835 884745700 
0.000009 30945.593231 857718500 
0.000009 31693.598916 868308400 
0.000009 30923.304096 887166300 
0.000009 30940.337165 838541500 
0.000009 30862.579635 845675300 
0.000009 31494.102001 855985300 
0.000009 31367.858705 846802800 
0.000009 30759.785648 864441300 
0.000009 31304.813687 813668000 
0.000009 30712.021708 869312800 
0.000009 31281.030141 845480000 
0.000009 31684.181760 876211300 
0.000009 31497.120545 860522100 
0.000009 31244.432236 876142300 
0.000009 30826.518737 859935400 
0.000009 31514.152670 847964900 
0.000009 30336.467940 856182900 
0.000009 31256.693286 835243000 
0.000009 30266.765072 863465200 
0.000009 31583.917504 873838400 
0.000009 30592.915493 833318700 
0.000009 31131.432030 851065300 
0.000009 30695.250443 865711400 
0.000009 31361.352890 837315200 
0.000009 31072.395503 881966400 
0.000009 31536.059030 860298400 
0.000009 30908.544328 863903200 
0.000009 31758.338881 830436800 
0.000009 31517.166992 845484300 
0.000009 31499.705541 855886800 
0.000009 31279.498847 866551600 
0.000009 30614.815573 871812000 
0.000009 30804.340556 850315600 
0.000009 31172.050487 846758000 
0.000009 30292.346094 862177000 
0.000009 31249.923064 877026500 
0.000009 31229.017397 861755000 
0.00000925 31200.625743 836580900 
0.00000925 31162.430133 861945300 
0.00000925 31265.500699 838274100 
0.00000925 30927.859011 827135400 
0.00000925 30935.055843 821524500 
0.00000925 31438.083422 851030500 
0.00000925 30465.131694 866158500 
0.00000925 30542.974643 847038300 
0.00000925 31652.471147 836316300 
0.00000925 30690.402317 825495200 
0.00000925 31142.169702 800195800 
0.00000925 31341.642591 842700600 
0.00000925 30674.891369 802874600 
0.00000925 30282.421162 830003900 
0.00000925 30237.117031 807812700 
0.00000925 30648.513538 828377600 
0.00000925 30486.353158 832560600 
0.00000925 30719.435998 831856800 
0.00000925 30941.675475 848907600 
0.00000925 30835.698583 820497200 
0.00000925 30314.147306 815116600 
0.00000925 31578.056929 829467600 
0.00000925 31134.680252 834675100 
0.00000925 31869.829662 821139300 
0.00000925 30710.842348 834434500 
0.00000925 30928.530897 856340100 
0.00000925 31286.037636 840276400 
0.00000925 31685.621457 837444500 
0.00000925 31530.811446 823395600 
0.00000925 30999.051358 829393000 
0.00000925 31132.898518 820251400 
0.00000925 30426.631171 837399900 
0.00000925 30977.091634 837356800 
0.00000925 31005.476060 840147500 
0.00000925 31101.331656 833286400 
0.00000925 31480.841495 784261300 
0.00000925 31017.324706 829774600 
0.00000925 31529.551804 836137100 
0.00000925 30958.608424 837651600 
0.00000925 30221.627773 797715900 
0.00000925 30953.200672 823556800 
0.00000925 30574.931879 840424600 
0.00000925 31875.752396 834777200 
0.00000925 30956.337034 817863300 
0.00000925 31269.040111 832066700 
0.00000925 31861.188812 827631100 
0.00000925 31336.481924 869222400 
0.00000925 31224.394098 850664800 
0.00000925 30952.837572 835884400 
0.00000925 31501.465741 834110600 
0.00000925 31773.983021 820056800 
0.00000925 30714.810931 848398100 
0.00000925 31197.453747 823896800 
0.00000925 31001.748484 792134700 
0.00000925 30861.685842 859575700 
0.00000925 31207.798671 853245200 
0.00000925 31024.462865 824151400 
0.00000925 31245.632009 858906900 
0.00000925 30689.614454 829640700 
0.00000925 30259.332717 827381300 
0.00000925 30968.305292 868708700 
0.00000925 30413.688396 842306600 
0.00000925 31687.258471 838116300 
0.00000925 31395.654014 819705700 
0.00000925 31162.291164 838403100 
0.00000925 31144.811051 810992500 
0.00000925 31254.776591 816544300 
0.00000925 31233.672306 849838000 
0.00000925 30420.404096 811895600 
0.00000925 30597.388780 844298300 
0.00000925 31392.046101 805780100 
0.00000925 30351.839321 843732200 
0.00000925 31131.607560 852482500 
0.00000925 30628.708529 801619500 
0.00000925 30838.820558 804185300 
0.00000925 30912.469676 878665900 
0.00000925 31240.776288 816618700 
0.00000925 31255.397175 848843200 
0.00000925 31435.951815 856867300 
0.00000925 30889.803309 833104000 
0.00000925 31566.069162 847802400 
0.00000925 30637.019140 858446700 
0.00000925 31313.462528 836937600 
0.00000925 31159.463268 860617000 
0.00000925 31078.177910 837212800 
0.00000925 30792.923038 819985200 
0.00000925 31679.580614 816867700 
0.00000925 30105.672478 801970200 
0.00000925 30645.177317 837116700 
0.00000925 31677.427614 831713500 
0.00000925 30836.391053 792601700 
0.00000925 30954.082410 844424900 
0.00000925 30800.836231 836928300 
0.00000925 31276.827482 824715300 
0.00000925 31724.016717 815657300 
0.00000925 31463.718198 858053300 
0.00000925 31541.307009 851843300 
0.00000925 30851.274950 865396400 
0.00000925 31009.927895 841279300 
0.00000925 31056.829946 830270400 
0.0000095 29943.382598 792694100 
0.0000095 31089.141944 821754500 
0.0000095 30648.778496 800121900 
0.0000095 31033.474005 824017500 
0.0000095 30500.418337 801277000 
0.0000095 30764.126519 821069300 
0.0000095 31534.375949 812588900 
0.0000095 31195.952155 817721400 
0.0000095 31247.298674 792680500 
0.0000095 30671.563032 804412200 
0.0000095 30892.246020 801888900 
0.0000095 31713.342889 812136400 
0.0000095 30524.040049 810610400 
0.0000095 31445.278334 797466400 
0.0000095 31654.154130 786682900 
0.0000095 30809.912875 816565200 
0.0000095 31073.604111 775248600 
0.0000095 31949.853343 823306400 
0.0000095 30656.572271 818070500 
0.0000095 30973.177206 817686400 
0.0000095 31164.907797 813882400 
0.0000095 31779.933604 803714200 
0.0000095 30002.919592 803798900 
0.0000095 30383.294023 842669700 
0.0000095 31178.402257 797509900 
0.0000095 31380.552449 776043300 
0.0000095 30975.499202 850449400 
0.0000095 30823.802918 829531900 
0.0000095 31493.067438 796740100 
0.0000095 31599.618182 811877700 
0.0000095 30522.285884 815294700 
0.0000095 31248.798303 791053600 
0.0000095 30303.304922 806291700 
0.0000095 30684.264387 836658200 
0.0000095 31332.120713 806887200 
0.0000095 31785.451359 824013600 
0.0000095 30684.100442 844600300 
0.0000095 31044.420483 809486100 
0.0000095 31009.641819 810440600 
0.0000095 31288.529861 776882200 
0.0000095 31432.941505 834003000 
0.0000095 31224.359368 821956100 
0.0000095 30681.691389 831304100 
0.0000095 30651.544892 786393600 
0.0000095 30831.403856 793404100 
0.0000095 31360.029291 812382200 
0.0000095 30492.258593 807598400 
0.0000095 30803.236764 821639800 
0.0000095 30875.044851 829627400 
0.0000095 30894.639942 822817500 
0.0000095 30775.803265 798666400 
0.0000095 31107.245120 792351600 
0.0000095 30030.295844 811922500 
0.0000095 31699.493393 824515900 
0.0000095 30989.521786 798688900 
0.0000095 30664.366375 785142200 
0.0000095 31180.434511 801016000 
0.0000095 30955.339381 806601800 
0.0000095 30172.756876 818177500 
0.0000095 31568.368203 804119600 
0.0000095 31609.480431 818592100 
0.0000095 31451.211960 781741900 
0.0000095 31175.854310 779126500 
0.0000095 30448.937849 815491800 
0.0000095 30624.928971 803229200 
0.0000095 30476.194472 814694100 
0.0000095 30998.416400 783747900 
0.0000095 31609.050680 808477000 
0.0000095 30912.620297 786958800 
0.0000095 31301.341332 817633600 
0.0000095 30124.360959 818763800 
0.0000095 30648.196943 793719900 
0.0000095 31472.473469 808362900 
0.0000095 30300.750461 802929400 
0.0000095 31368.972911 805140800 
0.0000095 31254.098758 827280800 
0.0000095 31000.860930 821338300 
0.0000095 31004.529377 826233100 
0.0000095 31909.659471 798946700 
0.0000095 30927.250667 798817400 
0.0000095 31193.852736 787829200 
0.0000095 30398.967327 811135800 
0.0000095 30949.807372 792812200 
0.0000095 31402.267063 797156200 
0.0000095 31040.697091 807251500 
0.0000095 30550.435281 823440000 
0.0000095 31229.678859 832838900 
0.0000095 31049.807886 836939400 
0.0000095 30907.990481 811011900 
0.0000095 31257.422472 822794900 
0.0000095 31054.123843 821838600 
0.0000095 31278.898127 853941100 
0.0000095 30651.614141 794695700 
0.0000095 31323.531282 815869800 
0.0000095 30745.031114 831297800 
0.0000095 30387.046066 835173600 
0.0000095 31730.649430 800512900 
0.0000095 31375.061663 837429800 
0.0000095 30415.410135 823097100 
0.0000095 31567.968383 813284500 
0.00000975 31537.366778 783430300 
0.00000975 31004.394044 802657700 
0.00000975 30559.783304 763770300 
0.00000975 31088.501761 782422600 
0.00000975 31002.295290 763134300 
0.00000975 31218.084698 813363400 
0.00000975 31819.170729 815420200 
0.00000975 31303.846231 768059200 
0.00000975 30087.915724 787939200 
0.00000975 30665.466223 771432000 
0.00000975 31041.232071 806499100 
0.00000975 32114.019898 773974400 
0.00000975 31024.941934 789059600 
0.00000975 31661.297897 795426600 
0.00000975 31036.890851 771825600 
0.00000975 31109.765090 781588800 
0.00000975 31624.204003 811496900 
0.00000975 31518.501980 783609700 
0.00000975 31643.860671 810794100 
0.00000975 31283.663551 793681400 
0.00000975 31791.293431 807669800 
0.00000975 30906.005556 805529400 
0.00000975 30148.764015 768425000 
0.00000975 29944.604793 825614500 
0.00000975 31382.220226 770953600 
0.00000975 30607.727070 817422000 
0.00000975 30828.099031 760303300 
0.00000975 30095.536417 758625600 
0.00000975 30969.460609 809005400 
0.00000975 31624.997282 773219700 
0.00000975 30665.234343 825338300 
0.00000975 31335.083294 789113300 
0.00000975 30745.961661 828872300 
0.00000975 30731.619396 813169700 
0.00000975 30706.762842 773039500 
0.00000975 30809.924941 774457500 
0.00000975 30458.778220 783150300 
0.00000975 31165.710002 793285500 
0.00000975 31280.766859 775717800 
0.00000975 30644.499958 819566600 
0.00000975 31899.954003 800889900 
0.00000975 31229.528520 783597900 
0.00000975 30214.750017 793097100 
0.00000975 30408.701648 797050400 
0.00000975 30812.909736 789836800 
0.00000975 30983.634998 784251000 
0.00000975 31770.789762 777869900 
0.00000975 30808.739589 817041900 
0.00000975 31031.229934 798788500 
0.00000975 30907.252792 770074000 
0.00000975 31290.914175 800875800 
0.00000975 31248.427264 816957400 
0.00000975 31353.946913 761584400 
0.00000975 30857.899753 836367800 
0.00000975 30771.529417 783113700 
0.00000975 30684.617513 795004800 
0.00000975 31446.952227 787083000 
0.00000975 31083.401739 786037600 
0.00000975 31224.608678 782125000 
0.00000975 30474.127681 778210100 
0.00000975 30731.980963 828643500 
0.00000975 30704.163052 801051600 
0.00000975 31210.972259 793401700 
0.00000975 30359.745454 807541900 
0.00000975 30879.433447 796552000 
0.00000975 30565.512284 776591900 
0.00000975 31236.048636 784475000 
0.00000975 30884.476221 797857000 
0.00000975 30582.205115 794923400 
0.00000975 30882.239526 780663500 
0.00000975 31615.333735 759716400 
0.00000975 31582.895023 770529400 
0.00000975 30980.562350 790440500 
0.00000975 31081.011867 774746500 
0.00000975 30558.037402 786626100 
0.00000975 31866.333788 793094000 
0.00000975 31510.215294 783661000 
0.00000975 30225.151768 783665800 
0.00000975 30991.607396 804249300 
0.00000975 30748.289192 802913900 
0.00000975 31682.104073 794817200 
0.00000975 31553.447703 760688100 
0.00000975 31921.937423 790637100 
0.00000975 30158.067030 758552900 
0.00000975 30766.699825 821524300 
0.00000975 30753.396918 800784900 
0.00000975 31336.756352 810693600 
0.00000975 31102.852133 798608400 
0.00000975 31253.404274 779691200 
0.00000975 30283.961390 768621000 
0.00000975 30620.489975 771227500 
0.00000975 30605.714927 795595500 
0.00000975 31278.905486 779229300 
0.00000975 31348.088743 793154300 
0.00000975 30865.112436 822544800 
0.00000975 31490.130813 766788900 
0.00000975 31548.646517 779354600 
0.00000975 30482.562178 765468400 
0.00000975 30571.757123 770618300 
0.00000975 30860.945148 791236500 
0.0000001 29948.607365 76425119700 
0.0000001 30329.914783 74913729000 
0.0000001 30177.738717 73035568300 
0.0000001 30188.730878 73515272300 
0.0000001 29764.222852 76732893100 
0.0000001 30002.490273 75487931900 
0.0000001 29800.795675 74815286900 
0.0000001 30858.957961 73673149200 
0.0000001 29739.229409 73606735600 
0.0000001 30107.053374 74803176700 
0.0000001 30218.398600 74885641600 
0.0000001 30587.541769 76519265600 
0.0000001 29830.838993 76698414100 
0.0000001 30720.799126 75614590900 
0.0000001 30411.691597 73596353700 
0.0000001 30691.144284 76591728800 
0.0000001 30150.858208 76046296500 
0.0000001 30264.547003 78302289000 
0.0000001 30660.762948 75438394500 
0.0000001 30160.197709 77287026100 
0.0000001 30104.576243 75789564300 
0.0000001 30292.392873 76888606600 
0.0000001 30101.025957 74335978500 
0.0000001 30059.596079 74517702100 
0.0000001 30264.430555 77394176000 
0.0000001 30291.571334 75449152000 
0.0000001 30291.725488 74286024800 
0.0000001 30150.738620 74930955400 
0.0000001 30123.416420 73534482700 
0.0000001 30415.444729 74696558600 
0.0000001 30364.985480 76632360700 
0.0000001 30409.166258 77647171800 
0.0000001 30806.817337 74907064200 
0.0000001 30631.674474 73857449600 
0.0000001 30533.492957 76567786700 
0.0000001 30044.888726 73930534500 
0.0000001 30012.848504 75686064600 
0.0000001 30714.165401 77340789400 
0.0000001 30382.290474 74785370300 
0.0000001 29877.971334 74737707200 
0.0000001 30157.701745 78889277800 
0.0000001 30342.626947 73975025600 
0.0000001 30230.992336 72890414600 
0.0000001 30228.821160 75790354800 
0.0000001 30234.889735 75537784300 
0.0000001 30067.038487 76652758200 
0.0000001 30117.442060 80126411300 
0.0000001 30364.930702 75506119400 
0.0000001 30372.519918 75854197300 
0.0000001 29561.926553 77582581000 
0.0000001 30013.699286 76176257000 
0.0000001 30111.530951 75668211700 
0.0000001 29670.390470 77511968000 
0.0000001 30741.641462 74670031300 
0.0000001 29714.024058 77125276300 
0.0000001 29953.901297 73823664800 
0.0000001 30052.043636 78084262800 
0.0000001 29762.656943 74504942500 
0.0000001 30202.435618 74775331700 
0.0000001 30190.146416 75433929200 
0.0000001 30238.911727 78344595400 
0.0000001 30439.205938 77972634400 
0.0000001 30038.330538 79628195900 
0.0000001 30836.129088 77736259300 
0.0000001 30438.919995 75611599000 
0.0000001 29814.999738 74024430500 
0.0000001 30070.437353 74604490900 
0.0000001 29881.811263 75621490900 
0.0000001 29866.269872 74581592900 
0.0000001 30038.611784 75270527200 
0.0000001 29889.653561 74536607200 
0.0000001 29861.272302 76519840700 
0.0000001 30285.925576 75633505100 
0.0000001 30280.614129 75874997500 
0.0000001 30058.864810 75697586400 
0.0000001 30675.796788 76706012000 
0.0000001 30335.854575 76467684200 
0.0000001 30712.317024 75873835900 
0.0000001 30103.013372 76056958100 
0.0000001 29966.738549 73481074000 
0.0000001 30739.146823 75886391400 
0.0000001 30611.666330 76118870100 
0.0000001 29870.396941 76995686500 
0.0000001 30099.284314 75122831100 
0.0000001 30248.123809 74711299000 
0.0000001 30150.986896 75609289400 
0.0000001 29895.991342 75053586800 
0.0000001 29650.734807 77768743900 
0.0000001 30392.460814 75045940700 
0.0000001 30623.524765 78327062900 
0.0000001 30444.152057 75242572900 
0.0000001 29883.411289 76580054400 
0.0000001 29936.236624 75680040000 
0.0000001 30452.003644 75511292100 
0.0000001 29896.557226 76950013700 
0.0000001 30015.543152 74963065000 
0.0000001 30121.881227 73805244300 
0.0000001 30217.450556 76807966400 
0.0000001 29965.452612 77384989800 
0.0000001 30320.976021 76267516200 
0.000000125 29891.134398 61296679800 
0.000000125 30050.103168 58812398400 
0.000000125 30358.180271 61119705900 
0.000000125 30544.107363 60595470700 
0.000000125 30509.985803 62713792500 
0.000000125 30709.404841 61274549000 
0.000000125 30139.927613 60680307100 
0.000000125 30418.321065 61403944400 
0.000000125 30094.284344 60980849600 
0.000000125 30160.293738 60803477000 
0.000000125 29892.112906 60138370700 
0.000000125 30402.359410 59930735500 
0.000000125 30389.746466 58810959200 
0.000000125 30138.459002 60022808300 
0.000000125 30038.400894 59804786300 
0.000000125 29783.798841 60366966300 
0.000000125 30821.064915 60649386400 
0.000000125 30458.397483 58633953900 
0.000000125 30511.223417 60452411400 
0.000000125 30704.799333 61036693600 
0.000000125 30441.031012 59449999200 
0.000000125 30437.951320 61781883200 
0.000000125 29720.117341 60217502400 
0.000000125 31322.446831 63833997800 
0.000000125 30440.332926 61237981600 
0.000000125 30329.883074 60609816200 
0.000000125 30356.383924 61568373200 
0.000000125 30408.798700 60089956400 
0.000000125 30048.181942 60460141600 
0.000000125 30020.522801 58710473100 
0.000000125 30592.995473 58782547400 
0.000000125 30261.878059 60788076900 
0.000000125 30105.082025 61602502200 
0.000000125 30675.679779 61482590400 
0.000000125 30288.893917 59784125200 
0.000000125 30180.402698 60726477700 
0.000000125 30114.422779 60175317800 
0.000000125 30804.063626 61903550900 
0.000000125 30362.565023 61218273900 
0.000000125 30148.393682 60029521200 
0.000000125 30350.387996 59308096500 
0.000000125 30347.690967 60939024800 
0.000000125 30398.761214 61524105500 
0.000000125 30221.098137 59962358700 
0.000000125 30767.843742 60621997700 
0.000000125 30303.741085 60724220000 
0.000000125 30878.527504 58757348300 
0.000000125 30856.562595 60319195100 
0.000000125 29904.425605 59978827700 
0.000000125 30828.890460 60008984800 
0.000000125 30286.934441 62474072900 
0.000000125 29987.249556 61124318600 
0.000000125 30186.647269 60926528200 
0.000000125 30509.342418 59762771400 
0.000000125 30052.463861 60408508900 
0.000000125 29895.654849 60942429400 
0.000000125 29970.792094 59025923900 
0.000000125 30392.587551 60057963000 
0.000000125 29964.852715 59199177000 
0.000000125 30029.823509 60736556000 
0.000000125 31001.112289 60114233500 
0.000000125 30868.082671 61861585300 
0.000000125 30465.381397 59760854000 
0.000000125 30336.245562 60470528900 
0.000000125 30247.718245 61334972500 
0.000000125 30067.028531 63191222000 
0.000000125 29703.153769 59668793900 
0.000000125 30028.888058 62092175600 
0.000000125 30252.724500 60987296400 
0.000000125 30576.558712 59894097500 
0.000000125 30020.606715 60493728300 
0.000000125 30272.497065 61971141400 
0.000000125 29750.820513 61543038100 
0.000000125 30521.263058 61420671000 
0.000000125 30238.764687 59605392500 
0.000000125 29894.713773 60166616700 
0.000000125 30428.760413 59746623600 
0.000000125 29889.264803 59646627000 
0.000000125 30195.395808 61426954700 
0.000000125 29744.156381 61829965400 
0.000000125 30190.202601 59553004300 
0.000000125 29882.879959 59786092500 
0.000000125 30391.296801 61401372500 
0.000000125 30809.744342 63369911800 
0.000000125 30210.657838 62186903000 
0.000000125 30641.704546 61509462900 
0.000000125 30597.064634 63194692900 
0.000000125 30821.152293 61222408400 
0.000000125 30856.393505 63347197600 
0.000000125 30045.101195 60735974600 
0.000000125 30000.880959 59286452100 
0.000000125 30477.040941 61471269600 
0.000000125 30172.681678 61529074400 
0.000000125 29921.489985 61439692400 
0.000000125 30911.340348 61871876700 
0.000000125 30432.212761 60475095100 
0.000000125 29860.903033 62282940900 
0.000000125 30395.785576 60455465800 
0.000000125 29846.063302 59486960600 
0.000000125 31202.348235 59149678500 
0.00000015 30623.685876 51432449800 
0.00000015 30584.955100 50022336400 
0.00000015 30960.046855 48139561700 
0.00000015 30697.987772 50799474300 
0.00000015 30126.889114 49478084300 
0.00000015 30405.661538 51202686300 
0.00000015 30157.833300 49793739800 
0.00000015 29916.378279 49635188000 
0.00000015 30660.015904 51640760100 
0.00000015 30108.577027 50373256000 
0.00000015 29752.073576 48982649600 
0.00000015 31042.904863 50803190900 
0.00000015 30613.573185 52728843600 
0.00000015 30293.937070 53001383400 
0.00000015 30597.855643 49646758500 
0.00000015 30058.360540 50401639100 
0.00000015 31038.364111 50286275400 
0.00000015 30679.020849 49414628100 
0.00000015 30522.269504 50897217800 
0.00000015 30173.020157 51340816600 
0.00000015 30164.674433 51344899600 
0.00000015 31045.987061 49774617300 
0.00000015 29907.719867 50421344200 
0.00000015 30469.883267 52425873000 
0.00000015 30758.694598 50497446400 
0.00000015 30615.406370 52274894700 
0.00000015 29682.080221 50049594200 
0.00000015 30019.812719 50848522700 
0.00000015 30245.499941 49862135900 
0.00000015 30211.908253 51566476200 
0.00000015 29921.913227 49969785300 
0.00000015 29996.942856 51702203200 
0.00000015 30404.202255 51381892800 
0.00000015 30884.254740 50445431400 
0.00000015 30828.480966 52280262500 
0.00000015 30737.571907 50024086800 
0.00000015 30089.873282 50487774400 
0.00000015 29899.574905 49914591900 
0.00000015 30850.098330 51104920400 
0.00000015 29868.481905 50036362200 
0.00000015 30320.833764 52411806800 
0.00000015 31216.685625 49191380100 
0.00000015 29916.364382 49967837900 
0.00000015 29588.895802 50008123600 
0.00000015 30382.905393 50588325400 
0.00000015 30359.575175 51039470200 
0.00000015 30318.549045 49392330400 
0.00000015 30471.203991 51384079700 
0.00000015 30631.262914 50236175600 
0.00000015 30178.024213 52309841200 
0.00000015 30484.331745 50816742200 
0.00000015 30339.683795 50840263900 
0.00000015 30421.364645 49264920700 
0.00000015 29988.462594 49159440600 
0.00000015 30226.619710 51211359500 
0.00000015 30349.028107 50068125800 
0.00000015 30017.639595 50513208100 
0.00000015 30184.457521 49935811600 
0.00000015 30897.336559 50829407500 
0.00000015 30314.917313 52010085700 
0.00000015 29716.191218 51529085400 
0.00000015 30639.124592 50082664300 
0.00000015 30428.012133 48998970600 
0.00000015 30254.039962 51329784200 
0.00000015 30808.793613 49819130000 
0.00000015 30118.905131 51214204200 
0.00000015 30597.218657 51965204900 
0.00000015 30560.152298 50612845100 
0.00000015 30047.058656 50554017700 
0.00000015 29887.515011 51013316200 
0.00000015 29770.807554 51814706900 
0.00000015 30587.926175 50480448600 
0.00000015 29921.200906 50668813000 
0.00000015 30240.508428 49281291700 
0.00000015 29805.126450 51683742800 
0.00000015 30073.566268 51721362300 
0.00000015 30388.384132 49111756000 
0.00000015 30237.384113 49514062600 
0.00000015 30377.958292 49307974500 
0.00000015 30129.635787 49073380800 
0.00000015 30625.352515 51396097700 
0.00000015 30619.001918 51642696700 
0.00000015 30762.397951 51335809500 
0.00000015 30091.464223 50955529200 
0.00000015 30655.536132 48639871200 
0.00000015 30596.483939 50743993700 
0.00000015 30221.728434 50136057100 
0.00000015 30191.552318 50311765300 
0.00000015 30236.283559 51023228500 
0.00000015 30218.851962 51789597200 
0.00000015 30215.672222 49081094400 
0.00000015 29957.783633 51105525700 
0.00000015 29831.571844 50834770100 
0.00000015 30286.367910 50171328000 
0.00000015 30164.321043 51728402800 
0.00000015 30076.067421 51194885800 
0.00000015 29969.689437 50426684000 
0.00000015 30169.562071 49486640800 
0.00000015 30086.086481 50254690000 
0.00000015 30432.368434 51251745400 
0.000000175 30467.073298 41971758300 
0.000000175 29940.572751 44124083100 
0.000000175 30421.844643 42648436800 
0.000000175 30124.309126 43345666600 
0.000000175 30411.099525 43873432400 
0.000000175 30179.978923 43156358500 
0.000000175 30980.001659 44284536700 
0.000000175 29695.086516 41779392800 
0.000000175 29872.983124 43768085000 
0.000000175 31087.940556 44202194500 
0.000000175 29854.159805 42591614700 
0.000000175 30633.487442 42142691000 
0.000000175 30578.650021 43713677200 
0.000000175 30304.504729 41586363300 
0.000000175 30112.238840 43613047800 
0.000000175 30010.385852 42402098600 
0.000000175 30194.746382 42389743000 
0.000000175 30165.564568 41778907400 
0.000000175 30194.175840 42343714700 
0.000000175 31141.673145 43518961000 
0.000000175 30432.822800 44768524900 
0.000000175 30754.319900 44214085500 
0.000000175 30080.125845 42206660700 
0.000000175 30380.253016 43961983500 
0.000000175 30109.560066 42711639400 
0.000000175 30251.098913 43910248500 
0.000000175 30065.872318 43839238700 
0.000000175 29801.912759 43997360800 
0.000000175 29897.357294 44232354400 
0.000000175 30016.795397 44966240900 
0.000000175 30104.764248 43756035000 
0.000000175 30253.195951 42832059000 
0.000000175 29983.855007 43383423200 
0.000000175 30235.224634 41370627300 
0.000000175 29824.760444 43164224000 
0.000000175 30303.411832 44901455000 
0.000000175 30364.416831 44959602700 
0.000000175 30791.652488 45098676800 
0.000000175 29804.989801 42559934900 
0.000000175 29713.852244 43909608700 
0.000000175 30706.414428 44343112700 
0.000000175 30497.768651 44097781000 
0.000000175 29810.046028 43749631900 
0.000000175 30968.085504 44230654100 
0.000000175 30817.513343 44486603900 
0.000000175 30288.303091 42860681300 
0.000000175 30330.753653 42980142900 
0.000000175 30098.175105 43140834200 
0.000000175 30346.163091 44719388800 
0.000000175 29648.771544 43455117300 
0.000000175 30357.428833 43669557200 
0.000000175 29853.612925 42368792000 
0.000000175 30299.913466 43820742600 
0.000000175 29951.792378 43004318100 
0.000000175 30730.063888 43686143600 
0.000000175 30583.122937 43101722200 
0.000000175 30355.785803 43505528300 
0.000000175 30312.197776 43396320500 
0.000000175 30176.332347 42752135700 
0.000000175 30341.233233 43719778100 
0.000000175 30396.810217 43473894700 
0.000000175 30249.988836 42846725500 
0.000000175 30341.747773 42051759600 
0.000000175 30514.794783 43258320600 
0.000000175 30642.365275 43827129300 
0.000000175 29918.080655 43017267400 
0.000000175 29973.633821 42929656200 
0.000000175 30257.600824 43167393500 
0.000000175 29903.808168 43763112100 
0.000000175 30950.006469 43539418700 
0.000000175 31029.511826 44052993200 
0.000000175 30795.837185 43190093100 
0.000000175 29899.520317 44704613300 
0.000000175 29674.132342 42929239600 
0.000000175 29772.137846 42961453200 
0.000000175 29685.854430 43364016000 
0.000000175 30607.935041 43605343500 
0.000000175 30394.420721 43141144000 
0.000000175 30223.300339 43755022200 
0.000000175 30038.601965 43099269900 
0.000000175 30012.246026 41898326800 
0.000000175 30629.849576 42126599800 
0.000000175 30598.603764 44149380600 
0.000000175 30768.899391 42367813600 
0.000000175 30199.498307 42475149100 
0.000000175 30333.883083 42827869400 
0.000000175 30474.860677 42815570600 
0.000000175 30498.377035 41803489000 
0.000000175 30515.318165 42753269700 
0.000000175 30141.932116 43363329500 
0.000000175 30473.913878 42933333400 
0.000000175 30221.859195 41575303600 
0.000000175 30008.479550 42787631100 
0.000000175 30585.764235 43367266600 
0.000000175 30456.067459 44152798900 
0.000000175 31139.943820 42937356600 
0.000000175 30730.807112 43103211200 
0.000000175 30194.663262 42480922900 
0.000000175 30179.070170 44984558300 
0.000000175 29863.944040 43946112900 
0.0000002 29937.245165 37787740100 
0.0000002 30217.041531 38011280500 
0.0000002 31117.486589 37422577500 
0.0000002 30089.252041 37909663600 
0.0000002 30308.746964 36832043700 
0.0000002 30632.526615 37666478300 
0.0000002 30011.155729 38551764600 
0.0000002 30314.654313 38270360300 
0.0000002 30171.809614 39180285700 
0.0000002 30849.463897 37953023600 
0.0000002 30352.595737 37757259700 
0.0000002 30973.810616 38756446200 
0.0000002 30627.603772 37473996500 
0.0000002 30625.614996 37178487800 
0.0000002 30205.811694 37612668500 
0.0000002 30470.484281 37892237200 
0.0000002 30328.140930 38036460200 
0.0000002 30140.196078 38062863800 
0.0000002 30691.627389 38427373900 
0.0000002 29798.817841 37401724100 
0.0000002 30197.488436 36588775200 
0.0000002 31231.909413 37610320700 
0.0000002 30415.689516 38799707700 
0.0000002 30037.294731 37665415200 
0.0000002 29969.608627 37483897900 
0.0000002 30385.277653 37406626700 
0.0000002 30135.936643 37676125400 
0.0000002 30460.954510 38805344600 
0.0000002 30459.866025 38376440000 
0.0000002 30434.120342 37071318100 
0.0000002 30307.797209 37988012300 
0.0000002 29982.683727 38207015300 
0.0000002 29935.307097 37527235200 
0.0000002 30283.904036 38677086300 
0.0000002 30312.674250 38656125600 
0.0000002 30239.050738 38162923100 
0.0000002 30843.629709 38360469400 
0.0000002 30545.019990 36509063800 
0.0000002 30044.003905 38743407400 
0.0000002 30663.019363 38970563900 
0.0000002 30048.800381 37613718000 
0.0000002 30420.995418 39273396000 
0.0000002 30435.496381 38190430600 
0.0000002 29697.368033 37897167200 
0.0000002 30379.778404 39528777900 
0.0000002 30907.940333 38349669800 
0.0000002 30366.939453 37975178300 
0.0000002 30249.183910 38415449000 
0.0000002 30570.646598 39497308100 
0.0000002 29772.222772 38265129700 
0.0000002 30887.467596 37814844100 
0.0000002 29737.332570 37518458500 
0.0000002 30157.222173 37217964000 
0.0000002 30463.061996 37754372300 
0.0000002 30192.340797 40272255300 
0.0000002 30159.947874 38053861700 
0.0000002 30678.258074 39472720000 
0.0000002 30523.271617 38920970900 
0.0000002 29751.543053 37929220500 
0.0000002 30107.440332 37164075200 
0.0000002 30634.347663 37802520400 
0.0000002 30243.511421 37560705500 
0.0000002 29868.701985 37854020900 
0.0000002 30029.657688 38240955500 
0.0000002 30971.762138 38751666000 
0.0000002 30686.033264 37667669100 
0.0000002 30360.826672 37095445200 
0.0000002 29871.323761 37865111500 
0.0000002 30030.348616 37103462900 
0.0000002 30389.277817 37893099100 
0.0000002 30298.765712 37895333800 
0.0000002 30660.174853 38214186400 
0.0000002 29698.111818 37164947100 
0.0000002 30238.565268 38871157100 
0.0000002 30936.859332 37903807800 
0.0000002 29853.451860 38790375900 
0.0000002 29915.470083 37796414000 
0.0000002 29967.429342 38614573500 
0.0000002 30301.905010 38657749800 
0.0000002 30429.249578 37383818300 
0.0000002 29763.220968 38155515000 
0.0000002 30229.924254 38181198000 
0.0000002 30399.328621 36554632700 
0.0000002 30563.720263 37274909000 
0.0000002 30392.306747 38077986600 
0.0000002 30002.019498 37608129200 
0.0000002 30825.999278 37925442600 
0.0000002 30271.108429 38025409300 
0.0000002 30313.794978 38597838600 
0.0000002 30140.775270 38053604900 
0.0000002 30900.885148 37730876500 
0.0000002 30783.110458 38004180900 
0.0000002 29947.148562 37841504300 
0.0000002 30480.999307 36828106700 
0.0000002 29878.797340 37896013600 
0.0000002 30031.615752 37576094000 
0.0000002 30236.882019 37855231800 
0.0000002 29781.780934 38070715400 
0.0000002 30419.934007 37296337600 
0.0000002 30546.594656 37621568200 
0.000000225 30036.562638 34022032300 
0.000000225 30152.286708 34243386900 
0.000000225 30967.378280 34213739500 
0.000000225 30313.734685 33793835400 
0.000000225 30893.482108 34427133400 
0.000000225 30288.638559 34350203100 
0.000000225 30360.753669 33836014700 
0.000000225 30777.732559 34634828700 
0.000000225 29999.844544 34049159300 
0.000000225 30630.783563 35163920300 
0.000000225 30237.017227 34158806900 
0.000000225 30107.930838 34084428600 
0.000000225 30613.949267 33031880800 
0.000000225 30505.688739 33326900700 
0.000000225 30281.999432 34599547600 
0.000000225 30289.751385 33851699100 
0.000000225 29660.491488 33931356300 
0.000000225 30050.670697 33937305100 
0.000000225 30251.532245 33829688200 
0.000000225 30219.319945 33614944900 
0.000000225 30026.805317 33689541300 
0.000000225 30634.559137 33881782400 
0.000000225 31018.648511 33413513700 
0.000000225 30426.716018 34537347200 
0.000000225 31194.927325 33675133100 
0.000000225 30491.345454 34240092700 
0.000000225 30124.679580 33511882400 
0.000000225 29963.305539 33353617500 
0.000000225 31140.104701 35467226400 
0.000000225 30266.661614 33252690600 
0.000000225 30462.123460 34496651100 
0.000000225 29808.802422 33962337400 
0.000000225 30332.977568 32632918200 
0.000000225 30102.117684 33566123300 
0.000000225 30342.562096 33868065900 
0.000000225 30655.169435 33436922000 
0.000000225 30272.877974 33188805900 
0.000000225 30698.229282 34723394800 
0.000000225 30727.898140 34285959800 
0.000000225 30147.944732 34368911400 
0.000000225 30652.199750 33126778600 
0.000000225 30054.660782 33391846500 
0.000000225 30495.517973 33915570200 
0.000000225 30313.478777 33890006100 
0.000000225 30048.604908 32845472600 
0.000000225 30278.029304 33143065600 
0.000000225 30176.306568 34109260600 
0.000000225 30368.512738 33618536300 
0.000000225 29923.445394 32885066800 
0.000000225 30249.618016 32935056700 
0.000000225 30058.144243 33327630200 
0.000000225 31576.035602 34408063400 
0.000000225 30503.450065 33582477700 
0.000000225 29573.711601 33424395100 
0.000000225 30088.218516 32984280400 
0.000000225 30296.537405 33644183900 
0.000000225 30194.891121 34229845200 
0.000000225 31139.077454 34829960400 
0.000000225 30471.865502 34218357200 
0.000000225 30884.828071 33390284800 
0.000000225 30028.142596 34035770700 
0.000000225 29769.754789 33802830600 
0.000000225 30088.055176 34857090000 
0.000000225 30217.857046 33852599000 
0.000000225 30251.498059 34181177000 
0.000000225 30304.489790 35185920900 
0.000000225 29988.371917 33968297100 
0.000000225 29903.790899 33795514300 
0.000000225 30512.547054 34522139500 
0.000000225 30495.974176 34711151800 
0.000000225 30951.987726 34756456100 
0.000000225 30499.671307 34802434500 
0.000000225 30300.138677 34581387200 
0.000000225 31252.354285 34376066800 
0.000000225 30310.531578 34749247100 
0.000000225 30440.307043 34645573500 
0.000000225 30121.996000 34922534400 
0.000000225 31136.509040 33165335700 
0.000000225 30522.905392 34098183500 
0.000000225 30683.474895 33123166900 
0.000000225 30054.090051 34194532500 
0.000000225 30125.424641 34001548000 
0.000000225 30674.437639 33696995900 
0.000000225 30273.764147 34837794300 
0.000000225 30463.819778 33661784800 
0.000000225 31027.630660 33087913200 
0.000000225 30277.127620 33705441900 
0.000000225 30893.087445 33218858000 
0.000000225 30837.401072 35093486900 
0.000000225 31068.800494 35132740000 
0.000000225 30754.847711 33468219800 
0.000000225 30094.609446 34185982800 
0.000000225 30923.735250 34100337900 
0.000000225 30222.008215 33852473600 
0.000000225 30569.118804 33334875300 
0.000000225 30521.196675 33928595400 
0.000000225 30555.351534 33471655100 
0.000000225 30589.990296 34822483000 
0.000000225 29894.138818 33992973600 
0.000000225 30012.939523 33674159400 
0.00000025 30755.213015 30242951500 
0.00000025 30043.577998 30312812000 
0.00000025 30784.339329 30583770500 
0.00000025 30373.826426 30114895900 
0.00000025 30444.452930 29887621300 
0.00000025 30301.662906 30552241300 
0.00000025 30973.864603 31589790200 
0.00000025 30296.653925 30885291200 
0.00000025 29990.469277 30318875200 
0.00000025 30420.411279 30863402000 
0.00000025 30543.231988 30541110300 
0.00000025 29684.594335 31049303100 
0.00000025 30315.047533 29959428000 
0.00000025 30406.192006 31407974500 
0.00000025 30458.435634 29303000900 
0.00000025 30070.718631 30419838900 
0.00000025 29654.557008 30779744200 
0.00000025 30373.675459 29286782700 
0.00000025 31102.409494 29685096900 
0.00000025 31000.478493 29944235700 
0.00000025 30593.414294 29617639700 
0.00000025 30359.471246 29315125700 
0.00000025 30266.217125 30851473200 
0.00000025 31206.534102 29779937200 
0.00000025 29863.360365 30182482400 
0.00000025 30928.785356 29790746100 
0.00000025 30370.250646 30763669700 
0.00000025 30071.402403 30891849800 
0.00000025 31005.516990 29985474000 
0.00000025 30657.524482 29258590800 
0.00000025 30175.654459 30136605700 
0.00000025 30138.913527 30974953700 
0.00000025 30371.045839 29834891200 
0.00000025 30580.338634 30135291400 
0.00000025 30114.250496 30055655100 
0.00000025 29960.027757 30551597700 
0.00000025 30641.001905 29729163300 
0.00000025 29943.170490 31228706200 
0.00000025 29825.878344 30765575500 
0.00000025 30411.418853 30878178300 
0.00000025 29962.654388 29992753000 
0.00000025 30148.524640 31425287100 
0.00000025 30154.596663 30578317800 
0.00000025 30244.212421 31012981700 
0.00000025 30499.420393 30833805300 
0.00000025 30983.202345 31549914100 
0.00000025 30289.264200 30161656300 
0.00000025 30599.747564 29527361600 
0.00000025 30231.002183 30371117100 
0.00000025 30347.943313 31486020500 
0.00000025 30448.275573 30823491700 
0.00000025 30440.593028 29488872600 
0.00000025 30564.429831 30848440200 
0.00000025 30055.116540 30125735800 
0.00000025 30375.412986 29786902200 
0.00000025 29985.866889 31393804800 
0.00000025 30491.239355 29730889100 
0.00000025 30287.648958 30215361300 
0.00000025 30746.458465 31726516200 
0.00000025 30368.152510 30917769800 
0.00000025 30568.414916 30088203200 
0.00000025 30346.693381 31291253200 
0.00000025 29679.069250 30563472900 
0.00000025 30554.296186 29940462000 
0.00000025 30557.429221 30076163500 
0.00000025 30252.930880 30960673500 
0.00000025 29980.200255 30243927800 
0.00000025 30330.580087 30274667100 
0.00000025 30561.687692 30312767000 
0.00000025 30724.843421 29432629500 
0.00000025 30406.685461 31244763000 
0.00000025 29894.721970 30081892500 
0.00000025 30483.594183 31955714200 
0.00000025 30013.004700 30106424500 
0.00000025 31044.776273 30783092600 
0.00000025 30694.362375 30310498900 
0.00000025 31709.107192 31430435800 
0.00000025 30077.390472 29994070500 
0.00000025 30254.831966 30180701100 
0.00000025 29872.950589 30161236000 
0.00000025 30211.624160 30365219600 
0.00000025 31310.136930 31181236400 
0.00000025 30284.108260 30337346700 
0.00000025 30091.387314 30526333700 
0.00000025 30077.472484 29916028000 
0.00000025 30355.271196 30234821700 
0.00000025 30842.576269 31320035300 
0.00000025 29912.606941 30924899500 
0.00000025 30220.599426 30741141700 
0.00000025 30121.971793 29796665900 
0.00000025 29971.456522 29358863000 
0.00000025 31052.944038 30843812100 
0.00000025 30308.654479 31044358000 
0.00000025 30643.400186 30237558800 
0.00000025 30281.435203 30870636200 
0.00000025 30119.054140 30613889000 
0.00000025 30134.864963 30107426500 
0.00000025 30682.001186 30685179700 
0.00000025 30505.615288 29507833100 
0.00000025 30302.679763 29813945500 
0.000000275 30350.729748 27432591800 
0.000000275 30484.628016 26986764300 
0.000000275 29922.620890 26762083200 
0.000000275 30146.434297 28449589000 
0.000000275 30513.350082 27404435600 
0.000000275 30094.182049 28658396800 
0.000000275 31102.512011 27688328100 
0.000000275 30371.128700 28094318300 
0.000000275 30084.082743 27022105000 
0.000000275 30581.302207 27783968000 
0.000000275 30686.171656 27594034100 
0.000000275 30706.502782 27008049600 
0.000000275 30014.911791 28474151200 
0.000000275 30895.677195 27799278700 
0.000000275 30426.853906 27660872100 
0.000000275 30468.953104 27522133000 
0.000000275 29813.257066 27538511700 
0.000000275 30285.362492 26924658200 
0.000000275 30766.590182 28485765700 
0.000000275 31039.590181 27065909000 
0.000000275 30408.829601 28000088400 
0.000000275 30801.267640 27880605000 
0.000000275 30377.538459 27940165900 
0.000000275 30503.077135 27536020700 
0.000000275 29833.259703 27978068500 
0.000000275 30255.072687 27231063800 
0.000000275 30577.978254 27997311000 
0.000000275 30735.260755 27725933200 
0.000000275 30657.791641 27614361900 
0.000000275 29865.550821 27307865700 
0.000000275 30139.691909 27325742100 
0.000000275 30028.921780 28167047700 
0.000000275 30037.615020 27773559100 
0.000000275 30315.612236 28163054600 
0.000000275 31330.354767 27061577400 
0.000000275 29975.658906 27255477500 
0.000000275 30247.771092 28062857600 
0.000000275 29681.274357 27288174800 
0.000000275 30397.730822 27287802400 
0.000000275 29805.954153 28116572100 
0.000000275 30237.444176 27709348000 
0.000000275 29762.672605 27614682600 
0.000000275 30749.346172 28297603900 
0.000000275 29894.540033 27009050200 
0.000000275 30431.708712 27481571800 
0.000000275 30786.660722 27550266700 
0.000000275 30258.781018 27715451800 
0.000000275 30793.274856 27883460500 
0.000000275 30665.913947 28109107400 
0.000000275 29763.153066 27152495600 
0.000000275 29981.558794 27333292500 
0.000000275 30396.704236 27045684200 
0.000000275 30102.569790 27524897300 
0.000000275 30681.980550 27219234400 
0.000000275 30852.079959 27440558400 
0.000000275 30240.795556 27338835900 
0.000000275 30685.725716 28797311900 
0.000000275 30850.573400 28933270900 
0.000000275 30264.762661 28023179700 
0.000000275 31291.981447 27674901200 
0.000000275 30685.377801 28431082300 
0.000000275 30195.159551 27946525800 
0.000000275 29897.798813 27146165400 
0.000000275 30107.508261 27204182800 
0.000000275 30716.574231 27881245100 
0.000000275 30512.816924 26937191500 
0.000000275 31018.062509 29250822900 
0.000000275 30179.248374 26561197400 
0.000000275 30415.822438 27610028100 
0.000000275 30188.663205 28165477700 
0.000000275 30463.368677 27512738900 
0.000000275 30201.102936 27898452600 
0.000000275 30235.342319 28381459600 
0.000000275 29888.001023 27374992400 
0.000000275 30201.697460 28432663100 
0.000000275 30291.406981 27289267500 
0.000000275 30997.035599 27408635300 
0.000000275 30288.122219 27193922500 
0.000000275 29913.526854 28381521000 
0.000000275 31242.592699 28041369500 
0.000000275 30943.951702 28545211300 
0.000000275 30323.502130 28060928300 
0.000000275 30823.587799 27502994100 
0.000000275 30389.746797 28290229800 
0.000000275 29928.260981 26497028000 
0.000000275 30154.419513 27920022300 
0.000000275 29904.198683 27506836100 
0.000000275 30358.473925 27766417500 
0.000000275 30132.952395 27029360800 
0.000000275 30415.309427 27308289100 
0.000000275 30574.944710 28342868900 
0.000000275 30005.017285 28098144400 
0.000000275 30853.689797 27124736100 
0.000000275 30239.925935 27085950400 
0.000000275 30940.518006 26978239300 
0.000000275 31164.971016 28327165900 
0.000000275 30286.963957 27238687800 
0.000000275 30404.723093 27971782200 
0.000000275 30139.304590 27778081700 
0.000000275 30048.659405 27921477200 
0.0000003 30599.293368 25417040800 
0.0000003 30564.643076 25840214400 
0.0000003 30363.626448 25287938800 
0.0000003 30921.743648 25720761800 
0.0000003 30071.648830 25431517700 
0.0000003 30695.875287 26021483700 
0.0000003 30718.278604 25181401000 
0.0000003 30547.982567 25473184100 
0.0000003 30003.940492 25164190600 
0.0000003 31000.803745 26246023600 
0.0000003 30066.809721 25658505200 
0.0000003 30566.671854 25222267800 
0.0000003 30848.741716 24508881500 
0.0000003 30710.816421 25377692400 
0.0000003 30397.587984 25272959400 
0.0000003 30742.060018 24852232800 
0.0000003 30811.941466 25027633800 
0.0000003 29814.490247 25690824700 
0.0000003 29896.578065 25104223500 
0.0000003 30546.429324 26386552600 
0.0000003 30532.570707 25267385100 
0.0000003 30530.198366 24706446200 
0.0000003 30737.103107 25331691800 
0.0000003 30544.974566 25023557100 
0.0000003 30078.916191 25133909700 
0.0000003 30646.618604 24647218800 
0.0000003 30046.327175 25522154600 
0.0000003 30304.950572 26139598800 
0.0000003 30860.189217 25398671800 
0.0000003 30087.423677 24710564200 
0.0000003 30374.550370 24965744400 
0.0000003 29799.996166 25196545600 
0.0000003 30730.963391 25015548500 
0.0000003 31422.510984 25159036600 
0.0000003 30249.001695 25574595200 
0.0000003 30552.851327 25608101000 
0.0000003 30664.824833 25134546900 
0.0000003 30824.804042 25468999600 
0.0000003 30244.868306 25419135300 
0.0000003 30645.547292 25254739700 
0.0000003 30774.781329 25138403600 
0.0000003 30300.156199 25750499300 
0.0000003 30331.236906 24403855500 
0.0000003 30178.888238 25193303300 
0.0000003 30566.352525 25348688800 
0.0000003 29883.453509 25616675600 
0.0000003 30463.966534 26455326500 
0.0000003 30391.286323 24406469300 
0.0000003 30090.093812 25130389200 
0.0000003 29834.736787 25164835600 
0.0000003 30396.816894 24905271900 
0.0000003 30101.572659 25259821500 
0.0000003 30234.786357 24902316700 
0.0000003 29962.757533 25211892600 
0.0000003 30765.584962 24980895700 
0.0000003 30284.279532 24322355900 
0.0000003 30662.365000 25098893700 
0.0000003 30787.681058 24172742100 
0.0000003 30859.496558 25882512800 
0.0000003 30119.944817 25060805200 
0.0000003 30102.547607 25145544100 
0.0000003 29749.561224 25845553100 
0.0000003 30398.884547 24401090400 
0.0000003 30077.656666 24838978900 
0.0000003 29875.564826 25333672100 
0.0000003 29843.061815 25232314800 
0.0000003 30891.003827 25290648700 
0.0000003 29683.603524 26477097100 
0.0000003 30577.617621 25315818300 
0.0000003 29880.390513 24809236200 
0.0000003 30030.849567 25988937800 
0.0000003 30490.302556 26088423900 
0.0000003 29849.464977 26138459400 
0.0000003 30434.003746 26037072000 
0.0000003 29939.200610 24622295400 
0.0000003 29720.329626 24865667700 
0.0000003 29999.994973 25285243300 
0.0000003 30832.181858 25041163600 
0.0000003 30527.498609 26292608200 
0.0000003 31006.677446 25404938200 
0.0000003 30972.217601 26031032500 
0.0000003 30108.266961 25072333800 
0.0000003 31215.893130 25158301900 
0.0000003 30164.639352 26308560000 
0.0000003 30214.294968 25949656400 
0.0000003 30673.517719 25435591600 
0.0000003 30659.927780 25006010900 
0.0000003 30557.244782 25147896200 
0.0000003 30901.331154 26319529500 
0.0000003 29959.068740 25346947800 
0.0000003 29970.470027 24553715300 
0.0000003 29963.101731 25913516100 
0.0000003 30184.599940 25754108800 
0.0000003 30505.366224 26638385300 
0.0000003 30194.386078 24961875100 
0.0000003 30184.464678 25070913800 
0.0000003 30597.749746 25068704100 
0.0000003 30376.166512 24922826800 
0.0000003 30021.795801 25249490800 
0.0000003 30983.177455 24477663300 
0.000000325 30315.480010 22707545000 
0.000000325 30337.308384 23112478600 
0.000000325 31223.919962 23018959900 
0.000000325 30348.170056 23980429800 
0.000000325 30767.785803 23035450400 
0.000000325 31080.315615 23393355600 
0.000000325 30060.705173 23441479000 
0.000000325 30398.369988 23147160800 
0.000000325 30869.984034 22903987200 
0.000000325 30977.748457 23281967900 
0.000000325 30294.597251 24090803500 
0.000000325 29758.064028 23128645300 
0.000000325 30798.956483 22862922900 
0.000000325 29767.669266 23208059400 
0.000000325 30417.252393 23229208600 
0.000000325 30983.584054 23130634700 
0.000000325 29889.726315 23540743000 
0.000000325 30452.392393 23752417400 
0.000000325 30819.216579 23283479000 
0.000000325 30021.518829 23105124800 
0.000000325 30738.417609 23566080300 
0.000000325 30234.572893 23176363400 
0.000000325 30283.332838 23442818100 
0.000000325 29795.162115 22970004100 
0.000000325 31019.455266 22627121300 
0.000000325 30109.225773 23280205600 
0.000000325 30399.261001 22931728700 
0.000000325 31366.305713 22933547000 
0.000000325 30989.654950 22520758600 
0.000000325 29868.352603 23541411700 
0.000000325 30302.026746 23757345600 
0.000000325 30674.789371 22950627000 
0.000000325 30522.402597 23340339100 
0.000000325 30069.906896 23783162700 
0.000000325 30540.013019 24028455800 
0.000000325 29922.605537 23122480500 
0.000000325 30063.106309 24150210600 
0.000000325 30324.748076 23420841700 
0.000000325 30283.776216 23316712700 
0.000000325 30524.399991 23462137500 
0.000000325 31133.914989 23555555800 
0.000000325 31063.120349 23724157700 
0.000000325 30530.662006 24266510900 
0.000000325 30221.635126 23372341500 
0.000000325 30737.224432 22998957200 
0.000000325 30983.906303 23863841800 
0.000000325 30414.096881 23574232000 
0.000000325 30314.031149 23752918700 
0.000000325 30462.278343 23481491100 
0.000000325 29980.795780 23693709200 
0.000000325 30926.743374 24085657500 
0.000000325 30764.147539 23536264500 
0.000000325 29986.790312 23764406500 
0.000000325 30491.876275 24404558200 
0.000000325 30563.383738 23788317700 
0.000000325 30242.771980 24039012400 
0.000000325 29987.692682 24108007700 
0.000000325 30190.221122 23922377400 
0.000000325 30462.786852 23001256900 
0.000000325 30704.215131 23100355400 
0.000000325 30507.598383 22924591200 
0.000000325 30037.105566 23411784100 
0.000000325 30923.698305 23540003200 
0.000000325 29690.964012 23586113600 
0.000000325 30686.491958 23058189200 
0.000000325 30513.589392 23565152100 
0.000000325 31060.769627 22899178400 
0.000000325 30319.245502 22387813900 
0.000000325 30702.869831 23619397000 
0.000000325 30777.958068 23269277700 
0.000000325 30416.031858 23409322100 
0.000000325 30880.379921 24163766100 
0.000000325 30151.326866 22838842700 
0.000000325 29822.193791 23190605700 
0.000000325 30411.514404 22632217300 
0.000000325 30555.858009 23936620500 
0.000000325 30735.595139 23790593100 
0.000000325 30286.597964 23461109100 
0.000000325 30336.725545 23237716700 
0.000000325 30730.548579 22741877200 
0.000000325 30484.620276 23413173300 
0.000000325 30465.031485 22980761700 
0.000000325 30309.943136 23406009900 
0.000000325 30238.203748 24092278900 
0.000000325 30527.050530 23655489600 
0.000000325 30927.397407 23039973200 
0.000000325 31056.616847 22990741200 
0.000000325 30748.585488 23987665600 
0.000000325 30458.619548 23526916400 
0.000000325 30761.047773 23931778300 
0.000000325 30591.905849 23520792800 
0.000000325 30694.005778 23247092700 
0.000000325 29987.098802 22841533100 
0.000000325 30518.246715 23344355600 
0.000000325 30600.190102 23206666500 
0.000000325 30233.190641 23138014900 
0.000000325 31110.613300 23331522600 
0.000000325 30357.061463 24018807800 
0.000000325 30058.002965 22234551500 
0.000000325 30774.930450 22853511100 
0.00000035 31245.588490 22268883700 
0.00000035 30248.738810 22418976100 
0.00000035 30211.821148 20856482100 
0.00000035 30750.713379 21808820400 
0.00000035 30070.853850 20709609900 
0.00000035 31184.609039 22321002300 
0.00000035 30675.060003 22076670700 
0.00000035 30398.454213 21334682800 
0.00000035 30588.719202 21437690800 
0.00000035 30389.842056 22283120700 
0.00000035 30997.086591 21390930200 
0.00000035 30239.952180 21039195100 
0.00000035 29899.768435 21977828100 
0.00000035 30476.748028 20991716400 
0.00000035 30057.256975 21241286200 
0.00000035 30003.928387 22046318500 
0.00000035 30988.974872 20631645600 
0.00000035 30257.750352 21372671500 
0.00000035 29921.505172 21652593000 
0.00000035 29853.741343 21825411700 
0.00000035 30211.618078 21857022700 
0.00000035 30479.015180 21216388400 
0.00000035 30222.850943 21368137100 
0.00000035 30311.970803 22277300900 
0.00000035 29940.230415 22349670300 
0.00000035 30371.772724 21190751200 
0.00000035 29880.803538 22129834900 
0.00000035 30911.757794 21137028000 
0.00000035 30422.888655 21270358300 
0.00000035 30407.236401 21530736300 
0.00000035 30574.647557 21902605400 
0.00000035 30569.432668 22055291800 
0.00000035 30776.468651 22123462000 
0.00000035 30143.068032 22220805600 
0.00000035 30363.999813 21242699900 
0.00000035 30493.986093 21943579300 
0.00000035 30293.376032 22274795100 
0.00000035 31156.917075 22176780800 
0.00000035 29880.585555 22059632500 
0.00000035 30162.813251 22165086400 
0.00000035 29898.912170 21513610900 
0.00000035 30332.366816 22121042200 
0.00000035 30104.437833 21623100200 
0.00000035 30385.638749 21390590200 
0.00000035 30040.804398 22487560600 
0.00000035 30159.131414 22702956300 
0.00000035 30155.551344 21449900500 
0.00000035 30218.896061 21448535800 
0.00000035 30910.789880 22020238400 
0.00000035 30304.044235 22217457700 
0.00000035 31091.270640 21937779700 
0.00000035 30162.741013 21483459700 
0.00000035 30807.328915 21783789400 
0.00000035 29960.082171 21394095800 
0.00000035 30016.736418 20945564200 
0.00000035 30653.581468 21985961300 
0.00000035 30673.964706 22639128400 
0.00000035 30227.985965 21008788500 
0.00000035 30585.881996 21979033800 
0.00000035 30460.728256 21538910500 
0.00000035 29713.199286 21998869500 
0.00000035 30388.574856 22195570100 
0.00000035 30163.349549 21818168400 
0.00000035 30461.181630 21541033700 
0.00000035 30794.111304 22119569500 
0.00000035 30016.163040 21963356600 
0.00000035 30757.323423 21601107500 
0.00000035 30294.458457 20984160200 
0.00000035 30782.403643 21626657800 
0.00000035 30660.474594 21110803300 
0.00000035 30880.842322 21788937900 
0.00000035 30728.415950 21484253100 
0.00000035 31206.682895 21365876000 
0.00000035 30491.195889 21550920100 
0.00000035 29992.965764 21096174000 
0.00000035 30114.631704 21332968200 
0.00000035 30080.618766 22438617600 
0.00000035 30006.836426 22240103300 
0.00000035 30692.901622 22036716000 
0.00000035 29649.617005 21555564700 
0.00000035 30680.288160 22172083100 
0.00000035 30248.601081 22150168200 
0.00000035 30648.721184 22063838000 
0.00000035 30389.180840 20928676100 
0.00000035 30620.452656 21819790200 
0.00000035 30439.921563 22060327200 
0.00000035 30222.576836 21299908600 
0.00000035 30730.096706 22213895800 
0.00000035 31032.848444 21112431100 
0.00000035 30695.380927 22169117300 
0.00000035 29942.010815 21673186900 
0.00000035 30454.918883 21309071800 
0.00000035 29822.328653 21528635800 
0.00000035 29801.980092 22433675000 
0.00000035 30911.816761 22414231900 
0.00000035 30108.261255 21721135400 
0.00000035 30406.430142 21582968700 
0.00000035 30566.159206 20624389500 
0.00000035 30672.263931 22179808600 
0.00000035 30428.147449 22176212000 
0.000000375 30950.574514 19943611400 
0.000000375 30139.349257 20294708800 
0.000000375 30794.328142 20211702300 
0.000000375 30378.391579 20307882800 
0.000000375 30853.805371 19416735900 
0.000000375 30519.140681 20131763300 
0.000000375 29999.989891 20220388100 
0.000000375 30538.961363 21232380800 
0.000000375 31277.680695 21046292300 
0.000000375 29792.547360 20036975600 
0.000000375 30434.198030 20310105700 
0.000000375 30065.313484 19683789100 
0.000000375 30083.934978 19639122300 
0.000000375 30011.097497 19905323600 
0.000000375 30778.692270 20144661900 
0.000000375 30912.598722 21123694800 
0.000000375 30506.318989 19490841800 
0.000000375 30271.560668 20065672200 
0.000000375 30081.713909 20257518600 
0.000000375 29671.270482 20536895100 
0.000000375 30069.631798 20091288900 
0.000000375 31026.483829 20242907900 
0.000000375 30796.327471 20329678900 
0.000000375 30356.466164 20231459900 
0.000000375 30552.810630 20140905000 
0.000000375 31015.778485 20082117100 
0.000000375 29886.258320 20167139900 
0.000000375 30521.676876 20405212700 
0.000000375 30267.071088 20386824800 
0.000000375 30657.360988 20380527500 
0.000000375 31140.227094 19452383700 
0.000000375 30250.775185 19922982700 
0.000000375 30439.568039 20538515800 
0.000000375 30725.658309 19954525600 
0.000000375 29833.331073 20345124000 
0.000000375 29765.303816 19999466000 
0.000000375 30730.057141 20915835500 
0.000000375 30292.339170 20251395600 
0.000000375 30656.765812 19573206100 
0.000000375 30370.204100 20083577000 
0.000000375 30164.169149 20097974900 
0.000000375 30427.012872 20022426500 
0.000000375 30378.335318 19799590100 
0.000000375 30017.259552 20605681200 
0.000000375 30628.658733 19976541800 
0.000000375 29864.241455 20687946800 
0.000000375 30237.596461 20305431700 
0.000000375 30276.337365 20884798800 
0.000000375 30396.274122 20323365500 
0.000000375 30936.376894 21299892200 
0.000000375 29769.229037 20027045000 
0.000000375 30276.881878 20737282600 
0.000000375 30570.589550 20424594000 
0.000000375 30784.778867 19846243000 
0.000000375 30533.659946 20340016100 
0.000000375 30119.254785 20078499700 
0.000000375 30647.817187 19870200700 
0.000000375 29872.411185 20474262400 
0.000000375 30300.607478 20685431400 
0.000000375 30597.865537 20786414300 
0.000000375 30180.975775 20428926700 
0.000000375 30356.013169 20204107500 
0.000000375 30567.273441 21213878100 
0.000000375 29791.794879 20798105300 
0.000000375 31315.365139 20214839700 
0.000000375 30760.802114 20725031800 
0.000000375 30397.043122 20672821900 
0.000000375 30880.308173 20478830200 
0.000000375 29759.770267 20335718300 
0.000000375 30244.903135 20661360000 
0.000000375 29762.703384 19744171000 
0.000000375 31059.268819 20360839900 
0.000000375 30346.447672 20061951900 
0.000000375 31014.382245 21011967700 
0.000000375 29959.840559 20930661300 
0.000000375 30476.830085 20562090700 
0.000000375 30324.344322 21106518800 
0.000000375 30352.502845 20209605400 
0.000000375 30525.935474 20881837800 
0.000000375 29971.589679 19495474700 
0.000000375 31048.634675 20792229600 
0.000000375 30130.539398 19951379500 
0.000000375 30936.596684 20151419500 
0.000000375 30684.647698 20249450600 
0.000000375 30548.227755 19472650800 
0.000000375 29741.168670 20502538600 
0.000000375 30611.893394 19998348300 
0.000000375 30312.825994 20851262000 
0.000000375 30791.194066 20998468200 
0.000000375 30251.058309 20332687600 
0.000000375 30319.895399 19793814400 
0.000000375 30605.756539 19913114100 
0.000000375 30111.550407 20191997100 
0.000000375 30527.836316 20726038800 
0.000000375 30751.753618 20887939500 
0.000000375 29888.640311 21021697200 
0.000000375 30605.490015 20021196000 
0.000000375 29994.055659 20543834900 
0.000000375 30471.655403 20122504100 
0.000000375 30284.904236 19874945300 
0.0000004 31138.834316 18690376500 
0.0000004 30147.291665 19015783300 
0.0000004 31048.410117 18636967200 
0.0000004 30556.162824 18455893500 
0.0000004 30487.629553 18986232000 
0.0000004 30156.471296 18862927600 
0.0000004 30411.346993 19096909500 
0.0000004 30507.421567 18979269100 
0.0000004 29929.863152 18673783100 
0.0000004 30134.534557 18704304000 
0.0000004 30963.233027 18721781900 
0.0000004 30317.993640 18479555400 
0.0000004 30320.299069 19413639100 
0.0000004 30802.726860 18647324400 
0.0000004 30258.217707 19758277000 
0.0000004 30344.320181 18981931600 
0.0000004 30098.690998 18907626200 
0.0000004 30576.531039 18806893600 
0.0000004 30397.022892 18954037500 
0.0000004 30217.588606 18888109400 
0.0000004 30522.519007 18233257700 
0.0000004 30057.271883 19780028800 
0.0000004 29939.187565 18727856600 
0.0000004 31056.606181 19217713200 
0.0000004 30862.831198 19349019500 
0.0000004 30115.048540 18767945200 
0.0000004 31132.268393 18805308000 
0.0000004 30002.197369 19483647100 
0.0000004 30612.814948 18612469100 
0.0000004 30352.015910 19124857100 
0.0000004 30554.370594 19237780000 
0.0000004 30506.096083 19326099300 
0.0000004 30132.499257 18955385300 
0.0000004 30604.093944 18904871100 
0.0000004 31100.414884 18980411800 
0.0000004 30856.023499 19452168200 
0.0000004 30779.836527 19367664900 
0.0000004 30386.348008 19492617600 
0.0000004 30256.056396 18719416800 
0.0000004 30702.867085 19201551500 
0.0000004 30357.373214 19066560400 
0.0000004 30263.799189 19174086100 
0.0000004 30578.817007 18313092000 
0.0000004 30036.811523 19737034100 
0.0000004 30506.834588 19838725200 
0.0000004 30362.290958 19370347800 
0.0000004 30375.962287 19126762500 
0.0000004 30114.216777 19808444000 
0.0000004 29660.699492 18858514200 
0.0000004 29938.368243 19084283500 
0.0000004 30607.333601 19716797200 
0.0000004 30294.574401 18884450000 
0.0000004 29980.494352 19275829300 
0.0000004 30902.731357 18439802800 
0.0000004 30740.285439 19208587500 
0.0000004 31071.691535 18468739000 
0.0000004 30571.069243 18981342400 
0.0000004 30832.066608 19166199400 
0.0000004 29936.292625 18932699600 
0.0000004 30405.125417 19136216000 
0.0000004 31270.381985 19047112300 
0.0000004 30458.935409 19120814700 
0.0000004 30874.838114 18947258900 
0.0000004 30215.783537 18890779300 
0.0000004 30237.437457 18779653000 
0.0000004 30279.210031 19519946000 
0.0000004 30287.849449 19354364000 
0.0000004 30294.293723 19059907200 
0.0000004 30504.762041 19169003600 
0.0000004 30626.454821 19213826200 
0.0000004 30814.666014 19965771600 
0.0000004 30652.867282 18155238700 
0.0000004 31025.413890 19451539200 
0.0000004 30492.449998 19260952400 
0.0000004 30803.700159 18823412100 
0.0000004 30060.171389 19045713300 
0.0000004 30483.856385 18780718500 
0.0000004 31192.934827 18874636700 
0.0000004 30502.404124 19037772600 
0.0000004 30501.957903 18648296000 
0.0000004 30167.342411 18582848100 
0.0000004 30830.682272 19048900400 
0.0000004 30466.092319 18767702800 
0.0000004 30415.932832 19416836100 
0.0000004 30073.240155 19574746900 
0.0000004 30516.247507 19477554100 
0.0000004 30451.070907 20024149500 
0.0000004 30553.836718 18931313700 
0.0000004 30005.045854 18839870100 
0.0000004 30462.097802 18925977900 
0.0000004 30997.290454 18775465700 
0.0000004 30571.423510 18988583100 
0.0000004 30318.492136 19115868300 
0.0000004 31183.505609 19128960100 
0.0000004 30495.105760 18784036200 
0.0000004 30035.465225 19081671100 
0.0000004 30790.835965 19140718000 
0.0000004 30402.794439 19085275200 
0.0000004 30602.765612 18672579900 
0.0000004 29961.465647 20064501100 
0.000000425 30210.279701 17231316100 
0.000000425 30437.786564 17598253900 
0.000000425 30878.242892 17779054600 
0.000000425 29949.837736 17480037000 
0.000000425 30634.217522 17768903900 
0.000000425 30106.234783 17947108200 
0.000000425 30912.825280 18559483800 
0.000000425 30476.823104 18225208000 
0.000000425 30331.300938 17208102600 
0.000000425 30711.787048 18033336800 
0.000000425 30918.298898 16946788600 
0.000000425 30035.672871 18493122500 
0.000000425 30040.329639 17861725200 
0.000000425 31133.869477 17796552700 
0.000000425 30596.797361 17280186500 
0.000000425 30527.454869 17955255500 
0.000000425 30143.995945 18163102400 
0.000000425 30301.499592 17558385400 
0.000000425 30723.057872 17597623400 
0.000000425 30419.000170 18388028900 
0.000000425 30409.970492 17743586500 
0.000000425 30210.567249 18129538000 
0.000000425 30373.239260 17535650600 
0.000000425 30296.088574 17607660800 
0.000000425 30561.948603 17866755200 
0.000000425 30317.041805 17436406200 
0.000000425 30418.558237 18233435000 
0.000000425 30478.017107 18327610700 
0.000000425 30839.127812 18333472100 
0.000000425 30383.110316 18562676700 
0.000000425 30364.218995 17760174500 
0.000000425 30114.171669 17554489300 
0.000000425 30771.416804 17207742700 
0.000000425 30292.328613 17888946400 
0.000000425 30337.244694 17477148500 
0.000000425 30863.476866 17916535000 
0.000000425 30957.629403 18159247900 
0.000000425 30190.442923 19002747000 
0.000000425 29714.324056 17439006500 
0.000000425 29979.305604 18212640800 
0.000000425 30415.895875 17810733400 
0.000000425 30433.781409 17553449100 
0.000000425 30636.902267 18180760500 
0.000000425 30298.929604 18277550800 
0.000000425 30258.233692 18358959400 
0.000000425 30027.649836 18260488200 
0.000000425 30208.125286 17429839900 
0.000000425 30702.233338 18443017800 
0.000000425 30338.466729 17609876200 
0.000000425 30473.712041 18222673900 
0.000000425 30573.818872 17537647800 
0.000000425 30608.543851 17843140700 
0.000000425 29871.765690 18067082000 
0.000000425 30526.663495 18222071700 
0.000000425 29930.275705 17823322400 
0.000000425 30411.518133 17720541000 
0.000000425 29956.696713 18540998800 
0.000000425 30537.270097 18039667600 
0.000000425 29984.781952 17736421500 
0.000000425 30977.828619 18093603000 
0.000000425 30120.617647 18138541300 
0.000000425 30498.439743 17969200500 
0.000000425 30257.680893 18162621400 
0.000000425 30361.471528 18256559700 
0.000000425 30236.769951 17703595700 
0.000000425 30261.625854 18380405300 
0.000000425 31103.570281 17389092400 
0.000000425 30007.472772 17937263300 
0.000000425 30182.840658 17896802600 
0.000000425 30273.196982 18195019400 
0.000000425 30584.661071 17633066800 
0.000000425 30639.183452 17353656900 
0.000000425 29889.588694 18253539900 
0.000000425 30353.034600 17846221900 
0.000000425 31034.152625 17430028100 
0.000000425 30334.313076 18396250300 
0.000000425 30569.715428 17755504500 
0.000000425 30303.309403 17362745500 
0.000000425 31210.627514 18027011400 
0.000000425 29841.858197 17792252900 
0.000000425 30940.897800 17651870900 
0.000000425 30503.012329 17374096300 
0.000000425 30314.293232 17929705400 
0.000000425 30233.901768 17843371300 
0.000000425 30275.606928 17412599600 
0.000000425 30591.308761 18489157500 
0.000000425 29904.174128 17617605100 
0.000000425 30635.572538 18306919900 
0.000000425 29901.022667 18078710500 
0.000000425 30624.729455 17761887800 
0.000000425 30341.586263 17992129400 
0.000000425 30101.768853 17387690700 
0.000000425 30745.715119 18178252300 
0.000000425 30360.156050 17534156900 
0.000000425 30871.495628 18133158800 
0.000000425 30743.829826 17839048300 
0.000000425 30740.995100 17552871500 
0.000000425 30160.359447 17918777100 
0.000000425 30461.028688 18199822100 
0.000000425 30118.831848 17246502900 
0.00000045 30395.993194 16755353100 
0.00000045 30388.875878 17138018200 
0.00000045 30389.273787 16722375300 
0.00000045 30168.252408 16837831700 
0.00000045 30159.210795 16974348700 
0.00000045 30978.252970 16715617600 
0.00000045 30209.534399 16848003900 
0.00000045 30706.550720 17024852100 
0.00000045 30609.068415 16625467100 
0.00000045 30477.533664 16574755900 
0.00000045 29915.775919 17127267400 
0.00000045 30453.179873 16746510400 
0.00000045 30927.712508 17319061800 
0.00000045 30960.756565 16846373100 
0.00000045 30590.527142 16460211300 
0.00000045 30895.115028 16412808200 
0.00000045 30466.788958 16888618400 
0.00000045 30713.289423 16607621700 
0.00000045 30115.664979 17454102600 
0.00000045 30563.307140 17638714900 
0.00000045 30704.895361 16890383200 
0.00000045 30655.029719 16798402400 
0.00000045 30257.612773 17112318800 
0.00000045 30067.038664 16751506100 
0.00000045 30201.397770 16665385400 
0.00000045 30784.593366 16638125000 
0.00000045 31064.784174 17143383100 
0.00000045 30178.586560 16822687400 
0.00000045 30665.273156 17327909200 
0.00000045 30618.703228 17109522900 
0.00000045 29924.752571 17145894300 
0.00000045 30539.135852 16938407500 
0.00000045 30327.746243 16408765700 
0.00000045 29961.901940 17488223500 
0.00000045 30730.486588 16722860300 
0.00000045 30253.282258 16670621800 
0.00000045 30733.060418 16654134800 
0.00000045 30913.262512 17108923200 
0.00000045 30342.064765 16557565900 
0.00000045 30934.607596 15931014400 
0.00000045 30289.253879 17120544300 
0.00000045 30563.666954 17174675600 
0.00000045 30317.788235 17433494800 
0.00000045 30673.788446 16870257900 
0.00000045 30794.409749 17213095600 
0.00000045 30316.529498 16763082900 
0.00000045 30155.202778 16938603500 
0.00000045 31007.689782 17131555800 
0.00000045 30725.773942 16393372500 
0.00000045 30572.247520 16434797400 
0.00000045 30424.837097 17184860700 
0.00000045 30865.767301 16922943500 
0.00000045 30510.970073 17271945700 
0.00000045 30372.738003 17173451200 
0.00000045 30198.123658 16562882700 
0.00000045 30376.548060 17015515000 
0.00000045 30378.961331 16890078100 
0.00000045 29688.242715 17308171800 
0.00000045 30166.429272 16575368900 
0.00000045 30669.935021 16617712400 
0.00000045 31029.803498 17021323100 
0.00000045 29912.534170 16396824200 
0.00000045 30971.867126 16415768500 
0.00000045 30427.225167 17083575800 
0.00000045 30086.738362 16741142900 
0.00000045 30610.831982 17191904300 
0.00000045 30317.227369 16711448000 
0.00000045 29969.414101 16476293200 
0.00000045 29838.367285 16593365500 
0.00000045 31110.313058 16327341400 
0.00000045 30479.049000 16888945200 
0.00000045 29977.246947 17375935500 
0.00000045 30715.148344 16992246600 
0.00000045 30667.349406 17159668200 
0.00000045 30641.499294 17204776700 
0.00000045 30629.791927 17321261600 
0.00000045 31003.579016 16532422900 
0.00000045 30315.937144 16250758500 
0.00000045 29863.619535 16789445800 
0.00000045 30096.961874 16694049900 
0.00000045 30960.051457 17189531700 
0.00000045 30328.707097 17366262700 
0.00000045 30846.069852 16879605800 
0.00000045 30166.244347 16600013700 
0.00000045 31297.800033 16724991100 
0.00000045 30297.268015 17686722500 
0.00000045 31023.793318 16656856900 
0.00000045 30306.530385 17171201500 
0.00000045 30920.901301 16525874600 
0.00000045 30606.541000 17171285400 
0.00000045 30615.880695 16646799300 
0.00000045 30585.840216 16486338700 
0.00000045 30331.831931 16829410800 
0.00000045 30073.166483 16922960900 
0.00000045 30123.671174 16648570900 
0.00000045 29988.780203 17513995700 
0.00000045 30755.077145 17294799000 
0.00000045 29843.795175 17311237300 
0.00000045 30089.797348 17006005700 
0.00000045 30218.164881 17115266800 
0.000000475 30359.689455 16357362800 
0.000000475 30286.032055 15777642500 
0.000000475 30374.057737 15840696600 
0.000000475 30111.567436 15942360600 
0.000000475 31136.901749 16519919600 
0.000000475 29966.930792 16117540600 
0.000000475 29687.956738 16499063500 
0.000000475 30079.645784 15651818900 
0.000000475 30010.726846 16429211900 
0.000000475 30656.186606 15888963400 
0.000000475 30173.148328 16047858200 
0.000000475 30218.721916 15792277900 
0.000000475 31067.147082 15842854900 
0.000000475 31251.045347 15720585500 
0.000000475 30714.168135 16008077200 
0.000000475 30368.227834 15912177500 
0.000000475 31247.999049 15293964200 
0.000000475 30240.755837 15897626600 
0.000000475 30805.455629 15961195500 
0.000000475 30127.530788 16453491300 
0.000000475 30501.935421 16112498600 
0.000000475 30738.366460 15927483200 
0.000000475 30750.343891 16245823800 
0.000000475 30965.049759 15097032700 
0.000000475 30258.017016 16216350700 
0.000000475 30300.036843 15792346900 
0.000000475 29709.201830 16497241900 
0.000000475 30403.246697 15948996800 
0.000000475 30698.289367 16393433500 
0.000000475 30458.333737 16376334300 
0.000000475 30729.039541 15678574900 
0.000000475 31250.830814 16111288000 
0.000000475 30963.615049 15643666200 
0.000000475 30242.099699 16671856900 
0.000000475 30759.779181 15909904000 
0.000000475 30790.244779 16145543600 
0.000000475 30143.235440 16360511400 
0.000000475 30176.989236 16306454300 
0.000000475 30559.577624 15917167900 
0.000000475 29970.721895 16240865600 
0.000000475 31108.379613 15852213300 
0.000000475 30719.491490 16571453500 
0.000000475 29867.667732 16497402800 
0.000000475 30052.140951 15804179500 
0.000000475 30141.288713 16116888100 
0.000000475 30727.764618 15918369400 
0.000000475 30679.028645 16508428800 
0.000000475 30791.168220 16158033000 
0.000000475 30934.921254 15761577800 
0.000000475 30395.376923 16106124700 
0.000000475 30477.160009 16108588200 
0.000000475 30697.974887 16323768500 
0.000000475 30375.673362 16209019700 
0.000000475 30108.727870 16034514100 
0.000000475 30616.064276 16061038400 
0.000000475 30807.762896 16328581300 
0.000000475 30851.772141 15925780700 
0.000000475 30542.138304 16439935000 
0.000000475 31407.878372 16549117200 
0.000000475 30713.705830 15780569200 
0.000000475 29915.520690 16594563200 
0.000000475 30224.174312 16711237800 
0.000000475 30458.026621 16340787300 
0.000000475 30923.111603 15881696200 
0.000000475 30771.322353 16087009600 
0.000000475 30634.708821 16633557800 
0.000000475 30145.663015 16259330500 
0.000000475 30434.893047 16336414700 
0.000000475 30753.568453 16522001900 
0.000000475 30490.791556 16038848100 
0.000000475 29628.306111 15822555800 
0.000000475 30149.412537 15747328700 
0.000000475 30754.353438 16361401500 
0.000000475 30438.478291 15961645000 
0.000000475 30275.774135 16189406300 
0.000000475 30541.335669 15856752900 
0.000000475 30136.102310 15960979600 
0.000000475 30124.619830 15556854600 
0.000000475 30558.657469 15537829600 
0.000000475 30018.482593 16150404100 
0.000000475 29784.779904 15986815200 
0.000000475 30272.893135 15758002500 
0.000000475 30706.053605 15753469700 
0.000000475 30308.075486 16236783700 
0.000000475 30281.995218 15896996400 
0.000000475 30468.606180 15493410300 
0.000000475 30331.107668 15923270800 
0.000000475 30070.508641 15588220400 
0.000000475 30694.734371 15571519300 
0.000000475 31378.045994 15804916500 
0.000000475 30171.385893 16238708200 
0.000000475 30059.986854 15550492600 
0.000000475 30404.424497 16103737800 
0.000000475 30950.119379 15837281200 
0.000000475 30467.417342 16725648800 
0.000000475 29865.779360 15772480500 
0.000000475 30278.998561 15873507100 
0.000000475 30491.504853 15905613000 
0.000000475 30375.101239 15942148600 
0.000000475 31201.108941 16594976500 
0.0000005 30724.391553 15240427300 
0.0000005 30470.617076 15306425600 
0.0000005 29779.974701 14962345800 
0.0000005 29743.891438 15441282300 
0.0000005 29984.234220 15089286300 
0.0000005 30281.392357 15155588300 
0.0000005 29886.122918 15794783900 
0.0000005 31269.021396 15142386300 
0.0000005 30535.884598 14827568700 
0.0000005 30822.296665 15085942500 
0.0000005 30366.199575 15342709800 
0.0000005 30561.608697 15115059000 
0.0000005 30668.761062 15729469600 
0.0000005 29944.009196 15443509800 
0.0000005 30284.160896 15520015300 
0.0000005 30287.395530 15616908600 
0.0000005 30119.504913 14899974600 
0.0000005 30778.615179 15482972000 
0.0000005 30548.811849 15127489600 
0.0000005 30894.281543 15367072600 
0.0000005 30440.185279 15279864000 
0.0000005 30334.206896 15248687800 
0.0000005 30460.222847 14876042900 
0.0000005 30288.176079 14676625400 
0.0000005 30195.584627 15239419500 
0.0000005 29959.726689 15554018900 
0.0000005 30871.698592 15390297000 
0.0000005 30410.123171 14846953500 
0.0000005 29743.524820 15094743900 
0.0000005 30257.309908 15693760400 
0.0000005 30910.311968 15702392900 
0.0000005 31184.312866 15103559900 
0.0000005 29472.308908 14901812400 
0.0000005 30927.905596 14925603700 
0.0000005 30650.465158 15216163500 
0.0000005 29993.838356 15245602200 
0.0000005 30463.023476 14988620000 
0.0000005 30152.344248 15389483000 
0.0000005 30512.566727 14961940600 
0.0000005 30903.844544 15315412200 
0.0000005 30300.814854 15188588800 
0.0000005 30535.621084 15118449900 
0.0000005 30565.068740 15762237400 
0.0000005 30530.758573 15575806900 
0.0000005 30729.204290 15146197400 
0.0000005 29894.100838 15156068100 
0.0000005 29820.162525 15626320500 
0.0000005 30418.718146 15434414100 
0.0000005 30294.996028 15406531800 
0.0000005 30117.924581 14853460500 
0.0000005 30813.714832 15270965200 
0.0000005 30852.792568 15058896000 
0.0000005 30799.780938 15133207100 
0.0000005 30736.732323 14696485900 
0.0000005 30479.583063 14812480000 
0.0000005 30174.461849 15519899500 
0.0000005 30395.703559 14926213700 
0.0000005 29981.455863 15534401800 
0.0000005 30975.946086 15807659300 
0.0000005 30319.467712 15670391400 
0.0000005 30548.317383 14731179500 
0.0000005 29894.564160 15526935900 
0.0000005 30822.102561 14996530500 
0.0000005 30289.701049 15231421900 
0.0000005 29854.566424 15366612200 
0.0000005 30771.777611 15173060600 
0.0000005 30406.651611 15400529500 
0.0000005 30575.127308 15871647500 
0.0000005 29932.942568 15053986800 
0.0000005 30508.412658 15210829100 
0.0000005 31116.803213 15420228500 
0.0000005 30816.128870 15159062000 
0.0000005 30518.716201 15648506800 
0.0000005 30111.777820 15052347700 
0.0000005 29996.133306 15370350200 
0.0000005 30661.085060 15686043100 
0.0000005 31105.860687 14757554800 
0.0000005 30412.531084 15043626500 
0.0000005 30093.707281 15470371900 
0.0000005 30291.054556 15199041200 
0.0000005 30999.952766 14688428900 
0.0000005 30835.303299 14966047000 
0.0000005 30515.081004 15200875100 
0.0000005 30327.653896 15509937100 
0.0000005 30887.316496 15826787300 
0.0000005 29828.123909 15808391700 
0.0000005 30366.924721 14983182300 
0.0000005 31002.281243 15057504000 
0.0000005 30896.586440 15679197700 
0.0000005 30187.448778 14539162900 
0.0000005 30047.384825 14896825700 
0.0000005 30710.352505 14889020700 
0.0000005 30195.744116 15374899000 
0.0000005 30493.095678 15170593700 
0.0000005 29940.903610 15807584100 
0.0000005 30237.455269 14947788800 
0.0000005 30557.105153 15258352700 
0.0000005 30048.312595 15135939300 
0.0000005 31092.809920 14798856400 
0.0000005 30419.434116 15348876800 
0.00000055 30172.734688 14115178700 
0.00000055 30255.950367 13483219200 
0.00000055 30195.529315 13662028700 
0.00000055 30314.557588 13971117500 
0.00000055 30212.579234 13549050700 
0.00000055 30631.617195 13958894900 
0.00000055 30152.915186 14252021300 
0.00000055 30141.702619 14130357400 
0.00000055 30202.051951 13591986600 
0.00000055 30473.200031 14055869300 
0.00000055 30787.673123 13852116300 
0.00000055 30435.224928 13150556100 
0.00000055 30756.224416 13541428400 
0.00000055 29990.124962 13989297600 
0.00000055 30160.417157 14058398900 
0.00000055 29989.135040 13734453900 
0.00000055 30499.799314 14459927400 
0.00000055 29867.139183 13927894200 
0.00000055 30669.303732 13747158300 
0.00000055 30942.811845 13542803900 
0.00000055 30487.370666 13515569500 
0.00000055 30435.358293 13490181400 
0.00000055 30749.262775 13895356000 
0.00000055 30989.909268 14143140000 
0.00000055 30662.820584 14223816100 
0.00000055 30993.203534 14186362800 
0.00000055 30650.240003 14544746100 
0.00000055 30199.404447 13133320500 
0.00000055 30645.376048 13825424400 
0.00000055 30719.285379 13613787500 
0.00000055 30308.414002 13551737300 
0.00000055 29998.682236 14271785300 
0.00000055 30125.305845 13688053700 
0.00000055 30238.567719 13856637700 
0.00000055 30078.522790 13758764000 
0.00000055 30730.875765 13687251000 
0.00000055 30235.887541 13443182600 
0.00000055 29847.219796 13620784200 
0.00000055 30306.940036 13694638100 
0.00000055 29953.388026 13939351000 
0.00000055 30723.478827 14243714100 
0.00000055 29979.202851 13764027000 
0.00000055 31303.620849 13801991800 
0.00000055 30652.762846 14279241000 
0.00000055 30388.717124 14292738200 
0.00000055 30635.446920 14442259400 
0.00000055 30980.554353 14009194900 
0.00000055 31094.070188 14200867000 
0.00000055 30408.097995 14332122600 
0.00000055 30445.931691 14372761400 
0.00000055 30471.448712 14356675800 
0.00000055 30233.137652 13710535300 
0.00000055 30645.827801 13901642000 
0.00000055 30020.310946 13718728500 
0.00000055 30304.461839 14020109400 
0.00000055 30485.980091 13832908500 
0.00000055 30678.286300 13443237100 
0.00000055 30737.694978 13907455200 
0.00000055 30636.250060 14065283100 
0.00000055 30178.039897 14027990200 
0.00000055 30461.537063 13745014300 
0.00000055 30593.308176 14034950800 
0.00000055 30853.331226 13953609900 
0.00000055 29854.219999 13993494000 
0.00000055 30301.501651 13796668600 
0.00000055 30379.854880 14188972500 
0.00000055 29852.523337 13940858000 
0.00000055 30676.615553 14305884900 
0.00000055 30061.463394 14045819500 
0.00000055 30356.710535 13842005700 
0.00000055 30002.368055 13650283300 
0.00000055 30910.370259 13829089100 
0.00000055 30876.901308 13847921000 
0.00000055 30374.744109 13528490700 
0.00000055 31162.770084 13492113200 
0.00000055 30481.018857 13658566800 
0.00000055 31249.584351 14008053600 
0.00000055 30463.216363 13833606300 
0.00000055 30675.237212 14373133200 
0.00000055 30525.017497 13771097300 
0.00000055 31200.716319 13855555100 
0.00000055 30826.045861 13618290300 
0.00000055 30617.445316 13568013100 
0.00000055 30594.500989 14570752100 
0.00000055 30566.718378 13562079000 
0.00000055 31259.916083 14682417000 
0.00000055 30422.163330 13771934100 
0.00000055 31049.560920 14101449200 
0.00000055 30489.445493 13871136600 
0.00000055 30557.571250 14252359700 
0.00000055 30248.730518 14089462500 
0.00000055 30725.093679 13391447300 
0.00000055 30357.132055 14169303900 
0.00000055 30601.629549 13595258800 
0.00000055 30858.933011 13725549300 
0.00000055 30549.934661 14125001400 
0.00000055 30591.593532 14316567000 
0.00000055 30094.247104 13539950900 
0.00000055 30206.188880 13326424700 
0.00000055 30948.975269 13365256500 
0.0000006 30267.247125 12896360800 
0.0000006 30699.425131 12605597400 
0.0000006 29867.205038 12812811800 
0.0000006 30716.632397 12273695200 
0.0000006 30908.731299 12305414400 
0.0000006 30480.295879 12634569000 
0.0000006 30916.798104 12469552000 
0.0000006 30361.975902 13099249700 
0.0000006 30997.600923 12709457600 
0.0000006 30448.584006 12877118200 
0.0000006 30671.360695 12495071300 
0.0000006 31020.746356 12696754300 
0.0000006 30521.539736 13116363000 
0.0000006 31184.305234 12174819000 
0.0000006 30664.125896 12719559900 
0.0000006 30446.286046 12380396400 
0.0000006 30179.871221 12705431500 
0.0000006 30406.219452 12633617600 
0.0000006 30194.732268 13051490000 
0.0000006 30750.624315 12678720500 
0.0000006 31075.904173 12461866600 
0.0000006 30210.603637 13035169100 
0.0000006 30624.729336 12549355200 
0.0000006 29851.832674 12917073800 
0.0000006 30408.286142 12613663300 
0.0000006 30735.499680 12778383800 
0.0000006 30343.382062 12673414600 
0.0000006 31207.779683 12862445400 
0.0000006 30437.111661 12263035400 
0.0000006 30648.687077 12976321600 
0.0000006 30064.929745 12558994000 
0.0000006 30597.871351 13021848500 
0.0000006 31159.198050 13018894300 
0.0000006 30100.028181 12973536600 
0.0000006 30694.728214 12965948500 
0.0000006 31130.048427 12545021300 
0.0000006 31286.187220 12422103600 
0.0000006 30684.961019 12796833000 
0.0000006 31170.900253 12558137900 
0.0000006 30438.832359 12774175800 
0.0000006 30379.495706 13145090800 
0.0000006 30513.445175 12955763300 
0.0000006 31280.322739 12888560800 
0.0000006 29890.617442 12767178600 
0.0000006 30266.479173 12559999900 
0.0000006 30954.354645 12820115700 
0.0000006 30776.938040 13145814400 
0.0000006 30596.779787 13021949000 
0.0000006 31304.839168 12538294100 
0.0000006 30360.564122 12631665000 
0.0000006 30528.358922 12898561300 
0.0000006 30824.156735 12525445200 
0.0000006 30152.790758 12690577400 
0.0000006 30837.982131 12421248900 
0.0000006 30708.681403 12482934800 
0.0000006 30169.309676 12803773300 
0.0000006 29961.752984 12739614400 
0.0000006 31153.715983 12116894100 
0.0000006 30135.299649 12623162000 
0.0000006 30021.590275 13032899600 
0.0000006 30701.482357 12509750600 
0.0000006 31088.900581 12244022200 
0.0000006 30449.163910 12751000300 
0.0000006 30768.970288 12803220700 
0.0000006 30578.402745 12553079200 
0.0000006 30564.934682 12531130100 
0.0000006 30596.534918 12809970200 
0.0000006 30959.135895 12723586700 
0.0000006 30938.013680 12699945100 
0.0000006 30901.180879 12833498900 
0.0000006 30907.317651 12787896800 
0.0000006 30788.740419 12302758300 
0.0000006 30149.859837 12836493200 
0.0000006 30501.427230 12660668900 
0.0000006 30776.591790 12557461100 
0.0000006 30580.362777 12719334400 
0.0000006 30016.237939 12455073600 
0.0000006 30621.953860 12433345900 
0.0000006 30104.782518 12762978400 
0.0000006 30722.933947 12874621300 
0.0000006 31068.541731 12761698000 
0.0000006 30485.620887 12517738100 
0.0000006 29829.945140 12958562400 
0.0000006 30940.783032 13005578200 
0.0000006 30388.703466 12893518700 
0.0000006 30489.389342 13340790400 
0.0000006 30484.799169 12884324400 
0.0000006 30942.251773 12636286500 
0.0000006 30096.228025 12486024400 
0.0000006 30312.645608 12851141900 
0.0000006 30589.719637 12590498000 
0.0000006 30765.461473 13015933400 
0.0000006 30901.855398 12969534300 
0.0000006 31137.981435 12676914000 
0.0000006 30063.409600 12630025100 
0.0000006 30585.792188 12599119000 
0.0000006 29956.411886 12812910900 
0.0000006 30063.525778 12385052800 
0.0000006 30964.482226 12622808700 
0.0000006 30624.641535 12851396200 
0.00000065 30466.652903 11731194300 
0.00000065 30385.942790 12173245800 
0.00000065 30503.488344 11385983800 
0.00000065 30032.365983 11449629000 
0.00000065 30347.440521 11668955900 
0.00000065 30426.987004 11864502800 
0.00000065 30873.924150 11831305500 
0.00000065 30254.922433 11527840400 
0.00000065 30229.475362 11824124800 
0.00000065 30418.692135 11788272100 
0.00000065 30041.708674 11385973300 
0.00000065 30806.642702 11595607300 
0.00000065 31687.160839 11958760200 
0.00000065 30885.465011 11913938600 
0.00000065 30488.287113 11955038600 
0.00000065 29830.563852 11787538900 
0.00000065 30561.172190 11626932200 
0.00000065 30799.336451 12126402000 
0.00000065 31044.690892 11957688200 
0.00000065 30293.873028 11410525300 
0.00000065 30228.753768 11788477400 
0.00000065 30600.657096 11623104900 
0.00000065 30872.542869 11715287500 
0.00000065 30991.220378 12132926200 
0.00000065 30849.879175 12043084600 
0.00000065 30592.162883 11651957300 
0.00000065 30751.994049 11866491900 
0.00000065 31069.417945 11572429300 
0.00000065 30151.414745 11763311200 
0.00000065 30779.687763 11934922700 
0.00000065 30658.243199 11724654100 
0.00000065 30983.478327 12021499600 
0.00000065 30535.242479 11887812900 
0.00000065 30719.960055 11871761200 
0.00000065 30061.908840 11750697700 
0.00000065 30610.981992 11995797300 
0.00000065 30649.051143 12128462800 
0.00000065 30424.777956 11714073900 
0.00000065 30700.824607 12104824400 
0.00000065 29999.134841 12241114800 
0.00000065 30608.644224 11464565100 
0.00000065 31116.159422 11715275900 
0.00000065 30541.458234 11565274000 
0.00000065 30932.979936 12155357400 
0.00000065 30746.029908 11303212500 
0.00000065 30449.478443 11412395000 
0.00000065 30275.467061 12384116000 
0.00000065 30509.297809 11634332600 
0.00000065 31157.354804 11892903200 
0.00000065 30119.725843 11836564000 
0.00000065 30711.007897 11691056900 
0.00000065 30701.852992 11917067700 
0.00000065 30458.351377 11732778600 
0.00000065 30358.003431 12124680600 
0.00000065 30568.662768 11667170300 
0.00000065 30720.458399 11136289900 
0.00000065 30144.338217 11421654700 
0.00000065 30406.753332 11314799900 
0.00000065 30305.790867 12262455900 
0.00000065 30593.358542 11591865500 
0.00000065 29907.443737 11705836900 
0.00000065 30452.096539 11694899400 
0.00000065 31070.783345 12124889100 
0.00000065 30799.720924 11968814500 
0.00000065 30328.044786 11873869500 
0.00000065 29681.244739 11736287900 
0.00000065 30096.978594 11731189300 
0.00000065 30637.320868 12194055200 
0.00000065 30967.157069 12029159300 
0.00000065 30928.471948 11807521200 
0.00000065 30649.137129 11772580400 
0.00000065 30409.933734 11516752700 
0.00000065 30354.770515 11930341000 
0.00000065 30871.506212 11429464500 
0.00000065 31330.815382 11785576400 
0.00000065 30844.250382 11536598900 
0.00000065 30059.549111 11962891200 
0.00000065 30591.404794 11693235800 
0.00000065 30366.215915 12534092800 
0.00000065 30052.102841 12144297200 
0.00000065 30169.824967 12165397800 
0.00000065 30276.338565 11760076800 
0.00000065 30416.566401 11898044500 
0.00000065 30852.197827 11530537200 
0.00000065 31341.584826 12042224200 
0.00000065 29980.194724 11513306900 
0.00000065 30391.887586 11875735000 
0.00000065 30419.949820 11497991300 
0.00000065 30034.963360 11865513800 
0.00000065 30163.759496 11944067800 
0.00000065 30851.607118 11960417400 
0.00000065 30643.630078 12118798400 
0.00000065 30823.684228 11997687900 
0.00000065 30995.102479 11824988000 
0.00000065 30169.733183 11537692800 
0.00000065 30876.558684 11529772500 
0.00000065 30901.321103 11468037500 
0.00000065 30108.157110 12062172500 
0.00000065 30030.421063 12210150100 
0.00000065 30131.572374 11793781700 
0.0000007 30480.881376 11011362600 
0.0000007 29881.355073 11072942200 
0.0000007 30348.622097 10799695400 
0.0000007 30917.403446 10892861800 
0.0000007 31248.485333 10803821900 
0.0000007 30660.055346 11033261900 
0.0000007 30609.896568 10814693100 
0.0000007 30565.229941 10664976600 
0.0000007 30637.523000 11377565800 
0.0000007 31029.877110 11109347300 
0.0000007 30856.752762 11259611500 
0.0000007 30325.791740 10286897000 
0.0000007 30657.026021 10870790700 
0.0000007 30652.549399 10912632300 
0.0000007 30512.710033 10847296700 
0.0000007 30573.154629 10777681300 
0.0000007 30553.056130 10779146200 
0.0000007 30511.219916 10930456400 
0.0000007 30310.177772 10956789600 
0.0000007 30333.394817 10636131900 
0.0000007 30951.654779 11176174000 
0.0000007 31133.127105 11128163300 
0.0000007 30051.597996 10648835200 
0.0000007 30623.257679 10662679000 
0.0000007 30787.032814 10845345100 
0.0000007 30608.240243 10690382700 
0.0000007 30697.456401 10979171300 
0.0000007 31102.747061 10657218100 
0.0000007 30149.019990 10775610900 
0.0000007 30142.054288 10826517900 
0.0000007 30832.784087 10710333000 
0.0000007 29966.725413 10750550900 
0.0000007 30533.871596 11020081000 
0.0000007 29863.384905 10915454200 
0.0000007 30487.492377 10840684300 
0.0000007 30785.190409 10784495400 
0.0000007 30134.981123 10985418000 
0.0000007 31082.895281 10894051000 
0.0000007 30615.495875 11024146100 
0.0000007 30425.873845 10806508400 
0.0000007 30605.120232 10901078200 
0.0000007 30305.252045 10873568300 
0.0000007 30890.361514 10989297600 
0.0000007 29823.761364 11022469300 
0.0000007 30421.468754 10989099000 
0.0000007 30437.569143 11009160900 
0.0000007 30564.240042 10869263600 
0.0000007 30855.032736 11051952900 
0.0000007 30402.277056 10805647600 
0.0000007 31277.775496 10838035900 
0.0000007 30836.414285 10863276800 
0.0000007 30584.319463 10939698900 
0.0000007 30426.422605 11219268500 
0.0000007 31461.818649 11300090300 
0.0000007 29790.949471 10975996600 
0.0000007 31016.088326 11251504800 
0.0000007 29612.465175 10882748400 
0.0000007 30605.664359 10973118100 
0.0000007 30267.205313 10565446900 
0.0000007 30652.237479 11161355200 
0.0000007 30931.389314 11228772200 
0.0000007 30246.590443 10896765400 
0.0000007 30437.447111 10990906100 
0.0000007 30778.523789 10880009100 
0.0000007 30427.023358 11435676900 
0.0000007 30788.887619 10916727800 
0.0000007 30065.816753 11170718200 
0.0000007 30457.594768 10677524200 
0.0000007 30860.377445 10691710000 
0.0000007 30715.811589 11305330100 
0.0000007 30331.176476 11017738100 
0.0000007 29735.304055 10834541700 
0.0000007 30414.371027 10878369800 
0.0000007 30177.086579 11047110400 
0.0000007 30263.746584 10718307300 
0.0000007 30906.315018 10997487000 
0.0000007 30118.832698 10621598400 
0.0000007 30407.474809 10579336700 
0.0000007 30167.378879 10670389900 
0.0000007 29979.343345 11188494100 
0.0000007 30490.728859 11559031500 
0.0000007 30561.754911 11118918600 
0.0000007 31160.734394 10688660100 
0.0000007 30354.270294 10743280600 
0.0000007 30356.386454 11152596400 
0.0000007 30283.269095 10736307400 
0.0000007 29889.569612 10937136800 
0.0000007 30565.896284 10822320500 
0.0000007 30412.960580 10878009900 
0.0000007 30894.889291 11228883800 
0.0000007 30432.265919 10706339300 
0.0000007 30275.280324 10642081600 
0.0000007 30979.830086 10665102600 
0.0000007 30711.964571 11093938300 
0.0000007 31538.225678 11556013500 
0.0000007 29628.272954 11177976100 
0.0000007 30775.754148 10756723800 
0.0000007 31512.411672 10913173600 
0.0000007 30346.427533 11013538700 
0.0000007 30383.782577 11008181700 
0.00000075 30142.452233 10579324800 
0.00000075 30499.830908 10076090700 
0.00000075 30032.870920 9993352700 
0.00000075 30462.515146 10009459000 
0.00000075 30371.347784 9948270200 
0.00000075 30634.921650 10269106800 
0.00000075 30993.818183 10135835100 
0.00000075 30131.136110 10428562700 
0.00000075 31062.818964 10016431300 
0.00000075 30758.233002 10023783700 
0.00000075 30527.508131 10332332700 
0.00000075 30016.022035 10059374000 
0.00000075 30264.206730 10127672100 
0.00000075 30291.441556 10392356600 
0.00000075 30373.636607 10277026800 
0.00000075 30781.219107 10008229400 
0.00000075 30298.811933 10253672300 
0.00000075 30813.328228 10082458100 
0.00000075 31067.555033 10331849100 
0.00000075 30328.197172 10036710200 
0.00000075 30761.132378 10106307700 
0.00000075 30621.234466 10001912000 
0.00000075 31354.588689 10241654100 
0.00000075 30725.123145 10599612900 
0.00000075 30944.548778 9754213700 
0.00000075 30195.924625 9780580200 
0.00000075 29914.125404 10477693600 
0.00000075 29929.635183 10210904200 
0.00000075 30668.695614 10050662000 
0.00000075 30571.867308 10434441300 
0.00000075 30080.096041 10086754400 
0.00000075 30340.325143 10063798300 
0.00000075 30365.619438 10453782200 
0.00000075 29994.596472 10493576400 
0.00000075 30651.325689 9951709600 
0.00000075 30354.124998 10395044700 
0.00000075 30209.766631 10165363100 
0.00000075 30367.731576 10476305800 
0.00000075 30151.506959 10488798000 
0.00000075 30638.296221 10029828700 
0.00000075 30733.043685 10247564300 
0.00000075 30670.272802 10018962000 
0.00000075 31131.350898 10631718400 
0.00000075 30440.561292 10100311500 
0.00000075 30903.658994 10300390100 
0.00000075 31037.711698 10567395100 
0.00000075 30676.158319 10146479700 
0.00000075 30918.562065 10318595500 
0.00000075 31260.411399 10295351100 
0.00000075 30295.863187 10471023600 
0.00000075 30591.448514 10182243300 
0.00000075 30629.450269 10288070000 
0.00000075 30507.259640 10331697000 
0.00000075 29770.419264 10448026300 
0.00000075 30168.740124 10185467500 
0.00000075 30836.592504 10547983700 
0.00000075 31050.118664 9943321700 
0.00000075 31140.505689 9717137000 
0.00000075 30499.329634 10133343600 
0.00000075 30051.759754 10051958000 
0.00000075 30962.824062 10407416400 
0.00000075 30312.022311 10267854900 
0.00000075 30612.054398 10123312900 
0.00000075 30004.198127 10333484800 
0.00000075 30665.487107 10243396900 
0.00000075 30165.076755 10536180200 
0.00000075 30886.111981 10026677000 
0.00000075 31058.260624 10229608400 
0.00000075 30488.118409 9994940300 
0.00000075 30062.755332 10434124500 
0.00000075 30446.451308 10136086000 
0.00000075 30340.612083 10014448300 
0.00000075 30695.866555 10188860000 
0.00000075 30700.134676 10284170100 
0.00000075 29993.133672 10469713400 
0.00000075 31527.081851 10545066600 
0.00000075 30686.478152 10588747600 
0.00000075 30199.615436 10212772500 
0.00000075 30052.378333 10126459800 
0.00000075 30362.553174 10488194400 
0.00000075 31437.953611 10154330300 
0.00000075 31377.055617 10760315300 
0.00000075 30029.361748 10318120500 
0.00000075 30165.554694 9991293300 
0.00000075 30266.635994 10030313600 
0.00000075 30710.318719 10146360300 
0.00000075 31179.966873 10282856100 
0.00000075 30452.543150 10346310800 
0.00000075 30029.394484 9926832500 
0.00000075 30620.338305 10366041700 
0.00000075 30070.196639 10129736800 
0.00000075 29967.003663 10286774700 
0.00000075 30520.681896 10167988800 
0.00000075 30532.955614 10076170000 
0.00000075 30204.884073 10093682700 
0.00000075 30235.174277 10094156400 
0.00000075 30285.009128 9972621300 
0.00000075 30592.053428 10308518800 
0.00000075 30593.409446 10359146700 
0.00000075 30418.044950 10248620200 
0.0000008 30505.398564 9355306600 
0.0000008 30509.798158 9581931000 
0.0000008 31036.772430 9770143300 
0.0000008 30255.610688 9430863900 
0.0000008 31409.501267 9617376900 
0.0000008 30022.777272 9472266000 
0.0000008 29959.773759 9392512900 
0.0000008 30337.201317 9558098800 
0.0000008 30798.423553 9853059300 
0.0000008 30716.387006 9438890000 
0.0000008 30355.422874 9574088300 
0.0000008 31142.072978 9749092700 
0.0000008 30519.592266 9764128400 
0.0000008 30018.896542 9765870400 
0.0000008 30471.201131 9931648500 
0.0000008 29962.642454 9635580100 
0.0000008 30860.105093 9750145300 
0.0000008 30473.504653 9383315000 
0.0000008 30442.353812 9512878700 
0.0000008 30491.395748 9942887400 
0.0000008 30660.306500 9645673700 
0.0000008 30740.199111 9517177700 
0.0000008 30769.966775 9295524900 
0.0000008 30380.108713 9613234600 
0.0000008 30286.585385 9519164800 
0.0000008 30547.407399 9893860200 
0.0000008 30463.800402 9533215200 
0.0000008 30716.368980 10024395700 
0.0000008 30270.684080 9470783600 
0.0000008 30907.472075 9815529800 
0.0000008 30568.729212 9450265900 
0.0000008 30872.003210 9527905600 
0.0000008 30699.606358 9886668500 
0.0000008 30482.745366 9429927000 
0.0000008 30742.645353 9580723500 
0.0000008 30702.629009 9808139400 
0.0000008 29956.504324 9354151300 
0.0000008 30635.497165 9497290500 
0.0000008 30318.213109 9515348200 
0.0000008 30806.862065 9539585400 
0.0000008 30602.797094 9585974300 
0.0000008 31340.857635 10149888100 
0.0000008 30879.470643 9421216300 
0.0000008 30178.220372 9823596400 
0.0000008 30017.931729 9863594100 
0.0000008 30401.483062 9619854500 
0.0000008 30606.525622 9675403500 
0.0000008 30157.126536 9570755400 
0.0000008 30423.801226 9670583800 
0.0000008 30180.280071 9533704000 
0.0000008 30434.268423 9838605800 
0.0000008 30815.591517 9702592200 
0.0000008 30286.554357 9489428200 
0.0000008 30226.534671 9712093100 
0.0000008 30819.043338 9970029400 
0.0000008 30879.503697 9458011700 
0.0000008 29943.185646 9502603400 
0.0000008 30420.560028 9353244100 
0.0000008 30819.505588 9584775600 
0.0000008 30145.236854 9735087100 
0.0000008 30339.988843 10008739100 
0.0000008 30328.354702 9608057600 
0.0000008 30178.017405 9313193500 
0.0000008 30671.914937 9468913200 
0.0000008 30277.774960 9360742500 
0.0000008 30796.139985 9643310600 
0.0000008 30546.321282 9878226800 
0.0000008 30459.907518 9753752100 
0.0000008 30788.615022 9849711400 
0.0000008 30478.964393 9261941700 
0.0000008 30286.611576 9626429700 
0.0000008 30442.202935 9422005600 
0.0000008 31091.054874 9546327000 
0.0000008 30909.697669 9612559500 
0.0000008 30837.584615 9432423000 
0.0000008 30478.572981 9522244600 
0.0000008 30194.586540 9733339700 
0.0000008 30671.192787 9670900200 
0.0000008 30255.019307 9551684300 
0.0000008 30734.133366 9467780700 
0.0000008 30755.226433 9233542100 
0.0000008 30088.783106 9678940800 
0.0000008 30327.334317 9664790000 
0.0000008 30463.722321 9462320400 
0.0000008 30257.987235 9895884000 
0.0000008 30388.863777 9534172100 
0.0000008 29867.054037 9500762600 
0.0000008 29864.557773 9505494100 
0.0000008 30175.230587 9548644400 
0.0000008 30134.436168 9370825200 
0.0000008 30271.457094 9958922600 
0.0000008 30666.538455 9301190100 
0.0000008 30754.542346 9240863900 
0.0000008 29991.749967 9647459700 
0.0000008 30745.147663 9256433200 
0.0000008 30270.889677 9510240200 
0.0000008 30235.815128 9321475500 
0.0000008 29942.118160 9511570200 
0.0000008 30808.515587 9529864600 
0.0000008 30069.984838 9388521800 
0.00000085 31003.517849 8982171200 
0.00000085 30071.616917 9121492600 
0.00000085 30188.614501 8854615200 
0.00000085 30102.118473 9269438500 
0.00000085 31102.630786 8862524100 
0.00000085 30005.699574 9063077300 
0.00000085 31584.892862 8922781400 
0.00000085 30833.684044 8794619100 
0.00000085 30464.849870 9130317400 
0.00000085 30683.072143 9328848800 
0.00000085 30440.484789 9192946600 
0.00000085 30448.002650 8889087400 
0.00000085 30100.835263 8841677000 
0.00000085 30638.666128 8688832100 
0.00000085 31187.191483 9197239500 
0.00000085 30790.311503 8961372200 
0.00000085 30542.868507 8725737400 
0.00000085 30445.607417 8718364700 
0.00000085 30422.541151 8918083600 
0.00000085 30279.582124 8755560900 
0.00000085 31044.522868 9669090300 
0.00000085 30716.224299 8830059500 
0.00000085 29976.823493 8919860700 
0.00000085 30105.214208 9076771400 
0.00000085 30741.937882 8852943200 
0.00000085 30762.869121 8992733000 
0.00000085 30413.173208 8979179500 
0.00000085 30480.292084 8865153900 
0.00000085 30621.919714 9078826700 
0.00000085 30772.865347 9004655600 
0.00000085 29657.926669 9101740800 
0.00000085 30056.260292 8752717800 
0.00000085 30702.573001 8991670000 
0.00000085 30173.685947 9107784600 
0.00000085 30840.097715 8896899000 
0.00000085 30143.274439 9002922300 
0.00000085 30935.969930 9030678600 
0.00000085 30302.689919 8727157600 
0.00000085 30534.785687 9102181500 
0.00000085 30317.321681 9017010400 
0.00000085 30153.415311 8977329400 
0.00000085 30277.415746 8661830600 
0.00000085 29765.470442 8879089900 
0.00000085 30659.096802 8930426600 
0.00000085 30776.761974 8830889400 
0.00000085 30917.792396 9039826200 
0.00000085 30093.541209 8807322400 
0.00000085 30670.840389 8807016900 
0.00000085 31029.635897 8969929400 
0.00000085 29571.679331 8801320600 
0.00000085 30775.831902 8954499200 
0.00000085 30027.876013 8947105000 
0.00000085 29859.004053 8873049000 
0.00000085 31257.023028 8904646000 
0.00000085 30961.432477 8873815600 
0.00000085 30477.631420 9018485300 
0.00000085 30545.516177 9054824000 
0.00000085 31327.278072 9255636600 
0.00000085 30395.922424 9115917200 
0.00000085 30365.082237 8888538000 
0.00000085 30598.303999 8950830400 
0.00000085 29895.908857 9504617300 
0.00000085 30754.434292 9035315100 
0.00000085 30871.357901 9099243700 
0.00000085 30283.446026 9313022800 
0.00000085 30855.990563 8999063200 
0.00000085 30029.448015 8838744800 
0.00000085 30295.672379 9127679500 
0.00000085 31288.372510 8758760200 
0.00000085 30355.584253 9026648500 
0.00000085 30555.727055 8930406200 
0.00000085 30451.386130 9300077200 
0.00000085 30703.522752 9113107200 
0.00000085 30695.628911 9176828000 
0.00000085 30893.389573 8598743000 
0.00000085 30463.278751 8994701200 
0.00000085 30299.927000 9058694700 
0.00000085 30347.105823 8828659200 
0.00000085 30871.863849 9102740300 
0.00000085 30339.952018 8865461800 
0.00000085 29880.075896 8751951900 
0.00000085 31236.330242 9027038300 
0.00000085 30200.281283 8999634100 
0.00000085 30591.755377 9412131500 
0.00000085 30654.169141 8953024000 
0.00000085 30189.835526 8773900600 
0.00000085 30654.942845 8923710700 
0.00000085 30829.061730 8786996800 
0.00000085 30651.377866 8879153500 
0.00000085 31044.966808 8915608000 
0.00000085 30487.552750 8920891700 
0.00000085 30779.431572 9058921400 
0.00000085 30686.154428 8807871300 
0.00000085 31073.016216 8806871000 
0.00000085 29943.380338 9012376200 
0.00000085 30507.056969 8789251000 
0.00000085 30592.837200 9046330600 
0.00000085 30571.951882 9274419200 
0.00000085 30224.388544 9090155400 
0.00000085 30642.731727 8996541500 
0.0000009 31112.318450 8383259900 
0.0000009 29873.647361 8469238500 
0.0000009 31469.494808 8402543500 
0.0000009 30017.499204 8470657200 
0.0000009 30622.648635 8459062100 
0.0000009 30417.985876 8503071500 
0.0000009 30254.236083 8543363500 
0.0000009 30645.814078 8481845500 
0.0000009 30847.882085 8313926900 
0.0000009 30543.542184 8432966200 
0.0000009 31132.314292 8330574300 
0.0000009 30603.870268 8434014200 
0.0000009 30142.857929 8591762700 
0.0000009 30593.448350 8428912400 
0.0000009 30297.635861 8509513000 
0.0000009 30853.909572 8669123100 
0.0000009 30782.422462 8714114500 
0.0000009 31020.519483 8803150900 
0.0000009 30940.538340 8511191200 
0.0000009 30183.569538 8310277800 
0.0000009 29908.635248 8734511600 
0.0000009 29837.243329 8422509600 
0.0000009 30658.372668 8680608300 
0.0000009 30205.018242 8979952800 
0.0000009 30767.277077 8622745700 
0.0000009 30215.368096 8382528200 
0.0000009 30708.020787 8530535500 
0.0000009 30447.689825 8430897700 
0.0000009 30350.478188 8379230700 
0.0000009 29822.965429 8300035400 
0.0000009 31056.107577 8466266700 
0.0000009 30466.474058 8598877500 
0.0000009 30212.330825 8727144900 
0.0000009 30615.978549 8923020000 
0.0000009 30652.154567 8622948100 
0.0000009 30679.401268 8690358800 
0.0000009 30618.907267 8591073200 
0.0000009 30944.471336 8561617600 
0.0000009 30209.863984 8430253500 
0.0000009 30441.137426 8329022000 
0.0000009 30367.041565 8726299300 
0.0000009 30360.412485 8605352400 
0.0000009 30210.243768 8352365300 
0.0000009 30385.170564 8651403400 
0.0000009 29950.283116 8429303900 
0.0000009 31075.542473 8386130200 
0.0000009 30462.363299 8104866500 
0.0000009 30483.262455 8530396000 
0.0000009 30859.100492 8637510600 
0.0000009 31195.491740 8503138300 
0.0000009 30691.334511 8686050000 
0.0000009 31210.613914 8488691400 
0.0000009 30319.183487 8788244800 
0.0000009 30170.201356 8398566300 
0.0000009 30090.697415 8906647100 
0.0000009 30543.550994 8157345500 
0.0000009 30614.787751 8813266900 
0.0000009 30150.702899 8573344800 
0.0000009 30099.383067 8493453200 
0.0000009 30926.833610 8556820600 
0.0000009 31303.460524 8267188400 
0.0000009 31095.466395 8065932200 
0.0000009 30483.143879 8617938500 
0.0000009 30460.633700 8719149600 
0.0000009 30542.363740 8473126800 
0.0000009 30599.905434 8245768600 
0.0000009 30424.506762 8569535800 
0.0000009 31095.409913 8291828900 
0.0000009 30993.229676 8239743400 
0.0000009 30567.714127 8426669000 
0.0000009 30348.306647 8522096800 
0.0000009 30064.222604 8359752900 
0.0000009 30360.347644 8216641200 
0.0000009 30248.312929 8263560700 
0.0000009 29749.597673 8466129200 
0.0000009 30225.325065 8856801800 
0.0000009 30558.955494 8335235200 
0.0000009 30860.162120 8567654600 
0.0000009 30160.865999 8460579600 
0.0000009 30636.778105 8199392200 
0.0000009 30650.060217 8646282800 
0.0000009 30471.939945 8526075600 
0.0000009 30225.857772 8669375700 
0.0000009 30972.047873 8501931300 
0.0000009 31029.254013 8626276500 
0.0000009 30325.325644 8358922000 
0.0000009 30813.255878 8262034400 
0.0000009 30574.476009 8566575000 
0.0000009 30564.240689 8077286300 
0.0000009 30144.849082 8265868000 
0.0000009 30866.387793 8422167500 
0.0000009 30460.485747 8426136300 
0.0000009 30368.851158 8899416900 
0.0000009 29639.089223 8288565400 
0.0000009 30978.162520 8595691400 
0.0000009 30247.811959 8445193300 
0.0000009 30963.363056 8618491300 
0.0000009 30085.693866 8274923300 
0.0000009 29998.504966 8617380200 
0.0000009 30769.586542 8535538100 
0.00000095 30406.837578 7746206300 
0.00000095 30675.846215 7894632600 
0.00000095 29920.074631 8245987300 
0.00000095 31119.485435 8124734200 
0.00000095 30504.400116 8057231100 
0.00000095 30072.190043 8235946800 
0.00000095 29695.725228 7985317200 
0.00000095 30879.814698 8006966100 
0.00000095 30888.794151 8021307300 
0.00000095 30612.198423 8055809200 
0.00000095 30562.938284 7872441000 
0.00000095 29905.956363 8055607800 
0.00000095 31111.223583 8241741100 
0.00000095 30606.603961 7716101800 
0.00000095 30569.168105 8215032000 
0.00000095 30885.031867 7934984800 
0.00000095 30055.860576 7679331900 
0.00000095 30776.760673 8277062300 
0.00000095 29679.606461 8109137200 
0.00000095 30396.290404 8058117900 
0.00000095 30093.940994 7997088000 
0.00000095 30128.493932 8396682800 
0.00000095 30211.451685 8078424200 
0.00000095 30854.629409 8293899900 
0.00000095 29786.883483 8222652300 
0.00000095 30742.308258 7946903500 
0.00000095 30583.478306 8025848700 
0.00000095 30247.949150 8156449000 
0.00000095 30939.155046 7679340900 
0.00000095 30765.269396 8325857300 
0.00000095 30258.687353 7862429100 
0.00000095 30087.708445 7915728000 
0.00000095 31271.304804 8045573600 
0.00000095 30484.108935 7882968100 
0.00000095 30512.469647 8326286400 
0.00000095 30615.850635 8234470800 
0.00000095 30301.664494 7867422000 
0.00000095 29804.062226 7869077300 
0.00000095 30807.393190 8408223000 
0.00000095 31349.456254 8279360300 
0.00000095 31100.324990 7965436800 
0.00000095 30102.789443 8085421500 
0.00000095 30869.534345 8081897000 
0.00000095 31305.023549 7818906800 
0.00000095 30560.323951 8269136500 
0.00000095 30352.850435 7843365900 
0.00000095 30366.890946 8107665900 
0.00000095 31203.501859 7826285900 
0.00000095 30878.657467 7947257200 
0.00000095 31194.153381 8086033800 
0.00000095 30915.750617 7976320200 
0.00000095 30423.158997 7920278300 
0.00000095 30371.889256 7825464700 
0.00000095 30461.043876 8164268400 
0.00000095 30590.712054 8040772000 
0.00000095 30323.930511 8017264000 
0.00000095 30269.956579 8063489600 
0.00000095 30464.357978 8124906200 
0.00000095 30438.209322 7927232200 
0.00000095 30399.688868 8120792200 
0.00000095 30936.805688 8076012600 
0.00000095 30023.450241 7962186800 
0.00000095 29898.302064 8102182600 
0.00000095 30478.460071 8206594300 
0.00000095 31251.722417 7786457100 
0.00000095 30762.459614 7904242600 
0.00000095 31319.751975 8124835700 
0.00000095 30018.775564 7985011600 
0.00000095 30750.486924 8204519800 
0.00000095 30545.493230 8127406200 
0.00000095 30323.235529 8127015300 
0.00000095 30534.736630 8275031700 
0.00000095 30774.838094 7991412100 
0.00000095 30037.537682 7886306100 
0.00000095 30428.710699 7812735600 
0.00000095 30613.061471 8059805900 
0.00000095 30527.240977 7858034600 
0.00000095 30017.828824 7918099100 
0.00000095 30927.931195 7969291400 
0.00000095 31037.493484 8107342400 
0.00000095 30633.613455 8280302700 
0.00000095 31301.041453 8193112400 
0.00000095 30138.186326 7849834900 
0.00000095 30748.560299 8308946700 
0.00000095 30634.462244 7715760100 
0.00000095 31167.290345 8038539400 
0.00000095 30849.083895 8285593900 
0.00000095 30833.922623 8022007600 
0.00000095 30847.581797 7918616900 
0.00000095 30031.142810 7914607000 
0.00000095 30802.212758 8070243700 
0.00000095 30725.459183 7984556600 
0.00000095 30518.111922 8012307800 
0.00000095 30615.160437 8018956100 
0.00000095 30795.430775 7848729500 
0.00000095 30343.223348 8054409000 
0.00000095 29885.496223 7885436300 
0.00000095 30684.621274 7963609800 
0.00000095 30581.970193 7843551300 
0.00000095 30162.260982 8027553200 
0.000000975 30886.277261 7920032600 
0.000000975 30790.836070 7891637600 
0.000000975 30689.546764 8021090400 
0.000000975 30682.193367 7976431600 
