lambda E I
0.100000 492.250985 234800 
0.100000 490.725930 229100 
0.100000 498.713709 231000 
0.100000 497.995689 229200 
0.100000 500.564336 233000 
0.100000 510.890971 239600 
0.100000 540.915082 226400 
0.100000 494.466835 235700 
0.100000 482.019910 228100 
0.100000 458.173179 229300 
0.100000 462.030924 231900 
0.100000 493.462146 235900 
0.100000 478.974824 230600 
0.100000 507.689772 235700 
0.100000 464.076763 230700 
0.100000 486.992382 227700 
0.100000 476.418399 231100 
0.100000 508.179103 233900 
0.100000 495.181125 236000 
0.100000 477.842370 232500 
0.100000 473.449351 229200 
0.100000 521.674061 229200 
0.100000 475.453931 230700 
0.100000 473.792456 226200 
0.100000 469.830794 230500 
0.100000 468.456573 232000 
0.100000 508.275409 229100 
0.100000 500.445570 232900 
0.100000 529.364549 233900 
0.100000 505.371592 228500 
0.100000 470.016944 239200 
0.100000 514.058183 230500 
0.100000 481.094278 227800 
0.100000 482.531712 229400 
0.100000 506.563934 228700 
0.100000 489.114798 232300 
0.100000 475.634355 240100 
0.100000 512.259021 230000 
0.100000 496.100346 228500 
0.100000 491.647067 230100 
0.100000 491.228847 230700 
0.100000 467.555569 230500 
0.100000 477.684032 232400 
0.100000 474.868974 231300 
0.100000 485.353460 226200 
0.100000 493.069503 244300 
0.100000 513.021053 231300 
0.100000 487.021787 231300 
0.100000 455.298057 232200 
0.100000 472.641825 238600 
0.100000 485.118828 229100 
0.100000 499.088254 232800 
0.100000 522.395840 232500 
0.100000 463.895171 231800 
0.100000 479.170830 233500 
0.100000 479.587211 234000 
0.100000 475.786228 228600 
0.100000 478.558741 229600 
0.100000 489.103102 227800 
0.100000 469.104758 231800 
0.100000 506.261638 226100 
0.100000 493.490164 234100 
0.100000 489.955426 228300 
0.100000 483.664069 229300 
0.100000 456.882874 228200 
0.100000 474.299174 232600 
0.100000 476.651899 230900 
0.100000 538.079824 229000 
0.100000 465.282044 232000 
0.100000 506.734063 229200 
0.100000 505.430681 229400 
0.100000 493.352709 229000 
0.100000 493.446881 226900 
0.100000 516.019454 234400 
0.100000 515.313650 226300 
0.100000 467.975473 231000 
0.100000 479.147002 233100 
0.100000 463.235780 235200 
0.100000 465.705205 236500 
0.100000 477.766881 234000 
0.100000 476.745387 232500 
0.100000 475.940039 232500 
0.100000 517.753597 229100 
0.100000 474.644514 234900 
0.100000 478.709410 230400 
0.100000 499.897515 235800 
0.100000 475.621965 239800 
0.100000 497.172108 233100 
0.100000 461.885110 231200 
0.100000 496.833170 228400 
0.100000 470.994012 230700 
0.100000 529.055775 235000 
0.100000 473.753955 227500 
0.100000 473.259737 232700 
0.100000 469.392070 237800 
0.100000 465.116472 221400 
0.100000 496.409950 231700 
0.100000 478.097463 229900 
0.100000 501.686384 234600 
0.100000 471.512364 234500 
0.150000 476.943632 229700 
0.150000 500.625993 219700 
0.150000 525.584308 224400 
0.150000 489.819241 222000 
0.150000 480.388300 223000 
0.150000 511.826563 226200 
0.150000 485.872479 224800 
0.150000 479.154801 221300 
0.150000 461.988567 222600 
0.150000 469.212156 221200 
0.150000 495.869986 218700 
0.150000 525.301497 217600 
0.150000 487.092996 227200 
0.150000 489.571285 224100 
0.150000 490.819842 223700 
0.150000 496.597615 223500 
0.150000 501.233317 223400 
0.150000 471.164922 222900 
0.150000 529.922705 223300 
0.150000 516.884728 222200 
0.150000 469.414263 219500 
0.150000 489.870977 227900 
0.150000 507.002834 220200 
0.150000 496.326014 218900 
0.150000 501.040753 214100 
0.150000 470.525038 220400 
0.150000 501.936986 221100 
0.150000 487.392537 229000 
0.150000 517.447090 223000 
0.150000 469.663101 231100 
0.150000 529.259396 219200 
0.150000 521.927283 222000 
0.150000 493.946081 220000 
0.150000 503.402910 224800 
0.150000 481.459172 223300 
0.150000 499.156064 224500 
0.150000 485.248992 226500 
0.150000 481.764791 221600 
0.150000 506.966260 222800 
0.150000 525.621293 219100 
0.150000 476.761217 229500 
0.150000 505.287182 222600 
0.150000 470.570584 220300 
0.150000 492.869486 223100 
0.150000 517.815189 223400 
0.150000 512.605058 223700 
0.150000 519.864721 216600 
0.150000 482.977718 225400 
0.150000 481.517765 222400 
0.150000 512.064647 225300 
0.150000 479.931584 219000 
0.150000 499.301701 224400 
0.150000 488.135563 223200 
0.150000 487.791448 223100 
0.150000 506.605670 224500 
0.150000 524.665399 222900 
0.150000 482.403039 223900 
0.150000 473.036012 223100 
0.150000 469.482360 222800 
0.150000 490.223130 222800 
0.150000 505.701009 222800 
0.150000 493.540791 220200 
0.150000 464.002663 221700 
0.150000 489.470412 220700 
0.150000 497.027875 219100 
0.150000 543.288686 220400 
0.150000 539.507732 223300 
0.150000 475.609030 228000 
0.150000 452.278797 225000 
0.150000 517.053944 224200 
0.150000 510.588400 221200 
0.150000 494.910083 225700 
0.150000 513.856222 226300 
0.150000 529.083221 220700 
0.150000 518.881227 221400 
0.150000 480.483573 223900 
0.150000 502.524630 221100 
0.150000 520.145990 232100 
0.150000 497.381927 220500 
0.150000 488.867390 220100 
0.150000 483.663342 225700 
0.150000 493.071343 222100 
0.150000 504.727299 219500 
0.150000 538.527596 221300 
0.150000 504.207208 220500 
0.150000 529.961126 225500 
0.150000 494.504142 222700 
0.150000 478.473710 226000 
0.150000 529.552078 224600 
0.150000 489.664064 228100 
0.150000 467.172594 219800 
0.150000 465.450032 224600 
0.150000 482.869254 221500 
0.150000 492.087628 227200 
0.150000 474.461363 228000 
0.150000 489.978017 221100 
0.150000 490.638842 230700 
0.150000 490.904270 224400 
0.150000 496.440390 220800 
0.150000 492.053659 222000 
0.200000 502.910260 219000 
0.200000 547.005967 220700 
0.200000 499.458406 219000 
0.200000 491.205462 210200 
0.200000 501.462986 217400 
0.200000 516.408028 221400 
0.200000 551.549939 216000 
0.200000 511.230048 221200 
0.200000 495.023679 212000 
0.200000 538.933172 219600 
0.200000 491.625227 220400 
0.200000 558.654106 217400 
0.200000 517.481335 216000 
0.200000 493.910845 219600 
0.200000 468.615704 219500 
0.200000 485.325692 214000 
0.200000 481.038536 216900 
0.200000 468.155667 218600 
0.200000 517.845829 216100 
0.200000 502.697166 219300 
0.200000 516.275692 218900 
0.200000 520.075704 216900 
0.200000 499.011098 222200 
0.200000 502.632670 219500 
0.200000 536.753352 215900 
0.200000 487.321096 216700 
0.200000 484.098542 217600 
0.200000 458.772515 220300 
0.200000 483.077293 216200 
0.200000 448.322562 224200 
0.200000 477.341087 217100 
0.200000 471.515866 222400 
0.200000 547.209978 219700 
0.200000 510.998805 225400 
0.200000 484.946807 212500 
0.200000 521.942628 213500 
0.200000 502.818641 215000 
0.200000 525.011277 225100 
0.200000 469.442138 216900 
0.200000 489.965682 216300 
0.200000 483.269079 224100 
0.200000 493.895114 218500 
0.200000 507.709137 212000 
0.200000 502.681908 221700 
0.200000 525.590225 216300 
0.200000 471.653101 219300 
0.200000 534.974117 219100 
0.200000 486.450091 216800 
0.200000 473.332555 219300 
0.200000 510.774841 220700 
0.200000 511.695744 221000 
0.200000 498.746020 215800 
0.200000 475.289483 220000 
0.200000 505.366274 219400 
0.200000 479.201176 215000 
0.200000 497.869398 217700 
0.200000 468.406612 217800 
0.200000 525.243049 214600 
0.200000 553.428640 217300 
0.200000 504.331809 213200 
0.200000 484.258709 219100 
0.200000 514.057337 217400 
0.200000 486.052097 218700 
0.200000 516.139127 219300 
0.200000 514.424652 219200 
0.200000 452.186412 214800 
0.200000 494.581342 218400 
0.200000 516.884909 216900 
0.200000 515.776663 217900 
0.200000 523.309958 219700 
0.200000 554.506845 216500 
0.200000 488.990520 218100 
0.200000 496.985662 220100 
0.200000 527.534489 215300 
0.200000 481.953578 216900 
0.200000 477.151419 220100 
0.200000 535.508250 219300 
0.200000 506.115919 217500 
0.200000 532.276698 220500 
0.200000 529.886379 220000 
0.200000 500.848626 219400 
0.200000 539.207121 218200 
0.200000 502.565839 220600 
0.200000 477.409479 220500 
0.200000 524.439151 217300 
0.200000 497.636180 217600 
0.200000 525.334508 219900 
0.200000 488.285329 217200 
0.200000 487.313354 211800 
0.200000 471.418902 219500 
0.200000 505.912668 218900 
0.200000 465.688936 221100 
0.200000 508.396468 217600 
0.200000 483.217587 220800 
0.200000 495.578457 215000 
0.200000 509.719486 218700 
0.200000 513.364406 217400 
0.200000 476.121354 217700 
0.200000 469.567647 216600 
0.200000 499.827691 222100 
0.250000 482.392674 217900 
0.250000 479.710768 216300 
0.250000 504.412654 213600 
0.250000 528.837207 215500 
0.250000 476.185215 216200 
0.250000 521.716615 209200 
0.250000 543.479605 219200 
0.250000 496.304649 215400 
0.250000 480.592497 217800 
0.250000 519.838466 219100 
0.250000 496.031752 213800 
0.250000 504.671524 217500 
0.250000 460.629004 218100 
0.250000 547.925544 217400 
0.250000 495.095883 216700 
0.250000 487.336222 217900 
0.250000 514.464861 214000 
0.250000 503.841468 217100 
0.250000 532.844059 219700 
0.250000 520.043359 218200 
0.250000 496.266191 216100 
0.250000 513.823107 210600 
0.250000 492.320620 216400 
0.250000 513.134735 213300 
0.250000 545.445681 212600 
0.250000 472.674160 211800 
0.250000 484.997384 212200 
0.250000 496.442108 214900 
0.250000 451.117710 214500 
0.250000 489.532571 211700 
0.250000 546.091943 219000 
0.250000 462.960364 211100 
0.250000 502.653346 213300 
0.250000 501.792495 218300 
0.250000 506.949581 217700 
0.250000 467.833162 212000 
0.250000 479.833258 214100 
0.250000 500.371310 217600 
0.250000 536.863212 217500 
0.250000 535.582190 213400 
0.250000 512.592965 216700 
0.250000 461.836748 215100 
0.250000 516.853465 215500 
0.250000 499.296268 215200 
0.250000 490.754182 217700 
0.250000 462.769122 213100 
0.250000 445.478604 214000 
0.250000 481.106161 216300 
0.250000 552.857357 212400 
0.250000 493.483269 218300 
0.250000 517.060899 207600 
0.250000 538.549070 215900 
0.250000 482.633888 216700 
0.250000 502.213143 215900 
0.250000 492.400308 216900 
0.250000 490.562352 219200 
0.250000 465.329010 213200 
0.250000 555.478383 217700 
0.250000 482.084398 216400 
0.250000 517.378018 209100 
0.250000 581.371381 212300 
0.250000 493.298751 213400 
0.250000 484.177005 210300 
0.250000 472.223046 218700 
0.250000 472.064149 210800 
0.250000 499.172642 213100 
0.250000 473.968531 216100 
0.250000 534.580318 212300 
0.250000 525.914528 217500 
0.250000 518.782244 215400 
0.250000 487.608028 214200 
0.250000 501.182091 212500 
0.250000 523.547338 216300 
0.250000 501.157652 212400 
0.250000 547.219881 211300 
0.250000 471.841580 216500 
0.250000 525.174778 219000 
0.250000 490.818504 214100 
0.250000 494.025539 218900 
0.250000 480.317277 213900 
0.250000 484.746087 218800 
0.250000 497.646193 209000 
0.250000 465.216155 216100 
0.250000 539.128695 215000 
0.250000 541.377000 212100 
0.250000 486.262003 219100 
0.250000 506.700293 215000 
0.250000 550.621718 217100 
0.250000 524.530694 219900 
0.250000 535.270356 214100 
0.250000 510.581172 211400 
0.250000 523.390671 216200 
0.250000 527.609973 217500 
0.250000 483.288797 213600 
0.250000 532.498816 216000 
0.250000 494.516090 210900 
0.250000 545.038680 211000 
0.250000 528.313006 215700 
0.250000 494.454524 213600 
0.250000 474.228684 215600 
0.300000 511.081835 212300 
0.300000 549.580058 209000 
0.300000 562.449252 213800 
0.300000 496.124436 211400 
0.300000 496.828783 215500 
0.300000 480.512819 217200 
0.300000 496.732163 214500 
0.300000 502.065903 213600 
0.300000 502.937632 213500 
0.300000 482.341821 209400 
0.300000 545.837190 213300 
0.300000 500.614928 217900 
0.300000 514.439417 213800 
0.300000 535.006662 219100 
0.300000 459.838753 213800 
0.300000 504.532016 214500 
0.300000 480.223484 213000 
0.300000 486.750402 212300 
0.300000 493.255476 209700 
0.300000 538.369224 211500 
0.300000 510.864180 212000 
0.300000 507.935176 214300 
0.300000 525.124399 217500 
0.300000 510.842859 210300 
0.300000 509.553576 214000 
0.300000 498.021419 218500 
0.300000 483.394573 217200 
0.300000 500.144576 214100 
0.300000 516.643322 212200 
0.300000 521.132385 214900 
0.300000 524.682639 208900 
0.300000 532.210955 212400 
0.300000 487.837825 215000 
0.300000 516.002133 212900 
0.300000 499.049613 215000 
0.300000 476.006393 212600 
0.300000 500.817221 210400 
0.300000 484.177766 212900 
0.300000 503.418393 213700 
0.300000 521.809715 214400 
0.300000 482.866457 209700 
0.300000 529.565428 219300 
0.300000 512.885486 213800 
0.300000 476.528048 217300 
0.300000 511.665913 211900 
0.300000 489.114850 214400 
0.300000 518.579129 212100 
0.300000 483.915100 212900 
0.300000 520.165441 215300 
0.300000 498.882104 215300 
0.300000 507.683510 215600 
0.300000 489.179140 216600 
0.300000 553.117198 209500 
0.300000 525.151188 212500 
0.300000 506.790703 212300 
0.300000 513.748142 210500 
0.300000 501.404628 213800 
0.300000 517.853443 212200 
0.300000 490.495667 218700 
0.300000 544.862794 215500 
0.300000 476.211102 215200 
0.300000 540.928923 216900 
0.300000 507.197258 214600 
0.300000 516.717532 213400 
0.300000 513.186069 209700 
0.300000 489.958653 212500 
0.300000 602.722993 211800 
0.300000 527.450362 210600 
0.300000 534.805740 217300 
0.300000 541.057001 214600 
0.300000 526.398583 210900 
0.300000 521.996272 211900 
0.300000 496.368151 210100 
0.300000 472.499868 212400 
0.300000 503.847937 214000 
0.300000 497.805039 210500 
0.300000 516.780670 215000 
0.300000 488.935988 208900 
0.300000 515.598270 210600 
0.300000 470.506024 216100 
0.300000 530.401399 214900 
0.300000 500.682445 212100 
0.300000 511.795798 211400 
0.300000 522.324421 213800 
0.300000 470.285120 216200 
0.300000 523.935953 212100 
0.300000 498.505024 211600 
0.300000 505.342240 212600 
0.300000 505.856701 214100 
0.300000 476.459627 211300 
0.300000 501.027302 211900 
0.300000 529.490834 213600 
0.300000 514.352218 212000 
0.300000 531.571422 212000 
0.300000 544.988244 210500 
0.300000 530.071874 214200 
0.300000 519.368145 209300 
0.300000 527.332394 212900 
0.300000 515.244522 219000 
0.300000 511.325385 211800 
0.350000 503.821894 212400 
0.350000 489.254809 210900 
0.350000 499.945055 212800 
0.350000 538.282541 216600 
0.350000 508.012729 215300 
0.350000 481.745032 212000 
0.350000 556.301714 210400 
0.350000 539.607147 210400 
0.350000 528.195229 213000 
0.350000 520.752687 208700 
0.350000 503.520987 211400 
0.350000 512.195274 212200 
0.350000 539.156029 208200 
0.350000 517.466411 215700 
0.350000 512.252323 210200 
0.350000 545.195841 210700 
0.350000 525.570336 211800 
0.350000 544.713879 212900 
0.350000 541.608121 211300 
0.350000 574.050275 207300 
0.350000 536.129162 213700 
0.350000 532.419229 210500 
0.350000 509.728839 210000 
0.350000 531.504743 205100 
0.350000 513.776495 210200 
0.350000 496.647802 210400 
0.350000 511.931758 209700 
0.350000 579.874338 211700 
0.350000 575.174243 207100 
0.350000 499.222573 209500 
0.350000 488.185561 210600 
0.350000 496.016734 215700 
0.350000 492.524561 208100 
0.350000 481.369046 214800 
0.350000 517.856795 208900 
0.350000 523.892580 211000 
0.350000 525.934327 211400 
0.350000 482.606606 212400 
0.350000 547.522213 211900 
0.350000 486.363056 208400 
0.350000 486.192751 209300 
0.350000 538.678244 211000 
0.350000 512.903742 212000 
0.350000 530.582514 209700 
0.350000 516.773693 214400 
0.350000 526.670735 211500 
0.350000 552.318898 212000 
0.350000 478.070052 210400 
0.350000 576.096212 209700 
0.350000 512.056847 208800 
0.350000 514.665883 211700 
0.350000 534.049488 213600 
0.350000 526.894179 212600 
0.350000 532.921669 210300 
0.350000 523.812252 209000 
0.350000 511.476085 212600 
0.350000 517.554428 210500 
0.350000 458.521276 213400 
0.350000 494.838070 210800 
0.350000 496.844703 215400 
0.350000 551.124300 209300 
0.350000 510.562278 215800 
0.350000 513.982416 211700 
0.350000 558.849679 212300 
0.350000 528.131377 210400 
0.350000 481.368270 211300 
0.350000 536.358441 211100 
0.350000 510.886423 213700 
0.350000 510.756992 209300 
0.350000 529.951896 212000 
0.350000 523.390731 210300 
0.350000 503.447869 212100 
0.350000 545.053739 208800 
0.350000 541.529975 215400 
0.350000 513.186476 215800 
0.350000 507.079744 214700 
0.350000 529.200800 215200 
0.350000 544.557522 212000 
0.350000 532.480819 215000 
0.350000 524.466510 211200 
0.350000 571.787559 212100 
0.350000 507.485739 212200 
0.350000 511.109230 211700 
0.350000 524.360964 211700 
0.350000 521.311459 213300 
0.350000 521.268607 210900 
0.350000 503.759252 212100 
0.350000 534.734104 208800 
0.350000 500.584638 212500 
0.350000 513.854391 210200 
0.350000 566.037651 216100 
0.350000 547.260302 208400 
0.350000 528.128314 213500 
0.350000 479.521674 209800 
0.350000 482.225158 212100 
0.350000 515.348593 214800 
0.350000 568.838734 208500 
0.350000 507.572063 211800 
0.350000 496.550200 213000 
0.350000 510.593945 214300 
0.400000 510.329045 215300 
0.400000 514.878122 209100 
0.400000 548.187779 208500 
0.400000 494.998114 212100 
0.400000 496.068903 209600 
0.400000 507.299112 208100 
0.400000 516.360085 211300 
0.400000 517.740481 213500 
0.400000 534.314522 212600 
0.400000 531.983959 208400 
0.400000 540.329490 210600 
0.400000 498.862487 209900 
0.400000 479.424770 209200 
0.400000 495.247632 208600 
0.400000 508.582354 210800 
0.400000 590.055371 206500 
0.400000 478.994075 212500 
0.400000 539.710347 210800 
0.400000 539.775966 210200 
0.400000 507.379101 212700 
0.400000 555.100092 211200 
0.400000 527.281142 207800 
0.400000 529.881394 209100 
0.400000 521.409426 209300 
0.400000 505.018698 210500 
0.400000 519.900347 210800 
0.400000 502.681277 210200 
0.400000 510.171463 209200 
0.400000 508.408622 209900 
0.400000 536.916751 209700 
0.400000 539.971636 209700 
0.400000 463.868305 211900 
0.400000 573.904662 207000 
0.400000 544.219452 211400 
0.400000 484.502175 210800 
0.400000 533.352676 211400 
0.400000 498.483480 211300 
0.400000 537.555285 213000 
0.400000 516.425177 210100 
0.400000 524.002970 209500 
0.400000 485.001557 210500 
0.400000 535.719977 209500 
0.400000 488.582290 210200 
0.400000 563.376099 210800 
0.400000 473.079954 210100 
0.400000 530.859975 210700 
0.400000 513.927577 212700 
0.400000 564.261068 211900 
0.400000 479.816785 210400 
0.400000 499.931798 210800 
0.400000 543.723118 211900 
0.400000 477.033057 207900 
0.400000 538.191797 212700 
0.400000 475.533780 209000 
0.400000 579.411286 207100 
0.400000 556.320672 209100 
0.400000 529.031418 207500 
0.400000 492.429344 210100 
0.400000 514.379805 208000 
0.400000 539.059613 209000 
0.400000 502.617860 211600 
0.400000 517.561711 210400 
0.400000 572.525743 203000 
0.400000 524.404409 207900 
0.400000 497.966678 209500 
0.400000 499.850038 215000 
0.400000 504.002027 208800 
0.400000 477.529233 209300 
0.400000 547.417568 209600 
0.400000 596.671495 204700 
0.400000 503.183008 208100 
0.400000 528.260475 209900 
0.400000 523.523895 209600 
0.400000 536.192042 209200 
0.400000 528.852466 208800 
0.400000 521.718483 211400 
0.400000 569.435664 212600 
0.400000 483.131866 210700 
0.400000 526.842601 209800 
0.400000 545.352595 213600 
0.400000 536.294565 214100 
0.400000 477.387955 212600 
0.400000 496.038845 212600 
0.400000 509.452898 210900 
0.400000 514.214115 215700 
0.400000 530.585141 214300 
0.400000 498.359722 210000 
0.400000 548.467828 210700 
0.400000 540.216006 208400 
0.400000 570.217232 209600 
0.400000 535.464546 212200 
0.400000 535.181943 209500 
0.400000 540.861668 212900 
0.400000 502.240809 211500 
0.400000 502.210175 212000 
0.400000 519.973051 212800 
0.400000 599.185582 204400 
0.400000 527.736030 211500 
0.400000 498.298398 209300 
0.400000 513.378184 207000 
0.450000 581.320155 209800 
0.450000 557.805355 207500 
0.450000 492.997254 208800 
0.450000 577.989079 209700 
0.450000 531.817914 211100 
0.450000 508.234679 211200 
0.450000 527.667822 210800 
0.450000 538.311674 209600 
0.450000 562.913401 208400 
0.450000 517.039507 208800 
0.450000 527.048696 209500 
0.450000 553.621379 208900 
0.450000 523.941825 208500 
0.450000 600.616646 209200 
0.450000 549.645349 210600 
0.450000 508.406199 209900 
0.450000 519.579850 210100 
0.450000 549.455824 208200 
0.450000 503.484971 209300 
0.450000 499.047664 211200 
0.450000 514.711726 209000 
0.450000 528.627791 211500 
0.450000 520.509832 207300 
0.450000 495.919513 211500 
0.450000 535.468634 209700 
0.450000 513.421716 208200 
0.450000 488.279272 209600 
0.450000 566.671570 210200 
0.450000 546.632401 207900 
0.450000 495.466365 208900 
0.450000 502.768395 211300 
0.450000 532.583483 208100 
0.450000 519.450164 208700 
0.450000 514.669549 207500 
0.450000 521.688357 209600 
0.450000 493.717314 208900 
0.450000 501.312199 211200 
0.450000 462.703938 208700 
0.450000 540.862729 210500 
0.450000 542.033338 208900 
0.450000 539.776492 212400 
0.450000 517.084834 213700 
0.450000 524.078547 210200 
0.450000 610.002439 205700 
0.450000 530.673665 209600 
0.450000 515.667249 211100 
0.450000 558.036334 208500 
0.450000 550.288211 209000 
0.450000 566.065739 210600 
0.450000 498.643231 211800 
0.450000 501.081643 209100 
0.450000 508.967587 209200 
0.450000 485.733054 213000 
0.450000 532.433023 210400 
0.450000 525.262516 211400 
0.450000 494.676366 209500 
0.450000 472.411564 208800 
0.450000 513.943184 209100 
0.450000 523.954173 208600 
0.450000 522.207507 214000 
0.450000 593.475860 207400 
0.450000 503.454181 208800 
0.450000 498.084066 214100 
0.450000 531.191945 206700 
0.450000 521.391424 208800 
0.450000 528.433404 206800 
0.450000 582.401330 206600 
0.450000 506.780112 210100 
0.450000 504.773952 208500 
0.450000 512.196011 213400 
0.450000 541.454336 213600 
0.450000 533.929829 207200 
0.450000 512.283023 210300 
0.450000 567.962894 208600 
0.450000 529.952058 210600 
0.450000 533.952119 211600 
0.450000 546.163383 211200 
0.450000 478.244738 209100 
0.450000 509.145759 210900 
0.450000 495.651192 210300 
0.450000 512.276526 208100 
0.450000 532.074130 208400 
0.450000 501.060414 211400 
0.450000 532.959506 210700 
0.450000 480.680393 208800 
0.450000 505.371959 212900 
0.450000 499.610009 210900 
0.450000 549.831204 209600 
0.450000 492.993055 212000 
0.450000 550.183231 208200 
0.450000 532.507872 207600 
0.450000 495.436562 210500 
0.450000 494.424442 210500 
0.450000 556.294257 209900 
0.450000 514.748296 209900 
0.450000 498.363350 211500 
0.450000 583.226379 210100 
0.450000 538.872735 210700 
0.450000 557.102989 210600 
0.450000 573.552538 209000 
0.500000 486.452003 210200 
0.500000 522.725438 211600 
0.500000 538.519584 207300 
0.500000 486.413386 208500 
0.500000 532.412110 208000 
0.500000 532.261152 207000 
0.500000 564.201783 207700 
0.500000 515.837420 209200 
0.500000 525.941817 209500 
0.500000 468.778955 209300 
0.500000 512.339226 208100 
0.500000 584.127850 207400 
0.500000 530.088128 209300 
0.500000 544.795381 207400 
0.500000 538.546587 207600 
0.500000 487.731816 210700 
0.500000 547.683690 207600 
0.500000 532.339533 210200 
0.500000 537.848908 208500 
0.500000 545.290658 212000 
0.500000 557.154224 208200 
0.500000 593.619621 207700 
0.500000 531.713166 211400 
0.500000 538.268856 207900 
0.500000 517.192927 209300 
0.500000 534.314811 210200 
0.500000 525.676721 207500 
0.500000 502.833872 210300 
0.500000 526.562246 213000 
0.500000 505.107329 209400 
0.500000 498.832460 207200 
0.500000 563.198177 210100 
0.500000 515.500737 207900 
0.500000 494.242494 211800 
0.500000 518.754083 209800 
0.500000 496.470233 210400 
0.500000 516.903597 209700 
0.500000 591.264649 210100 
0.500000 462.081341 209300 
0.500000 532.760904 211000 
0.500000 536.710187 209800 
0.500000 519.491750 208300 
0.500000 582.915393 207600 
0.500000 495.940220 208400 
0.500000 524.316862 209800 
0.500000 579.946588 206600 
0.500000 514.521787 207800 
0.500000 548.341173 208700 
0.500000 488.412452 208300 
0.500000 509.312021 209100 
0.500000 597.668833 211300 
0.500000 553.463346 209200 
0.500000 525.030909 208900 
0.500000 559.329067 209100 
0.500000 492.477323 208700 
0.500000 586.422661 205700 
0.500000 539.576549 209000 
0.500000 510.944689 211500 
0.500000 537.525776 208300 
0.500000 519.001665 209500 
0.500000 532.168048 208500 
0.500000 508.626875 212500 
0.500000 531.812754 209700 
0.500000 515.951423 208600 
0.500000 528.450503 210800 
0.500000 498.204932 210000 
0.500000 543.222706 207400 
0.500000 522.663086 210400 
0.500000 527.110576 211500 
0.500000 516.363679 209800 
0.500000 533.674866 208200 
0.500000 553.770620 210300 
0.500000 521.039091 208600 
0.500000 480.131592 210400 
0.500000 498.477413 210900 
0.500000 515.676289 208800 
0.500000 488.690340 208000 
0.500000 488.125681 210200 
0.500000 528.448386 207900 
0.500000 597.116131 208800 
0.500000 484.850924 211100 
0.500000 512.956754 208800 
0.500000 587.327037 208300 
0.500000 536.003546 211800 
0.500000 534.280754 213200 
0.500000 557.693363 210100 
0.500000 590.486471 210800 
0.500000 588.690642 211600 
0.500000 552.470885 208100 
0.500000 520.904347 210500 
0.500000 496.932572 206500 
0.500000 494.042090 208700 
0.500000 504.854252 209700 
0.500000 512.400469 210100 
0.500000 545.832321 211500 
0.500000 546.027282 206200 
0.500000 574.132051 208200 
0.500000 538.990716 210800 
0.500000 501.182337 211100 
0.500000 574.899910 208100 
0.550000 488.666709 209000 
0.550000 503.280276 209100 
0.550000 478.102179 209600 
0.550000 496.083468 205900 
0.550000 586.620646 207600 
0.550000 578.588182 209100 
0.550000 496.337766 209000 
0.550000 542.899282 207900 
0.550000 533.780059 207200 
0.550000 518.307786 209800 
0.550000 518.085720 210300 
0.550000 557.094001 210800 
0.550000 473.050032 210000 
0.550000 545.393982 210300 
0.550000 574.385971 207500 
0.550000 560.084312 208300 
0.550000 516.929745 209800 
0.550000 570.899044 206900 
0.550000 520.795606 207200 
0.550000 500.526984 208500 
0.550000 546.667866 210700 
0.550000 596.381527 209500 
0.550000 525.131228 209200 
0.550000 495.783849 207600 
0.550000 550.804105 207600 
0.550000 564.790092 209300 
0.550000 498.207598 208700 
0.550000 556.867695 210400 
0.550000 528.482058 208400 
0.550000 541.772644 207200 
0.550000 583.965201 209500 
0.550000 564.496669 208400 
0.550000 629.276354 208700 
0.550000 518.608672 210300 
0.550000 583.332019 207200 
0.550000 546.115221 207900 
0.550000 509.061136 209500 
0.550000 534.535896 209200 
0.550000 554.702843 208800 
0.550000 549.722513 208900 
0.550000 518.381589 207900 
0.550000 494.582446 208700 
0.550000 557.360952 211100 
0.550000 501.201875 212800 
0.550000 555.650660 206800 
0.550000 510.240834 210300 
0.550000 542.907616 209200 
0.550000 515.762393 208700 
0.550000 527.915707 211400 
0.550000 527.937660 209500 
0.550000 515.320795 210000 
0.550000 526.321706 207100 
0.550000 528.745434 208200 
0.550000 541.761281 208500 
0.550000 571.901815 207600 
0.550000 522.357573 206400 
0.550000 531.310428 207000 
0.550000 534.869969 207200 
0.550000 510.215535 206700 
0.550000 545.185863 208600 
0.550000 493.282110 209100 
0.550000 501.369162 207800 
0.550000 482.390905 211100 
0.550000 570.153559 208600 
0.550000 525.707894 209100 
0.550000 529.222254 206200 
0.550000 528.723118 208900 
0.550000 543.148976 208000 
0.550000 496.476666 210500 
0.550000 503.336226 209800 
0.550000 527.869165 208400 
0.550000 592.907678 209000 
0.550000 567.502007 207600 
0.550000 524.758787 207500 
0.550000 537.101509 209600 
0.550000 506.542531 209500 
0.550000 524.204831 208500 
0.550000 549.708921 207600 
0.550000 502.502161 211200 
0.550000 555.001014 208100 
0.550000 502.710346 208600 
0.550000 525.627128 208100 
0.550000 592.394910 208000 
0.550000 545.851590 208600 
0.550000 499.386835 207900 
0.550000 564.427429 209000 
0.550000 523.456738 206000 
0.550000 510.814659 209700 
0.550000 550.480213 207700 
0.550000 572.729482 207100 
0.550000 522.865660 209500 
0.550000 538.417144 209100 
0.550000 520.008244 208100 
0.550000 495.992173 208900 
0.550000 582.947949 207300 
0.550000 504.050998 209300 
0.550000 531.891891 207900 
0.550000 515.826452 208200 
0.550000 485.114052 207700 
0.550000 540.075195 208100 
0.600000 534.576684 207300 
0.600000 539.900508 209400 
0.600000 524.558950 207700 
0.600000 509.732146 207600 
0.600000 554.295716 209100 
0.600000 564.120031 209800 
0.600000 539.839299 207700 
0.600000 487.343019 209500 
0.600000 535.755831 208200 
0.600000 582.427515 207900 
0.600000 619.150656 205900 
0.600000 594.324818 208900 
0.600000 543.878906 209800 
0.600000 517.125070 208500 
0.600000 579.164218 207400 
0.600000 605.749320 209300 
0.600000 525.868769 208600 
0.600000 565.476489 206900 
0.600000 580.456552 206100 
0.600000 544.849577 208600 
0.600000 554.936857 208600 
0.600000 552.451178 208100 
0.600000 534.290009 207000 
0.600000 518.876446 207000 
0.600000 536.613140 208300 
0.600000 580.372115 208000 
0.600000 529.901653 207900 
0.600000 580.392445 207300 
0.600000 532.561275 208300 
0.600000 596.835448 207400 
0.600000 512.075786 208800 
0.600000 518.486366 209800 
0.600000 551.828226 207700 
0.600000 680.334007 206900 
0.600000 562.829458 208000 
0.600000 529.722646 206900 
0.600000 503.552931 209400 
0.600000 531.847438 206700 
0.600000 503.219107 209200 
0.600000 497.980210 211500 
0.600000 498.540336 208700 
0.600000 549.344804 207300 
0.600000 546.532775 205800 
0.600000 547.943648 207200 
0.600000 589.395061 209000 
0.600000 556.043770 207900 
0.600000 615.365009 204900 
0.600000 559.179611 209700 
0.600000 511.658279 208700 
0.600000 641.237933 207100 
0.600000 492.749378 209000 
0.600000 530.479812 208500 
0.600000 532.345809 209000 
0.600000 557.092522 208400 
0.600000 579.106300 206800 
0.600000 567.113438 207700 
0.600000 563.869818 207100 
0.600000 546.206503 208300 
0.600000 650.907239 205300 
0.600000 518.013041 208700 
0.600000 540.544783 208400 
0.600000 609.926070 208800 
0.600000 520.830540 208200 
0.600000 612.997427 203700 
0.600000 511.193310 206400 
0.600000 551.220080 207300 
0.600000 546.698244 208700 
0.600000 578.430278 209600 
0.600000 472.992601 209500 
0.600000 600.212240 206000 
0.600000 585.301093 207500 
0.600000 540.242780 208500 
0.600000 570.704202 208500 
0.600000 550.839420 208000 
0.600000 520.209141 209500 
0.600000 574.256397 210000 
0.600000 559.760154 209600 
0.600000 570.001110 209100 
0.600000 520.797673 207900 
0.600000 552.169094 207200 
0.600000 486.473357 208700 
0.600000 575.538949 205800 
0.600000 495.945405 210900 
0.600000 580.486791 206300 
0.600000 573.878616 207600 
0.600000 595.392547 207900 
0.600000 524.838319 207600 
0.600000 566.933287 207700 
0.600000 546.031015 208800 
0.600000 534.627274 207900 
0.600000 551.651889 209900 
0.600000 524.431370 209900 
0.600000 529.861183 208600 
0.600000 530.092031 208600 
0.600000 539.672714 209200 
0.600000 519.094743 207700 
0.600000 529.146587 206200 
0.600000 602.057684 203700 
0.600000 509.510342 209500 
0.600000 542.169381 207800 
0.650000 545.989047 206900 
0.650000 515.157352 207100 
0.650000 553.804065 208400 
0.650000 544.544996 211200 
0.650000 545.284531 208500 
0.650000 563.083340 207300 
0.650000 569.692221 207800 
0.650000 532.926801 208000 
0.650000 582.211582 208000 
0.650000 516.250620 207300 
0.650000 557.750591 207200 
0.650000 566.770439 207400 
0.650000 533.917501 208000 
0.650000 521.506854 207500 
0.650000 499.179874 210400 
0.650000 561.447258 207900 
0.650000 625.307432 210000 
0.650000 539.217558 208700 
0.650000 506.036921 207600 
0.650000 534.636416 209400 
0.650000 514.728672 207000 
0.650000 492.280346 207500 
0.650000 542.267488 209400 
0.650000 597.104091 206500 
0.650000 497.479002 207000 
0.650000 518.787228 206700 
0.650000 608.407681 209000 
0.650000 496.200943 209800 
0.650000 502.566320 209900 
0.650000 509.837988 208600 
0.650000 542.160877 208400 
0.650000 515.105448 207200 
0.650000 510.674799 207100 
0.650000 513.460093 211100 
0.650000 563.707388 207000 
0.650000 536.636503 209600 
0.650000 578.761365 208400 
0.650000 623.270221 209000 
0.650000 496.625093 208000 
0.650000 474.717645 208100 
0.650000 535.286051 206500 
0.650000 573.499548 206800 
0.650000 551.076432 207100 
0.650000 535.736983 206700 
0.650000 558.045406 205400 
0.650000 495.404291 206600 
0.650000 474.333200 211400 
0.650000 508.799486 208100 
0.650000 519.871996 205400 
0.650000 499.281084 207900 
0.650000 581.456551 211600 
0.650000 532.440288 206700 
0.650000 504.262407 206900 
0.650000 498.284467 210700 
0.650000 581.693065 210600 
0.650000 525.176654 208800 
0.650000 566.532189 207400 
0.650000 531.867487 207100 
0.650000 553.609959 207200 
0.650000 568.822103 206700 
0.650000 530.111298 209700 
0.650000 561.844310 205800 
0.650000 500.771554 208500 
0.650000 517.373104 208900 
0.650000 539.327616 206900 
0.650000 507.947829 207600 
0.650000 556.336143 206800 
0.650000 551.704525 209800 
0.650000 560.954063 206100 
0.650000 504.226388 208200 
0.650000 551.295155 208100 
0.650000 527.019402 208000 
0.650000 501.147229 207300 
0.650000 551.061399 208800 
0.650000 529.211186 207400 
0.650000 558.635737 209100 
0.650000 497.247592 208100 
0.650000 543.982183 208100 
0.650000 524.455185 209400 
0.650000 601.694055 206300 
0.650000 572.852353 207100 
0.650000 588.667256 206300 
0.650000 537.220404 208300 
0.650000 549.847530 207700 
0.650000 481.118404 207900 
0.650000 517.431515 209600 
0.650000 565.062238 206900 
0.650000 546.627796 209000 
0.650000 561.431218 207500 
0.650000 504.553342 207500 
0.650000 567.616608 207000 
0.650000 521.138656 209200 
0.650000 521.637582 207700 
0.650000 559.321338 207200 
0.650000 510.848290 208200 
0.650000 568.522428 206200 
0.650000 521.914749 208000 
0.650000 565.447152 205300 
0.650000 521.218440 205100 
0.650000 614.377235 206500 
0.700000 576.343297 205500 
0.700000 577.618453 206500 
0.700000 503.361085 208400 
0.700000 604.877643 205900 
0.700000 527.652467 207000 
0.700000 532.355748 209900 
0.700000 521.007684 207000 
0.700000 589.541178 206700 
0.700000 539.924428 209100 
0.700000 593.706667 206800 
0.700000 503.326367 208100 
0.700000 524.521332 207700 
0.700000 597.565259 206700 
0.700000 558.863555 206800 
0.700000 510.383958 207500 
0.700000 543.012548 207700 
0.700000 545.911148 208000 
0.700000 506.765115 208600 
0.700000 537.913363 206500 
0.700000 526.780321 207500 
0.700000 527.705432 206500 
0.700000 604.809705 207200 
0.700000 547.236833 207500 
0.700000 563.863474 205800 
0.700000 500.857372 206700 
0.700000 534.649788 204700 
0.700000 543.292489 208800 
0.700000 510.198881 207300 
0.700000 553.775418 206600 
0.700000 558.395345 207700 
0.700000 515.575311 207100 
0.700000 544.975313 208100 
0.700000 562.632261 207200 
0.700000 527.466630 208000 
0.700000 575.007521 208100 
0.700000 533.860019 207500 
0.700000 532.347579 207600 
0.700000 513.333396 207200 
0.700000 527.424378 207200 
0.700000 590.188442 209100 
0.700000 538.373732 205100 
0.700000 512.633352 207800 
0.700000 514.387489 208000 
0.700000 498.974398 210400 
0.700000 546.375550 207200 
0.700000 582.389731 206000 
0.700000 541.917103 208200 
0.700000 548.855570 206900 
0.700000 529.465024 207800 
0.700000 562.156889 208500 
0.700000 485.820490 209400 
0.700000 551.668966 208000 
0.700000 490.891635 209500 
0.700000 525.522649 206100 
0.700000 495.156681 207000 
0.700000 557.505927 208200 
0.700000 556.179068 207700 
0.700000 565.697772 205700 
0.700000 524.691380 206900 
0.700000 500.111205 206300 
0.700000 606.021963 207200 
0.700000 551.810427 206600 
0.700000 500.774079 208500 
0.700000 535.111203 208000 
0.700000 482.205343 209500 
0.700000 608.439575 206800 
0.700000 512.707301 209000 
0.700000 544.950032 207700 
0.700000 527.533630 209000 
0.700000 512.721272 207200 
0.700000 548.216615 209500 
0.700000 652.939859 207600 
0.700000 558.116314 205900 
0.700000 533.355180 207600 
0.700000 549.711846 210100 
0.700000 589.457338 207400 
0.700000 507.588839 207100 
0.700000 512.392475 206600 
0.700000 523.598354 208900 
0.700000 614.828936 208600 
0.700000 587.061571 207400 
0.700000 554.397206 209000 
0.700000 506.362927 207200 
0.700000 570.281885 207000 
0.700000 528.734366 208000 
0.700000 492.975564 207100 
0.700000 480.894229 207100 
0.700000 516.183611 207800 
0.700000 515.756102 206400 
0.700000 578.794756 207700 
0.700000 539.810319 207900 
0.700000 534.121607 207100 
0.700000 536.517241 207200 
0.700000 532.947584 208100 
0.700000 539.451110 207400 
0.700000 549.830318 211400 
0.700000 569.683723 207400 
0.700000 508.300562 209900 
0.700000 526.468621 210400 
0.750000 496.350213 209000 
0.750000 525.938198 205700 
0.750000 511.743917 206300 
0.750000 581.681662 208300 
0.750000 550.071185 205200 
0.750000 553.332251 209000 
0.750000 528.599264 206700 
0.750000 524.994000 207200 
0.750000 510.698738 206700 
0.750000 560.369127 207400 
0.750000 548.343586 208500 
0.750000 520.569740 207900 
0.750000 558.344049 206600 
0.750000 554.671505 208000 
0.750000 544.084815 209800 
0.750000 538.692368 205900 
0.750000 550.673122 207100 
0.750000 527.873697 206700 
0.750000 506.211732 207900 
0.750000 592.675162 207300 
0.750000 596.472415 206900 
0.750000 564.606501 204900 
0.750000 542.359329 207300 
0.750000 567.837088 207700 
0.750000 568.756168 208700 
0.750000 501.495899 205700 
0.750000 503.217664 208500 
0.750000 499.818116 206900 
0.750000 486.616675 207700 
0.750000 532.500146 206600 
0.750000 546.499034 206600 
0.750000 576.683395 208600 
0.750000 484.864331 206500 
0.750000 575.884145 205200 
0.750000 520.240487 206700 
0.750000 551.197291 207000 
0.750000 499.135359 207700 
0.750000 496.412731 208200 
0.750000 556.229083 205900 
0.750000 496.289485 209500 
0.750000 501.267233 208300 
0.750000 528.167631 207800 
0.750000 472.886877 207200 
0.750000 520.276465 205800 
0.750000 580.289195 208200 
0.750000 577.910329 204400 
0.750000 552.610601 207300 
0.750000 465.932583 206800 
0.750000 525.370103 207600 
0.750000 514.462510 208100 
0.750000 555.470641 206800 
0.750000 554.820867 205800 
0.750000 559.105733 207500 
0.750000 553.800495 205200 
0.750000 523.700192 206500 
0.750000 539.529899 208100 
0.750000 520.197444 208000 
0.750000 516.386019 208000 
0.750000 562.523220 207200 
0.750000 541.648269 206000 
0.750000 538.875964 209900 
0.750000 580.802468 205800 
0.750000 493.602093 208400 
0.750000 582.362540 207700 
0.750000 513.779309 209700 
0.750000 552.247335 205400 
0.750000 573.512944 207900 
0.750000 561.617499 206400 
0.750000 498.524732 208000 
0.750000 559.788037 208200 
0.750000 506.965446 205500 
0.750000 533.443866 207700 
0.750000 502.509979 208500 
0.750000 487.769531 207400 
0.750000 542.156704 206900 
0.750000 551.072434 207800 
0.750000 526.528929 207200 
0.750000 587.702093 208300 
0.750000 522.566489 209300 
0.750000 510.413461 207000 
0.750000 520.977220 208200 
0.750000 567.977571 206800 
0.750000 532.144517 207600 
0.750000 579.453654 205000 
0.750000 505.288502 207100 
0.750000 571.543088 206100 
0.750000 538.493029 207000 
0.750000 523.724630 205800 
0.750000 618.097277 204800 
0.750000 507.221809 209300 
0.750000 567.239864 208900 
0.750000 484.216256 208300 
0.750000 541.369695 209300 
0.750000 572.327568 206900 
0.750000 582.609880 205900 
0.750000 575.726899 205900 
0.750000 518.405647 207000 
0.750000 541.751038 207900 
0.750000 526.318564 209500 
0.800000 565.679151 208400 
0.800000 497.557581 207400 
0.800000 534.402125 208200 
0.800000 532.983227 207300 
0.800000 556.003802 206200 
0.800000 533.936261 207400 
0.800000 558.410329 206700 
0.800000 542.935497 205600 
0.800000 531.688363 206300 
0.800000 557.959468 205600 
0.800000 541.900580 208100 
0.800000 509.767010 208500 
0.800000 626.023493 206000 
0.800000 565.980889 208300 
0.800000 522.870861 209000 
0.800000 494.531874 206600 
0.800000 569.954246 206000 
0.800000 543.950507 208400 
0.800000 585.775938 207200 
0.800000 521.309492 207300 
0.800000 564.302009 208100 
0.800000 539.394197 205900 
0.800000 530.123731 208700 
0.800000 496.532451 209500 
0.800000 535.229863 206200 
0.800000 616.348211 207300 
0.800000 533.895773 205600 
0.800000 529.097465 208100 
0.800000 550.160872 207000 
0.800000 549.173331 206700 
0.800000 576.895551 207000 
0.800000 628.730191 205000 
0.800000 541.436945 206800 
0.800000 512.208995 207500 
0.800000 619.436596 207300 
0.800000 497.199872 208200 
0.800000 505.409220 208600 
0.800000 590.643783 206300 
0.800000 564.427256 208900 
0.800000 564.133075 206900 
0.800000 538.486036 207000 
0.800000 598.134812 206200 
0.800000 496.977304 206800 
0.800000 557.837485 206900 
0.800000 587.115751 206900 
0.800000 512.525993 209000 
0.800000 540.398750 206000 
0.800000 527.049742 206700 
0.800000 531.927879 206500 
0.800000 504.401373 208100 
0.800000 539.544709 209500 
0.800000 589.452735 208800 
0.800000 568.598001 207600 
0.800000 577.926763 206900 
0.800000 533.780775 207900 
0.800000 546.466679 206300 
0.800000 513.171148 207100 
0.800000 502.561560 207300 
0.800000 509.850990 208100 
0.800000 546.427171 206600 
0.800000 493.056162 206400 
0.800000 529.966537 206900 
0.800000 566.069263 206700 
0.800000 479.465996 207000 
0.800000 565.283355 206500 
0.800000 552.975153 206500 
0.800000 548.118955 207000 
0.800000 510.430329 206600 
0.800000 509.711682 208000 
0.800000 546.568131 206400 
0.800000 539.946947 207200 
0.800000 551.471717 204900 
0.800000 557.846058 207500 
0.800000 560.698558 208100 
0.800000 523.186498 205900 
0.800000 601.124848 207300 
0.800000 515.628708 206300 
0.800000 557.406621 206300 
0.800000 546.503171 209200 
0.800000 533.012373 206600 
0.800000 486.561233 208600 
0.800000 545.518784 206800 
0.800000 556.811779 209400 
0.800000 540.647692 207700 
0.800000 542.714921 206600 
0.800000 603.341706 207700 
0.800000 571.726450 206500 
0.800000 612.206703 203500 
0.800000 500.701850 206800 
0.800000 596.254662 206100 
0.800000 530.593583 207300 
0.800000 559.964811 207800 
0.800000 520.025984 210100 
0.800000 576.899807 208700 
0.800000 566.800402 203600 
0.800000 522.839735 207600 
0.800000 490.877276 206700 
0.800000 536.103686 208000 
0.800000 515.018958 206000 
0.800000 489.712552 206600 
0.850000 539.954411 207300 
0.850000 558.343471 205700 
0.850000 515.676788 206800 
0.850000 609.597512 208300 
0.850000 549.632465 205300 
0.850000 514.249848 207100 
0.850000 515.565415 208100 
0.850000 533.827383 206100 
0.850000 565.286355 205900 
0.850000 529.263936 207600 
0.850000 515.803531 206500 
0.850000 597.906247 205800 
0.850000 500.893060 207200 
0.850000 586.690264 205300 
0.850000 590.112844 205800 
0.850000 552.937486 206700 
0.850000 537.966724 206700 
0.850000 480.978225 210300 
0.850000 547.458888 207900 
0.850000 522.819561 208000 
0.850000 557.934842 206400 
0.850000 563.905230 205000 
0.850000 592.304972 205200 
0.850000 561.835077 206800 
0.850000 530.661398 207300 
0.850000 608.222665 206100 
0.850000 550.425658 207400 
0.850000 532.674613 207000 
0.850000 555.111605 207000 
0.850000 555.578844 204200 
0.850000 537.290186 207800 
0.850000 583.368732 206900 
0.850000 518.497981 206600 
0.850000 595.080307 205400 
0.850000 552.198520 207300 
0.850000 522.936864 205500 
0.850000 565.240399 207000 
0.850000 515.886361 208800 
0.850000 492.884909 206400 
0.850000 488.266675 206200 
0.850000 555.020330 205100 
0.850000 499.909237 207300 
0.850000 566.004464 206900 
0.850000 561.479514 206600 
0.850000 517.165504 205500 
0.850000 577.377477 205400 
0.850000 519.128750 207700 
0.850000 524.741946 206800 
0.850000 580.258976 204800 
0.850000 566.703750 207500 
0.850000 581.476567 207000 
0.850000 535.759754 208400 
0.850000 554.405607 205700 
0.850000 554.519854 206000 
0.850000 607.540609 203900 
0.850000 519.612830 207200 
0.850000 562.003973 208200 
0.850000 539.719060 205400 
0.850000 547.195099 206200 
0.850000 560.307132 205900 
0.850000 582.738486 205400 
0.850000 541.346382 205500 
0.850000 546.129674 205700 
0.850000 533.044118 206000 
0.850000 580.873262 207300 
0.850000 501.189469 206200 
0.850000 514.629812 208700 
0.850000 543.322174 206400 
0.850000 546.608814 207700 
0.850000 564.452823 207400 
0.850000 533.350412 206900 
0.850000 538.057517 206800 
0.850000 582.570171 206600 
0.850000 523.867383 206000 
0.850000 580.396223 207600 
0.850000 585.741349 206900 
0.850000 527.077664 206800 
0.850000 551.697950 207100 
0.850000 571.888762 204900 
0.850000 539.183297 206900 
0.850000 543.655498 205900 
0.850000 515.053131 207200 
0.850000 548.872576 206200 
0.850000 511.485175 208900 
0.850000 618.443283 206900 
0.850000 509.597699 207300 
0.850000 548.020213 207900 
0.850000 544.967181 206800 
0.850000 529.456610 208000 
0.850000 563.714654 206700 
0.850000 537.458960 207400 
0.850000 520.014837 206500 
0.850000 525.380830 206400 
0.850000 620.687508 207000 
0.850000 618.804318 205200 
0.850000 502.186802 209900 
0.850000 536.257273 207500 
0.850000 568.861458 210100 
0.850000 509.252174 208000 
0.850000 591.824889 205700 
0.900000 506.676882 205600 
0.900000 538.676292 206300 
0.900000 617.474074 206800 
0.900000 528.161130 205200 
0.900000 506.408186 209000 
0.900000 618.195551 205100 
0.900000 578.134011 207700 
0.900000 535.166727 206300 
0.900000 521.881733 207400 
0.900000 528.236958 207800 
0.900000 541.071722 208000 
0.900000 568.279819 207600 
0.900000 559.695763 204800 
0.900000 529.207073 207300 
0.900000 577.495753 207700 
0.900000 609.642379 207400 
0.900000 543.649346 207100 
0.900000 564.782666 206400 
0.900000 538.746364 207400 
0.900000 548.336287 206800 
0.900000 523.737202 207100 
0.900000 580.080464 207000 
0.900000 525.601207 207100 
0.900000 531.076440 206200 
0.900000 579.877926 206700 
0.900000 538.086687 206500 
0.900000 627.566720 206600 
0.900000 527.236776 207800 
0.900000 557.594726 206700 
0.900000 543.417702 210200 
0.900000 551.613713 209200 
0.900000 504.922626 210000 
0.900000 524.167496 206800 
0.900000 565.739280 209400 
0.900000 534.442595 205100 
0.900000 518.867122 208800 
0.900000 571.871179 207500 
0.900000 523.704788 206900 
0.900000 572.569660 205600 
0.900000 560.867851 206900 
0.900000 616.257261 206600 
0.900000 552.461807 206900 
0.900000 538.960832 207700 
0.900000 625.942193 203600 
0.900000 582.599888 207500 
0.900000 594.240652 205500 
0.900000 517.514190 206300 
0.900000 592.524846 206900 
0.900000 554.603218 205900 
0.900000 586.143521 205300 
0.900000 576.463184 207900 
0.900000 590.129569 207000 
0.900000 490.682197 207800 
0.900000 560.520587 206900 
0.900000 544.575193 207600 
0.900000 565.774969 207400 
0.900000 603.780276 204000 
0.900000 587.816451 206400 
0.900000 547.723098 207400 
0.900000 527.289735 205900 
0.900000 552.837588 205300 
0.900000 578.731298 206900 
0.900000 541.852731 207100 
0.900000 541.309345 207500 
0.900000 578.388155 206300 
0.900000 483.180050 206300 
0.900000 538.847959 207300 
0.900000 569.276879 206400 
0.900000 507.579805 206800 
0.900000 529.786852 208200 
0.900000 518.314206 206900 
0.900000 517.333714 207400 
0.900000 544.537541 206500 
0.900000 514.103192 206100 
0.900000 608.439186 206500 
0.900000 556.120227 206500 
0.900000 505.568560 207900 
0.900000 512.595276 206500 
0.900000 503.488714 207600 
0.900000 572.151984 206700 
0.900000 565.396554 205000 
0.900000 555.834826 207700 
0.900000 516.849620 207700 
0.900000 516.323985 208500 
0.900000 570.307582 207000 
0.900000 596.892974 203600 
0.900000 539.164149 205800 
0.900000 547.288842 206800 
0.900000 517.276277 205900 
0.900000 514.503865 208800 
0.900000 567.592132 206500 
0.900000 550.868833 205500 
0.900000 502.612950 206000 
0.900000 546.170822 205900 
0.900000 522.543811 207400 
0.900000 588.015549 205000 
0.900000 592.387139 204200 
0.900000 514.799692 209600 
0.900000 497.459193 207600 
0.900000 526.404938 205600 
0.950000 560.008388 206300 
0.950000 514.778194 206100 
0.950000 513.767356 207500 
0.950000 506.950735 206600 
0.950000 550.368857 206500 
0.950000 547.934970 209300 
0.950000 537.742239 207700 
0.950000 562.701787 206300 
0.950000 491.799477 208600 
0.950000 639.764851 205700 
0.950000 523.790246 209000 
0.950000 562.267540 207500 
0.950000 570.623567 206500 
0.950000 505.049751 207800 
0.950000 594.314072 208500 
0.950000 556.969375 206200 
0.950000 571.561907 206100 
0.950000 573.990008 206000 
0.950000 511.122052 207900 
0.950000 543.041014 205700 
0.950000 518.899205 206400 
0.950000 497.446252 206400 
0.950000 584.862671 205200 
0.950000 625.331506 204600 
0.950000 510.938937 206700 
0.950000 530.379632 206100 
0.950000 504.137346 206200 
0.950000 557.133778 207700 
0.950000 622.651870 207600 
0.950000 523.083062 206200 
0.950000 534.527443 206200 
0.950000 558.271142 205400 
0.950000 568.888224 205100 
0.950000 517.660921 206800 
0.950000 569.034308 205300 
0.950000 565.183498 206200 
0.950000 567.951007 207100 
0.950000 586.843148 206000 
0.950000 550.559989 206500 
0.950000 505.148240 210100 
0.950000 523.110578 206800 
0.950000 519.704178 207500 
0.950000 543.413808 207200 
0.950000 549.516215 206400 
0.950000 563.433350 206700 
0.950000 527.979784 210400 
0.950000 547.032913 206700 
0.950000 546.330615 206100 
0.950000 513.697112 206700 
0.950000 485.512522 208300 
0.950000 512.096557 206900 
0.950000 528.494787 207400 
0.950000 625.278341 204900 
0.950000 500.664941 208600 
0.950000 514.654592 207600 
0.950000 538.400393 207100 
0.950000 583.809401 206800 
0.950000 601.123469 206300 
0.950000 598.987605 205600 
0.950000 503.228059 205500 
0.950000 570.065698 206500 
0.950000 528.883500 206800 
0.950000 554.150699 208200 
0.950000 525.248781 206900 
0.950000 563.756885 206800 
0.950000 582.941307 207300 
0.950000 516.057790 208300 
0.950000 569.639297 206200 
0.950000 533.808903 207600 
0.950000 498.651121 207800 
0.950000 537.839465 206500 
0.950000 502.502102 207700 
0.950000 580.865284 206200 
0.950000 586.978580 205800 
0.950000 598.612246 206400 
0.950000 537.411569 206600 
0.950000 561.450574 203300 
0.950000 526.817992 207100 
0.950000 563.989114 204600 
0.950000 551.292350 206500 
0.950000 570.150838 206000 
0.950000 617.218676 205400 
0.950000 572.228163 205800 
0.950000 610.101909 207400 
0.950000 542.491734 205400 
0.950000 547.120211 207000 
0.950000 519.788171 205500 
0.950000 556.869296 208000 
0.950000 524.981196 207700 
0.950000 490.156016 207400 
0.950000 576.316507 206800 
0.950000 590.374155 206800 
0.950000 563.709107 206600 
0.950000 560.203606 205900 
0.950000 524.664847 205400 
0.950000 530.222054 206100 
0.950000 583.145576 203800 
0.950000 629.595106 204500 
0.950000 556.136484 206700 
0.950000 593.938008 203800 
0.010000 469.552124 440000 
0.010000 456.621753 461100 
0.010000 458.987464 458300 
0.010000 459.384951 485600 
0.010000 456.351865 472800 
0.010000 468.548283 448400 
0.010000 451.257997 447500 
0.010000 443.669724 457500 
0.010000 459.297528 465500 
0.010000 455.524001 467100 
0.010000 457.219380 440400 
0.010000 482.670225 512200 
0.010000 455.800464 416200 
0.010000 451.696478 448500 
0.010000 455.733690 415100 
0.010000 449.124523 441600 
0.010000 469.242275 471400 
0.010000 448.384698 452700 
0.010000 460.996141 444600 
0.010000 462.127026 448500 
0.010000 453.318683 453100 
0.010000 473.134757 438000 
0.010000 456.199276 448700 
0.010000 472.292951 487000 
0.010000 485.356365 480500 
0.010000 479.196217 430400 
0.010000 452.241953 481600 
0.010000 458.933955 429400 
0.010000 454.658022 528900 
0.010000 460.883817 452700 
0.010000 470.412957 458000 
0.010000 445.918686 417500 
0.010000 467.249922 432400 
0.010000 478.974849 409900 
0.010000 463.337996 468200 
0.010000 471.515849 463300 
0.010000 453.272685 460200 
0.010000 455.188729 471200 
0.010000 453.580259 526400 
0.010000 471.198508 462600 
0.010000 457.850337 452100 
0.010000 472.661574 462300 
0.010000 446.784331 489600 
0.010000 462.844368 421200 
0.010000 466.595705 558100 
0.010000 484.548907 445200 
0.010000 447.058166 476100 
0.010000 461.907509 446000 
0.010000 452.926621 454500 
0.010000 458.791424 419600 
0.010000 454.226778 440600 
0.010000 438.953897 449000 
0.010000 455.678527 478300 
0.010000 463.706413 461300 
0.010000 468.790157 466800 
0.010000 454.687487 444200 
0.010000 480.593579 439400 
0.010000 453.319169 443700 
0.010000 461.231905 471900 
0.010000 456.483862 447800 
0.010000 466.579571 435400 
0.010000 468.196647 424900 
0.010000 467.250216 528100 
0.010000 449.676019 440800 
0.010000 474.486483 485200 
0.010000 459.450909 460200 
0.010000 457.478627 429200 
0.010000 463.242771 446100 
0.010000 478.999857 445500 
0.010000 473.241686 506900 
0.010000 462.449873 475400 
0.010000 480.487406 460900 
0.010000 449.000503 484500 
0.010000 468.561496 452500 
0.010000 458.992552 459700 
0.010000 465.373045 462100 
0.010000 484.056903 426000 
0.010000 464.803118 495000 
0.010000 446.524022 466900 
0.010000 471.836268 456100 
0.010000 457.599962 454200 
0.010000 463.890178 507600 
0.010000 460.360631 439300 
0.010000 469.641536 441000 
0.010000 456.510048 432800 
0.010000 442.847286 448500 
0.010000 443.024918 425600 
0.010000 447.005945 450600 
0.010000 476.257875 435500 
0.010000 453.139619 446800 
0.010000 476.580136 470300 
0.010000 438.182386 448500 
0.010000 478.979172 385700 
0.010000 465.761554 443500 
0.010000 478.799179 481200 
0.010000 467.304931 436100 
0.010000 447.898750 469900 
0.010000 456.500177 464200 
0.010000 454.661072 408000 
0.010000 495.234369 504400 
0.015000 459.907818 344200 
0.015000 476.617101 344400 
0.015000 472.031873 361800 
0.015000 464.592240 355600 
0.015000 461.270804 354700 
0.015000 466.547265 381500 
0.015000 448.968480 347200 
0.015000 449.253037 368300 
0.015000 445.997837 382400 
0.015000 488.605476 347400 
0.015000 472.678402 363800 
0.015000 462.906382 394600 
0.015000 461.832647 385600 
0.015000 476.451971 366100 
0.015000 455.201830 387500 
0.015000 449.604048 335100 
0.015000 471.416322 366300 
0.015000 474.466417 376000 
0.015000 485.504467 386200 
0.015000 484.721739 358200 
0.015000 468.594017 362400 
0.015000 473.938725 410900 
0.015000 476.912967 403100 
0.015000 499.195145 361800 
0.015000 454.756027 349700 
0.015000 468.600112 373100 
0.015000 475.582489 379600 
0.015000 454.919150 367100 
0.015000 464.263538 408400 
0.015000 459.028262 366400 
0.015000 455.730958 369300 
0.015000 467.418180 370400 
0.015000 447.848632 376200 
0.015000 456.250581 377200 
0.015000 469.973705 360800 
0.015000 454.802022 398000 
0.015000 455.717071 366000 
0.015000 470.698740 382500 
0.015000 476.307445 392700 
0.015000 472.638700 367800 
0.015000 458.874867 362000 
0.015000 461.418550 424800 
0.015000 459.692507 372300 
0.015000 474.700894 356400 
0.015000 460.344937 373400 
0.015000 470.377393 377300 
0.015000 487.301794 413700 
0.015000 481.129208 421800 
0.015000 459.719636 396300 
0.015000 462.032435 369400 
0.015000 458.177886 389100 
0.015000 471.960733 398900 
0.015000 456.988072 380000 
0.015000 459.500493 374200 
0.015000 456.367206 366800 
0.015000 457.145049 382300 
0.015000 486.125158 399400 
0.015000 455.366502 376000 
0.015000 468.527421 372500 
0.015000 472.585938 375500 
0.015000 454.036134 363900 
0.015000 457.200257 369400 
0.015000 464.525826 361100 
0.015000 461.835688 356800 
0.015000 452.350923 376800 
0.015000 452.071741 386700 
0.015000 454.534901 354200 
0.015000 469.868101 348500 
0.015000 462.219422 363900 
0.015000 458.560502 377700 
0.015000 454.874433 381000 
0.015000 469.110624 403400 
0.015000 465.171867 356800 
0.015000 449.675815 360100 
0.015000 459.705546 368500 
0.015000 452.545786 374300 
0.015000 481.878969 376500 
0.015000 459.744148 354600 
0.015000 441.001655 386400 
0.015000 465.640086 356600 
0.015000 472.379759 401300 
0.015000 460.785020 390400 
0.015000 458.258453 378100 
0.015000 463.363118 374800 
0.015000 442.157578 361700 
0.015000 458.692473 378000 
0.015000 459.151327 389100 
0.015000 472.015408 388200 
0.015000 458.926604 356400 
0.015000 473.458134 366200 
0.015000 440.830384 352900 
0.015000 472.896379 368300 
0.015000 456.407890 353700 
0.015000 479.522776 404600 
0.015000 450.269206 380200 
0.015000 483.636023 358300 
0.015000 467.293639 377400 
0.015000 468.700732 362000 
0.015000 486.475266 366600 
0.015000 469.653753 396600 
0.020000 453.430602 343400 
0.020000 466.793533 347900 
0.020000 467.436355 348200 
0.020000 474.784125 352300 
0.020000 466.781299 339700 
0.020000 468.116373 355400 
0.020000 495.363180 337400 
0.020000 473.596069 316100 
0.020000 478.770365 358200 
0.020000 461.923453 312100 
0.020000 486.758372 322200 
0.020000 456.265002 335600 
0.020000 494.878905 348000 
0.020000 471.749996 349500 
0.020000 478.448716 339700 
0.020000 473.981148 346100 
0.020000 456.913230 340400 
0.020000 474.109633 329500 
0.020000 460.641601 345900 
0.020000 467.630452 368200 
0.020000 483.294817 333300 
0.020000 453.041508 338000 
0.020000 449.112486 324400 
0.020000 463.355262 321100 
0.020000 443.954410 319600 
0.020000 474.817343 345700 
0.020000 456.242259 321000 
0.020000 473.339707 311100 
0.020000 480.309582 372900 
0.020000 453.708179 319700 
0.020000 441.624441 325800 
0.020000 456.255264 326900 
0.020000 486.610236 324900 
0.020000 481.056283 356700 
0.020000 501.921536 327000 
0.020000 494.259934 320300 
0.020000 455.545710 323900 
0.020000 450.912706 333100 
0.020000 445.601277 329300 
0.020000 487.244124 341700 
0.020000 461.680948 339800 
0.020000 462.439207 339300 
0.020000 456.547484 356200 
0.020000 470.273507 338600 
0.020000 499.534339 333900 
0.020000 465.414257 345000 
0.020000 478.315295 344700 
0.020000 486.254594 333500 
0.020000 462.607897 366800 
0.020000 460.417119 315500 
0.020000 451.880451 337700 
0.020000 462.086852 315300 
0.020000 459.439652 340600 
0.020000 460.920622 341800 
0.020000 457.884576 322700 
0.020000 462.363929 330900 
0.020000 480.692836 328500 
0.020000 455.556063 335100 
0.020000 467.214480 338400 
0.020000 474.360305 337000 
0.020000 495.396501 382000 
0.020000 455.393736 344500 
0.020000 464.604557 331000 
0.020000 487.153636 362300 
0.020000 451.661839 342900 
0.020000 444.609126 338600 
0.020000 477.938016 345900 
0.020000 474.201081 323400 
0.020000 479.151351 338800 
0.020000 470.009488 325200 
0.020000 490.660850 332700 
0.020000 465.197535 337000 
0.020000 478.817641 342300 
0.020000 459.053440 336700 
0.020000 456.501888 334300 
0.020000 449.985173 348100 
0.020000 475.572657 318700 
0.020000 472.587738 330000 
0.020000 449.030592 343000 
0.020000 464.373722 335000 
0.020000 488.773204 348500 
0.020000 488.842564 340500 
0.020000 460.586229 326200 
0.020000 463.768632 337100 
0.020000 479.263063 343000 
0.020000 477.021238 353600 
0.020000 460.792586 325900 
0.020000 479.008921 351800 
0.020000 468.832407 336100 
0.020000 471.813612 327300 
0.020000 455.210202 346700 
0.020000 460.220110 331500 
0.020000 458.050030 320900 
0.020000 495.277056 317500 
0.020000 458.280384 330600 
0.020000 481.746116 322600 
0.020000 454.899504 332400 
0.020000 475.634240 336400 
0.020000 460.225814 356200 
0.020000 471.293167 328600 
0.025000 466.701379 309900 
0.025000 452.754261 301700 
0.025000 459.801745 312300 
0.025000 462.328016 296200 
0.025000 464.829071 294900 
0.025000 458.660703 305600 
0.025000 471.772934 307500 
0.025000 480.546959 322500 
0.025000 489.987826 304500 
0.025000 466.516218 311800 
0.025000 490.396209 312400 
0.025000 465.779814 296400 
0.025000 472.158750 300300 
0.025000 496.805257 309500 
0.025000 454.095724 303100 
0.025000 473.261672 305100 
0.025000 480.910301 296000 
0.025000 461.991903 312900 
0.025000 487.609336 303200 
0.025000 469.891226 314500 
0.025000 472.823543 306800 
0.025000 473.953871 324800 
0.025000 472.603865 297400 
0.025000 496.647794 311900 
0.025000 477.844967 313600 
0.025000 481.962733 315900 
0.025000 490.750550 315600 
0.025000 506.010670 326300 
0.025000 478.008674 300500 
0.025000 469.609372 310400 
0.025000 455.092853 297600 
0.025000 481.563846 298000 
0.025000 454.180597 347200 
0.025000 471.984817 317200 
0.025000 473.441255 318200 
0.025000 457.914603 305500 
0.025000 486.138478 323200 
0.025000 454.055722 312100 
0.025000 445.883222 310800 
0.025000 493.944420 306600 
0.025000 485.645501 304800 
0.025000 502.447047 291700 
0.025000 457.308566 296700 
0.025000 461.128121 318900 
0.025000 467.493932 338300 
0.025000 491.240859 306200 
0.025000 469.646222 314700 
0.025000 477.683390 303100 
0.025000 461.633553 288400 
0.025000 477.505782 307400 
0.025000 453.041668 305700 
0.025000 459.825791 293800 
0.025000 445.053326 308100 
0.025000 481.759963 310700 
0.025000 461.267794 295400 
0.025000 464.687202 309100 
0.025000 481.588120 296400 
0.025000 442.796436 317500 
0.025000 475.041297 310400 
0.025000 462.022744 304200 
0.025000 466.292491 331800 
0.025000 461.818064 310200 
0.025000 464.236845 304500 
0.025000 466.864218 304000 
0.025000 487.269531 321500 
0.025000 467.142323 306700 
0.025000 466.168942 291000 
0.025000 495.879685 308900 
0.025000 503.052862 293900 
0.025000 479.699635 309000 
0.025000 468.014490 300800 
0.025000 480.282426 290400 
0.025000 465.122730 320900 
0.025000 464.027284 307500 
0.025000 462.215874 315500 
0.025000 455.535338 340800 
0.025000 528.865732 320700 
0.025000 446.129727 301800 
0.025000 461.839691 306700 
0.025000 481.282276 305100 
0.025000 473.212335 300200 
0.025000 451.637703 295100 
0.025000 476.681834 291600 
0.025000 453.620261 309600 
0.025000 464.052160 326800 
0.025000 474.827728 296500 
0.025000 460.609208 314300 
0.025000 463.611953 315900 
0.025000 455.977243 318200 
0.025000 447.090556 306300 
0.025000 461.539324 295600 
0.025000 455.490678 319400 
0.025000 479.744983 313200 
0.025000 468.979283 296300 
0.025000 484.999348 315200 
0.025000 505.706674 308800 
0.025000 475.061503 320500 
0.025000 466.256317 314200 
0.025000 469.185234 314000 
0.025000 484.093802 301000 
0.030000 476.032636 292300 
0.030000 495.594794 299900 
0.030000 462.497454 285500 
0.030000 452.598067 283000 
0.030000 501.834454 290200 
0.030000 450.900140 290200 
0.030000 461.593259 279400 
0.030000 444.436048 291100 
0.030000 469.042279 285200 
0.030000 461.805231 284100 
0.030000 456.568592 294000 
0.030000 471.256767 283600 
0.030000 477.193969 280400 
0.030000 466.455981 304100 
0.030000 470.244718 303300 
0.030000 483.952861 283400 
0.030000 467.371714 285900 
0.030000 472.378468 294800 
0.030000 455.228894 291900 
0.030000 473.080454 283700 
0.030000 470.256288 297500 
0.030000 465.850637 303900 
0.030000 451.991714 288900 
0.030000 458.711722 313000 
0.030000 481.585213 291500 
0.030000 482.758273 292100 
0.030000 460.661000 283600 
0.030000 453.809042 292300 
0.030000 483.034610 296900 
0.030000 493.249328 292400 
0.030000 470.271651 275900 
0.030000 457.863968 298300 
0.030000 457.313903 290600 
0.030000 440.223285 283800 
0.030000 498.171402 293600 
0.030000 466.871735 281400 
0.030000 464.521097 285600 
0.030000 463.135478 287000 
0.030000 509.275944 290400 
0.030000 470.691547 290700 
0.030000 469.146196 289700 
0.030000 468.666815 295800 
0.030000 469.205151 295300 
0.030000 493.239875 307600 
0.030000 442.524866 294000 
0.030000 477.967047 278800 
0.030000 475.276915 288900 
0.030000 463.266786 291000 
0.030000 470.803494 277700 
0.030000 457.496749 288500 
0.030000 464.806267 283000 
0.030000 450.247132 278500 
0.030000 456.653600 289400 
0.030000 475.092851 299400 
0.030000 459.632803 269700 
0.030000 460.480502 292600 
0.030000 475.335148 318600 
0.030000 448.008539 296300 
0.030000 468.149202 320200 
0.030000 480.704820 317100 
0.030000 454.963809 316600 
0.030000 458.388951 278900 
0.030000 452.164519 301300 
0.030000 458.489939 320800 
0.030000 467.801991 304600 
0.030000 463.469470 274100 
0.030000 459.111949 312500 
0.030000 462.795946 273900 
0.030000 476.093442 291500 
0.030000 483.034213 289600 
0.030000 451.137736 289400 
0.030000 467.080883 296400 
0.030000 461.777981 281800 
0.030000 464.144560 298200 
0.030000 497.599027 312300 
0.030000 463.979047 298000 
0.030000 450.284550 282000 
0.030000 449.576025 300500 
0.030000 475.856612 311900 
0.030000 475.259008 297300 
0.030000 487.788850 283500 
0.030000 468.760398 275300 
0.030000 483.010953 310100 
0.030000 501.664490 302100 
0.030000 472.876227 292600 
0.030000 450.825095 292800 
0.030000 470.539045 276400 
0.030000 465.423132 298000 
0.030000 471.589097 283100 
0.030000 473.786800 308100 
0.030000 476.478532 292200 
0.030000 450.390777 293500 
0.030000 467.530133 287900 
0.030000 480.519647 296400 
0.030000 462.131618 287600 
0.030000 491.029134 285300 
0.030000 465.817550 289600 
0.030000 468.680027 279900 
0.030000 478.710194 284900 
0.030000 507.180071 277400 
0.035000 475.781348 280100 
0.035000 478.046830 271900 
0.035000 451.530654 267800 
0.035000 472.867260 279000 
0.035000 467.223279 273000 
0.035000 478.460322 264200 
0.035000 458.825941 300400 
0.035000 469.497451 268300 
0.035000 477.050606 279900 
0.035000 470.873928 269700 
0.035000 499.846957 269800 
0.035000 475.155070 276500 
0.035000 469.139800 279900 
0.035000 478.316900 273400 
0.035000 489.804780 285100 
0.035000 471.587559 276900 
0.035000 470.774551 278300 
0.035000 455.860283 280700 
0.035000 454.815145 274500 
0.035000 471.794891 273400 
0.035000 479.699411 295800 
0.035000 461.047540 285500 
0.035000 467.523299 278900 
0.035000 470.815233 290400 
0.035000 459.637457 278200 
0.035000 479.381271 276200 
0.035000 452.804060 284700 
0.035000 453.425113 281800 
0.035000 482.881914 276000 
0.035000 477.633627 289800 
0.035000 463.352752 298100 
0.035000 480.016868 275600 
0.035000 462.573753 282300 
0.035000 511.884729 295200 
0.035000 467.311623 282700 
0.035000 483.610648 291100 
0.035000 460.836484 283800 
0.035000 478.697944 281900 
0.035000 461.035344 282500 
0.035000 457.213821 267000 
0.035000 457.890059 281800 
0.035000 481.658170 283300 
0.035000 473.398272 280900 
0.035000 462.519780 277800 
0.035000 463.682977 275800 
0.035000 478.822019 266000 
0.035000 448.871026 291200 
0.035000 463.261002 275900 
0.035000 451.941212 286700 
0.035000 452.151528 278100 
0.035000 455.307293 283200 
0.035000 459.386444 285200 
0.035000 468.480550 278500 
0.035000 449.664029 271500 
0.035000 470.140914 304900 
0.035000 477.072455 291200 
0.035000 454.563411 292200 
0.035000 466.442850 283800 
0.035000 490.315072 277300 
0.035000 460.203994 284700 
0.035000 461.049670 287500 
0.035000 453.879083 272200 
0.035000 484.695257 269600 
0.035000 467.841763 270000 
0.035000 448.926792 282700 
0.035000 470.412781 283800 
0.035000 446.631558 288600 
0.035000 493.380985 283200 
0.035000 444.345978 277800 
0.035000 476.821267 275700 
0.035000 465.388232 275900 
0.035000 459.713773 285900 
0.035000 474.256157 277500 
0.035000 466.309589 260500 
0.035000 472.061230 284100 
0.035000 478.159341 275600 
0.035000 453.380203 275100 
0.035000 468.020434 273600 
0.035000 478.781498 281600 
0.035000 482.925106 279200 
0.035000 450.473767 304800 
0.035000 461.533522 281800 
0.035000 485.563560 280100 
0.035000 473.931011 267600 
0.035000 458.617839 278200 
0.035000 457.029425 278500 
0.035000 484.283227 283800 
0.035000 471.531549 273900 
0.035000 480.999635 287100 
0.035000 481.886319 287300 
0.035000 473.329576 273400 
0.035000 474.214859 280200 
0.035000 446.089942 280800 
0.035000 476.692093 271200 
0.035000 489.660960 286600 
0.035000 469.020394 285000 
0.035000 498.153322 272800 
0.035000 472.759560 275400 
0.035000 514.159251 276000 
0.035000 473.031654 277900 
0.040000 454.363830 272000 
0.040000 471.923050 259900 
0.040000 475.847607 263400 
0.040000 474.118139 277200 
0.040000 450.270912 269500 
0.040000 461.026267 270900 
0.040000 480.343177 267000 
0.040000 463.642380 271300 
0.040000 463.442491 284100 
0.040000 500.470275 265300 
0.040000 471.039581 285100 
0.040000 470.954182 272400 
0.040000 463.639792 261900 
0.040000 476.670036 263700 
0.040000 461.482298 277900 
0.040000 507.983046 293500 
0.040000 476.346622 271900 
0.040000 468.453686 275200 
0.040000 451.957027 264200 
0.040000 465.124634 277000 
0.040000 468.867471 268800 
0.040000 487.390552 270500 
0.040000 508.493970 269200 
0.040000 459.935668 279300 
0.040000 480.605316 277700 
0.040000 461.346148 259000 
0.040000 479.068623 270000 
0.040000 479.431044 266700 
0.040000 463.694892 271600 
0.040000 482.448738 274300 
0.040000 456.163722 269600 
0.040000 484.365598 266500 
0.040000 488.334420 272300 
0.040000 481.493958 280300 
0.040000 461.209913 259100 
0.040000 476.233391 264800 
0.040000 448.292762 268600 
0.040000 451.303545 283100 
0.040000 443.277383 274700 
0.040000 476.971476 270700 
0.040000 446.766334 271400 
0.040000 474.079167 271400 
0.040000 474.886451 269800 
0.040000 477.227912 260600 
0.040000 478.432838 259300 
0.040000 472.981902 260200 
0.040000 464.704713 267500 
0.040000 479.481697 265200 
0.040000 472.513588 261300 
0.040000 485.933013 277500 
0.040000 464.724694 264500 
0.040000 479.600969 288700 
0.040000 470.383330 272300 
0.040000 462.771521 270200 
0.040000 481.273015 281600 
0.040000 497.809266 276800 
0.040000 489.822926 282800 
0.040000 473.612986 267700 
0.040000 493.699019 273200 
0.040000 477.658540 262300 
0.040000 490.681061 276400 
0.040000 482.235162 275000 
0.040000 492.776275 265500 
0.040000 489.693269 264500 
0.040000 518.676090 267200 
0.040000 503.073320 264400 
0.040000 482.451118 275300 
0.040000 483.579979 271500 
0.040000 495.132755 279100 
0.040000 471.220187 266900 
0.040000 455.577367 284700 
0.040000 471.950475 273700 
0.040000 453.656055 279400 
0.040000 476.556893 279300 
0.040000 478.742066 277400 
0.040000 469.810356 264800 
0.040000 493.081878 276800 
0.040000 478.773515 267300 
0.040000 473.863258 275400 
0.040000 488.339176 273400 
0.040000 463.391040 274600 
0.040000 480.245410 279800 
0.040000 477.179322 267500 
0.040000 476.079590 255700 
0.040000 481.822300 268400 
0.040000 463.373791 285000 
0.040000 475.295403 270100 
0.040000 474.789020 276300 
0.040000 469.945951 268500 
0.040000 454.039066 273400 
0.040000 489.953833 275900 
0.040000 490.178076 275900 
0.040000 451.860278 266700 
0.040000 472.879925 279500 
0.040000 465.605877 271300 
0.040000 458.959135 256800 
0.040000 465.732993 284000 
0.040000 491.653494 281300 
0.040000 448.821563 261500 
0.040000 478.450343 279200 
0.045000 498.701426 268200 
0.045000 467.668136 263200 
0.045000 441.214450 265400 
0.045000 458.712066 268700 
0.045000 474.282812 251900 
0.045000 477.708340 259500 
0.045000 504.118338 264300 
0.045000 459.803468 267500 
0.045000 464.062002 260500 
0.045000 462.234827 260500 
0.045000 464.298183 262800 
0.045000 473.972576 268100 
0.045000 468.138509 262100 
0.045000 472.829863 267900 
0.045000 483.736768 255400 
0.045000 473.366593 252200 
0.045000 466.374997 257100 
0.045000 509.295910 251700 
0.045000 492.640450 272300 
0.045000 461.022962 266600 
0.045000 491.413189 268100 
0.045000 503.204657 250800 
0.045000 496.424815 266700 
0.045000 509.681697 270400 
0.045000 467.511832 265600 
0.045000 483.873506 256100 
0.045000 454.703690 263200 
0.045000 470.563762 263800 
0.045000 472.376746 264000 
0.045000 478.557972 255300 
0.045000 465.636254 269700 
0.045000 449.033457 263500 
0.045000 499.793641 259400 
0.045000 493.264841 264600 
0.045000 473.942055 264000 
0.045000 467.324768 261300 
0.045000 493.592866 258700 
0.045000 484.042294 262000 
0.045000 480.231220 255900 
0.045000 463.762090 256700 
0.045000 453.271761 268700 
0.045000 475.902395 263100 
0.045000 491.531060 283600 
0.045000 471.128292 266800 
0.045000 503.402640 256200 
0.045000 501.142345 250100 
0.045000 491.967459 256400 
0.045000 474.245057 265300 
0.045000 514.053473 251200 
0.045000 476.131634 258200 
0.045000 490.870532 262900 
0.045000 476.037187 255600 
0.045000 467.218648 262400 
0.045000 517.257359 263500 
0.045000 473.351381 279100 
0.045000 484.957578 262900 
0.045000 488.819218 263200 
0.045000 470.598537 265300 
0.045000 498.593341 268800 
0.045000 487.939312 290100 
0.045000 495.918252 255800 
0.045000 477.597836 264800 
0.045000 443.933706 269000 
0.045000 468.940207 261300 
0.045000 457.383585 272400 
0.045000 491.771003 262300 
0.045000 474.282741 255800 
0.045000 479.960474 261400 
0.045000 465.662434 273600 
0.045000 457.701622 265400 
0.045000 505.471043 261300 
0.045000 500.349365 265700 
0.045000 481.741861 260900 
0.045000 471.677836 253700 
0.045000 451.404971 265200 
0.045000 472.259438 250200 
0.045000 467.434682 257200 
0.045000 495.807585 259800 
0.045000 481.739645 266800 
0.045000 503.849406 267000 
0.045000 508.260477 261100 
0.045000 461.678799 268400 
0.045000 501.255772 265300 
0.045000 480.241994 264900 
0.045000 487.374443 270500 
0.045000 452.253625 253700 
0.045000 494.712205 265000 
0.045000 478.735040 257900 
0.045000 487.511447 262400 
0.045000 464.623795 286500 
0.045000 483.701821 262100 
0.045000 465.776094 256400 
0.045000 480.774238 274400 
0.045000 510.455228 268000 
0.045000 456.705342 262900 
0.045000 474.702171 261500 
0.045000 456.511707 256400 
0.045000 489.269441 267700 
0.045000 468.641215 259900 
0.045000 475.978630 287800 
0.050000 484.796483 259600 
0.050000 496.338531 271700 
0.050000 498.225276 258400 
0.050000 479.766695 251800 
0.050000 463.649090 248500 
0.050000 455.176557 261800 
0.050000 459.807018 259600 
0.050000 488.027986 264500 
0.050000 484.282718 255600 
0.050000 492.041775 261300 
0.050000 520.211937 266900 
0.050000 488.802312 259500 
0.050000 480.170096 258900 
0.050000 474.624353 253800 
0.050000 482.684969 258500 
0.050000 484.954800 260400 
0.050000 459.786641 259500 
0.050000 463.015659 253100 
0.050000 484.956267 259300 
0.050000 453.597783 265400 
0.050000 460.479065 259400 
0.050000 472.640523 270400 
0.050000 466.592051 262900 
0.050000 478.734974 260700 
0.050000 474.468836 255200 
0.050000 486.012456 269500 
0.050000 466.694855 267000 
0.050000 470.108670 268100 
0.050000 461.587862 254800 
0.050000 487.447851 258400 
0.050000 460.704057 255800 
0.050000 474.587772 270000 
0.050000 493.406697 252800 
0.050000 459.300573 253800 
0.050000 486.720840 272700 
0.050000 469.359604 261400 
0.050000 466.148359 250600 
0.050000 471.803114 275300 
0.050000 460.222424 259200 
0.050000 467.343576 259700 
0.050000 463.227126 265200 
0.050000 480.878586 272600 
0.050000 479.544360 252100 
0.050000 471.211950 262000 
0.050000 462.738636 267600 
0.050000 481.671944 255100 
0.050000 481.993981 270200 
0.050000 490.117619 252700 
0.050000 501.285191 269700 
0.050000 510.732916 252100 
0.050000 458.480171 260800 
0.050000 458.333565 249800 
0.050000 464.844142 253000 
0.050000 461.941228 259200 
0.050000 452.878300 259800 
0.050000 477.420428 248500 
0.050000 498.482592 247200 
0.050000 467.849115 255600 
0.050000 463.237170 260300 
0.050000 461.183346 258200 
0.050000 479.955337 255400 
0.050000 490.500921 259400 
0.050000 475.796533 258400 
0.050000 448.752851 258700 
0.050000 468.032153 271900 
0.050000 470.771395 246800 
0.050000 472.433961 265200 
0.050000 462.614691 255300 
0.050000 460.324893 250600 
0.050000 462.285157 257100 
0.050000 498.858383 250300 
0.050000 480.425412 252800 
0.050000 477.191928 256700 
0.050000 473.906332 252200 
0.050000 482.060739 256100 
0.050000 524.489105 270400 
0.050000 487.532694 253300 
0.050000 483.420543 262300 
0.050000 504.284381 255700 
0.050000 494.322708 256100 
0.050000 486.075575 247900 
0.050000 490.358210 257900 
0.050000 499.658357 247000 
0.050000 493.241931 265100 
0.050000 468.245348 257000 
0.050000 460.698333 261000 
0.050000 476.205443 259600 
0.050000 470.231491 249300 
0.050000 481.441239 269700 
0.050000 461.581542 256500 
0.050000 457.807228 255100 
0.050000 476.765243 253500 
0.050000 459.295040 264800 
0.050000 462.886275 252800 
0.050000 471.289534 264600 
0.050000 508.437831 247500 
0.050000 479.397989 259700 
0.050000 477.325333 252800 
0.050000 468.203930 253900 
0.050000 492.258394 260600 
0.055000 474.819807 255800 
0.055000 478.911994 252000 
0.055000 467.609674 249100 
0.055000 483.684671 253400 
0.055000 470.296199 252300 
0.055000 469.230323 258200 
0.055000 481.672742 257900 
0.055000 491.592750 258800 
0.055000 461.178120 248200 
0.055000 474.263805 255000 
0.055000 480.980956 265900 
0.055000 456.200350 253900 
0.055000 472.239818 258800 
0.055000 495.834058 254900 
0.055000 468.793288 245900 
0.055000 480.879346 259600 
0.055000 483.843968 253800 
0.055000 480.170066 256100 
0.055000 463.909920 255800 
0.055000 474.855267 255400 
0.055000 480.478343 247300 
0.055000 478.830113 254900 
0.055000 468.133029 250400 
0.055000 474.888469 245700 
0.055000 463.924500 250800 
0.055000 455.585250 256900 
0.055000 487.479157 259000 
0.055000 461.238897 251700 
0.055000 472.745788 265500 
0.055000 484.780625 254100 
0.055000 485.698231 248900 
0.055000 473.446462 246400 
0.055000 465.753594 254600 
0.055000 472.412134 251400 
0.055000 487.316371 253900 
0.055000 485.399147 254600 
0.055000 478.069378 246700 
0.055000 493.497211 247400 
0.055000 495.967545 263100 
0.055000 476.273643 248100 
0.055000 466.865565 253700 
0.055000 486.722522 255100 
0.055000 473.930464 251500 
0.055000 502.276815 251000 
0.055000 452.927673 257800 
0.055000 501.134013 244400 
0.055000 481.121397 246800 
0.055000 476.695902 257300 
0.055000 500.528138 254600 
0.055000 499.935648 256000 
0.055000 468.977033 250500 
0.055000 465.294888 254600 
0.055000 479.031055 251100 
0.055000 496.210191 262700 
0.055000 501.120307 259300 
0.055000 464.338671 251000 
0.055000 494.269058 255000 
0.055000 484.264177 254300 
0.055000 497.467551 250000 
0.055000 475.740578 257800 
0.055000 485.744771 253200 
0.055000 502.044268 260700 
0.055000 498.771600 255200 
0.055000 469.643110 254500 
0.055000 440.284516 280300 
0.055000 502.929357 264800 
0.055000 491.752503 274800 
0.055000 495.823735 261300 
0.055000 459.343477 250600 
0.055000 473.585496 255000 
0.055000 476.575578 251600 
0.055000 477.718119 256600 
0.055000 492.123049 255800 
0.055000 449.236392 249400 
0.055000 446.931633 258300 
0.055000 495.919532 246100 
0.055000 502.693753 251500 
0.055000 458.316776 257100 
0.055000 481.544014 249200 
0.055000 486.210453 258400 
0.055000 496.938754 244500 
0.055000 454.722288 247000 
0.055000 491.127229 247800 
0.055000 472.365177 254200 
0.055000 505.404323 253100 
0.055000 457.815783 251900 
0.055000 459.155600 258700 
0.055000 491.159625 255600 
0.055000 482.508472 256000 
0.055000 464.931506 251200 
0.055000 491.952053 248200 
0.055000 489.117451 243000 
0.055000 475.010571 250800 
0.055000 505.538411 257200 
0.055000 481.543443 242300 
0.055000 454.958804 252000 
0.055000 464.113832 248200 
0.055000 487.938594 250300 
0.055000 464.431203 247300 
0.055000 482.876015 251500 
0.060000 493.403492 254800 
0.060000 487.795593 256400 
0.060000 478.681210 256300 
0.060000 477.123697 241900 
0.060000 451.554852 235500 
0.060000 453.738090 244300 
0.060000 464.063449 243100 
0.060000 494.251527 264300 
0.060000 486.453457 248900 
0.060000 483.389614 267600 
0.060000 460.083185 255100 
0.060000 456.515571 260900 
0.060000 520.425051 245800 
0.060000 479.184646 246600 
0.060000 486.712575 254700 
0.060000 465.033495 244400 
0.060000 460.059843 248300 
0.060000 467.204977 253600 
0.060000 473.145990 256600 
0.060000 471.111554 254500 
0.060000 463.053939 259200 
0.060000 462.007354 245500 
0.060000 456.871884 258300 
0.060000 461.296602 249700 
0.060000 467.812833 249900 
0.060000 499.144133 243500 
0.060000 475.179532 252000 
0.060000 497.945389 256400 
0.060000 455.099878 257400 
0.060000 459.873740 249300 
0.060000 494.948392 251200 
0.060000 502.018458 251800 
0.060000 490.844532 255200 
0.060000 474.874870 259400 
0.060000 498.797908 249100 
0.060000 474.671941 251500 
0.060000 474.323814 242000 
0.060000 478.923893 253700 
0.060000 465.605147 247900 
0.060000 467.815042 251900 
0.060000 458.082449 256000 
0.060000 492.112830 241400 
0.060000 476.655164 239300 
0.060000 473.299814 239900 
0.060000 471.427667 243900 
0.060000 505.881247 250400 
0.060000 466.026242 242200 
0.060000 480.270850 245800 
0.060000 518.957583 245800 
0.060000 478.010801 256900 
0.060000 487.277898 247900 
0.060000 467.208506 251800 
0.060000 491.008968 251800 
0.060000 469.648453 255000 
0.060000 481.095931 250500 
0.060000 511.195420 250600 
0.060000 480.768880 243900 
0.060000 473.871837 250900 
0.060000 466.874137 261100 
0.060000 478.307750 248600 
0.060000 460.511061 244400 
0.060000 480.905019 240600 
0.060000 461.941877 246300 
0.060000 500.249219 256700 
0.060000 459.204427 245300 
0.060000 478.038702 250800 
0.060000 484.697865 251100 
0.060000 483.373792 246300 
0.060000 445.234357 256700 
0.060000 465.265991 255300 
0.060000 470.182748 262300 
0.060000 465.469508 256200 
0.060000 460.204394 247400 
0.060000 459.953941 249500 
0.060000 457.886131 245200 
0.060000 472.719851 249300 
0.060000 461.438416 240300 
0.060000 483.061653 252800 
0.060000 496.273793 249500 
0.060000 475.113630 239200 
0.060000 470.350020 252800 
0.060000 471.849832 240600 
0.060000 473.793260 248100 
0.060000 468.302262 252700 
0.060000 463.417551 243200 
0.060000 481.470718 249400 
0.060000 498.714211 251700 
0.060000 491.168667 251600 
0.060000 478.348452 249900 
0.060000 489.805285 250600 
0.060000 514.816900 241800 
0.060000 505.996352 256500 
0.060000 496.872895 250600 
0.060000 482.753835 241900 
0.060000 469.263055 244600 
0.060000 479.097995 245400 
0.060000 469.078163 253700 
0.060000 485.550182 248900 
0.060000 472.554456 247400 
0.060000 480.426415 257600 
0.065000 493.286024 247700 
0.065000 502.176689 243000 
0.065000 480.140941 239000 
0.065000 470.553317 248300 
0.065000 502.106674 250000 
0.065000 479.228432 240000 
0.065000 466.001006 243100 
0.065000 485.900799 244800 
0.065000 477.918438 243400 
0.065000 491.470777 243800 
0.065000 458.266929 242800 
0.065000 458.669285 243400 
0.065000 468.831051 244400 
0.065000 473.680486 254700 
0.065000 487.026642 247400 
0.065000 485.870322 250700 
0.065000 466.187538 246400 
0.065000 475.665978 253800 
0.065000 462.838655 246300 
0.065000 454.204920 250500 
0.065000 467.185758 246900 
0.065000 447.677083 248200 
0.065000 479.618381 246600 
0.065000 479.881327 249500 
0.065000 477.755903 245000 
0.065000 482.737085 249100 
0.065000 465.463428 250000 
0.065000 451.509676 244900 
0.065000 475.790197 237100 
0.065000 500.880452 237200 
0.065000 461.983636 243100 
0.065000 494.898002 244800 
0.065000 500.875511 255600 
0.065000 478.662385 238600 
0.065000 485.597333 244500 
0.065000 491.635589 249400 
0.065000 493.646309 240100 
0.065000 470.993630 250300 
0.065000 472.210129 241800 
0.065000 468.483752 250200 
0.065000 463.435702 241500 
0.065000 481.717671 246200 
0.065000 475.099337 238000 
0.065000 460.415383 240500 
0.065000 465.237290 241300 
0.065000 465.290845 247900 
0.065000 483.176623 247900 
0.065000 494.007698 243300 
0.065000 500.662846 251100 
0.065000 490.752800 240200 
0.065000 478.750029 250900 
0.065000 468.121425 244300 
0.065000 465.433843 254900 
0.065000 462.773434 246600 
0.065000 485.232073 249500 
0.065000 476.836736 251500 
0.065000 468.240826 251400 
0.065000 471.314085 241000 
0.065000 501.182771 248600 
0.065000 464.079315 242500 
0.065000 471.266391 245800 
0.065000 479.649510 252700 
0.065000 479.487415 241100 
0.065000 478.127827 241500 
0.065000 488.423212 245900 
0.065000 475.496448 246200 
0.065000 488.932699 254000 
0.065000 482.056647 252300 
0.065000 474.336500 246100 
0.065000 468.936239 252000 
0.065000 469.897808 245400 
0.065000 463.839779 243200 
0.065000 521.580411 242500 
0.065000 468.392896 239200 
0.065000 504.998717 250500 
0.065000 463.269771 251100 
0.065000 477.823852 236500 
0.065000 459.225079 246000 
0.065000 448.731358 240200 
0.065000 485.576915 246000 
0.065000 483.205895 248900 
0.065000 474.307590 251900 
0.065000 465.965139 252800 
0.065000 495.024146 245500 
0.065000 478.787299 248400 
0.065000 463.890971 242100 
0.065000 480.163290 257000 
0.065000 485.226821 241400 
0.065000 472.641559 244200 
0.065000 485.492994 243500 
0.065000 490.913748 245500 
0.065000 506.585898 249700 
0.065000 475.320071 241000 
0.065000 484.268113 243600 
0.065000 486.202725 244700 
0.065000 472.427740 246000 
0.065000 475.884091 244200 
0.065000 473.989389 251200 
0.065000 470.569908 245700 
0.065000 493.573101 249600 
0.070000 462.087891 243200 
0.070000 486.095991 240300 
0.070000 462.281325 245300 
0.070000 484.365282 240900 
0.070000 474.275587 237000 
0.070000 484.064085 237500 
0.070000 489.488442 239100 
0.070000 449.759090 238200 
0.070000 485.774698 236600 
0.070000 472.645057 244300 
0.070000 503.532378 257000 
0.070000 484.825554 251400 
0.070000 490.005766 239100 
0.070000 498.490828 253100 
0.070000 473.031366 245900 
0.070000 490.796448 237600 
0.070000 461.686731 249100 
0.070000 467.399490 244600 
0.070000 479.058744 243000 
0.070000 470.679126 238300 
0.070000 489.638966 242200 
0.070000 491.264083 252800 
0.070000 476.522464 243500 
0.070000 488.387697 240400 
0.070000 455.630595 236600 
0.070000 478.333540 240700 
0.070000 472.149369 237400 
0.070000 492.601157 239600 
0.070000 475.761510 246400 
0.070000 464.247038 240700 
0.070000 484.171772 241400 
0.070000 511.001579 241100 
0.070000 486.223357 246700 
0.070000 479.376577 235600 
0.070000 497.794666 247300 
0.070000 491.295822 247700 
0.070000 486.181359 248300 
0.070000 488.153739 249300 
0.070000 457.120253 246100 
0.070000 483.741719 244100 
0.070000 484.304736 242900 
0.070000 482.864035 240800 
0.070000 478.885294 245800 
0.070000 473.401781 242100 
0.070000 472.176237 242700 
0.070000 497.287911 245900 
0.070000 488.556534 242900 
0.070000 486.294194 237300 
0.070000 475.264567 253900 
0.070000 461.586307 241400 
0.070000 502.209841 244600 
0.070000 472.350053 248200 
0.070000 464.876500 237600 
0.070000 455.388867 259000 
0.070000 493.465646 242200 
0.070000 501.890733 247300 
0.070000 482.770963 239800 
0.070000 507.435908 241500 
0.070000 493.692699 246300 
0.070000 485.098966 244900 
0.070000 490.342363 241400 
0.070000 464.936176 236900 
0.070000 477.613831 249800 
0.070000 504.009812 249700 
0.070000 466.206919 244900 
0.070000 472.594858 240100 
0.070000 493.850045 245200 
0.070000 468.647751 244100 
0.070000 475.348804 240400 
0.070000 461.505425 242100 
0.070000 483.700151 262400 
0.070000 485.989688 240800 
0.070000 461.405914 247800 
0.070000 461.499765 240300 
0.070000 469.616158 249900 
0.070000 472.368293 249700 
0.070000 519.511155 238100 
0.070000 472.114661 237000 
0.070000 489.053816 245600 
0.070000 458.198039 243600 
0.070000 476.323523 241000 
0.070000 473.667578 244700 
0.070000 471.955583 240000 
0.070000 477.382953 240900 
0.070000 483.590594 241500 
0.070000 487.710912 243600 
0.070000 511.919786 246000 
0.070000 471.247169 246800 
0.070000 467.546047 243100 
0.070000 502.596999 239000 
0.070000 465.297133 240600 
0.070000 475.399178 248500 
0.070000 451.045599 248100 
0.070000 472.030583 233700 
0.070000 487.182082 238800 
0.070000 478.576599 246400 
0.070000 485.338845 240400 
0.070000 477.055146 250500 
0.070000 494.870861 251800 
0.070000 485.634972 240600 
0.075000 489.804017 243400 
0.075000 489.431974 248400 
0.075000 494.949423 236300 
0.075000 472.894985 242100 
0.075000 446.250802 240100 
0.075000 482.988316 234900 
0.075000 474.616026 251500 
0.075000 477.584394 245000 
0.075000 470.903015 246000 
0.075000 477.106846 236700 
0.075000 458.895720 236000 
0.075000 459.102581 246800 
0.075000 490.300335 239300 
0.075000 481.876949 241100 
0.075000 473.985072 239800 
0.075000 492.511953 247200 
0.075000 512.475005 245000 
0.075000 458.534552 244400 
0.075000 474.917586 236900 
0.075000 472.691168 235900 
0.075000 467.566488 242000 
0.075000 491.819133 238300 
0.075000 478.954160 239100 
0.075000 483.223476 246100 
0.075000 479.231329 239100 
0.075000 488.110275 243100 
0.075000 500.701357 238700 
0.075000 463.699145 239500 
0.075000 473.762101 240400 
0.075000 492.190033 246100 
0.075000 458.759693 239500 
0.075000 487.621374 250600 
0.075000 462.474780 245100 
0.075000 462.883363 245600 
0.075000 477.350208 241800 
0.075000 465.043490 239600 
0.075000 511.753171 246200 
0.075000 484.524091 245200 
0.075000 473.804036 238700 
0.075000 491.876065 239900 
0.075000 455.710020 239700 
0.075000 489.917285 242400 
0.075000 474.657033 241000 
0.075000 502.638871 244100 
0.075000 501.670611 238200 
0.075000 491.845133 234500 
0.075000 473.214812 240700 
0.075000 491.476096 237500 
0.075000 498.674477 246100 
0.075000 498.933423 237300 
0.075000 476.317209 242000 
0.075000 495.636599 235600 
0.075000 471.869322 238400 
0.075000 494.618079 237700 
0.075000 500.420441 234700 
0.075000 469.584637 240800 
0.075000 467.641497 245900 
0.075000 497.515040 233000 
0.075000 486.494936 239600 
0.075000 469.471458 244600 
0.075000 470.416425 237100 
0.075000 505.277054 235700 
0.075000 459.966079 243300 
0.075000 481.673872 238900 
0.075000 480.635809 239100 
0.075000 495.073381 238600 
0.075000 480.719178 241600 
0.075000 499.965142 249500 
0.075000 472.470616 235900 
0.075000 475.152248 238900 
0.075000 487.012970 241800 
0.075000 466.468679 240300 
0.075000 479.583836 242300 
0.075000 498.261477 240000 
0.075000 519.166679 238100 
0.075000 487.672037 241500 
0.075000 521.291442 244100 
0.075000 468.403321 243200 
0.075000 468.403261 241900 
0.075000 475.545143 237100 
0.075000 455.653849 249700 
0.075000 489.304674 238900 
0.075000 475.057178 239400 
0.075000 485.270167 240600 
0.075000 494.642760 244900 
0.075000 471.379575 238100 
0.075000 488.472381 241700 
0.075000 467.641612 240600 
0.075000 464.570290 238700 
0.075000 472.120138 237700 
0.075000 449.823089 234100 
0.075000 491.800531 234500 
0.075000 467.120176 244200 
0.075000 500.345819 239300 
0.075000 459.959307 240900 
0.075000 462.736639 244200 
0.075000 491.398247 239400 
0.075000 486.056560 233300 
0.075000 486.983572 242200 
0.075000 452.760364 237800 
0.080000 507.175221 236900 
0.080000 510.733082 232900 
0.080000 473.498689 238900 
0.080000 467.625423 233800 
0.080000 469.684056 240100 
0.080000 469.113496 241000 
0.080000 479.868810 235100 
0.080000 461.857369 235300 
0.080000 463.729979 233000 
0.080000 502.185193 234000 
0.080000 471.061216 244500 
0.080000 478.720313 229300 
0.080000 484.433722 236300 
0.080000 484.607387 237600 
0.080000 467.743718 248100 
0.080000 501.772436 237000 
0.080000 495.028411 242300 
0.080000 485.897080 241600 
0.080000 471.398870 236700 
0.080000 483.422314 238000 
0.080000 465.511721 238600 
0.080000 492.783831 241600 
0.080000 478.346859 240200 
0.080000 497.483123 237700 
0.080000 483.565539 240800 
0.080000 514.610420 249200 
0.080000 456.413524 234500 
0.080000 465.903578 243200 
0.080000 525.479133 246700 
0.080000 482.135945 238700 
0.080000 494.589882 231900 
0.080000 496.256222 234400 
0.080000 496.462105 240600 
0.080000 512.366440 240300 
0.080000 460.558898 236100 
0.080000 476.487599 236800 
0.080000 516.790094 234400 
0.080000 477.150375 240300 
0.080000 484.895192 234800 
0.080000 495.058654 242000 
0.080000 488.451150 235700 
0.080000 471.274730 238200 
0.080000 474.425919 240600 
0.080000 498.545618 241200 
0.080000 488.380976 239600 
0.080000 495.305610 244900 
0.080000 490.506968 238900 
0.080000 494.099564 242100 
0.080000 453.978534 236500 
0.080000 482.017386 238100 
0.080000 467.145484 237400 
0.080000 475.418499 240900 
0.080000 476.579056 236200 
0.080000 484.812592 241600 
0.080000 473.442672 243100 
0.080000 482.437440 245100 
0.080000 488.153109 236500 
0.080000 469.224319 239900 
0.080000 469.466840 241300 
0.080000 492.630946 234200 
0.080000 488.016946 239600 
0.080000 546.962345 239900 
0.080000 473.268713 234100 
0.080000 509.534777 239300 
0.080000 493.975365 243400 
0.080000 491.220366 237900 
0.080000 484.156594 235300 
0.080000 496.768017 245000 
0.080000 483.190404 233700 
0.080000 472.957187 236400 
0.080000 470.392346 241500 
0.080000 482.140630 243000 
0.080000 460.568663 241100 
0.080000 508.403405 233300 
0.080000 521.783949 246300 
0.080000 468.693852 243100 
0.080000 487.010205 240400 
0.080000 465.502737 237200 
0.080000 514.630952 241200 
0.080000 487.109692 236300 
0.080000 465.450331 233700 
0.080000 506.232938 232500 
0.080000 478.976313 235900 
0.080000 506.816048 236900 
0.080000 485.469064 242000 
0.080000 471.114557 237700 
0.080000 537.492389 230800 
0.080000 488.842352 236200 
0.080000 455.528855 242000 
0.080000 507.635182 241100 
0.080000 467.092456 233400 
0.080000 477.840970 236600 
0.080000 461.034334 240300 
0.080000 490.351493 242600 
0.080000 482.723638 235800 
0.080000 467.993196 242200 
0.080000 492.562092 240800 
0.080000 477.941453 246000 
0.080000 479.680604 234200 
0.080000 454.523596 237900 
0.085000 507.837565 227900 
0.085000 474.420723 230800 
0.085000 473.878276 235800 
0.085000 517.718782 236600 
0.085000 482.130321 238800 
0.085000 493.067183 242000 
0.085000 470.054725 237600 
0.085000 469.240668 230900 
0.085000 490.802230 234200 
0.085000 493.208480 234100 
0.085000 500.138819 233300 
0.085000 508.229082 233100 
0.085000 520.993070 234000 
0.085000 506.067956 238900 
0.085000 470.131495 229100 
0.085000 484.856828 233900 
0.085000 501.503319 242300 
0.085000 479.435485 237200 
0.085000 492.413840 234700 
0.085000 477.775842 232600 
0.085000 480.905325 239600 
0.085000 474.388585 236900 
0.085000 468.128089 234700 
0.085000 471.760586 238100 
0.085000 489.789665 234800 
0.085000 484.658647 231200 
0.085000 455.317089 241100 
0.085000 505.408850 240400 
0.085000 459.903248 237100 
0.085000 522.503353 237800 
0.085000 489.295848 231300 
0.085000 452.657794 245400 
0.085000 459.788743 239800 
0.085000 479.855909 231300 
0.085000 449.432520 234800 
0.085000 489.688145 244300 
0.085000 490.283821 234800 
0.085000 453.812992 236100 
0.085000 482.261862 234100 
0.085000 496.241356 237900 
0.085000 476.806139 236100 
0.085000 488.221806 236100 
0.085000 500.834673 240900 
0.085000 498.501481 235800 
0.085000 504.163138 238200 
0.085000 479.528543 239400 
0.085000 486.960092 235600 
0.085000 480.246093 242500 
0.085000 520.359817 230700 
0.085000 477.740688 234200 
0.085000 479.625389 233300 
0.085000 477.435688 235700 
0.085000 483.104449 244000 
0.085000 467.465386 236700 
0.085000 508.618201 235700 
0.085000 467.187512 237900 
0.085000 486.574292 236700 
0.085000 492.718192 243300 
0.085000 482.642984 239200 
0.085000 484.119066 237900 
0.085000 493.795532 242500 
0.085000 484.770769 241200 
0.085000 474.518330 235700 
0.085000 483.124299 237800 
0.085000 452.992933 233600 
0.085000 492.378103 238300 
0.085000 490.250851 245100 
0.085000 485.342952 240400 
0.085000 472.316401 236100 
0.085000 471.634180 235200 
0.085000 494.136197 232400 
0.085000 485.373835 235900 
0.085000 448.678185 233700 
0.085000 507.660963 234600 
0.085000 478.091980 237300 
0.085000 474.161450 234200 
0.085000 464.283931 234100 
0.085000 505.558973 253900 
0.085000 504.719354 231800 
0.085000 500.112372 234800 
0.085000 472.877055 236000 
0.085000 494.320533 233100 
0.085000 482.635550 233200 
0.085000 492.087004 245300 
0.085000 499.553010 233100 
0.085000 470.162123 235400 
0.085000 506.193758 236300 
0.085000 498.222418 238300 
0.085000 475.206899 239400 
0.085000 467.234104 235400 
0.085000 485.926315 242000 
0.085000 516.100841 238500 
0.085000 502.870458 224700 
0.085000 487.610072 229300 
0.085000 484.867168 250100 
0.085000 476.695287 245300 
0.085000 477.795265 239300 
0.085000 488.986728 235600 
0.085000 530.553452 233900 
0.085000 481.543837 238600 
0.090000 516.533063 230900 
0.090000 500.643244 236300 
0.090000 512.559523 230100 
0.090000 479.114293 229000 
0.090000 475.489873 230400 
0.090000 478.794816 237100 
0.090000 506.536276 226600 
0.090000 490.325150 244600 
0.090000 506.262134 232000 
0.090000 486.945022 241200 
0.090000 466.199945 233600 
0.090000 472.134512 233800 
0.090000 513.647436 233800 
0.090000 514.018050 231000 
0.090000 489.784359 238500 
0.090000 481.920562 238000 
0.090000 473.850450 233000 
0.090000 491.842077 233800 
0.090000 472.949347 233700 
0.090000 499.712846 229700 
0.090000 482.067482 229900 
0.090000 469.672499 233600 
0.090000 505.574768 243100 
0.090000 492.503110 241200 
0.090000 467.485351 239300 
0.090000 501.844405 238000 
0.090000 507.537753 236000 
0.090000 495.767491 236600 
0.090000 482.188401 233600 
0.090000 513.793617 233400 
0.090000 467.792774 234700 
0.090000 461.259726 238700 
0.090000 501.838025 240700 
0.090000 494.389169 238300 
0.090000 467.147002 230900 
0.090000 488.630276 236800 
0.090000 520.743591 227600 
0.090000 506.442433 239100 
0.090000 492.240569 232900 
0.090000 466.530148 235600 
0.090000 473.034422 241500 
0.090000 494.348067 239600 
0.090000 483.991541 246300 
0.090000 451.066664 232800 
0.090000 456.322771 236000 
0.090000 458.126139 236800 
0.090000 500.079055 233500 
0.090000 485.951057 239300 
0.090000 518.720783 235300 
0.090000 473.976482 233900 
0.090000 500.614814 228300 
0.090000 465.292641 232500 
0.090000 488.454468 234000 
0.090000 482.660867 234000 
0.090000 490.087928 231100 
0.090000 490.619655 231100 
0.090000 478.503122 231800 
0.090000 461.982777 236900 
0.090000 496.850116 234300 
0.090000 510.578187 234200 
0.090000 450.752053 239000 
0.090000 480.471315 235000 
0.090000 484.304468 232800 
0.090000 463.944950 236300 
0.090000 518.556151 234400 
0.090000 472.991294 240400 
0.090000 479.438333 228800 
0.090000 484.110077 234500 
0.090000 495.065150 231700 
0.090000 503.416045 234700 
0.090000 500.168229 234000 
0.090000 488.646387 238700 
0.090000 486.616593 244600 
0.090000 490.082000 235200 
0.090000 459.829749 231500 
0.090000 487.544256 238400 
0.090000 474.534745 237200 
0.090000 463.477005 246800 
0.090000 472.946076 234400 
0.090000 503.203900 233200 
0.090000 471.978366 231300 
0.090000 466.445020 235600 
0.090000 493.801132 231900 
0.090000 519.815315 236600 
0.090000 487.838106 235000 
0.090000 454.715129 236700 
0.090000 496.916204 233900 
0.090000 518.912496 240700 
0.090000 473.005524 231500 
0.090000 454.462547 233000 
0.090000 490.990002 234900 
0.090000 476.180588 235100 
0.090000 536.971974 231000 
0.090000 476.969416 232300 
0.090000 464.479918 233800 
0.090000 489.656543 238200 
0.090000 500.073436 237300 
0.090000 525.806681 234000 
0.090000 504.175526 238500 
0.090000 487.166688 236700 
0.095000 448.678751 231400 
0.095000 507.178080 235400 
0.095000 493.113409 230200 
0.095000 524.394892 238500 
0.095000 526.706036 238900 
0.095000 495.918126 238800 
0.095000 462.669592 229400 
0.095000 445.268343 230300 
0.095000 482.869116 228500 
0.095000 450.137894 231400 
0.095000 470.688183 230400 
0.095000 468.099984 237600 
0.095000 512.142392 233900 
0.095000 475.046719 232900 
0.095000 496.782353 233800 
0.095000 486.791598 230000 
0.095000 470.657694 236300 
0.095000 487.634332 227800 
0.095000 494.557648 234500 
0.095000 463.596864 236100 
0.095000 459.361202 232700 
0.095000 490.295387 234300 
0.095000 511.557359 232900 
0.095000 478.519030 235200 
0.095000 479.707428 230500 
0.095000 497.506183 229200 
0.095000 497.279226 239600 
0.095000 473.764248 233900 
0.095000 459.222418 233800 
0.095000 484.220111 235100 
0.095000 576.333736 212200 
0.095000 458.856442 240600 
0.095000 470.202781 227000 
0.095000 485.219681 228000 
0.095000 478.599282 236600 
0.095000 480.214629 230900 
0.095000 493.938548 231300 
0.095000 501.543349 226300 
0.095000 458.567668 230200 
0.095000 478.981750 235900 
0.095000 489.576085 236600 
0.095000 475.617270 234300 
0.095000 469.975265 234500 
0.095000 484.609170 228400 
0.095000 501.826432 239600 
0.095000 465.780077 236600 
0.095000 493.277009 230900 
0.095000 497.012709 232800 
0.095000 479.263819 229400 
0.095000 474.497802 230400 
0.095000 487.312539 226100 
0.095000 486.985363 237500 
0.095000 470.563725 228400 
0.095000 485.578187 232400 
0.095000 475.242298 230800 
0.095000 491.037325 235400 
0.095000 457.227007 230700 
0.095000 480.213769 231900 
0.095000 462.763119 229300 
0.095000 456.613095 236600 
0.095000 480.266614 231200 
0.095000 477.675348 232900 
0.095000 487.322637 232300 
0.095000 476.858896 232200 
0.095000 507.007135 233600 
0.095000 475.492355 237400 
0.095000 507.474005 222800 
0.095000 480.323221 229800 
0.095000 481.648915 237100 
0.095000 487.265272 234400 
0.095000 503.109124 239000 
0.095000 467.157888 231600 
0.095000 490.777211 241200 
0.095000 470.365733 235100 
0.095000 475.872633 233800 
0.095000 511.550091 234200 
0.095000 483.627197 231700 
0.095000 504.547060 227200 
0.095000 523.625205 240100 
0.095000 488.412471 235000 
0.095000 481.139482 242300 
0.095000 452.612222 231400 
0.095000 512.224224 229600 
0.095000 476.141002 232400 
0.095000 467.055967 232700 
0.095000 517.802375 228100 
0.095000 464.359540 226100 
0.095000 505.941262 234300 
0.095000 473.919808 226600 
0.095000 483.255679 232600 
0.095000 481.521540 238500 
0.095000 475.114348 230700 
0.095000 481.680031 231300 
0.095000 480.782403 233900 
0.095000 497.549896 235400 
0.095000 489.516477 231000 
0.095000 462.282169 229700 
0.095000 484.997569 235300 
0.095000 471.690103 236800 
0.095000 478.589059 231400 
0.001000 443.240962 2585300 
0.001000 450.710842 3155400 
0.001000 435.659981 2360400 
0.001000 448.086292 2474800 
0.001000 432.711141 2613300 
0.001000 455.120911 2979700 
0.001000 436.825682 2745100 
0.001000 443.230126 2324800 
0.001000 438.107930 2604500 
0.001000 449.310719 2712100 
0.001000 444.462121 2721700 
0.001000 450.184080 2634900 
0.001000 457.423869 2465100 
0.001000 452.374952 2678600 
0.001000 452.468793 2652800 
0.001000 445.664997 2433500 
0.001000 443.218544 2671700 
0.001000 461.043716 2523500 
0.001000 457.700397 2532800 
0.001000 447.143458 2489100 
0.001000 457.608299 2592100 
0.001000 453.102730 2414100 
0.001000 438.764057 2736900 
0.001000 441.294451 2454300 
0.001000 441.505968 2679500 
0.001000 451.876450 2652800 
0.001000 454.734564 2923400 
0.001000 451.544739 2850600 
0.001000 463.859639 2256800 
0.001000 438.559401 2391100 
0.001000 460.174712 2418100 
0.001000 453.598590 2797800 
0.001000 447.075016 2659400 
0.001000 439.713060 3062600 
0.001000 446.825576 2675600 
0.001000 445.573531 2474700 
0.001000 441.720917 2272100 
0.001000 449.766560 2427600 
0.001000 438.422174 2330600 
0.001000 440.104920 2365900 
0.001000 439.000430 2652600 
0.001000 448.878809 2546100 
0.001000 448.871050 2861100 
0.001000 447.931811 2364900 
0.001000 442.657500 2620300 
0.001000 457.004286 2406500 
0.001000 448.808200 3196600 
0.001000 452.203230 2385200 
0.001000 447.705103 2203400 
0.001000 442.148566 2891800 
0.001000 442.284241 2316700 
0.001000 447.491271 2369800 
0.001000 447.434349 2922000 
0.001000 440.353214 2570600 
0.001000 442.459154 2586400 
0.001000 437.653916 2519500 
0.001000 444.607731 2361500 
0.001000 457.805028 2661700 
0.001000 452.711334 2336300 
0.001000 450.779711 2505500 
0.001000 451.538402 2645500 
0.001000 444.498639 2593300 
0.001000 449.237279 2521800 
0.001000 440.742793 2606800 
0.001000 439.392779 2532100 
0.001000 442.046556 2458500 
0.001000 445.227052 2576700 
0.001000 447.933770 2841200 
0.001000 450.812892 2472000 
0.001000 447.261907 2306300 
0.001000 449.699279 3250500 
0.001000 449.957435 2514600 
0.001000 445.153725 2808300 
0.001000 452.976156 2408200 
0.001000 443.691067 2640500 
0.001000 443.101602 2947600 
0.001000 458.132252 2479100 
0.001000 455.747581 2084800 
0.001000 442.727606 2780200 
0.001000 450.932363 2830600 
0.001000 448.268669 2662700 
0.001000 440.296661 2559000 
0.001000 430.883023 2439300 
0.001000 447.930190 2574300 
0.001000 446.284754 2484500 
0.001000 465.138156 2408500 
0.001000 448.285915 2284200 
0.001000 452.064415 2439700 
0.001000 450.890451 2498100 
0.001000 454.583219 2344700 
0.001000 448.577512 2507300 
0.001000 451.287882 2648700 
0.001000 439.836698 2413200 
0.001000 437.253749 2661200 
0.001000 447.759133 2230600 
0.001000 446.179094 2487000 
0.001000 451.372395 2263200 
0.001000 446.753808 2349300 
0.001000 445.298546 2604400 
0.001000 448.646161 2523700 
0.001500 445.621693 1974600 
0.001500 444.248362 1871100 
0.001500 442.984312 1816700 
0.001500 444.905176 1724800 
0.001500 449.221065 1826700 
0.001500 442.149786 1935800 
0.001500 453.412138 1890200 
0.001500 443.953395 1786300 
0.001500 452.472592 2148100 
0.001500 445.057108 2242000 
0.001500 455.244434 1765000 
0.001500 445.253474 1762600 
0.001500 454.132613 2244600 
0.001500 461.259321 1616900 
0.001500 463.782924 2246100 
0.001500 451.476851 1657200 
0.001500 460.774321 1587000 
0.001500 454.206314 2125900 
0.001500 450.186979 1607800 
0.001500 448.284594 1754900 
0.001500 438.802348 1853400 
0.001500 443.507876 1901400 
0.001500 458.557776 2035400 
0.001500 443.578047 1814500 
0.001500 446.430765 2120800 
0.001500 444.207229 1817900 
0.001500 454.459887 1621600 
0.001500 443.456463 1662500 
0.001500 446.490905 1800300 
0.001500 436.567527 1752200 
0.001500 445.138313 1596900 
0.001500 444.955179 2082300 
0.001500 450.609728 1812400 
0.001500 443.535018 1775800 
0.001500 458.955208 1845300 
0.001500 441.120145 1829000 
0.001500 463.409937 1743700 
0.001500 438.581251 1794800 
0.001500 452.136286 1954400 
0.001500 461.846584 1659700 
0.001500 436.685787 1717800 
0.001500 456.249815 2161600 
0.001500 453.864405 1785200 
0.001500 455.934991 1724900 
0.001500 459.941946 1795000 
0.001500 451.902088 1707500 
0.001500 450.515724 1779900 
0.001500 440.019071 1930800 
0.001500 459.556003 1769000 
0.001500 447.065185 1701400 
0.001500 448.533478 1905600 
0.001500 453.234302 1970300 
0.001500 451.117976 1614100 
0.001500 448.754915 1600200 
0.001500 455.274930 1867000 
0.001500 472.512551 1797000 
0.001500 454.503146 1852300 
0.001500 454.790548 1939600 
0.001500 454.664503 2040800 
0.001500 464.846812 1590000 
0.001500 453.818404 1964600 
0.001500 453.078178 1745300 
0.001500 455.422633 1852300 
0.001500 445.388000 1818600 
0.001500 444.483115 1874000 
0.001500 452.129655 1811400 
0.001500 456.862151 2071200 
0.001500 443.569403 1833700 
0.001500 450.384932 1788300 
0.001500 457.579270 1769700 
0.001500 438.777897 1802600 
0.001500 447.772555 1685400 
0.001500 448.305658 1776200 
0.001500 446.489073 1699100 
0.001500 444.088775 2329300 
0.001500 441.286220 1656300 
0.001500 454.084383 1734900 
0.001500 441.524193 1710400 
0.001500 452.431982 1756000 
0.001500 463.680417 1832500 
0.001500 442.761878 1830900 
0.001500 458.226030 1938400 
0.001500 451.976618 1855400 
0.001500 443.592830 1705900 
0.001500 452.855202 1784800 
0.001500 456.519901 1856900 
0.001500 464.061165 1984300 
0.001500 461.100634 2019600 
0.001500 451.630072 1821900 
0.001500 450.122864 1878200 
0.001500 450.989000 1404900 
0.001500 452.097716 1652000 
0.001500 449.797526 1561200 
0.001500 445.501162 1846800 
0.001500 440.571214 1718600 
0.001500 436.022204 1784500 
0.001500 443.286536 1644300 
0.001500 447.922270 2179400 
0.001500 444.517380 1921400 
0.001500 450.175744 1740700 
0.002000 438.372777 1348200 
0.002000 458.620979 1468500 
0.002000 442.943736 1672600 
0.002000 459.324997 1626400 
0.002000 444.979600 1467600 
0.002000 433.406808 1370300 
0.002000 457.364873 1467300 
0.002000 455.569682 1366600 
0.002000 455.395969 1353700 
0.002000 455.210284 1677600 
0.002000 443.316229 1429500 
0.002000 449.179230 1397500 
0.002000 438.685229 1621200 
0.002000 454.176516 1639100 
0.002000 449.124741 1444400 
0.002000 444.723723 1067900 
0.002000 446.694309 1383300 
0.002000 450.647908 1310200 
0.002000 454.568262 1416600 
0.002000 457.810129 1343500 
0.002000 441.226986 1302200 
0.002000 448.156646 1820700 
0.002000 447.073738 1368400 
0.002000 451.771177 1286800 
0.002000 452.272891 1491300 
0.002000 443.681027 1416900 
0.002000 457.218945 1362000 
0.002000 440.979598 1279000 
0.002000 452.567158 1350500 
0.002000 440.501616 1442500 
0.002000 441.371364 1726700 
0.002000 454.573815 1490700 
0.002000 459.931819 1349700 
0.002000 444.235161 1338500 
0.002000 433.733217 1378500 
0.002000 430.860620 1412600 
0.002000 439.824569 1488100 
0.002000 441.381494 1384200 
0.002000 441.270207 1365000 
0.002000 454.182955 1506100 
0.002000 443.629443 1303300 
0.002000 447.025398 1399500 
0.002000 447.233835 1631200 
0.002000 471.562946 1523300 
0.002000 446.661061 1365000 
0.002000 463.145382 1362400 
0.002000 456.618975 1383300 
0.002000 439.886631 1665800 
0.002000 446.193066 1416400 
0.002000 460.829333 1371400 
0.002000 445.157972 1390800 
0.002000 452.019204 1550100 
0.002000 441.358335 1729200 
0.002000 445.129285 1402900 
0.002000 446.757909 1407300 
0.002000 440.900276 1628700 
0.002000 445.775315 1358500 
0.002000 450.741187 1357500 
0.002000 459.854768 1387200 
0.002000 443.995538 1378600 
0.002000 455.152290 1464000 
0.002000 457.987216 1618300 
0.002000 447.532923 1486500 
0.002000 432.355849 1766400 
0.002000 453.172532 1579700 
0.002000 446.666380 1256700 
0.002000 444.597298 1365500 
0.002000 451.911129 1376300 
0.002000 458.325401 1576900 
0.002000 445.609521 1410100 
0.002000 456.584579 1357100 
0.002000 446.061378 1423600 
0.002000 449.304226 1323000 
0.002000 448.795490 1723600 
0.002000 453.462222 1585900 
0.002000 444.500924 1327400 
0.002000 460.457132 1426000 
0.002000 448.464201 1388400 
0.002000 435.809081 1384000 
0.002000 451.003848 1617200 
0.002000 448.066121 1432000 
0.002000 447.402340 1450500 
0.002000 461.104801 1591300 
0.002000 447.449263 1429300 
0.002000 451.794664 1350800 
0.002000 451.855254 1343400 
0.002000 455.035521 1603700 
0.002000 442.695953 1399600 
0.002000 462.717948 1397200 
0.002000 444.853234 1413900 
0.002000 451.063721 1399200 
0.002000 449.302437 1336000 
0.002000 436.714144 1367800 
0.002000 456.325056 1504500 
0.002000 446.540190 1554200 
0.002000 450.795290 1313700 
0.002000 441.849692 1287400 
0.002000 456.460349 1421600 
0.002000 457.951337 1485100 
0.002000 450.510732 1653600 
0.002500 447.177946 1044400 
0.002500 453.213511 1080200 
0.002500 452.081107 1170300 
0.002500 453.380694 1158200 
0.002500 441.697905 1381700 
0.002500 442.911209 1214900 
0.002500 450.865332 1137400 
0.002500 456.498894 1217200 
0.002500 447.707665 1214700 
0.002500 440.191424 1045900 
0.002500 460.589435 1092500 
0.002500 451.776469 1103000 
0.002500 451.323253 1053600 
0.002500 462.167513 1203400 
0.002500 458.511594 1093200 
0.002500 462.820584 1224700 
0.002500 443.234311 1129900 
0.002500 450.483677 1180700 
0.002500 446.551682 1165400 
0.002500 444.567858 1063200 
0.002500 437.863863 1159900 
0.002500 446.638094 1072400 
0.002500 450.238753 1167600 
0.002500 449.990050 1179700 
0.002500 440.104119 1495400 
0.002500 460.913162 1212700 
0.002500 447.079485 1132900 
0.002500 441.865418 1323900 
0.002500 452.664804 1131400 
0.002500 462.216864 1211700 
0.002500 467.215679 1223800 
0.002500 461.519673 1180900 
0.002500 445.661004 1119500 
0.002500 459.605778 1196800 
0.002500 443.763260 1322800 
0.002500 460.158196 1230700 
0.002500 444.107014 1120100 
0.002500 439.238924 1324300 
0.002500 481.297349 1017100 
0.002500 456.872722 1159600 
0.002500 477.424966 1275000 
0.002500 456.407722 1249300 
0.002500 454.158793 1132400 
0.002500 459.972759 1155200 
0.002500 444.522398 1091000 
0.002500 450.944528 1125800 
0.002500 456.121810 1258800 
0.002500 454.815677 1101400 
0.002500 447.640844 1159000 
0.002500 450.680980 1188700 
0.002500 462.230770 1108200 
0.002500 446.227426 1183200 
0.002500 447.783338 1120600 
0.002500 453.156714 1223600 
0.002500 442.864802 1053700 
0.002500 464.928095 1297000 
0.002500 453.794607 1261100 
0.002500 453.795721 1065700 
0.002500 454.768316 1107000 
0.002500 452.506895 1228600 
0.002500 441.032246 1069800 
0.002500 452.426722 1258600 
0.002500 449.168385 1087800 
0.002500 454.145539 1222300 
0.002500 448.459071 1158600 
0.002500 472.958971 1117900 
0.002500 451.772378 1217400 
0.002500 458.542119 1445200 
0.002500 461.298485 1433700 
0.002500 455.963276 1135000 
0.002500 446.042826 1251300 
0.002500 443.485163 1178900 
0.002500 447.357516 1175400 
0.002500 440.414421 1037400 
0.002500 473.109233 1004900 
0.002500 459.951757 1183100 
0.002500 448.259070 1213300 
0.002500 444.129980 1140300 
0.002500 461.383253 1151600 
0.002500 440.305619 1073700 
0.002500 458.103006 995200 
0.002500 461.877060 1225000 
0.002500 448.027023 1126500 
0.002500 466.167729 1278200 
0.002500 473.703075 1246000 
0.002500 449.375376 1222100 
0.002500 461.545833 1145800 
0.002500 445.132385 1056100 
0.002500 449.718069 1266000 
0.002500 446.730598 1058500 
0.002500 437.109388 1354800 
0.002500 460.301637 1141700 
0.002500 446.414767 1059600 
0.002500 452.115056 1087400 
0.002500 460.140775 1218700 
0.002500 447.041546 1101700 
0.002500 463.543042 1195400 
0.002500 444.744385 1180200 
0.002500 453.551109 987100 
0.002500 454.864142 1338700 
0.003000 457.741392 1019600 
0.003000 453.411922 1037400 
0.003000 443.542570 1052200 
0.003000 455.320512 1002200 
0.003000 458.881921 1182400 
0.003000 459.698797 938100 
0.003000 456.366295 1058100 
0.003000 448.700672 1192000 
0.003000 456.630423 1125500 
0.003000 458.366816 1071400 
0.003000 464.505520 916200 
0.003000 443.686713 1153100 
0.003000 465.941853 1024700 
0.003000 457.666698 1175800 
0.003000 444.536883 981700 
0.003000 448.873729 1045400 
0.003000 462.415615 910300 
0.003000 452.482492 1033900 
0.003000 457.504297 993400 
0.003000 444.753805 1163300 
0.003000 464.194621 1050900 
0.003000 462.522662 957600 
0.003000 449.603372 1074700 
0.003000 447.990564 1217500 
0.003000 464.979612 915400 
0.003000 444.738700 987800 
0.003000 462.172149 1060500 
0.003000 436.670309 1195000 
0.003000 458.925064 1066300 
0.003000 468.737466 1037800 
0.003000 465.938457 922200 
0.003000 456.954399 1050000 
0.003000 447.424507 1113900 
0.003000 448.443532 1035800 
0.003000 445.739231 972400 
0.003000 477.940552 964700 
0.003000 457.955146 1018400 
0.003000 452.654968 1010600 
0.003000 455.582835 1058600 
0.003000 454.594081 1086700 
0.003000 454.491031 1087600 
0.003000 465.467986 1020500 
0.003000 437.327752 1273700 
0.003000 438.375103 982500 
0.003000 442.777732 1041700 
0.003000 450.596343 993300 
0.003000 444.130829 909200 
0.003000 438.447868 1010500 
0.003000 447.776136 1041900 
0.003000 454.282192 1009700 
0.003000 445.943797 1004800 
0.003000 450.501394 1194600 
0.003000 465.487699 1009000 
0.003000 458.011390 1113200 
0.003000 454.890714 1029200 
0.003000 454.354486 992200 
0.003000 449.348074 1035300 
0.003000 455.805889 961900 
0.003000 455.713633 1015400 
0.003000 468.937217 932800 
0.003000 447.186801 1008000 
0.003000 449.769834 1027600 
0.003000 445.909887 1184400 
0.003000 447.493662 874000 
0.003000 482.832875 1070200 
0.003000 453.875884 1262800 
0.003000 459.834850 1113900 
0.003000 454.275365 1029100 
0.003000 456.575186 1221500 
0.003000 442.016972 985900 
0.003000 450.424425 1059100 
0.003000 452.708326 983000 
0.003000 441.663550 1050800 
0.003000 449.666627 1026300 
0.003000 449.579805 1022700 
0.003000 468.633107 1101300 
0.003000 454.967727 1007500 
0.003000 444.524298 1205400 
0.003000 445.096656 892300 
0.003000 449.007127 1023800 
0.003000 454.024447 1005400 
0.003000 468.871326 1051000 
0.003000 452.151565 957900 
0.003000 458.727105 1032300 
0.003000 452.338870 1100100 
0.003000 461.854650 997700 
0.003000 446.661592 928100 
0.003000 447.279445 1092100 
0.003000 445.242974 1000900 
0.003000 467.870729 1130300 
0.003000 451.167484 961400 
0.003000 446.971237 1006700 
0.003000 461.377780 987000 
0.003000 448.224310 855500 
0.003000 450.445588 966700 
0.003000 461.524647 949600 
0.003000 449.156778 1088000 
0.003000 457.365802 971000 
0.003000 460.911919 913400 
0.003000 465.267680 974700 
0.003500 454.010136 899100 
0.003500 449.989720 855100 
0.003500 439.728847 945600 
0.003500 447.388458 916700 
0.003500 440.967524 941700 
0.003500 445.465842 818800 
0.003500 447.928455 877400 
0.003500 443.960563 892000 
0.003500 443.028050 909500 
0.003500 451.710034 1039600 
0.003500 454.998874 886900 
0.003500 457.649788 851500 
0.003500 448.632232 921500 
0.003500 445.488676 867100 
0.003500 439.316014 835400 
0.003500 471.080285 907200 
0.003500 441.254450 905200 
0.003500 442.917899 832100 
0.003500 445.420432 905800 
0.003500 459.572250 980100 
0.003500 456.734894 934600 
0.003500 444.292148 1093700 
0.003500 452.471762 920700 
0.003500 462.692802 940700 
0.003500 443.148974 885100 
0.003500 468.527579 913600 
0.003500 452.264860 838500 
0.003500 462.514584 931200 
0.003500 445.864792 853000 
0.003500 448.330376 930500 
0.003500 459.131845 837700 
0.003500 463.358966 849800 
0.003500 457.053576 971600 
0.003500 462.852340 825100 
0.003500 446.051700 1028900 
0.003500 471.852669 975000 
0.003500 451.946294 899400 
0.003500 449.476250 839600 
0.003500 458.710588 968100 
0.003500 455.042255 990800 
0.003500 451.137785 942300 
0.003500 452.224141 923900 
0.003500 456.385885 904800 
0.003500 449.925947 1034400 
0.003500 456.165576 851900 
0.003500 447.291931 989500 
0.003500 443.139114 903700 
0.003500 446.485149 1039100 
0.003500 446.492546 1074100 
0.003500 450.700112 830400 
0.003500 454.608579 1031300 
0.003500 456.116038 938300 
0.003500 459.345764 979900 
0.003500 460.340139 890000 
0.003500 458.340377 1015900 
0.003500 452.387984 880500 
0.003500 460.197598 964600 
0.003500 468.565076 1003300 
0.003500 468.035657 858500 
0.003500 451.930765 871100 
0.003500 466.642928 1014600 
0.003500 466.493283 811100 
0.003500 437.141034 843800 
0.003500 452.620412 902500 
0.003500 449.432750 897400 
0.003500 463.417979 929400 
0.003500 453.017103 870600 
0.003500 474.291283 827500 
0.003500 450.171439 931200 
0.003500 449.358520 857800 
0.003500 443.787524 976100 
0.003500 456.495619 849800 
0.003500 445.866945 1099500 
0.003500 436.963875 937300 
0.003500 463.344347 917100 
0.003500 472.429753 906400 
0.003500 448.255880 852700 
0.003500 445.409557 888400 
0.003500 459.588770 964400 
0.003500 468.108580 911900 
0.003500 454.166875 986700 
0.003500 444.581307 874000 
0.003500 447.879716 1020600 
0.003500 448.697860 873800 
0.003500 450.263314 858800 
0.003500 441.790917 917200 
0.003500 445.018779 915400 
0.003500 451.510754 872600 
0.003500 457.288225 893200 
0.003500 455.503131 822800 
0.003500 454.876233 892700 
0.003500 455.136149 862800 
0.003500 450.240613 928800 
0.003500 443.480028 925000 
0.003500 459.499350 909800 
0.003500 444.528805 937000 
0.003500 448.454803 960500 
0.003500 451.595268 814300 
0.003500 457.342152 915700 
0.003500 456.973438 977400 
0.004000 449.628618 832100 
0.004000 445.408699 752800 
0.004000 447.046925 800000 
0.004000 451.487642 713700 
0.004000 462.454995 822500 
0.004000 444.446105 955800 
0.004000 455.319671 890300 
0.004000 477.849367 797600 
0.004000 452.272870 794300 
0.004000 444.394553 810200 
0.004000 456.358312 851200 
0.004000 462.563362 802200 
0.004000 447.087816 835900 
0.004000 455.789162 797400 
0.004000 461.213796 914600 
0.004000 467.438987 757800 
0.004000 461.329892 993200 
0.004000 454.802521 779900 
0.004000 446.003435 857000 
0.004000 463.322679 726500 
0.004000 450.138019 733300 
0.004000 442.692603 832000 
0.004000 461.263206 861900 
0.004000 439.365515 806600 
0.004000 445.135405 964900 
0.004000 473.209506 735700 
0.004000 446.250435 863400 
0.004000 466.891009 897700 
0.004000 459.938827 988300 
0.004000 447.233716 901000 
0.004000 448.077950 809100 
0.004000 480.112014 754900 
0.004000 461.251952 753600 
0.004000 450.003177 821000 
0.004000 455.037053 799400 
0.004000 468.437533 740500 
0.004000 454.747688 791400 
0.004000 463.065220 765700 
0.004000 464.865129 820000 
0.004000 460.750614 746400 
0.004000 452.857211 709300 
0.004000 451.089958 818700 
0.004000 439.317247 867000 
0.004000 456.821902 987700 
0.004000 454.466170 760800 
0.004000 457.719842 851900 
0.004000 466.467857 787800 
0.004000 463.079544 910700 
0.004000 452.727745 762900 
0.004000 437.965873 813100 
0.004000 472.216058 890900 
0.004000 458.190971 877300 
0.004000 459.181943 801500 
0.004000 452.163634 820200 
0.004000 463.353065 747100 
0.004000 455.542401 894700 
0.004000 452.102593 908600 
0.004000 451.026309 866100 
0.004000 455.830429 755700 
0.004000 434.699069 801000 
0.004000 448.937117 835700 
0.004000 470.129082 823200 
0.004000 457.637191 732700 
0.004000 448.623717 794800 
0.004000 455.998303 835700 
0.004000 472.403905 870700 
0.004000 445.200387 829800 
0.004000 454.625127 736200 
0.004000 460.528217 958300 
0.004000 454.734073 837800 
0.004000 444.933743 781800 
0.004000 456.449272 929200 
0.004000 451.527066 728700 
0.004000 457.426033 767800 
0.004000 451.866805 801900 
0.004000 447.738691 844500 
0.004000 457.453351 883300 
0.004000 447.164722 831500 
0.004000 459.151315 786300 
0.004000 467.828020 724100 
0.004000 470.075062 766700 
0.004000 458.870533 784400 
0.004000 473.781000 803300 
0.004000 455.380206 769500 
0.004000 460.245240 858700 
0.004000 461.001536 814500 
0.004000 469.364749 796900 
0.004000 474.119734 910200 
0.004000 439.684024 854600 
0.004000 450.424702 874100 
0.004000 477.569621 858600 
0.004000 445.990987 797200 
0.004000 451.889104 794400 
0.004000 457.182445 821100 
0.004000 459.451218 835000 
0.004000 465.711812 751800 
0.004000 467.321478 977900 
0.004000 458.012982 859500 
0.004000 454.202392 800800 
0.004000 474.383550 804100 
0.004500 441.721478 780900 
0.004500 474.926937 833600 
0.004500 468.612406 840400 
0.004500 451.640864 807300 
0.004500 467.896062 719700 
0.004500 464.670978 736700 
0.004500 460.896210 794400 
0.004500 447.787436 857100 
0.004500 447.908313 725400 
0.004500 462.526140 746800 
0.004500 457.810243 741500 
0.004500 460.365743 821700 
0.004500 453.141036 752400 
0.004500 458.847826 798700 
0.004500 440.101589 738300 
0.004500 468.596876 724400 
0.004500 453.138896 703500 
0.004500 448.384752 699600 
0.004500 455.146947 879200 
0.004500 465.127526 852600 
0.004500 454.703886 812300 
0.004500 458.800410 800800 
0.004500 446.549098 786700 
0.004500 460.796187 693800 
0.004500 455.408061 929600 
0.004500 453.455440 724400 
0.004500 455.242108 769900 
0.004500 450.395340 691300 
0.004500 457.051670 862600 
0.004500 456.648322 750600 
0.004500 457.863628 983800 
0.004500 452.596831 708000 
0.004500 447.641917 852200 
0.004500 468.579219 780700 
0.004500 465.343317 744500 
0.004500 470.412664 686300 
0.004500 466.085889 737000 
0.004500 465.891966 769500 
0.004500 448.872352 791300 
0.004500 465.194850 744900 
0.004500 458.255334 722400 
0.004500 456.749650 705500 
0.004500 459.241228 778400 
0.004500 449.853378 761500 
0.004500 451.196284 740600 
0.004500 456.006445 724700 
0.004500 445.554682 770500 
0.004500 457.291807 781300 
0.004500 460.198376 761200 
0.004500 463.102298 665100 
0.004500 453.104581 743700 
0.004500 464.764828 720100 
0.004500 476.499977 834700 
0.004500 463.710252 773700 
0.004500 469.931764 752200 
0.004500 461.807324 720600 
0.004500 449.431316 642500 
0.004500 445.393902 879800 
0.004500 458.046074 733500 
0.004500 454.467197 686700 
0.004500 454.327923 785100 
0.004500 448.745453 775900 
0.004500 457.753496 797300 
0.004500 467.253527 743900 
0.004500 450.755873 745400 
0.004500 449.912888 783500 
0.004500 459.140599 805800 
0.004500 472.650732 772800 
0.004500 452.908231 855300 
0.004500 468.244185 674200 
0.004500 452.888269 841400 
0.004500 465.589073 764200 
0.004500 462.207299 793700 
0.004500 462.479826 722000 
0.004500 456.788958 654400 
0.004500 458.115910 716600 
0.004500 451.868983 669500 
0.004500 446.268963 758100 
0.004500 451.224024 731000 
0.004500 451.655906 805600 
0.004500 454.984334 778900 
0.004500 451.511006 714100 
0.004500 454.623026 727400 
0.004500 460.436264 719000 
0.004500 454.269345 891600 
0.004500 462.524170 703300 
0.004500 463.719195 698300 
0.004500 490.144232 833600 
0.004500 450.532848 847300 
0.004500 445.458154 856200 
0.004500 459.797711 900800 
0.004500 447.322810 717300 
0.004500 455.290578 704700 
0.004500 473.883652 663000 
0.004500 465.192438 856200 
0.004500 477.404472 761200 
0.004500 454.532220 723500 
0.004500 456.581398 718000 
0.004500 455.023637 713900 
0.004500 465.545829 704900 
0.005000 451.686529 705500 
0.005000 474.684105 799800 
0.005000 457.613123 658600 
0.005000 460.299037 845000 
0.005000 458.607098 724800 
0.005000 472.512937 691000 
0.005000 459.973033 683400 
0.005000 438.930683 745500 
0.005000 447.682392 694500 
0.005000 445.865861 712700 
0.005000 444.212826 710600 
0.005000 454.312428 712000 
0.005000 475.178091 673200 
0.005000 449.097783 716300 
0.005000 478.028961 613600 
0.005000 453.537623 653100 
0.005000 452.852432 698400 
0.005000 449.386210 695400 
0.005000 453.803567 606300 
0.005000 458.752438 637800 
0.005000 447.996752 680700 
0.005000 476.027164 658100 
0.005000 447.301393 703800 
0.005000 452.577740 709700 
0.005000 464.357452 841500 
0.005000 458.385913 687700 
0.005000 453.288650 786100 
0.005000 449.802663 688200 
0.005000 458.258607 679400 
0.005000 467.776853 652100 
0.005000 465.315103 706800 
0.005000 447.117889 752000 
0.005000 447.957326 697900 
0.005000 457.687132 733500 
0.005000 441.858082 821400 
0.005000 466.118731 750000 
0.005000 458.151918 674700 
0.005000 454.294517 680400 
0.005000 447.313451 719600 
0.005000 455.234127 755800 
0.005000 442.703871 690700 
0.005000 444.856566 697800 
0.005000 446.087679 703000 
0.005000 446.710619 730500 
0.005000 458.550605 716800 
0.005000 462.125427 687000 
0.005000 461.665121 671100 
0.005000 454.495841 696300 
0.005000 450.602029 845000 
0.005000 447.843833 664400 
0.005000 453.673183 700100 
0.005000 462.593144 820600 
0.005000 460.813192 669600 
0.005000 454.679954 686300 
0.005000 447.851011 754300 
0.005000 453.410459 667200 
0.005000 460.133117 661800 
0.005000 453.022065 693700 
0.005000 468.680465 702700 
0.005000 443.117192 624300 
0.005000 442.519743 684400 
0.005000 450.519571 687200 
0.005000 444.059607 801600 
0.005000 457.805695 703800 
0.005000 455.517153 653700 
0.005000 454.954033 681600 
0.005000 459.204862 626900 
0.005000 481.930850 845200 
0.005000 462.296308 709600 
0.005000 455.315544 657200 
0.005000 458.570609 641400 
0.005000 468.173851 713600 
0.005000 462.021378 657200 
0.005000 469.193629 723200 
0.005000 461.211439 773300 
0.005000 452.021229 732100 
0.005000 455.943429 739900 
0.005000 445.666185 659800 
0.005000 452.908636 661200 
0.005000 475.443062 708200 
0.005000 453.973830 701000 
0.005000 452.293557 668900 
0.005000 458.694829 722200 
0.005000 469.702788 749800 
0.005000 438.524494 718400 
0.005000 470.636023 827300 
0.005000 463.582987 650600 
0.005000 452.635107 719000 
0.005000 440.332913 810400 
0.005000 471.285752 780500 
0.005000 473.679620 697200 
0.005000 455.468743 645600 
0.005000 468.254327 660000 
0.005000 465.756298 791500 
0.005000 455.234754 696100 
0.005000 446.605898 693300 
0.005000 451.444432 788400 
0.005000 444.178250 661800 
0.005000 451.968040 679200 
0.005000 451.988902 763000 
0.005500 457.235031 616600 
0.005500 469.593178 628700 
0.005500 460.225541 612400 
0.005500 453.959593 712600 
0.005500 447.042202 582500 
0.005500 446.791356 731200 
0.005500 454.241169 659700 
0.005500 459.819548 687200 
0.005500 455.400681 614100 
0.005500 463.421229 643600 
0.005500 458.942156 644100 
0.005500 447.762960 713200 
0.005500 461.434161 679800 
0.005500 453.602157 652500 
0.005500 472.388594 634600 
0.005500 453.700132 604700 
0.005500 474.684324 653600 
0.005500 442.696228 654100 
0.005500 438.447117 669200 
0.005500 448.675588 676600 
0.005500 456.791519 643800 
0.005500 478.760804 628000 
0.005500 456.374834 650600 
0.005500 445.409557 646900 
0.005500 448.043800 611800 
0.005500 466.806485 613700 
0.005500 478.849482 746800 
0.005500 448.189972 622600 
0.005500 436.678417 633700 
0.005500 450.805423 658200 
0.005500 450.600908 668700 
0.005500 481.833394 849100 
0.005500 451.296636 738000 
0.005500 439.793558 634100 
0.005500 458.232453 601000 
0.005500 450.581918 657100 
0.005500 458.382663 658300 
0.005500 445.416125 624600 
0.005500 461.009185 706200 
0.005500 475.470654 710000 
0.005500 438.281663 619100 
0.005500 477.697746 702200 
0.005500 444.744385 744000 
0.005500 464.166052 754600 
0.005500 446.632114 678500 
0.005500 464.282801 642100 
0.005500 463.564697 670800 
0.005500 454.398665 643400 
0.005500 462.304479 677800 
0.005500 460.472943 749100 
0.005500 456.695055 604500 
0.005500 461.408569 728000 
0.005500 455.293161 639600 
0.005500 447.881958 693800 
0.005500 460.498951 614300 
0.005500 467.619495 623900 
0.005500 463.043189 645000 
0.005500 448.434372 715900 
0.005500 444.897888 661900 
0.005500 458.981013 650400 
0.005500 459.542228 723100 
0.005500 472.294348 632100 
0.005500 468.506605 674100 
0.005500 459.935504 683600 
0.005500 469.557161 597300 
0.005500 442.720172 638000 
0.005500 468.941453 663500 
0.005500 446.280377 665600 
0.005500 465.862534 721900 
0.005500 488.975652 719700 
0.005500 451.370133 727400 
0.005500 467.758159 696100 
0.005500 446.012367 636800 
0.005500 459.551377 644700 
0.005500 474.505538 637800 
0.005500 443.156157 682200 
0.005500 453.220019 655900 
0.005500 463.252543 574900 
0.005500 452.508146 653300 
0.005500 447.884860 713400 
0.005500 463.971379 630700 
0.005500 462.991598 602500 
0.005500 460.164881 624800 
0.005500 466.485991 646700 
0.005500 455.638058 654900 
0.005500 445.072922 605200 
0.005500 458.740894 667100 
0.005500 457.727625 624100 
0.005500 453.679587 676400 
0.005500 468.917668 650300 
0.005500 454.583661 674700 
0.005500 449.286827 636000 
0.005500 437.253749 653400 
0.005500 452.968140 611400 
0.005500 445.621152 638900 
0.005500 444.820520 686600 
0.005500 472.045727 612100 
0.005500 454.075765 664400 
0.005500 460.214507 702200 
0.005500 449.577417 674600 
0.006000 447.417961 656900 
0.006000 461.001885 624600 
0.006000 454.532303 586400 
0.006000 446.855656 538300 
0.006000 456.597908 584700 
0.006000 449.909203 581200 
0.006000 473.355558 603000 
0.006000 448.611823 735700 
0.006000 443.372978 570300 
0.006000 446.202082 615100 
0.006000 441.819254 615600 
0.006000 483.846697 503700 
0.006000 464.135815 629800 
0.006000 458.374583 627200 
0.006000 462.873396 585600 
0.006000 462.410737 614800 
0.006000 444.809949 570200 
0.006000 453.557503 649500 
0.006000 452.357741 603100 
0.006000 442.852533 604000 
0.006000 461.370121 561500 
0.006000 455.238038 592300 
0.006000 469.863102 658600 
0.006000 447.403476 662200 
0.006000 461.509381 595900 
0.006000 450.529522 707500 
0.006000 465.487072 639600 
0.006000 469.819094 575000 
0.006000 460.269501 574600 
0.006000 464.110961 609900 
0.006000 468.436823 665100 
0.006000 470.426347 644000 
0.006000 452.464643 603400 
0.006000 477.073410 619500 
0.006000 466.132750 680500 
0.006000 441.875756 568300 
0.006000 454.074710 648600 
0.006000 449.893585 615100 
0.006000 454.209444 544300 
0.006000 454.933554 591200 
0.006000 448.542808 633000 
0.006000 464.848794 629000 
0.006000 442.051090 655100 
0.006000 454.292924 662200 
0.006000 446.913609 646800 
0.006000 465.747824 647400 
0.006000 466.561981 607700 
0.006000 454.402102 564400 
0.006000 464.997951 678600 
0.006000 452.356642 579700 
0.006000 459.809558 611800 
0.006000 471.064195 621500 
0.006000 463.039441 595400 
0.006000 443.929502 711900 
0.006000 440.818632 558800 
0.006000 468.827434 723200 
0.006000 468.330053 626200 
0.006000 471.256942 598700 
0.006000 456.162149 643300 
0.006000 451.829635 665600 
0.006000 455.424749 602100 
0.006000 466.949119 651200 
0.006000 463.784668 657900 
0.006000 447.801972 600200 
0.006000 459.759891 640200 
0.006000 477.528710 571000 
0.006000 453.051296 600200 
0.006000 473.047667 615100 
0.006000 457.565588 582600 
0.006000 457.410025 632600 
0.006000 467.805840 584900 
0.006000 466.961571 700900 
0.006000 454.752000 604000 
0.006000 470.043062 660400 
0.006000 467.913614 631800 
0.006000 461.427318 660700 
0.006000 458.368453 575700 
0.006000 442.573654 624700 
0.006000 469.746338 607700 
0.006000 461.851759 571400 
0.006000 454.647695 576000 
0.006000 464.152667 567000 
0.006000 453.046199 583300 
0.006000 461.159381 623800 
0.006000 442.091384 538700 
0.006000 467.534660 577800 
0.006000 452.976418 637600 
0.006000 450.283009 640000 
0.006000 446.590477 614900 
0.006000 437.319549 638000 
0.006000 440.212551 667300 
0.006000 463.456940 610100 
0.006000 452.614993 675100 
0.006000 448.737121 617700 
0.006000 461.087423 719000 
0.006000 444.688686 623600 
0.006000 458.191674 573400 
0.006000 463.492262 610100 
0.006000 450.869557 596800 
0.006000 450.261312 674600 
0.006500 454.879636 534700 
0.006500 441.474136 525600 
0.006500 453.706081 553400 
0.006500 460.275852 545100 
0.006500 458.138652 602300 
0.006500 471.169471 577700 
0.006500 453.401637 631900 
0.006500 451.975411 582300 
0.006500 454.979480 586000 
0.006500 452.828269 507700 
0.006500 466.540628 606200 
0.006500 451.927493 575300 
0.006500 472.023412 647300 
0.006500 456.651879 578000 
0.006500 451.339629 559400 
0.006500 464.837440 571100 
0.006500 459.717302 589200 
0.006500 454.431186 593100 
0.006500 462.732860 590100 
0.006500 446.168546 647900 
0.006500 468.932850 560700 
0.006500 467.829346 587000 
0.006500 457.957746 567100 
0.006500 460.893126 657300 
0.006500 462.450394 571500 
0.006500 453.411105 656000 
0.006500 448.608923 539500 
0.006500 449.986998 560500 
0.006500 446.249846 586700 
0.006500 472.089898 568400 
0.006500 447.456403 581000 
0.006500 478.730168 633400 
0.006500 477.119619 716600 
0.006500 462.206585 568800 
0.006500 451.905501 607500 
0.006500 463.021216 644200 
0.006500 461.367986 662000 
0.006500 444.559276 672400 
0.006500 470.334252 554700 
0.006500 482.244060 663400 
0.006500 467.775633 549800 
0.006500 463.819999 697300 
0.006500 446.659066 555400 
0.006500 457.030176 578600 
0.006500 474.114142 531100 
0.006500 457.416838 544000 
0.006500 494.640890 556800 
0.006500 468.653056 593100 
0.006500 451.830598 699400 
0.006500 448.465466 587900 
0.006500 444.900668 579500 
0.006500 457.602946 613300 
0.006500 443.012252 579900 
0.006500 463.951983 599100 
0.006500 457.702587 627600 
0.006500 441.350494 574200 
0.006500 447.415132 567300 
0.006500 452.678733 602800 
0.006500 481.854415 679500 
0.006500 463.003142 601200 
0.006500 455.138467 732800 
0.006500 462.951347 516700 
0.006500 448.075232 593500 
0.006500 448.872878 610700 
0.006500 439.069860 562200 
0.006500 450.123806 668400 
0.006500 452.024611 628100 
0.006500 457.932942 542800 
0.006500 460.319721 587100 
0.006500 458.546075 572400 
0.006500 470.230577 575900 
0.006500 455.137408 597700 
0.006500 458.582577 590900 
0.006500 454.402969 598200 
0.006500 461.248087 513600 
0.006500 464.002255 615000 
0.006500 452.704449 579800 
0.006500 464.313235 589800 
0.006500 458.674664 545900 
0.006500 445.558270 570000 
0.006500 471.553498 647000 
0.006500 458.523684 636300 
0.006500 446.150773 573300 
0.006500 449.898105 554300 
0.006500 435.245317 606400 
0.006500 471.541946 553800 
0.006500 450.829595 661400 
0.006500 458.902452 598300 
0.006500 455.182017 560000 
0.006500 458.169829 568300 
0.006500 445.936732 566700 
0.006500 459.920327 585000 
0.006500 459.156058 588300 
0.006500 467.540189 586800 
0.006500 451.245737 541300 
0.006500 446.470177 722200 
0.006500 456.482178 585200 
0.006500 461.233372 639200 
0.006500 459.735378 611300 
0.006500 446.788753 566600 
0.007000 444.883589 544400 
0.007000 472.267808 552400 
0.007000 465.531596 595400 
0.007000 451.208624 523300 
0.007000 466.066915 570100 
0.007000 451.082758 549800 
0.007000 435.531879 548300 
0.007000 458.660206 627200 
0.007000 467.463822 591100 
0.007000 458.340644 526000 
0.007000 454.827216 512200 
0.007000 457.608595 514700 
0.007000 457.266282 550100 
0.007000 463.399129 589600 
0.007000 465.549547 585100 
0.007000 447.483874 545800 
0.007000 468.019369 566500 
0.007000 448.249435 546100 
0.007000 456.543175 610400 
0.007000 449.716479 554800 
0.007000 462.581598 534200 
0.007000 473.133839 538500 
0.007000 450.037423 533900 
0.007000 482.503530 538000 
0.007000 474.743119 645400 
0.007000 442.459154 593500 
0.007000 475.153366 562800 
0.007000 443.041750 535200 
0.007000 453.504789 552000 
0.007000 462.737184 491600 
0.007000 447.244283 615500 
0.007000 457.131916 566100 
0.007000 475.831023 524400 
0.007000 456.573605 559600 
0.007000 469.049117 566800 
0.007000 456.299281 543800 
0.007000 443.099851 605500 
0.007000 455.676880 663000 
0.007000 480.439473 564700 
0.007000 462.664445 545000 
0.007000 449.614177 555700 
0.007000 460.605912 566300 
0.007000 448.169184 522100 
0.007000 469.087567 571400 
0.007000 477.855634 532100 
0.007000 461.682260 560400 
0.007000 457.620763 575200 
0.007000 444.146800 609500 
0.007000 455.924758 635100 
0.007000 466.317040 586600 
0.007000 460.125150 550500 
0.007000 460.908534 553100 
0.007000 446.063875 591000 
0.007000 471.898392 644000 
0.007000 450.095107 524800 
0.007000 445.210403 562000 
0.007000 451.168511 571700 
0.007000 468.583460 568000 
0.007000 455.428771 472200 
0.007000 460.318633 541900 
0.007000 470.735282 593900 
0.007000 462.295804 607300 
0.007000 450.005198 617400 
0.007000 459.119298 548300 
0.007000 456.128635 532900 
0.007000 462.669808 533400 
0.007000 466.590470 599600 
0.007000 452.803925 545200 
0.007000 459.626346 532200 
0.007000 468.568608 520700 
0.007000 455.774721 552000 
0.007000 445.940917 542800 
0.007000 461.441338 525400 
0.007000 443.781741 565500 
0.007000 454.553141 539300 
0.007000 454.012070 551500 
0.007000 466.286815 545000 
0.007000 444.999938 531900 
0.007000 470.354785 544500 
0.007000 448.697052 654200 
0.007000 467.143837 588100 
0.007000 441.886965 559700 
0.007000 452.403817 552400 
0.007000 442.571463 655600 
0.007000 461.863640 616900 
0.007000 473.969268 546900 
0.007000 454.114541 539300 
0.007000 441.072952 586700 
0.007000 465.884989 669000 
0.007000 449.558188 642900 
0.007000 451.048890 565000 
0.007000 460.599883 529700 
0.007000 453.241684 548900 
0.007000 463.698205 604400 
0.007000 452.317498 551700 
0.007000 462.996011 546800 
0.007000 482.008545 573400 
0.007000 454.392532 590600 
0.007000 449.834723 623500 
0.007000 444.810651 595200 
0.007500 482.867808 664600 
0.007500 480.565020 530000 
0.007500 466.028281 574500 
0.007500 474.350819 559000 
0.007500 463.260694 542700 
0.007500 444.361422 563400 
0.007500 464.154020 517600 
0.007500 462.230368 556300 
0.007500 452.463085 527900 
0.007500 463.966668 659900 
0.007500 452.690127 563400 
0.007500 459.426611 609100 
0.007500 458.086911 540200 
0.007500 480.676988 534900 
0.007500 458.781979 503100 
0.007500 459.009188 502700 
0.007500 444.901541 578800 
0.007500 461.075632 628300 
0.007500 473.752149 545400 
0.007500 475.763681 537900 
0.007500 473.534612 542300 
0.007500 459.594989 535300 
0.007500 461.307394 524700 
0.007500 477.123943 508000 
0.007500 449.036393 541400 
0.007500 447.215272 531100 
0.007500 446.653861 509100 
0.007500 462.499605 605300 
0.007500 465.741332 545700 
0.007500 469.480617 527200 
0.007500 452.552301 552700 
0.007500 463.544662 503200 
0.007500 467.812445 573100 
0.007500 449.405567 517800 
0.007500 481.031061 561300 
0.007500 451.450567 565600 
0.007500 449.401927 520200 
0.007500 443.863048 545800 
0.007500 466.758522 500400 
0.007500 455.486295 568300 
0.007500 465.547207 533600 
0.007500 468.957197 565600 
0.007500 469.481025 493100 
0.007500 449.035038 548600 
0.007500 447.174339 558100 
0.007500 457.411399 520600 
0.007500 470.124359 502300 
0.007500 431.911921 532500 
0.007500 458.349036 544600 
0.007500 454.411435 523900 
0.007500 466.449318 594700 
0.007500 456.508576 481300 
0.007500 447.567082 622400 
0.007500 452.070624 539200 
0.007500 444.581799 618000 
0.007500 447.343305 613300 
0.007500 469.722119 504600 
0.007500 466.089315 515800 
0.007500 461.554504 551600 
0.007500 464.847135 540700 
0.007500 451.534089 520200 
0.007500 452.475892 527000 
0.007500 447.868264 573000 
0.007500 470.659428 529300 
0.007500 470.824706 530700 
0.007500 464.564691 540400 
0.007500 466.560583 529500 
0.007500 487.836978 588900 
0.007500 446.114827 546600 
0.007500 441.148820 539900 
0.007500 443.166445 584400 
0.007500 456.771253 523900 
0.007500 472.774063 562500 
0.007500 460.732037 523500 
0.007500 482.295757 466400 
0.007500 456.292229 521500 
0.007500 454.029658 528900 
0.007500 470.390165 494300 
0.007500 456.400279 576900 
0.007500 461.450870 554300 
0.007500 454.914785 526500 
0.007500 463.598358 567600 
0.007500 448.820017 534900 
0.007500 456.988836 562800 
0.007500 470.393457 601200 
0.007500 456.147150 597500 
0.007500 434.642160 537300 
0.007500 479.511159 575700 
0.007500 452.583783 555900 
0.007500 457.669493 517600 
0.007500 464.872097 562800 
0.007500 459.321394 531400 
0.007500 463.323457 529600 
0.007500 452.165997 539100 
0.007500 488.644648 541000 
0.007500 460.168859 511800 
0.007500 449.878470 493800 
0.007500 463.018536 519200 
0.007500 449.871520 511200 
0.007500 463.794351 546600 
0.008000 501.266147 609900 
0.008000 468.545415 514900 
0.008000 456.423835 488500 
0.008000 447.393076 492700 
0.008000 459.187006 544300 
0.008000 467.555851 517800 
0.008000 466.983802 510000 
0.008000 469.463799 493900 
0.008000 446.946217 503100 
0.008000 471.910765 501300 
0.008000 441.008168 518600 
0.008000 447.569797 520200 
0.008000 472.952447 472200 
0.008000 460.435945 597900 
0.008000 464.553497 540300 
0.008000 445.913162 523400 
0.008000 457.585665 608900 
0.008000 463.112675 523700 
0.008000 470.114522 474600 
0.008000 459.767368 536500 
0.008000 455.338445 530800 
0.008000 472.628467 546300 
0.008000 460.869894 542500 
0.008000 463.109471 544000 
0.008000 473.646908 487500 
0.008000 456.246487 581800 
0.008000 447.095607 555000 
0.008000 462.598863 513000 
0.008000 456.715370 507400 
0.008000 465.196558 557800 
0.008000 462.493265 524200 
0.008000 454.464855 525500 
0.008000 455.830902 609900 
0.008000 451.139612 511900 
0.008000 457.796286 547400 
0.008000 461.541313 530000 
0.008000 449.458628 544700 
0.008000 442.555161 510900 
0.008000 463.111496 499000 
0.008000 458.890204 558300 
0.008000 452.472362 502000 
0.008000 443.064260 493800 
0.008000 486.981392 602400 
0.008000 454.581815 510500 
0.008000 459.055400 540300 
0.008000 455.569433 588100 
0.008000 476.181333 518600 
0.008000 455.750753 520400 
0.008000 463.786734 566000 
0.008000 461.186079 541700 
0.008000 476.593952 538500 
0.008000 461.935548 484600 
0.008000 454.783003 533100 
0.008000 467.762580 497500 
0.008000 457.622149 517800 
0.008000 465.237953 513700 
0.008000 448.262262 519600 
0.008000 468.236772 479800 
0.008000 468.674143 623900 
0.008000 449.042337 575700 
0.008000 451.491513 496400 
0.008000 460.032759 506100 
0.008000 474.388571 520800 
0.008000 463.843272 521100 
0.008000 454.790058 500800 
0.008000 459.500268 498300 
0.008000 449.722097 552200 
0.008000 458.071899 518800 
0.008000 471.090964 574100 
0.008000 460.076182 584900 
0.008000 457.564410 569200 
0.008000 444.425733 495200 
0.008000 461.910129 509100 
0.008000 463.924679 515500 
0.008000 452.119011 526900 
0.008000 477.846693 503400 
0.008000 470.918311 553900 
0.008000 467.362876 491500 
0.008000 450.824420 520100 
0.008000 457.591859 513500 
0.008000 464.187383 535600 
0.008000 458.352550 488800 
0.008000 444.187769 565000 
0.008000 457.149373 575400 
0.008000 476.282569 482900 
0.008000 471.852476 560900 
0.008000 472.785860 546900 
0.008000 466.584793 509000 
0.008000 470.020384 518900 
0.008000 479.373338 517900 
0.008000 463.098306 560000 
0.008000 489.458628 502500 
0.008000 453.116687 499900 
0.008000 459.619507 535700 
0.008000 460.332770 521800 
0.008000 458.330512 515600 
0.008000 450.229595 501500 
0.008000 482.861963 535700 
0.008000 464.426598 486000 
0.008000 474.959314 500500 
0.008500 455.151104 526600 
0.008500 471.425551 512800 
0.008500 464.009255 490800 
0.008500 463.381251 549900 
0.008500 478.021959 494600 
0.008500 449.607563 546600 
0.008500 454.747146 488100 
0.008500 446.681388 485600 
0.008500 454.968937 561100 
0.008500 454.745268 474800 
0.008500 447.790455 512000 
0.008500 441.434845 487800 
0.008500 478.766111 469300 
0.008500 463.480956 478000 
0.008500 472.054313 441100 
0.008500 450.107244 509400 
0.008500 471.713358 498200 
0.008500 453.182196 516700 
0.008500 465.581608 532800 
0.008500 474.006139 495300 
0.008500 454.311992 522100 
0.008500 468.658866 488000 
0.008500 463.384236 463400 
0.008500 458.053999 482600 
0.008500 448.641442 507500 
0.008500 457.940358 553400 
0.008500 458.795459 497800 
0.008500 452.275812 469100 
0.008500 453.693034 505300 
0.008500 447.711239 565000 
0.008500 442.121728 468800 
0.008500 451.741518 483800 
0.008500 463.380221 470700 
0.008500 462.317566 505200 
0.008500 471.158773 501600 
0.008500 456.235942 495400 
0.008500 455.488598 530100 
0.008500 463.892832 546600 
0.008500 471.327837 560900 
0.008500 466.477884 492900 
0.008500 449.099440 477100 
0.008500 458.740163 511500 
0.008500 479.415739 510900 
0.008500 456.532893 486600 
0.008500 456.162021 481500 
0.008500 467.816696 547300 
0.008500 461.043485 473200 
0.008500 469.635389 508100 
0.008500 457.625341 471200 
0.008500 468.671592 588800 
0.008500 456.714183 478600 
0.008500 455.784724 491000 
0.008500 468.586036 503600 
0.008500 455.752312 513500 
0.008500 446.564904 567600 
0.008500 467.525228 473900 
0.008500 450.899141 527400 
0.008500 457.766006 502600 
0.008500 461.837076 494800 
0.008500 448.136610 525700 
0.008500 472.972378 541300 
0.008500 483.789618 469800 
0.008500 458.446249 476900 
0.008500 453.032940 511800 
0.008500 449.406825 515700 
0.008500 466.319425 484600 
0.008500 476.652751 521400 
0.008500 443.086426 456700 
0.008500 474.396317 451400 
0.008500 454.318453 551600 
0.008500 446.236748 492500 
0.008500 461.299386 511900 
0.008500 472.194111 473700 
0.008500 472.171459 512200 
0.008500 455.588638 479200 
0.008500 466.326649 511400 
0.008500 448.435547 518200 
0.008500 468.379867 483900 
0.008500 466.064602 507900 
0.008500 460.515982 490200 
0.008500 457.722461 465100 
0.008500 454.478871 477000 
0.008500 469.414095 495100 
0.008500 455.910423 538200 
0.008500 443.300261 515600 
0.008500 465.224350 545000 
0.008500 467.362036 457200 
0.008500 451.203810 523300 
0.008500 451.714518 497400 
0.008500 452.332390 472500 
0.008500 474.412526 464900 
0.008500 454.189889 493800 
0.008500 449.170286 495900 
0.008500 455.486197 566500 
0.008500 462.735939 512300 
0.008500 446.283088 554400 
0.008500 459.962786 492000 
0.008500 458.847525 490800 
0.008500 477.509853 521000 
0.008500 469.573107 512200 
0.009000 471.668178 450500 
0.009000 446.657480 491400 
0.009000 453.726471 491900 
0.009000 477.740775 490900 
0.009000 474.427483 547600 
0.009000 455.345163 451700 
0.009000 459.672418 499100 
0.009000 453.858571 477200 
0.009000 460.980873 555300 
0.009000 456.353262 523800 
0.009000 479.794219 511600 
0.009000 461.444879 473700 
0.009000 469.321529 451400 
0.009000 472.605402 478100 
0.009000 473.144633 493700 
0.009000 467.901458 516200 
0.009000 469.092070 496100 
0.009000 453.670093 452800 
0.009000 455.959523 480200 
0.009000 443.891468 476900 
0.009000 464.507152 464600 
0.009000 481.412900 498500 
0.009000 476.425192 458300 
0.009000 455.182875 490400 
0.009000 482.237937 425400 
0.009000 472.515257 538600 
0.009000 487.038189 519200 
0.009000 460.794144 453700 
0.009000 467.609170 466700 
0.009000 462.429718 475100 
0.009000 474.995491 469400 
0.009000 450.456018 460500 
0.009000 460.896259 497800 
0.009000 463.052053 481100 
0.009000 462.759719 521100 
0.009000 469.788003 499600 
0.009000 447.116160 547300 
0.009000 458.845493 467100 
0.009000 453.086352 477600 
0.009000 455.001069 519300 
0.009000 455.623280 513500 
0.009000 447.997229 531100 
0.009000 435.930360 461900 
0.009000 468.499731 492300 
0.009000 475.702875 487600 
0.009000 451.231923 522700 
0.009000 473.093166 512500 
0.009000 460.614822 472800 
0.009000 448.284662 531800 
0.009000 456.854792 477300 
0.009000 456.090151 465500 
0.009000 465.381396 475700 
0.009000 455.973652 478400 
0.009000 473.150761 485200 
0.009000 447.418428 472300 
0.009000 455.531670 490000 
0.009000 460.082673 427800 
0.009000 455.342230 528300 
0.009000 448.010306 466700 
0.009000 456.110658 448200 
0.009000 455.823298 494700 
0.009000 479.264007 481100 
0.009000 450.533363 467500 
0.009000 442.340277 492600 
0.009000 457.000407 492000 
0.009000 444.509049 503500 
0.009000 472.398596 569700 
0.009000 467.965262 484600 
0.009000 465.111229 505900 
0.009000 482.167875 462600 
0.009000 473.225794 467600 
0.009000 464.397550 462600 
0.009000 454.930627 477700 
0.009000 452.445671 448100 
0.009000 440.912319 477700 
0.009000 455.682746 468200 
0.009000 458.334073 471800 
0.009000 462.075279 496500 
0.009000 454.750282 475300 
0.009000 455.758839 493400 
0.009000 453.019873 470900 
0.009000 471.546372 452300 
0.009000 470.967330 505500 
0.009000 444.953334 474800 
0.009000 459.339003 537500 
0.009000 455.211774 516000 
0.009000 472.568695 471900 
0.009000 477.343214 451100 
0.009000 458.454039 477800 
0.009000 453.611624 456500 
0.009000 445.548454 446500 
0.009000 450.204702 488700 
0.009000 453.294704 507300 
0.009000 455.706206 478600 
0.009000 483.832514 443900 
0.009000 457.258640 455900 
0.009000 462.939888 487700 
0.009000 450.329747 535800 
0.009000 467.777395 498800 
0.009000 457.278449 508000 
0.009500 495.738390 465200 
0.009500 466.184996 557600 
0.009500 473.902519 539300 
0.009500 459.496357 465400 
0.009500 457.347364 518600 
0.009500 478.588448 449000 
0.009500 463.468308 495500 
0.009500 454.325875 512300 
0.009500 441.839770 482500 
0.009500 479.018406 456500 
0.009500 473.281856 474900 
0.009500 469.970084 466800 
0.009500 452.725095 466000 
0.009500 460.584935 451500 
0.009500 469.661962 473100 
0.009500 467.872573 485900 
0.009500 481.618532 472100 
0.009500 456.479270 476900 
0.009500 443.018921 503500 
0.009500 466.419641 426900 
0.009500 460.683313 431200 
0.009500 448.514662 490900 
0.009500 454.712454 478600 
0.009500 463.503918 482700 
0.009500 455.348237 447100 
0.009500 466.385432 475500 
0.009500 468.891649 454300 
0.009500 463.596477 459100 
0.009500 467.195452 481100 
0.009500 466.945610 501300 
0.009500 454.392015 521100 
0.009500 451.654905 492100 
0.009500 448.732459 450500 
0.009500 474.941381 451200 
0.009500 463.594525 469000 
0.009500 476.778215 461200 
0.009500 464.288745 492500 
0.009500 461.536811 462500 
0.009500 454.302434 465500 
0.009500 467.075242 460200 
0.009500 455.420568 479300 
0.009500 460.386990 481800 
0.009500 448.199563 474000 
0.009500 462.205550 465100 
0.009500 464.378488 446700 
0.009500 463.391055 480300 
0.009500 463.349571 455400 
0.009500 451.947424 452400 
0.009500 466.415022 450200 
0.009500 462.064053 468200 
0.009500 459.872242 452800 
0.009500 463.760247 516500 
0.009500 449.104571 498800 
0.009500 461.661970 486800 
0.009500 479.850264 517900 
0.009500 466.136308 482100 
0.009500 458.921043 455600 
0.009500 473.634405 454200 
0.009500 453.347949 472100 
0.009500 460.984799 440800 
0.009500 462.616821 488100 
0.009500 442.335530 470400 
0.009500 460.507775 494000 
0.009500 444.933223 465500 
0.009500 467.084670 505200 
0.009500 455.278455 432400 
0.009500 460.479329 520300 
0.009500 466.275220 548300 
0.009500 450.446390 534200 
0.009500 470.687468 468500 
0.009500 452.300856 442600 
0.009500 474.380509 534800 
0.009500 457.276393 486900 
0.009500 463.991302 452200 
0.009500 477.107967 444600 
0.009500 465.015583 442000 
0.009500 441.032246 448300 
0.009500 447.917086 440000 
0.009500 462.316584 462800 
0.009500 457.122453 439800 
0.009500 475.036586 475800 
0.009500 471.173295 470300 
0.009500 448.323357 474600 
0.009500 449.918464 430000 
0.009500 463.162074 468000 
0.009500 461.941727 469200 
0.009500 456.293931 433800 
0.009500 444.969328 470700 
0.009500 477.269083 450300 
0.009500 448.256819 487100 
0.009500 460.177201 492900 
0.009500 458.126360 522000 
0.009500 460.947726 521900 
0.009500 446.980999 439300 
0.009500 456.065836 475000 
0.009500 466.465272 461000 
0.009500 462.503133 439500 
0.009500 447.795308 456800 
0.009500 468.169287 416700 
0.009500 465.245154 527000 
0.000100 454.040097 18794200 
0.000100 452.819829 25139700 
0.000100 441.476119 23285800 
0.000100 466.954739 23694700 
0.000100 450.847989 27888100 
0.000100 435.612189 24689300 
0.000100 453.777942 24649700 
0.000100 441.550058 19739000 
0.000100 439.194048 22277200 
0.000100 447.773099 21551900 
0.000100 440.591417 22813600 
0.000100 436.747856 23617000 
0.000100 438.678666 23935900 
0.000100 440.098176 23946200 
0.000100 447.734391 22634900 
0.000100 435.823449 22652900 
0.000100 433.049494 24464500 
0.000100 428.871756 22030800 
0.000100 448.400553 19920300 
0.000100 445.704603 21801300 
0.000100 444.412402 31037800 
0.000100 453.094113 21956300 
0.000100 447.021893 22327400 
0.000100 439.988108 22875700 
0.000100 453.224767 22283300 
0.000100 442.331177 21041400 
0.000100 438.899323 27106600 
0.000100 438.975221 22989000 
0.000100 447.694644 21884300 
0.000100 446.270259 23885700 
0.000100 439.341895 25701900 
0.000100 445.612579 22768900 
0.000100 442.364807 19705000 
0.000100 441.255482 23730700 
0.000100 446.396322 22718200 
0.000100 436.394625 25268400 
0.000100 440.665776 22559100 
0.000100 435.185664 21759200 
0.000100 434.351711 23912400 
0.000100 448.409347 22959700 
0.000100 440.492259 20171400 
0.000100 439.601686 27618700 
0.000100 453.583598 22079300 
0.000100 435.632301 19040500 
0.000100 443.366690 21967600 
0.000100 444.388996 23995500 
0.000100 446.881651 24555200 
0.000100 441.662467 21172800 
0.000100 432.842894 21440900 
0.000100 448.845373 23404800 
0.000100 448.808001 28275100 
0.000100 432.722862 23076500 
0.000100 441.635309 20426500 
0.000100 438.670384 19952100 
0.000100 437.378636 20262700 
0.000100 442.680005 21414300 
0.000100 440.952943 21316500 
0.000100 442.604970 21834700 
0.000100 444.695740 22419300 
0.000100 448.284906 20419700 
0.000100 443.269111 24599400 
0.000100 434.394966 20346700 
0.000100 445.503208 23717100 
0.000100 435.452267 23022600 
0.000100 438.296168 27431500 
0.000100 443.267753 23829500 
0.000100 445.890120 28707400 
0.000100 444.848517 21137700 
0.000100 444.190836 22369900 
0.000100 450.152685 20934800 
0.000100 444.094124 21285100 
0.000100 444.465209 22864900 
0.000100 445.058828 22833000 
0.000100 438.051979 23062800 
0.000100 441.457748 23781800 
0.000100 446.330486 22491800 
0.000100 443.763732 20984900 
0.000100 441.548009 20295200 
0.000100 455.313800 22848400 
0.000100 439.275266 22903700 
0.000100 452.429572 22129900 
0.000100 447.751632 25562100 
0.000100 446.088057 23115500 
0.000100 441.119876 23374600 
0.000100 444.838551 24010200 
0.000100 445.799476 24120300 
0.000100 433.360722 22404300 
0.000100 442.821868 26423300 
0.000100 446.667355 25382200 
0.000100 439.779259 21959900 
0.000100 441.749345 27354900 
0.000100 449.930336 21885300 
0.000100 454.580789 20830400 
0.000100 440.872646 21913900 
0.000100 440.304130 22227900 
0.000100 441.223425 23294500 
0.000100 444.815030 24426100 
0.000100 434.883520 24672000 
0.000100 446.781023 16956100 
0.000100 445.659549 22580100 
0.000150 444.908540 13652400 
0.000150 438.732998 15077000 
0.000150 450.523793 14349500 
0.000150 459.010017 13639900 
0.000150 437.953876 13299900 
0.000150 441.720055 13618200 
0.000150 442.661379 13826100 
0.000150 438.439046 16428800 
0.000150 433.215620 16198500 
0.000150 442.633311 16456900 
0.000150 455.357350 17045700 
0.000150 440.853307 16839300 
0.000150 448.605363 16278900 
0.000150 432.842894 14260900 
0.000150 442.946845 16112800 
0.000150 445.251587 18314800 
0.000150 433.688763 15308000 
0.000150 454.716670 14155500 
0.000150 450.042250 15475200 
0.000150 444.599497 15506700 
0.000150 441.278638 15132000 
0.000150 451.557309 15950000 
0.000150 437.774892 15385600 
0.000150 452.004776 15242900 
0.000150 443.415769 15288000 
0.000150 443.122207 14668800 
0.000150 449.673943 14114700 
0.000150 449.707652 13844400 
0.000150 437.441876 19851100 
0.000150 445.062006 16829900 
0.000150 437.492936 17861200 
0.000150 438.521758 16200500 
0.000150 443.238544 15298900 
0.000150 441.338203 13391800 
0.000150 440.904100 15647000 
0.000150 441.666874 15321100 
0.000150 444.897235 15242500 
0.000150 444.090716 14613500 
0.000150 438.554525 16322900 
0.000150 447.686823 13605600 
0.000150 436.122798 16003100 
0.000150 440.644199 19652400 
0.000150 445.602661 19216900 
0.000150 441.532393 15105900 
0.000150 442.676012 16236200 
0.000150 447.971850 14619700 
0.000150 450.033948 12616900 
0.000150 440.592155 15400500 
0.000150 442.048865 16464900 
0.000150 444.910654 16324400 
0.000150 444.855070 19355600 
0.000150 459.144728 16138500 
0.000150 457.336992 15205800 
0.000150 443.917565 16968200 
0.000150 438.439046 15613200 
0.000150 437.777697 13516600 
0.000150 438.218323 18574100 
0.000150 449.892296 15499300 
0.000150 434.606921 15447000 
0.000150 436.888225 15643500 
0.000150 438.254669 13994200 
0.000150 443.341299 15161100 
0.000150 440.529713 15781300 
0.000150 440.970792 14223000 
0.000150 440.107354 15889100 
0.000150 431.026609 15633900 
0.000150 450.701867 20730000 
0.000150 435.373948 19871300 
0.000150 440.717071 16711700 
0.000150 454.248315 18678300 
0.000150 443.131498 19550300 
0.000150 443.091125 15132200 
0.000150 443.047181 16103800 
0.000150 440.559059 16305700 
0.000150 442.911219 14846800 
0.000150 440.421046 16197000 
0.000150 431.953245 15759200 
0.000150 442.330129 15627800 
0.000150 441.683715 15632200 
0.000150 451.344599 15085500 
0.000150 458.393187 14272800 
0.000150 444.349678 12993800 
0.000150 444.706872 17627900 
0.000150 446.671642 15482200 
0.000150 434.695585 20096500 
0.000150 448.710719 15267100 
0.000150 448.869472 14930600 
0.000150 440.406265 14941200 
0.000150 437.026575 13328800 
0.000150 447.154871 13620000 
0.000150 452.626024 13375400 
0.000150 439.705251 16171500 
0.000150 441.664514 16315000 
0.000150 452.884395 17678200 
0.000150 438.652730 18648000 
0.000150 446.011932 12848800 
0.000150 443.547472 15864500 
0.000150 446.591113 15409400 
0.000150 440.334893 13905400 
0.000150 443.360226 16715500 
0.000200 465.342681 11477800 
0.000200 455.933881 9643400 
0.000200 436.907205 12312500 
0.000200 444.964128 10485300 
0.000200 452.168138 13199800 
0.000200 450.799318 10980500 
0.000200 455.875533 15685300 
0.000200 449.654607 14609900 
0.000200 440.594387 11844000 
0.000200 441.497813 11273500 
0.000200 436.245030 11289400 
0.000200 441.036784 12697300 
0.000200 443.713989 10874200 
0.000200 441.789109 12496000 
0.000200 454.167758 8979100 
0.000200 438.015491 11578500 
0.000200 445.055313 12192800 
0.000200 436.690167 9939800 
0.000200 450.595848 10848800 
0.000200 443.060254 11306300 
0.000200 448.451612 10949100 
0.000200 449.683677 10029500 
0.000200 446.583274 12786800 
0.000200 443.219497 10200900 
0.000200 447.939949 12334200 
0.000200 444.530074 9317800 
0.000200 444.280275 12074100 
0.000200 445.393276 15305800 
0.000200 435.147201 10852000 
0.000200 441.443959 14261100 
0.000200 450.954616 11486400 
0.000200 436.432793 10551500 
0.000200 440.347170 15247800 
0.000200 448.217600 11449800 
0.000200 450.313428 12647700 
0.000200 449.234663 12404800 
0.000200 441.674772 11526700 
0.000200 436.439896 11066200 
0.000200 452.584872 12349400 
0.000200 451.936260 13829700 
0.000200 450.445497 12164900 
0.000200 442.518033 9831400 
0.000200 442.790291 11837700 
0.000200 436.743563 11572200 
0.000200 451.567492 12280800 
0.000200 441.632468 10569300 
0.000200 440.872339 9799100 
0.000200 436.874667 11902100 
0.000200 446.687827 11782000 
0.000200 442.385182 11889600 
0.000200 449.502495 11955800 
0.000200 453.389736 10884500 
0.000200 442.973551 11329400 
0.000200 446.776940 12651500 
0.000200 443.509655 12538700 
0.000200 446.456015 11654600 
0.000200 444.211545 10755100 
0.000200 443.303987 9761100 
0.000200 444.185887 15392300 
0.000200 450.345942 11206400 
0.000200 440.874459 12409900 
0.000200 435.657168 12835000 
0.000200 455.758426 11907100 
0.000200 430.746455 11856800 
0.000200 435.606577 11175100 
0.000200 450.879820 12044800 
0.000200 448.263545 14144600 
0.000200 449.562374 13744900 
0.000200 440.388857 12173900 
0.000200 446.078821 12072600 
0.000200 430.860620 12261700 
0.000200 442.697922 10883000 
0.000200 439.401547 11635900 
0.000200 440.658057 10549100 
0.000200 448.178475 10849600 
0.000200 457.107465 13727000 
0.000200 441.518599 10511900 
0.000200 433.764554 12012900 
0.000200 444.113034 10293300 
0.000200 439.728020 10937900 
0.000200 439.758373 11284400 
0.000200 434.394966 10485600 
0.000200 445.963682 11523800 
0.000200 445.759343 10211500 
0.000200 443.377081 10174600 
0.000200 439.387875 13333300 
0.000200 447.104582 14078400 
0.000200 436.919776 12666000 
0.000200 439.507863 11179300 
0.000200 446.461018 11043000 
0.000200 442.767317 13972400 
0.000200 441.735747 11274000 
0.000200 444.260573 12705100 
0.000200 446.305043 12213300 
0.000200 444.965577 11243800 
0.000200 449.995031 11973300 
0.000200 451.405267 12664500 
0.000200 439.423919 11377100 
0.000200 439.045833 11541600 
0.000200 429.117939 11189700 
0.000250 443.305043 10301600 
0.000250 444.638829 9280800 
0.000250 434.826683 8448000 
0.000250 444.660133 9149800 
0.000250 446.445177 9877900 
0.000250 436.222456 8203500 
0.000250 433.688763 9554000 
0.000250 442.088038 9725100 
0.000250 443.496524 9745600 
0.000250 440.401762 9480100 
0.000250 443.455200 9395000 
0.000250 455.123404 11517100 
0.000250 441.317798 8807700 
0.000250 443.617728 8674800 
0.000250 434.621972 9615700 
0.000250 456.355085 10278400 
0.000250 450.325110 10251300 
0.000250 446.374469 9626300 
0.000250 450.475423 8773200 
0.000250 437.698452 11643000 
0.000250 443.475423 9801500 
0.000250 439.743952 10929100 
0.000250 447.073210 10129300 
0.000250 440.905180 11443200 
0.000250 442.084519 9438200 
0.000250 438.778551 10625600 
0.000250 444.622025 8932100 
0.000250 446.982996 8962900 
0.000250 437.295110 11709400 
0.000250 447.017520 7442200 
0.000250 442.091501 8762900 
0.000250 440.160441 8863200 
0.000250 442.629969 9349800 
0.000250 442.821777 9577700 
0.000250 453.925315 10406300 
0.000250 435.077455 7933600 
0.000250 452.406622 9570700 
0.000250 442.142498 9724500 
0.000250 442.263246 11376600 
0.000250 451.725883 8463200 
0.000250 445.031906 10929800 
0.000250 441.796786 10359400 
0.000250 459.331312 8683600 
0.000250 437.011132 9635700 
0.000250 449.820579 10051700 
0.000250 450.680843 8474500 
0.000250 448.448447 12518600 
0.000250 437.713684 11600800 
0.000250 438.724605 8648400 
0.000250 449.921929 9840400 
0.000250 451.703100 8496500 
0.000250 457.408026 12361900 
0.000250 431.643802 9185100 
0.000250 444.926109 9626200 
0.000250 444.160070 8920600 
0.000250 446.500225 10216000 
0.000250 457.475549 8521400 
0.000250 447.161013 8633700 
0.000250 435.856328 9268700 
0.000250 437.981887 9060700 
0.000250 443.190340 11634100 
0.000250 435.532799 7178000 
0.000250 437.041719 8507400 
0.000250 447.830441 9898500 
0.000250 448.756910 10077400 
0.000250 455.226710 9916800 
0.000250 445.488932 9807200 
0.000250 438.878242 9085800 
0.000250 437.462075 9124900 
0.000250 440.750979 9447300 
0.000250 450.007123 8477700 
0.000250 442.067351 8905300 
0.000250 440.504948 8942400 
0.000250 444.446105 11290800 
0.000250 439.898257 9257700 
0.000250 444.090794 8848500 
0.000250 440.060467 8670700 
0.000250 436.500945 9341300 
0.000250 438.443467 9427200 
0.000250 439.966692 9202600 
0.000250 453.371283 9005300 
0.000250 445.810380 8540100 
0.000250 447.141064 9324800 
0.000250 445.121359 9355100 
0.000250 435.612189 10183900 
0.000250 439.788085 8463700 
0.000250 445.836416 8951400 
0.000250 439.705251 9645900 
0.000250 445.241497 10591100 
0.000250 440.694251 8982900 
0.000250 440.578041 8355100 
0.000250 441.922938 9899700 
0.000250 448.968766 9544000 
0.000250 448.115625 11527000 
0.000250 437.209427 9414500 
0.000250 439.199878 8407500 
0.000250 453.871734 8343800 
0.000250 441.673901 8408200 
0.000250 446.620903 9410500 
0.000250 462.588391 9330100 
0.000300 448.211820 6599300 
0.000300 452.219213 8616600 
0.000300 442.996421 7283500 
0.000300 448.090660 7711400 
0.000300 443.406000 7475400 
0.000300 450.490357 6131500 
0.000300 441.449839 6815000 
0.000300 442.793542 8868000 
0.000300 452.352116 7827700 
0.000300 446.150306 6945300 
0.000300 441.593082 7799700 
0.000300 441.157576 9533000 
0.000300 440.804206 7339600 
0.000300 439.736484 8115600 
0.000300 443.957587 8139600 
0.000300 442.758557 6975800 
0.000300 444.319142 8878800 
0.000300 447.216467 6818100 
0.000300 441.356874 8399700 
0.000300 446.614486 7295800 
0.000300 447.146417 8361900 
0.000300 449.457088 9338500 
0.000300 445.376865 8390300 
0.000300 441.371508 7911400 
0.000300 438.927838 8328400 
0.000300 451.837113 7341200 
0.000300 447.215603 7278600 
0.000300 443.996287 7327000 
0.000300 445.841031 9597200 
0.000300 452.210123 8051600 
0.000300 450.492292 7606100 
0.000300 449.136479 9504300 
0.000300 442.212694 7690700 
0.000300 447.766156 7719100 
0.000300 446.134909 7495900 
0.000300 473.773384 7889100 
0.000300 447.548418 6515600 
0.000300 444.192324 8544600 
0.000300 437.005288 8228500 
0.000300 443.705709 7019900 
0.000300 450.061354 6949400 
0.000300 437.487051 7326000 
0.000300 446.660947 8024300 
0.000300 444.369511 7615000 
0.000300 448.055501 10365000 
0.000300 455.179994 7768900 
0.000300 440.145516 10089900 
0.000300 452.099231 8933700 
0.000300 457.570363 8677900 
0.000300 443.263202 7477700 
0.000300 445.411143 7895800 
0.000300 451.082440 7777100 
0.000300 446.965922 7998000 
0.000300 444.390661 8386900 
0.000300 435.823449 6988200 
0.000300 447.818996 7734700 
0.000300 439.364088 7924300 
0.000300 449.347579 8598800 
0.000300 451.063849 7866700 
0.000300 455.860065 8176600 
0.000300 455.699869 8379800 
0.000300 458.011425 8375800 
0.000300 461.432396 6987100 
0.000300 449.495139 7307300 
0.000300 441.587335 7803700 
0.000300 443.460274 9724200 
0.000300 454.351233 6284100 
0.000300 445.009074 9672700 
0.000300 443.738882 8673000 
0.000300 457.823722 7079200 
0.000300 443.972125 8722500 
0.000300 438.980799 9263900 
0.000300 442.042548 9669000 
0.000300 443.714776 9401600 
0.000300 438.108642 8956800 
0.000300 455.218491 7178300 
0.000300 438.733582 7275600 
0.000300 437.386225 9450100 
0.000300 456.092309 7274300 
0.000300 436.337282 9600300 
0.000300 445.971376 8305100 
0.000300 439.670838 7940200 
0.000300 438.813609 8346000 
0.000300 437.286445 8614000 
0.000300 447.953696 7145900 
0.000300 440.694200 7634500 
0.000300 441.790791 8674500 
0.000300 450.110245 8217700 
0.000300 450.162142 9441500 
0.000300 451.569048 8053900 
0.000300 450.326312 7899900 
0.000300 451.363868 7719500 
0.000300 444.307644 7771000 
0.000300 444.688741 7223300 
0.000300 450.355871 7521600 
0.000300 455.806902 7190000 
0.000300 440.887068 8156200 
0.000300 435.819418 7719100 
0.000300 447.010925 9233600 
0.000300 441.912573 8236400 
0.000350 441.770458 6707100 
0.000350 443.699593 8458300 
0.000350 443.919932 6947700 
0.000350 435.906996 6756600 
0.000350 444.680188 6473000 
0.000350 439.109380 6717700 
0.000350 444.670301 6976700 
0.000350 439.966571 6616400 
0.000350 444.941368 6568600 
0.000350 460.879923 6164900 
0.000350 442.280269 8752400 
0.000350 448.285311 6586100 
0.000350 438.285807 6032700 
0.000350 436.907205 6610300 
0.000350 447.180229 6662500 
0.000350 436.339496 6162300 
0.000350 452.712153 6521900 
0.000350 447.298228 7382700 
0.000350 440.062151 8025000 
0.000350 446.870548 7976100 
0.000350 442.351455 7029700 
0.000350 439.952210 7174100 
0.000350 443.380231 6418800 
0.000350 447.252318 6350900 
0.000350 444.927641 6156100 
0.000350 439.826572 6768400 
0.000350 444.411060 6783700 
0.000350 445.154973 5905500 
0.000350 449.002919 6144600 
0.000350 446.653654 6739600 
0.000350 450.107634 6773300 
0.000350 444.926571 6050800 
0.000350 438.916567 6410700 
0.000350 436.333409 6928100 
0.000350 447.317047 5416100 
0.000350 444.665381 7170000 
0.000350 447.657285 6947300 
0.000350 448.835079 7008100 
0.000350 456.431858 6173000 
0.000350 456.978113 7260200 
0.000350 442.799724 7490900 
0.000350 455.281933 6248300 
0.000350 440.668691 6588400 
0.000350 439.206600 6154900 
0.000350 442.610218 5867700 
0.000350 442.713503 5788300 
0.000350 444.170391 8051500 
0.000350 455.172922 6406900 
0.000350 436.335512 6290200 
0.000350 439.393286 6992200 
0.000350 443.835098 7476900 
0.000350 438.582383 7213700 
0.000350 441.270207 7135800 
0.000350 439.916886 7231700 
0.000350 435.711648 6948100 
0.000350 443.098712 7061900 
0.000350 452.396192 6250800 
0.000350 441.203111 7098900 
0.000350 437.550402 6612400 
0.000350 438.533893 7201500 
0.000350 442.339240 8313400 
0.000350 459.262814 6389200 
0.000350 437.092010 8291300 
0.000350 436.089329 6493800 
0.000350 435.954266 6690200 
0.000350 456.179430 5568500 
0.000350 446.333555 6612200 
0.000350 444.061780 5998400 
0.000350 442.141636 7460700 
0.000350 442.202591 6847900 
0.000350 447.734705 6829900 
0.000350 445.382918 8112200 
0.000350 443.623874 6936300 
0.000350 433.049494 6967800 
0.000350 449.337245 6759000 
0.000350 446.756929 6589100 
0.000350 437.632408 8461200 
0.000350 449.941100 6264400 
0.000350 443.267046 7432200 
0.000350 440.234865 7344800 
0.000350 440.029561 7039300 
0.000350 447.751248 7289700 
0.000350 451.313421 6805900 
0.000350 448.683234 6530200 
0.000350 446.062294 8778100 
0.000350 438.813609 7277100 
0.000350 441.607869 6265900 
0.000350 442.598105 7045100 
0.000350 459.869849 6549200 
0.000350 443.150731 5701400 
0.000350 438.262718 7937000 
0.000350 448.510837 7038500 
0.000350 450.789509 6582400 
0.000350 440.939006 6497200 
0.000350 455.138420 6532300 
0.000350 436.794254 6884500 
0.000350 447.997223 6376900 
0.000350 455.479424 7832700 
0.000350 444.170665 6878700 
0.000350 463.138725 6663000 
0.000400 437.377264 5735600 
0.000400 446.747068 5706700 
0.000400 460.000773 5822800 
0.000400 451.961604 5680600 
0.000400 447.246116 6219900 
0.000400 437.216989 5944300 
0.000400 447.444700 6611700 
0.000400 445.135419 5902100 
0.000400 440.449514 5602200 
0.000400 444.987221 7965000 
0.000400 433.832676 6003400 
0.000400 440.995562 5670800 
0.000400 443.668776 5320800 
0.000400 444.015625 5703300 
0.000400 455.864274 6002400 
0.000400 450.065203 7359800 
0.000400 440.969734 6244200 
0.000400 453.940162 6340100 
0.000400 436.173006 6064000 
0.000400 440.737423 5793600 
0.000400 437.941033 6224700 
0.000400 451.808336 7457700 
0.000400 448.455632 6430600 
0.000400 440.324871 6540600 
0.000400 443.716648 5730500 
0.000400 445.781916 5944200 
0.000400 448.037389 7442400 
0.000400 451.711449 6450000 
0.000400 443.644662 5636100 
0.000400 453.001672 6101300 
0.000400 447.461712 6070700 
0.000400 431.853416 7914000 
0.000400 453.154154 5603600 
0.000400 445.472931 6509700 
0.000400 445.335786 4840300 
0.000400 451.824937 5779000 
0.000400 450.343574 6069800 
0.000400 446.812486 6021400 
0.000400 447.317410 6493500 
0.000400 445.771540 5834100 
0.000400 447.915739 5580800 
0.000400 437.015557 6148200 
0.000400 450.136573 5643000 
0.000400 459.626623 5822500 
0.000400 446.814977 6911200 
0.000400 445.296875 6405200 
0.000400 439.476551 6283700 
0.000400 439.996501 5877700 
0.000400 442.232793 6136200 
0.000400 442.772979 6230900 
0.000400 445.653224 6351000 
0.000400 453.514695 6003700 
0.000400 443.470731 6116400 
0.000400 443.519574 6482700 
0.000400 442.781665 5011000 
0.000400 446.209493 6404200 
0.000400 461.513746 5416900 
0.000400 447.050681 6269800 
0.000400 438.993772 5799900 
0.000400 445.203729 6347200 
0.000400 439.893203 5468600 
0.000400 452.881771 5884700 
0.000400 437.887150 6186200 
0.000400 439.998145 6310800 
0.000400 442.929658 6254500 
0.000400 447.913794 5544700 
0.000400 445.259090 5978200 
0.000400 447.099438 7063500 
0.000400 451.686859 5907300 
0.000400 437.096057 5868800 
0.000400 438.821000 7056100 
0.000400 438.840818 7637500 
0.000400 448.883464 6031000 
0.000400 445.292850 6109500 
0.000400 439.478498 5555700 
0.000400 437.887150 6183200 
0.000400 436.582241 5638200 
0.000400 449.832021 5539200 
0.000400 445.117965 5985600 
0.000400 442.167993 5992500 
0.000400 436.450171 5516200 
0.000400 444.279877 6702800 
0.000400 438.192554 6057900 
0.000400 449.975690 6328100 
0.000400 446.252787 5825100 
0.000400 442.731457 5379000 
0.000400 436.149645 6315200 
0.000400 446.065030 5625800 
0.000400 454.188615 7427400 
0.000400 439.125464 6506400 
0.000400 443.450177 7154600 
0.000400 442.828666 6467600 
0.000400 441.775378 6045600 
0.000400 434.674792 5855800 
0.000400 440.600716 5522800 
0.000400 439.423452 5408600 
0.000400 447.424609 5659900 
0.000400 445.828082 6643000 
0.000400 443.617316 6706300 
0.000400 438.807726 5894100 
0.000450 445.032686 5582500 
0.000450 451.094331 5154400 
0.000450 441.436777 5974300 
0.000450 445.833553 5246000 
0.000450 453.056809 4872900 
0.000450 443.910818 5569100 
0.000450 441.506625 5448000 
0.000450 437.632408 6768700 
0.000450 438.038973 5672900 
0.000450 439.648585 5361700 
0.000450 441.259359 5209800 
0.000450 453.720475 4732800 
0.000450 448.813175 5471800 
0.000450 447.420840 4888900 
0.000450 450.818567 5528300 
0.000450 446.018270 4960800 
0.000450 445.261815 6058700 
0.000450 453.683016 5354100 
0.000450 441.982251 5494200 
0.000450 453.123225 5226300 
0.000450 436.335512 5117900 
0.000450 442.383058 5853600 
0.000450 447.698851 5345300 
0.000450 459.531152 4988400 
0.000450 448.654250 5115300 
0.000450 436.206010 6391900 
0.000450 442.065426 5908500 
0.000450 449.144344 5115000 
0.000450 460.140503 4497400 
0.000450 438.140298 5354700 
0.000450 441.213623 5285600 
0.000450 446.552325 4812200 
0.000450 447.428154 5643700 
0.000450 445.897826 4733700 
0.000450 446.282308 6824100 
0.000450 447.197399 4686500 
0.000450 438.480948 5513200 
0.000450 445.229596 4632900 
0.000450 445.660843 5171600 
0.000450 446.506894 6365400 
0.000450 441.508739 5158400 
0.000450 454.514149 5741700 
0.000450 438.515903 5607500 
0.000450 440.414969 5744900 
0.000450 457.346870 6761800 
0.000450 442.279562 4928400 
0.000450 452.898034 5100100 
0.000450 446.664586 6112300 
0.000450 450.657031 5318500 
0.000450 448.116660 6195600 
0.000450 438.766470 5303600 
0.000450 449.361682 4714400 
0.000450 450.836673 4626000 
0.000450 452.754617 4854200 
0.000450 447.151684 5386900 
0.000450 451.034077 5462900 
0.000450 449.195857 4994500 
0.000450 456.723906 6474000 
0.000450 438.362239 5832900 
0.000450 444.828547 5211700 
0.000450 453.342158 5432500 
0.000450 462.376963 5858300 
0.000450 438.916567 5005400 
0.000450 447.563378 5170900 
0.000450 446.481946 5963900 
0.000450 443.232671 5397600 
0.000450 436.849917 5014300 
0.000450 446.475487 5583400 
0.000450 447.807297 4809800 
0.000450 438.430149 5797500 
0.000450 434.709925 5062200 
0.000450 452.619180 5225600 
0.000450 446.695661 5469200 
0.000450 446.840972 5858200 
0.000450 438.980799 6328100 
0.000450 445.284905 5166900 
0.000450 441.287321 4485600 
0.000450 436.603588 5614400 
0.000450 438.429065 5438000 
0.000450 446.590096 5719200 
0.000450 446.589706 5219400 
0.000450 446.422181 5737100 
0.000450 442.001876 5560500 
0.000450 449.862386 5636000 
0.000450 450.208851 5023000 
0.000450 456.054641 5958500 
0.000450 445.239883 5436500 
0.000450 449.247141 6020200 
0.000450 437.379017 5871000 
0.000450 446.740520 5407000 
0.000450 444.525577 5161300 
0.000450 446.814461 5289100 
0.000450 440.289420 6204700 
0.000450 441.498289 5650000 
0.000450 452.695629 5596100 
0.000450 454.842067 6307100 
0.000450 434.903381 5701400 
0.000450 437.377264 4941400 
0.000450 437.326868 4698700 
0.000450 444.758188 5195400 
0.000500 443.001618 4541100 
0.000500 442.786894 5922400 
0.000500 437.575797 3672800 
0.000500 442.041767 5200900 
0.000500 451.830656 4689800 
0.000500 440.525526 6076900 
0.000500 446.847697 4884600 
0.000500 441.469926 4709100 
0.000500 445.073175 4827700 
0.000500 447.075279 3959400 
0.000500 439.525093 5610100 
0.000500 446.581155 4533100 
0.000500 432.973851 4684600 
0.000500 446.820133 5199100 
0.000500 450.336316 4144800 
0.000500 441.832888 5020300 
0.000500 453.123343 5160400 
0.000500 456.998069 4625100 
0.000500 449.700280 4613300 
0.000500 445.049313 4337900 
0.000500 444.274101 4776600 
0.000500 446.488477 4769000 
0.000500 447.892803 5091900 
0.000500 447.054602 4948600 
0.000500 444.287345 4971200 
0.000500 442.974306 5052300 
0.000500 463.279745 5131400 
0.000500 442.787053 4452200 
0.000500 440.229848 5163800 
0.000500 461.790144 4237300 
0.000500 443.164266 5014500 
0.000500 450.178065 4938600 
0.000500 447.114286 5175100 
0.000500 441.221205 6046900 
0.000500 437.106543 4738000 
0.000500 445.355663 5369300 
0.000500 446.611745 5497600 
0.000500 437.887150 5506900 
0.000500 444.302225 5349100 
0.000500 442.664562 6075400 
0.000500 454.247307 4891200 
0.000500 435.510475 5176400 
0.000500 447.957442 4619300 
0.000500 440.844906 4739400 
0.000500 441.166650 5314000 
0.000500 444.052583 4798300 
0.000500 451.932034 4978000 
0.000500 458.198179 4797300 
0.000500 448.997447 4875300 
0.000500 455.380111 4615900 
0.000500 441.349288 4901900 
0.000500 451.218072 4574800 
0.000500 439.548182 5165100 
0.000500 450.513715 4549200 
0.000500 451.576685 5043800 
0.000500 449.085902 5018700 
0.000500 440.061359 4839500 
0.000500 445.994806 4690800 
0.000500 441.859194 4612400 
0.000500 449.419139 5312100 
0.000500 439.555798 4431700 
0.000500 451.345910 4684500 
0.000500 442.283289 4526600 
0.000500 453.183880 4760600 
0.000500 445.830996 5523200 
0.000500 441.693612 5493700 
0.000500 450.405767 4450100 
0.000500 446.571414 4401600 
0.000500 433.110555 4959100 
0.000500 444.949399 5396800 
0.000500 459.519086 4858500 
0.000500 453.180175 4978000 
0.000500 452.318504 4549300 
0.000500 446.058739 5869400 
0.000500 435.607789 6049300 
0.000500 444.416962 4862500 
0.000500 438.649383 5652300 
0.000500 446.955377 4611100 
0.000500 447.781388 5258100 
0.000500 447.661288 5427200 
0.000500 451.549788 4876300 
0.000500 440.236009 5351500 
0.000500 437.556728 4553500 
0.000500 444.924794 4548600 
0.000500 436.177038 5711300 
0.000500 437.643420 5170200 
0.000500 446.522649 6155800 
0.000500 448.890643 4117300 
0.000500 450.732157 4853900 
0.000500 437.663433 4949800 
0.000500 453.307598 5085600 
0.000500 445.226595 4713400 
0.000500 446.457769 4070800 
0.000500 451.983715 4256600 
0.000500 445.758205 4403400 
0.000500 442.452771 4644000 
0.000500 439.192504 5043200 
0.000500 444.128223 4834800 
0.000500 446.152940 5400200 
0.000500 444.405285 4431400 
0.000550 450.091250 5304900 
0.000550 453.141721 4311800 
0.000550 454.240213 4419200 
0.000550 453.338629 4338200 
0.000550 456.075069 4440300 
0.000550 447.895152 4031100 
0.000550 443.746075 4770700 
0.000550 456.801734 5660800 
0.000550 443.554855 5963100 
0.000550 434.226095 4386000 
0.000550 450.244881 3880900 
0.000550 442.908689 4638600 
0.000550 445.462246 5150200 
0.000550 443.714776 5085500 
0.000550 455.849064 4160400 
0.000550 431.026609 4588300 
0.000550 452.740548 5418600 
0.000550 450.868100 4544900 
0.000550 468.145777 4267600 
0.000550 454.121448 3842900 
0.000550 464.915878 3734100 
0.000550 444.904323 4620800 
0.000550 443.483835 3984300 
0.000550 438.201038 4163400 
0.000550 443.474444 4464900 
0.000550 447.534199 4624000 
0.000550 449.816663 4153800 
0.000550 454.486789 4757200 
0.000550 452.109324 4778500 
0.000550 443.966961 4686800 
0.000550 450.944322 3943600 
0.000550 445.732584 4523400 
0.000550 451.333396 4238300 
0.000550 454.989577 4474800 
0.000550 445.444910 4654200 
0.000550 443.329431 4641200 
0.000550 453.797236 4251100 
0.000550 463.424646 4350800 
0.000550 441.101078 5629300 
0.000550 430.890357 4551900 
0.000550 449.938597 4384400 
0.000550 455.784525 4354700 
0.000550 437.475180 4515400 
0.000550 448.684352 5650200 
0.000550 452.721499 4058100 
0.000550 448.031994 5187300 
0.000550 446.732857 5006100 
0.000550 447.490263 5460300 
0.000550 444.278265 5300000 
0.000550 442.586146 4785100 
0.000550 441.446677 4399900 
0.000550 442.064542 4639800 
0.000550 452.241026 4512800 
0.000550 443.465337 4626300 
0.000550 447.483571 4155200 
0.000550 444.521047 3597600 
0.000550 451.656422 5687400 
0.000550 451.406177 4550600 
0.000550 463.122549 4438900 
0.000550 436.847671 4181500 
0.000550 444.484429 3719800 
0.000550 455.932751 4816500 
0.000550 449.077665 4305600 
0.000550 442.143696 5188000 
0.000550 445.548453 4463900 
0.000550 442.321746 4339800 
0.000550 441.092244 4438200 
0.000550 459.924326 4277800 
0.000550 457.094662 4281200 
0.000550 461.260177 4349800 
0.000550 447.398901 4593500 
0.000550 441.367199 4620700 
0.000550 452.123731 4582700 
0.000550 457.164777 4155100 
0.000550 438.051950 3808600 
0.000550 451.876062 5112100 
0.000550 439.058510 4213600 
0.000550 459.440852 4595200 
0.000550 444.926422 4810400 
0.000550 441.016233 4473700 
0.000550 449.279921 5671300 
0.000550 444.213654 4720900 
0.000550 437.231411 4778200 
0.000550 453.845215 5238000 
0.000550 450.561370 4205300 
0.000550 456.298806 4417800 
0.000550 446.180366 4481000 
0.000550 452.219222 4286700 
0.000550 435.698276 4411000 
0.000550 442.929173 4525500 
0.000550 441.124018 5212900 
0.000550 441.812094 4632600 
0.000550 445.964666 4658900 
0.000550 440.039483 5297500 
0.000550 454.531976 4449400 
0.000550 433.699757 4333300 
0.000550 453.693148 4837900 
0.000550 442.687122 4298300 
0.000550 454.860014 4276100 
0.000550 437.118312 3804400 
0.000600 440.967447 3766100 
0.000600 446.118890 3699500 
0.000600 446.338225 4116000 
0.000600 454.444169 3320400 
0.000600 448.294085 4249400 
0.000600 446.642194 3794500 
0.000600 440.702010 4699200 
0.000600 453.265744 4216000 
0.000600 447.099468 4131800 
0.000600 439.566504 4156000 
0.000600 443.564586 4542000 
0.000600 446.591342 3691100 
0.000600 453.077480 4142800 
0.000600 448.951574 3641700 
0.000600 450.102367 4441100 
0.000600 463.841737 3566900 
0.000600 456.584876 4538100 
0.000600 449.045568 3743300 
0.000600 446.229770 4305900 
0.000600 433.598830 3856200 
0.000600 446.365562 4954500 
0.000600 454.417238 3898900 
0.000600 431.170521 4187600 
0.000600 442.509871 4094200 
0.000600 449.927918 4425000 
0.000600 455.650155 4546600 
0.000600 453.017522 4306500 
0.000600 442.481331 3883900 
0.000600 438.655644 4316200 
0.000600 441.998339 3878500 
0.000600 443.630864 3654200 
0.000600 441.493774 4168900 
0.000600 440.500407 4274600 
0.000600 449.551960 4053300 
0.000600 439.589309 4336100 
0.000600 436.874553 4304800 
0.000600 446.995160 4095300 
0.000600 447.593011 4345800 
0.000600 450.592227 4568200 
0.000600 438.954050 5378800 
0.000600 450.424121 3893700 
0.000600 452.925604 3737600 
0.000600 454.315350 4049200 
0.000600 440.504018 4286000 
0.000600 439.121784 3944200 
0.000600 440.231584 3744100 
0.000600 453.933855 3740600 
0.000600 443.328611 4292800 
0.000600 450.941652 4484600 
0.000600 448.721516 4240900 
0.000600 448.846075 4386800 
0.000600 452.827714 3882600 
0.000600 445.461367 4275400 
0.000600 433.733217 4241800 
0.000600 435.735479 4822000 
0.000600 449.802096 3290200 
0.000600 450.591136 3729200 
0.000600 445.548115 4136200 
0.000600 462.942465 4213100 
0.000600 438.047331 4383500 
0.000600 449.639143 4617700 
0.000600 446.329947 4918600 
0.000600 442.828647 4137500 
0.000600 449.235584 3832500 
0.000600 452.030031 4756700 
0.000600 446.104852 4208900 
0.000600 465.393746 3785600 
0.000600 443.287756 4124000 
0.000600 446.175404 4107700 
0.000600 447.347443 3512100 
0.000600 444.746790 4776600 
0.000600 450.024049 4760600 
0.000600 450.130053 4271400 
0.000600 440.229961 4484400 
0.000600 445.254475 4744900 
0.000600 440.994337 4221000 
0.000600 446.849848 5470400 
0.000600 446.156726 4286300 
0.000600 445.510951 4588300 
0.000600 449.888029 4403700 
0.000600 447.057910 4622600 
0.000600 448.869704 3814700 
0.000600 447.398459 3694000 
0.000600 444.823275 4290100 
0.000600 445.781277 4423600 
0.000600 441.199839 4033000 
0.000600 440.904781 4420700 
0.000600 445.954372 4185600 
0.000600 447.089890 3949200 
0.000600 442.091238 4868400 
0.000600 435.363174 4083800 
0.000600 448.123288 4008200 
0.000600 439.787693 4084600 
0.000600 447.005994 4125800 
0.000600 458.614847 3671400 
0.000600 451.145366 3970300 
0.000600 442.327926 3217000 
0.000600 444.721098 4739500 
0.000600 449.871243 3376000 
0.000600 449.573100 4009700 
0.000650 440.460902 4883700 
0.000650 446.063875 4084200 
0.000650 445.965825 3850300 
0.000650 441.201186 3941400 
0.000650 441.856104 4177500 
0.000650 447.004515 4616400 
0.000650 448.379325 3637200 
0.000650 456.934496 3533800 
0.000650 447.542359 3380100 
0.000650 452.841827 3574400 
0.000650 444.199981 4484400 
0.000650 447.804069 3818600 
0.000650 449.791550 3842500 
0.000650 460.827964 3475400 
0.000650 442.803008 4425400 
0.000650 445.005612 3799700 
0.000650 453.616321 3355300 
0.000650 438.866150 3912100 
0.000650 442.407604 3765300 
0.000650 449.720511 3515200 
0.000650 449.270031 3864100 
0.000650 452.341694 3867300 
0.000650 441.231094 4140500 
0.000650 449.122748 4606200 
0.000650 437.379017 4369000 
0.000650 454.460001 3731200 
0.000650 442.946602 3956800 
0.000650 446.836922 3581600 
0.000650 445.679851 3741800 
0.000650 441.222629 4744600 
0.000650 439.386782 3804200 
0.000650 441.190097 3416900 
0.000650 440.019071 3804500 
0.000650 454.014718 4053200 
0.000650 436.801519 4206300 
0.000650 434.327037 4834500 
0.000650 459.955831 4445500 
0.000650 445.936896 4441800 
0.000650 445.140218 4865000 
0.000650 444.011722 4189100 
0.000650 457.867294 3822900 
0.000650 453.204763 3355700 
0.000650 437.663698 3572500 
0.000650 450.839488 3826400 
0.000650 457.999548 3831000 
0.000650 447.627905 3844500 
0.000650 447.282259 4001700 
0.000650 443.345250 3541900 
0.000650 449.156530 3997800 
0.000650 442.911219 3661800 
0.000650 453.228722 3731600 
0.000650 450.031380 4111400 
0.000650 453.953292 3829200 
0.000650 449.699254 4501200 
0.000650 448.707279 3800800 
0.000650 443.451584 3871900 
0.000650 441.251450 3532600 
0.000650 430.883023 3561800 
0.000650 444.625343 3509100 
0.000650 449.723624 3429900 
0.000650 447.518122 3636100 
0.000650 466.592562 3284100 
0.000650 438.157923 4550200 
0.000650 450.220529 3199300 
0.000650 444.353460 3682000 
0.000650 448.303241 4277000 
0.000650 444.372086 3562000 
0.000650 442.226665 3500100 
0.000650 439.639469 4137100 
0.000650 442.870244 3695800 
0.000650 450.343991 3922300 
0.000650 447.647192 3945400 
0.000650 445.540447 3376500 
0.000650 448.202704 4065100 
0.000650 455.945943 3425700 
0.000650 446.065391 3869000 
0.000650 442.063348 3756200 
0.000650 440.615105 3384900 
0.000650 437.229083 3516500 
0.000650 445.763225 4397900 
0.000650 462.172600 3791600 
0.000650 454.198107 4782100 
0.000650 449.774571 3720100 
0.000650 449.410504 3560500 
0.000650 445.713703 4083500 
0.000650 451.904594 3306600 
0.000650 458.519009 4040800 
0.000650 447.085447 3796200 
0.000650 458.223539 3953900 
0.000650 459.661471 3652000 
0.000650 446.028834 3932900 
0.000650 445.825875 3782500 
0.000650 449.679108 4362600 
0.000650 437.474481 3791100 
0.000650 452.639943 4823400 
0.000650 452.879239 3362800 
0.000650 439.486930 3677800 
0.000650 455.203268 3650300 
0.000650 437.163591 3792300 
0.000650 450.350622 3841000 
0.000700 445.510153 3181600 
0.000700 446.534111 3631300 
0.000700 436.743985 3438300 
0.000700 448.895666 3455800 
0.000700 434.544071 3869200 
0.000700 444.861386 3938500 
0.000700 435.599457 4338200 
0.000700 445.096594 3438900 
0.000700 449.780880 3901100 
0.000700 448.576325 3742800 
0.000700 453.660763 3215800 
0.000700 445.136153 4399400 
0.000700 446.239916 3688300 
0.000700 442.969834 4037700 
0.000700 436.206010 4003500 
0.000700 457.299388 3487400 
0.000700 447.782881 3805200 
0.000700 441.348096 3386600 
0.000700 444.988441 3896000 
0.000700 444.948684 3670500 
0.000700 440.247211 3561400 
0.000700 456.730978 3349700 
0.000700 458.024500 3681600 
0.000700 450.713906 3500500 
0.000700 440.231054 3513600 
0.000700 445.914257 4491500 
0.000700 446.263878 3201600 
0.000700 453.823735 3522100 
0.000700 443.606409 4186100 
0.000700 446.186254 3264600 
0.000700 448.208552 3348900 
0.000700 450.968397 3464900 
0.000700 452.759450 3523500 
0.000700 444.805569 3520700 
0.000700 450.580499 3456600 
0.000700 443.320427 3422000 
0.000700 466.991303 3391900 
0.000700 450.006524 4366800 
0.000700 451.093089 3297300 
0.000700 447.816243 3360200 
0.000700 444.335637 3496800 
0.000700 441.624441 3556400 
0.000700 455.275993 3199900 
0.000700 447.050657 3379500 
0.000700 446.089855 3456500 
0.000700 452.150460 3178200 
0.000700 449.598672 3160100 
0.000700 440.702705 3923900 
0.000700 443.215133 3050300 
0.000700 444.616464 3718600 
0.000700 452.372476 4044000 
0.000700 445.383645 4649500 
0.000700 446.727135 3964400 
0.000700 462.117276 3146700 
0.000700 455.395827 3635500 
0.000700 442.325096 4364600 
0.000700 450.170524 4444500 
0.000700 444.063842 3396600 
0.000700 447.003762 3287700 
0.000700 440.141691 4073700 
0.000700 442.379252 3421000 
0.000700 450.856000 3534800 
0.000700 459.651337 3844300 
0.000700 445.535759 3652800 
0.000700 449.385203 3530000 
0.000700 450.936047 4565600 
0.000700 445.230414 3288100 
0.000700 442.665596 3584200 
0.000700 449.899063 3333200 
0.000700 451.743961 4442000 
0.000700 448.065754 3645200 
0.000700 439.610127 3779000 
0.000700 458.049201 3315200 
0.000700 440.688074 3027400 
0.000700 468.232880 3221200 
0.000700 449.585745 3683600 
0.000700 445.248341 3541600 
0.000700 445.839969 3389600 
0.000700 447.627549 3653800 
0.000700 443.836941 3543800 
0.000700 445.949786 2921000 
0.000700 441.697050 3729100 
0.000700 462.257388 3571800 
0.000700 446.732062 3690600 
0.000700 450.890756 3440000 
0.000700 448.731739 3649500 
0.000700 439.538569 4169300 
0.000700 456.932105 3183100 
0.000700 455.919488 4305800 
0.000700 461.866703 3311800 
0.000700 452.858113 3182300 
0.000700 440.850738 3622600 
0.000700 447.185744 3608500 
0.000700 446.845032 3683700 
0.000700 448.157247 3231500 
0.000700 453.380013 3036600 
0.000700 454.968246 3395800 
0.000700 449.020086 4146800 
0.000700 442.800729 3330100 
0.000700 446.929875 3637300 
0.000750 444.447995 3432500 
0.000750 436.561594 3332700 
0.000750 447.245039 3170300 
0.000750 447.814589 3401000 
0.000750 443.198557 2752200 
0.000750 452.114563 3765700 
0.000750 428.981647 3302200 
0.000750 443.776518 3985500 
0.000750 438.559455 3442300 
0.000750 448.971388 2966000 
0.000750 451.044857 4211700 
0.000750 460.631397 3405300 
0.000750 451.635804 3294000 
0.000750 438.425368 3400300 
0.000750 439.719425 3376300 
0.000750 446.253730 3403500 
0.000750 443.200778 3477500 
0.000750 447.526027 3459300 
0.000750 448.272935 3513100 
0.000750 444.135823 3239700 
0.000750 442.702847 3477200 
0.000750 460.841892 3160600 
0.000750 443.122218 4064400 
0.000750 439.905067 3288500 
0.000750 442.806451 3277600 
0.000750 442.681517 3415500 
0.000750 457.226101 3451900 
0.000750 443.169010 3211800 
0.000750 450.000557 3272100 
0.000750 450.945213 2991300 
0.000750 448.161996 3584000 
0.000750 446.445585 3228300 
0.000750 452.812863 3801700 
0.000750 454.215533 3496300 
0.000750 443.131848 4277100 
0.000750 440.919099 4307800 
0.000750 449.600675 3558800 
0.000750 459.085033 3728100 
0.000750 456.517531 3005600 
0.000750 449.289909 3031200 
0.000750 452.715301 3754900 
0.000750 449.104928 3050400 
0.000750 443.869794 2840800 
0.000750 463.819171 3588700 
0.000750 443.653192 2891400 
0.000750 448.944008 3259700 
0.000750 441.036746 3021900 
0.000750 450.860149 3543000 
0.000750 446.002292 3273900 
0.000750 451.729159 3197200 
0.000750 441.454689 2736600 
0.000750 444.818226 2801500 
0.000750 451.264745 2987400 
0.000750 467.223959 3098900 
0.000750 446.537003 3615600 
0.000750 447.063269 3472700 
0.000750 459.324273 3271900 
0.000750 451.480067 3425800 
0.000750 446.849127 3346600 
0.000750 444.308979 3410700 
0.000750 441.462623 3456300 
0.000750 459.451391 3373900 
0.000750 451.911577 3038500 
0.000750 451.936971 3854100 
0.000750 443.069405 3132800 
0.000750 436.448462 3280500 
0.000750 448.990698 3653000 
0.000750 441.561478 3995400 
0.000750 453.560337 3261300 
0.000750 446.833537 3362100 
0.000750 442.987228 2757800 
0.000750 447.675762 3520700 
0.000750 443.357073 3712500 
0.000750 441.260141 3233300 
0.000750 451.590673 3316900 
0.000750 440.368381 3200200 
0.000750 442.525063 3419600 
0.000750 439.384766 3769500 
0.000750 452.860467 2931300 
0.000750 453.276200 3359800 
0.000750 457.045703 4328000 
0.000750 442.822235 2864000 
0.000750 454.750968 3614800 
0.000750 447.552981 3129300 
0.000750 442.312217 3328100 
0.000750 443.614106 3181700 
0.000750 447.991880 3674600 
0.000750 446.621847 2754400 
0.000750 447.813148 3070300 
0.000750 450.150254 3376700 
0.000750 444.287345 3686900 
0.000750 446.249602 3204900 
0.000750 449.947927 2786400 
0.000750 437.701905 3393600 
0.000750 438.019821 3364600 
0.000750 440.926322 3079700 
0.000750 453.991857 3431400 
0.000750 440.679221 2952800 
0.000750 443.521576 3393000 
0.000750 447.962996 3056700 
0.000800 448.542352 3078300 
0.000800 444.041663 3186300 
0.000800 451.696673 3101800 
0.000800 454.347089 2912800 
0.000800 445.410759 3150200 
0.000800 453.729778 3192600 
0.000800 455.994954 3186200 
0.000800 465.135148 2848600 
0.000800 439.705251 3215900 
0.000800 456.118602 3132400 
0.000800 443.691870 2956200 
0.000800 460.652997 3854700 
0.000800 454.617155 2998400 
0.000800 445.696596 3027100 
0.000800 442.285299 2937000 
0.000800 446.728227 3134100 
0.000800 466.622084 3289400 
0.000800 450.020899 2793600 
0.000800 444.987221 3867600 
0.000800 453.461008 3340100 
0.000800 449.291645 3204500 
0.000800 472.781687 3228900 
0.000800 436.747856 3179900 
0.000800 438.197584 3048600 
0.000800 449.676839 2932100 
0.000800 446.197166 2940700 
0.000800 443.935516 2787700 
0.000800 454.958236 3270500 
0.000800 446.687607 2956500 
0.000800 448.917831 3323300 
0.000800 442.067899 2797000 
0.000800 446.694967 2991300 
0.000800 436.659113 3285900 
0.000800 453.151111 2856200 
0.000800 452.706555 2981900 
0.000800 447.355288 3583500 
0.000800 438.251938 3246600 
0.000800 453.863999 3120000 
0.000800 434.854145 3102000 
0.000800 440.806543 3240400 
0.000800 458.052131 3765200 
0.000800 455.710785 2939900 
0.000800 449.394949 2992800 
0.000800 459.049520 3521400 
0.000800 444.567872 3154600 
0.000800 442.504329 3342100 
0.000800 445.706457 3389500 
0.000800 450.504935 2907900 
0.000800 451.029205 4171200 
0.000800 436.228547 3091500 
0.000800 443.965570 3256800 
0.000800 445.507245 2875200 
0.000800 448.675795 3035500 
0.000800 443.377081 2922300 
0.000800 441.560177 2997900 
0.000800 443.251461 2858100 
0.000800 456.812603 3051900 
0.000800 449.353255 2910500 
0.000800 445.679956 2917100 
0.000800 442.933017 3352600 
0.000800 454.157175 3027100 
0.000800 435.577497 3204600 
0.000800 432.734637 3548100 
0.000800 462.049216 2973800 
0.000800 436.676377 3014900 
0.000800 441.682995 3142300 
0.000800 442.882736 3215500 
0.000800 444.591640 3240500 
0.000800 451.801417 4155400 
0.000800 447.675033 2984900 
0.000800 453.799577 2976700 
0.000800 445.530993 3699100 
0.000800 463.556293 2880000 
0.000800 453.502529 2988300 
0.000800 449.136383 3170400 
0.000800 446.580261 3702400 
0.000800 437.811802 3153000 
0.000800 462.719539 3019200 
0.000800 457.275573 3463800 
0.000800 441.461566 3216800 
0.000800 446.158333 3303100 
0.000800 445.643264 3182400 
0.000800 444.851484 3478100 
0.000800 440.941944 2945100 
0.000800 459.479799 2636400 
0.000800 439.705251 3155400 
0.000800 450.535540 3155100 
0.000800 445.051859 2943900 
0.000800 449.308569 2829600 
0.000800 454.930930 3077800 
0.000800 436.448462 3099300 
0.000800 446.403367 2915400 
0.000800 453.945084 3954600 
0.000800 444.988853 2885300 
0.000800 456.085416 3299700 
0.000800 439.259943 3192600 
0.000800 452.234273 2920400 
0.000800 435.956201 3260900 
0.000800 451.037927 3115300 
0.000800 440.234865 3125600 
0.000850 440.484545 2899800 
0.000850 450.450206 3059900 
0.000850 446.328685 3129800 
0.000850 451.873101 2843700 
0.000850 441.337337 3097700 
0.000850 443.639591 2975500 
0.000850 442.343373 2986000 
0.000850 448.815328 3741300 
0.000850 437.132738 3139800 
0.000850 446.528923 3476900 
0.000850 436.386577 2883900 
0.000850 444.569926 2927000 
0.000850 444.960481 3541100 
0.000850 441.938182 3112600 
0.000850 436.072952 3140900 
0.000850 450.432497 2613400 
0.000850 447.003022 3241600 
0.000850 444.643367 2987700 
0.000850 431.643802 2778000 
0.000850 439.672478 2832800 
0.000850 437.782212 3203000 
0.000850 458.840544 3042000 
0.000850 438.365553 2792300 
0.000850 446.121174 3008200 
0.000850 456.458771 3371000 
0.000850 439.816056 2925600 
0.000850 446.168656 2789200 
0.000850 446.439570 2924600 
0.000850 433.975006 3686300 
0.000850 453.885242 2974800 
0.000850 439.555928 2712600 
0.000850 440.914679 2726200 
0.000850 438.549095 3282600 
0.000850 449.520943 2697400 
0.000850 440.881950 3194800 
0.000850 454.128225 2697000 
0.000850 450.892900 2837900 
0.000850 440.375883 2838600 
0.000850 459.523126 3147400 
0.000850 458.348057 3014100 
0.000850 442.708550 3060300 
0.000850 443.295683 2735200 
0.000850 446.656869 3404200 
0.000850 446.653005 2553300 
0.000850 436.333409 2828400 
0.000850 445.733335 2984100 
0.000850 452.858086 2879000 
0.000850 449.030228 2879500 
0.000850 451.253704 2802100 
0.000850 444.320358 3206900 
0.000850 448.971029 2757000 
0.000850 459.123110 3238600 
0.000850 460.262856 3042900 
0.000850 456.373776 2849000 
0.000850 436.661022 3121600 
0.000850 441.315615 3418600 
0.000850 439.570784 3156700 
0.000850 464.881313 2821600 
0.000850 447.488717 3488100 
0.000850 451.080153 3098300 
0.000850 443.149861 2847900 
0.000850 458.509387 2743000 
0.000850 452.581877 3023900 
0.000850 449.565107 2974000 
0.000850 441.286632 3124100 
0.000850 445.811557 3010900 
0.000850 448.650244 3223000 
0.000850 446.881190 2671700 
0.000850 447.257194 2692700 
0.000850 445.186736 2978100 
0.000850 440.384776 3319500 
0.000850 446.106259 2954200 
0.000850 440.264511 3648000 
0.000850 443.705581 2899500 
0.000850 450.732133 3112000 
0.000850 447.615030 3274000 
0.000850 439.408501 2591200 
0.000850 450.922055 3285100 
0.000850 449.286415 2794200 
0.000850 458.861489 2966600 
0.000850 458.918683 3555500 
0.000850 445.879499 2802300 
0.000850 442.908356 2735300 
0.000850 450.577048 3729500 
0.000850 439.221309 2881800 
0.000850 441.570012 2835100 
0.000850 434.900015 2946400 
0.000850 448.687755 3079500 
0.000850 445.216402 3232600 
0.000850 451.319453 2719400 
0.000850 441.680250 2905800 
0.000850 444.130541 3124000 
0.000850 463.845918 3526700 
0.000850 437.560452 3152700 
0.000850 442.712064 3757400 
0.000850 444.345149 2885600 
0.000850 454.020240 2645700 
0.000850 454.552692 2791500 
0.000850 452.186541 2853900 
0.000850 451.310933 3026200 
0.000900 449.358407 2528200 
0.000900 441.038452 3008100 
0.000900 450.712898 3323100 
0.000900 444.812348 2735800 
0.000900 456.165142 3240900 
0.000900 452.021429 2667900 
0.000900 452.699882 2729000 
0.000900 456.463411 2681300 
0.000900 442.537437 2917300 
0.000900 449.435539 2934200 
0.000900 440.581658 2573400 
0.000900 438.824008 2413900 
0.000900 451.998541 2927100 
0.000900 452.345150 2945900 
0.000900 436.382109 2697500 
0.000900 433.855804 2939200 
0.000900 444.822224 3496800 
0.000900 446.724439 2607900 
0.000900 447.994604 2904100 
0.000900 455.698578 2709100 
0.000900 436.900033 2817600 
0.000900 458.444418 2692500 
0.000900 438.843813 2857100 
0.000900 449.280187 2620300 
0.000900 438.496558 2950600 
0.000900 453.523718 3311300 
0.000900 443.583253 3374300 
0.000900 453.655839 2651600 
0.000900 453.954211 2925100 
0.000900 448.569645 2552600 
0.000900 442.404803 2874500 
0.000900 437.741637 3167100 
0.000900 439.506238 3254800 
0.000900 438.825253 3088500 
0.000900 441.291439 2487500 
0.000900 444.107608 2592700 
0.000900 452.029863 3083800 
0.000900 472.410488 2809400 
0.000900 455.837775 2423700 
0.000900 443.583126 2650200 
0.000900 448.120101 2879600 
0.000900 438.292853 2856400 
0.000900 450.030520 3136400 
0.000900 452.316285 2605500 
0.000900 439.587840 2621900 
0.000900 440.756414 2521200 
0.000900 447.540470 3001900 
0.000900 443.219254 2880700 
0.000900 447.610126 2874300 
0.000900 455.454382 2853800 
0.000900 451.298732 3183600 
0.000900 443.590610 2709500 
0.000900 443.624433 2670700 
0.000900 443.402617 3245100 
0.000900 447.487134 3083300 
0.000900 460.488451 2663600 
0.000900 456.163368 2835300 
0.000900 456.232727 2826900 
0.000900 449.625372 2873000 
0.000900 443.686907 2652200 
0.000900 448.358358 3281900 
0.000900 447.661474 3489400 
0.000900 464.075089 2536100 
0.000900 449.427167 3239300 
0.000900 444.581815 2963800 
0.000900 443.332670 3581400 
0.000900 450.924815 2490900 
0.000900 441.448120 3013500 
0.000900 444.690864 2724200 
0.000900 458.616793 2807500 
0.000900 444.623983 3042800 
0.000900 440.079938 2620300 
0.000900 435.011766 2625400 
0.000900 455.168224 2733300 
0.000900 448.515755 2696300 
0.000900 447.180302 2709000 
0.000900 443.730523 2894400 
0.000900 440.468228 2872400 
0.000900 438.138680 2758700 
0.000900 448.819778 3036500 
0.000900 449.468767 2853400 
0.000900 450.283669 2996700 
0.000900 448.112753 3308500 
0.000900 442.218051 3008800 
0.000900 457.527729 2833900 
0.000900 446.782963 2585600 
0.000900 434.946709 2963400 
0.000900 452.034505 2423100 
0.000900 460.687277 2789800 
0.000900 458.064405 2394600 
0.000900 451.579263 2519100 
0.000900 439.202931 2938800 
0.000900 444.703796 2874400 
0.000900 441.925785 2505100 
0.000900 453.493999 2702900 
0.000900 462.410296 2768900 
0.000900 450.021399 2777200 
0.000900 443.076414 2905400 
0.000900 453.414747 3167500 
0.000900 443.095368 2946900 
0.000950 450.991429 2906100 
0.000950 443.195232 2926700 
0.000950 440.361242 2531300 
0.000950 451.276680 2625400 
0.000950 451.026401 2567800 
0.000950 451.143934 2736400 
0.000950 445.426076 2391200 
0.000950 454.106876 2587100 
0.000950 453.043361 2947400 
0.000950 439.453327 2968900 
0.000950 447.780346 2528400 
0.000950 455.048198 2643200 
0.000950 444.477376 2671000 
0.000950 442.007127 2771100 
0.000950 442.041475 3173800 
0.000950 441.921440 2342500 
0.000950 453.423352 2485200 
0.000950 445.502474 2591100 
0.000950 446.473301 2547000 
0.000950 437.436782 2506900 
0.000950 457.492584 2762300 
0.000950 449.124978 2662200 
0.000950 452.963435 2301800 
0.000950 444.162960 2282000 
0.000950 437.698452 3414700 
0.000950 440.053532 2745700 
0.000950 443.221556 2736700 
0.000950 455.281271 2799700 
0.000950 447.534116 3002100 
0.000950 448.607401 3371800 
0.000950 447.690680 3046200 
0.000950 439.555928 2448600 
0.000950 453.327911 2532600 
0.000950 458.386665 2468800 
0.000950 441.398581 2819400 
0.000950 447.357596 2600800 
0.000950 444.772604 3201500 
0.000950 446.573250 2461600 
0.000950 435.654387 2877500 
0.000950 452.907016 2603800 
0.000950 451.606538 3078800 
0.000950 453.762705 2905600 
0.000950 444.977128 2761500 
0.000950 457.865178 3019400 
0.000950 448.285412 2607800 
0.000950 456.462934 2854100 
0.000950 441.855391 2580100 
0.000950 443.501179 2238200 
0.000950 442.381069 2660200 
0.000950 451.501932 2564600 
0.000950 450.795094 2879600 
0.000950 452.283232 2967100 
0.000950 445.632293 2744500 
0.000950 448.250812 2729100 
0.000950 455.972043 2998200 
0.000950 449.214888 2515800 
0.000950 454.238587 2777300 
0.000950 444.300076 2605000 
0.000950 434.775001 2904400 
0.000950 451.653110 2689300 
0.000950 447.959505 2606400 
0.000950 462.979015 2574100 
0.000950 464.886304 2850200 
0.000950 441.953097 2859400 
0.000950 450.600432 2382300 
0.000950 447.360284 3090400 
0.000950 444.603350 2790400 
0.000950 445.327465 2735700 
0.000950 445.202651 2848800 
0.000950 442.965827 2724200 
0.000950 453.002151 2209500 
0.000950 444.783882 2769100 
0.000950 444.980096 2739900 
0.000950 437.390934 2968600 
0.000950 451.488854 2642600 
0.000950 435.599457 2996500 
0.000950 439.981271 2513400 
0.000950 448.280957 2477600 
0.000950 456.879086 2453300 
0.000950 441.226986 2596400 
0.000950 458.925501 2641300 
0.000950 437.953184 2462100 
0.000950 447.119724 2659800 
0.000950 445.256089 2417600 
0.000950 442.623967 2714900 
0.000950 447.059690 3509100 
0.000950 440.049695 2488000 
0.000950 454.511990 3103200 
0.000950 455.085947 2479900 
0.000950 447.139874 2558800 
0.000950 444.150616 2653900 
0.000950 452.176768 2749200 
0.000950 436.692723 2621700 
0.000950 443.869449 2359200 
0.000950 452.487497 2846300 
0.000950 459.018585 2773700 
0.000950 447.172432 2460800 
0.000950 455.709148 2822600 
0.000950 441.855411 2603000 
0.000950 447.498482 3167900 
0.000010 452.609113 217171600 
0.000010 436.639919 218633300 
0.000010 431.529042 200171500 
0.000010 444.439484 193876000 
0.000010 443.828278 223405900 
0.000010 440.647506 181531800 
0.000010 439.645275 228011800 
0.000010 448.804597 176107400 
0.000010 441.446677 207752500 
0.000010 431.503365 226306300 
0.000010 439.026714 216906200 
0.000010 449.990886 196491500 
0.000010 430.691683 230656000 
0.000010 444.143163 201543200 
0.000010 437.229431 188171200 
0.000010 442.843247 240030700 
0.000010 437.513050 176922400 
0.000010 440.724227 188546300 
0.000010 438.869972 193645100 
0.000010 439.470636 212035700 
0.000010 443.083440 207823900 
0.000010 434.248270 245232100 
0.000010 437.286445 237638900 
0.000010 441.283641 212097800 
0.000010 449.926317 212477000 
0.000010 442.007127 237737600 
0.000010 445.504462 196854900 
0.000010 445.410553 177196300 
0.000010 440.137396 207339700 
0.000010 440.863190 206858700 
0.000010 441.339802 219079800 
0.000010 440.469984 225992000 
0.000010 440.160064 213902600 
0.000010 441.641170 201538900 
0.000010 431.923870 211481600 
0.000010 444.026404 213169900 
0.000010 442.300426 193939300 
0.000010 438.168069 196359700 
0.000010 438.477397 206545400 
0.000010 435.511686 226167200 
0.000010 432.482757 259955800 
0.000010 439.335038 215800500 
0.000010 444.277110 197684000 
0.000010 445.845562 220727300 
0.000010 437.501448 218883000 
0.000010 444.719914 179947500 
0.000010 445.255694 210927800 
0.000010 443.245729 242796900 
0.000010 445.423973 197787400 
0.000010 432.459369 245167000 
0.000010 447.484153 222925700 
0.000010 439.826572 215618400 
0.000010 433.699611 208789600 
0.000010 441.216116 196324600 
0.000010 437.578987 195178400 
0.000010 437.913978 221012900 
0.000010 428.871756 204506400 
0.000010 438.637024 219164700 
0.000010 429.484081 182661300 
0.000010 441.253922 201813800 
0.000010 440.214999 205526800 
0.000010 433.071897 204803000 
0.000010 442.262400 193174400 
0.000010 430.883023 205492000 
0.000010 441.939026 210219700 
0.000010 446.186680 231003000 
0.000010 441.345199 212407700 
0.000010 441.167441 208313400 
0.000010 434.562784 216431000 
0.000010 440.463954 190940800 
0.000010 441.946873 195154600 
0.000010 437.417250 231533700 
0.000010 445.633958 204717700 
0.000010 432.665099 215534100 
0.000010 440.324871 216817400 
0.000010 438.377745 218324300 
0.000010 436.359851 246425800 
0.000010 442.645871 217938000 
0.000010 432.842894 177622500 
0.000010 433.543495 209942700 
0.000010 434.361729 262949800 
0.000010 447.367116 207020100 
0.000010 452.519628 185117800 
0.000010 441.158623 227289700 
0.000010 436.219223 183642200 
0.000010 440.353140 225819900 
0.000010 437.359951 246598400 
0.000010 447.039965 201658400 
0.000010 443.147523 205031400 
0.000010 441.678594 202988400 
0.000010 447.219587 228525600 
0.000010 435.947737 191478800 
0.000010 442.318015 227092700 
0.000010 443.123292 244331900 
0.000010 436.448573 237563700 
0.000010 436.683313 207386300 
0.000010 447.816326 188867000 
0.000010 429.117939 204122000 
0.000010 436.727011 228933100 
0.000010 445.848816 216778000 
0.000015 447.997404 131888800 
0.000015 438.540908 143290000 
0.000015 449.340343 138107300 
0.000015 438.287888 149246100 
0.000015 439.772476 135403300 
0.000015 441.500973 146471900 
0.000015 437.667269 142491200 
0.000015 447.923835 139200400 
0.000015 438.888251 151434600 
0.000015 445.263746 149631600 
0.000015 441.701135 126791900 
0.000015 438.628373 118954300 
0.000015 440.406265 138147400 
0.000015 440.910615 167373800 
0.000015 441.663338 158214000 
0.000015 432.482757 177829100 
0.000015 439.821830 156668800 
0.000015 437.372671 155619300 
0.000015 442.624963 133816600 
0.000015 443.514266 141552300 
0.000015 429.484081 137961600 
0.000015 439.761254 173937000 
0.000015 433.041061 140860100 
0.000015 438.016458 164666000 
0.000015 443.212086 156991400 
0.000015 448.011977 133155200 
0.000015 445.217362 152463300 
0.000015 436.454929 136053500 
0.000015 445.516467 127765800 
0.000015 435.972646 135146000 
0.000015 431.237600 134900900 
0.000015 444.458908 137930400 
0.000015 439.208274 148590900 
0.000015 442.113838 147256800 
0.000015 445.115222 138295100 
0.000015 432.947518 134054800 
0.000015 438.048743 132044700 
0.000015 444.101103 128676000 
0.000015 441.486792 140193500 
0.000015 439.105089 125751300 
0.000015 444.778673 177320500 
0.000015 432.505750 145036000 
0.000015 438.042777 144305900 
0.000015 437.858712 144286300 
0.000015 434.598172 129757600 
0.000015 438.801142 137591600 
0.000015 441.746377 140409800 
0.000015 432.102973 134486600 
0.000015 445.874884 138282000 
0.000015 442.121728 145956600 
0.000015 440.029485 135525100 
0.000015 432.988367 147314800 
0.000015 434.293308 124242400 
0.000015 435.511686 150348500 
0.000015 430.691683 143516900 
0.000015 441.614238 144794700 
0.000015 441.479889 133560100 
0.000015 442.633679 141477700 
0.000015 437.112356 152446400 
0.000015 434.511439 140164800 
0.000015 438.758988 133821100 
0.000015 443.299328 135225600 
0.000015 446.032369 145909400 
0.000015 442.826531 133596500 
0.000015 440.628686 142644600 
0.000015 440.541124 122945000 
0.000015 443.749421 137816800 
0.000015 445.735807 145157200 
0.000015 445.872868 126475700 
0.000015 437.643420 146070400 
0.000015 443.121983 144282400 
0.000015 433.285629 123829300 
0.000015 440.495997 156790900 
0.000015 444.207937 128182100 
0.000015 445.444490 134562500 
0.000015 442.930058 153243100 
0.000015 430.794995 141964400 
0.000015 444.295336 170251900 
0.000015 437.231424 178567100 
0.000015 435.717723 150900300 
0.000015 437.727020 142924700 
0.000015 442.780436 136288900 
0.000015 442.576582 127623300 
0.000015 442.708006 142268500 
0.000015 434.889082 129504600 
0.000015 432.259562 148853200 
0.000015 443.310938 144860300 
0.000015 434.427622 140864400 
0.000015 438.182386 145381900 
0.000015 443.496991 156270500 
0.000015 444.244268 124735300 
0.000015 437.462075 137291900 
0.000015 441.692860 149387100 
0.000015 443.948707 147864100 
0.000015 442.371859 143194800 
0.000015 434.834505 141252700 
0.000015 445.948345 143249800 
0.000015 443.280426 130508800 
0.000015 437.714958 123090700 
0.000015 434.327037 173292700 
0.000020 441.748352 123907800 
0.000020 445.379497 99117600 
0.000020 440.102413 102463800 
0.000020 447.309538 99445100 
0.000020 438.439046 114102600 
0.000020 444.659247 102074200 
0.000020 447.274014 110840500 
0.000020 446.588031 107634700 
0.000020 448.482501 104606600 
0.000020 439.589271 93702100 
0.000020 436.975611 123926900 
0.000020 439.933338 96976500 
0.000020 444.262462 95599500 
0.000020 440.275277 103038200 
0.000020 429.484081 102719100 
0.000020 439.295274 105457100 
0.000020 444.921057 83840400 
0.000020 435.200482 107391700 
0.000020 439.359927 103186300 
0.000020 440.748275 96145300 
0.000020 439.589978 91280600 
0.000020 439.901191 107414200 
0.000020 443.210649 129180200 
0.000020 440.401075 105906200 
0.000020 443.258340 105207900 
0.000020 430.794995 97729200 
0.000020 442.997286 142464500 
0.000020 439.843293 110602100 
0.000020 450.895844 108772600 
0.000020 438.841887 102856300 
0.000020 440.704223 93709500 
0.000020 439.484697 104995800 
0.000020 441.548010 100813100 
0.000020 438.954878 110760700 
0.000020 445.479862 116085400 
0.000020 442.917541 97019200 
0.000020 439.613083 122008800 
0.000020 441.198726 108717300 
0.000020 442.897735 117370800 
0.000020 442.240228 106982200 
0.000020 442.195138 130004700 
0.000020 445.043296 87079700 
0.000020 441.124018 108065100 
0.000020 429.117939 107958100 
0.000020 447.609462 111179800 
0.000020 445.009120 96814200 
0.000020 444.964118 96107000 
0.000020 442.825551 94879400 
0.000020 432.033226 104018200 
0.000020 440.307326 103108500 
0.000020 444.189865 105764600 
0.000020 437.660589 115992900 
0.000020 440.661843 103370400 
0.000020 436.954702 110405000 
0.000020 445.392179 106716000 
0.000020 437.489130 108421100 
0.000020 441.359812 97480300 
0.000020 446.092357 93304800 
0.000020 442.492243 111041100 
0.000020 445.327912 120864900 
0.000020 441.513471 108249600 
0.000020 443.233904 106498500 
0.000020 438.843805 108235600 
0.000020 436.394592 99725600 
0.000020 440.686290 107078800 
0.000020 444.322629 114432600 
0.000020 439.818950 109356300 
0.000020 436.456640 98838200 
0.000020 455.909674 107324400 
0.000020 437.699206 106084800 
0.000020 431.529042 110052000 
0.000020 442.397624 111512900 
0.000020 437.632408 137423000 
0.000020 441.379810 119651700 
0.000020 439.525093 129516600 
0.000020 439.089996 110376100 
0.000020 449.132286 101977300 
0.000020 447.097751 112916700 
0.000020 442.106426 117244100 
0.000020 443.523302 103003100 
0.000020 441.683715 118701800 
0.000020 440.134317 118393700 
0.000020 439.742825 102198000 
0.000020 439.909309 142187400 
0.000020 448.740743 106998900 
0.000020 444.060476 103361000 
0.000020 443.322065 104474400 
0.000020 436.615069 129435000 
0.000020 440.895511 98736400 
0.000020 438.766946 88842600 
0.000020 444.520184 107926900 
0.000020 444.263554 94125500 
0.000020 439.669022 106330400 
0.000020 432.355849 135357000 
0.000020 438.769086 123339600 
0.000020 448.607818 98281900 
0.000020 441.680250 96873200 
0.000020 439.089996 110187500 
0.000020 434.142119 115189800 
0.000020 433.300410 100999300 
0.000025 433.186245 94902900 
0.000025 446.912337 70230800 
0.000025 440.169470 75522400 
0.000025 446.484370 80052200 
0.000025 443.751277 73385100 
0.000025 440.239635 91247000 
0.000025 436.450171 81476800 
0.000025 434.826683 79271300 
0.000025 443.910324 81630600 
0.000025 435.452832 75452600 
0.000025 444.943306 73978700 
0.000025 447.010187 84444000 
0.000025 436.448462 81798400 
0.000025 442.883475 83731600 
0.000025 444.955615 106534800 
0.000025 437.558625 104858100 
0.000025 442.001154 79285100 
0.000025 433.998207 96670500 
0.000025 442.352375 87888200 
0.000025 445.224301 93734200 
0.000025 443.218057 81671600 
0.000025 444.140001 89092600 
0.000025 434.351711 92627100 
0.000025 438.434879 101271500 
0.000025 454.801036 83587600 
0.000025 443.054925 89996100 
0.000025 440.256879 90434800 
0.000025 443.911832 77173500 
0.000025 443.228751 82016800 
0.000025 433.768151 81257000 
0.000025 433.041061 94094500 
0.000025 436.497802 82694800 
0.000025 437.812712 90529400 
0.000025 442.287096 83619000 
0.000025 435.599457 105654900 
0.000025 441.624115 89048800 
0.000025 441.578122 80468400 
0.000025 450.998783 87907800 
0.000025 439.852210 81119400 
0.000025 435.554983 95175000 
0.000025 435.575076 71836300 
0.000025 440.515023 92616400 
0.000025 437.742072 78980100 
0.000025 446.418396 76475200 
0.000025 438.593791 85136800 
0.000025 430.860620 94395200 
0.000025 435.313575 89308300 
0.000025 439.476354 89974100 
0.000025 444.624945 81474000 
0.000025 440.893604 92151900 
0.000025 437.206045 84514400 
0.000025 437.539973 88465900 
0.000025 441.095745 106151800 
0.000025 443.573191 83767400 
0.000025 437.829711 91807800 
0.000025 443.968123 83684000 
0.000025 440.141027 80534000 
0.000025 442.412045 81046300 
0.000025 442.555161 85771000 
0.000025 433.900760 77331100 
0.000025 436.353304 91445500 
0.000025 431.643802 78542200 
0.000025 441.878975 92866200 
0.000025 436.806079 78804400 
0.000025 445.039754 93068900 
0.000025 441.226104 83436200 
0.000025 438.440780 85426500 
0.000025 437.030365 84774700 
0.000025 439.217373 81724400 
0.000025 447.091217 75090400 
0.000025 445.835826 81763500 
0.000025 440.847387 89837200 
0.000025 446.028022 85934800 
0.000025 448.634691 80614100 
0.000025 441.835856 69506800 
0.000025 441.009861 105286700 
0.000025 435.311206 76496100 
0.000025 443.245465 82876800 
0.000025 433.585536 87624900 
0.000025 434.624783 81256200 
0.000025 433.186245 94972800 
0.000025 434.538137 91231300 
0.000025 437.050651 74523000 
0.000025 445.128462 83970500 
0.000025 436.421130 65713300 
0.000025 439.035819 89578200 
0.000025 434.757329 69378100 
0.000025 442.704723 84100800 
0.000025 443.472701 77389700 
0.000025 448.185312 89926300 
0.000025 443.339365 76792900 
0.000025 450.774144 100691600 
0.000025 445.139418 80495200 
0.000025 442.226110 83683800 
0.000025 440.644041 82622800 
0.000025 436.367987 103732200 
0.000025 445.671773 79068500 
0.000025 434.883520 97258400 
0.000025 440.655900 75066600 
0.000025 445.092854 83989600 
0.000030 437.500381 89158700 
0.000030 441.434307 75940100 
0.000030 445.464558 88170600 
0.000030 430.860620 75089700 
0.000030 438.296168 88025400 
0.000030 442.407604 80020800 
0.000030 443.804683 66123700 
0.000030 439.525093 88191200 
0.000030 434.826683 66496800 
0.000030 440.428710 70165000 
0.000030 433.466926 64857200 
0.000030 439.822123 67229600 
0.000030 438.356951 78511500 
0.000030 442.465485 81638300 
0.000030 439.992232 62040100 
0.000030 442.114184 68722900 
0.000030 440.187764 90206500 
0.000030 439.363451 68522400 
0.000030 444.249517 62064500 
0.000030 442.550236 74165900 
0.000030 442.241760 61324600 
0.000030 441.400482 63829000 
0.000030 442.720516 67034000 
0.000030 444.617470 71616700 
0.000030 448.482175 72902500 
0.000030 436.344482 65472100 
0.000030 434.376508 66241400 
0.000030 439.943388 77918500 
0.000030 443.381624 76369800 
0.000030 442.780575 65523800 
0.000030 436.447541 74788600 
0.000030 443.282386 71555400 
0.000030 448.758141 76908800 
0.000030 445.667368 79196500 
0.000030 445.865681 67914400 
0.000030 436.022876 72202500 
0.000030 438.014011 88010800 
0.000030 446.824220 76722100 
0.000030 454.580254 74502600 
0.000030 436.669294 86816200 
0.000030 452.281342 78977900 
0.000030 440.581738 71997600 
0.000030 445.328143 71174400 
0.000030 438.023541 74602900 
0.000030 437.479453 69128700 
0.000030 443.603093 66058600 
0.000030 438.998319 87883800 
0.000030 438.051979 76785000 
0.000030 441.713513 98144500 
0.000030 447.097751 71573800 
0.000030 433.732389 93920500 
0.000030 446.371714 66735200 
0.000030 450.591279 62011700 
0.000030 440.969734 79261200 
0.000030 441.690142 93336800 
0.000030 435.028622 73045100 
0.000030 444.242435 88580500 
0.000030 454.622265 76709500 
0.000030 448.449866 84175500 
0.000030 443.610682 90335300 
0.000030 441.488804 67150400 
0.000030 436.051460 62337700 
0.000030 445.215723 66521000 
0.000030 436.675440 78360800 
0.000030 436.900033 68084300 
0.000030 439.597701 64417000 
0.000030 435.985055 75011000 
0.000030 436.206010 89799900 
0.000030 440.889037 74944600 
0.000030 441.822865 74483600 
0.000030 438.771202 72819600 
0.000030 436.930821 62906100 
0.000030 439.814114 71443200 
0.000030 445.352120 67410700 
0.000030 429.484081 71634500 
0.000030 444.173369 93052200 
0.000030 440.661305 66908800 
0.000030 453.251346 67994400 
0.000030 446.181049 73099400 
0.000030 443.047931 54699600 
0.000030 445.521377 87249400 
0.000030 448.730887 65086400 
0.000030 436.871202 95813300 
0.000030 449.725530 91009600 
0.000030 454.881348 64852600 
0.000030 434.327037 88090300 
0.000030 431.923870 71674600 
0.000030 446.601818 72929800 
0.000030 432.989430 70340300 
0.000030 437.441876 97863400 
0.000030 433.968832 79849000 
0.000030 441.698837 75226700 
0.000030 443.109652 71074400 
0.000030 440.969856 73234000 
0.000030 456.820959 56873600 
0.000030 438.129699 87185300 
0.000030 432.259562 75133600 
0.000030 433.690015 62734700 
0.000030 444.157274 81291700 
0.000030 445.610706 61579900 
0.000035 437.177706 66661800 
0.000035 439.377773 54610500 
0.000035 440.374497 69462800 
0.000035 441.412452 62599400 
0.000035 439.133558 61794400 
0.000035 440.449549 63625100 
0.000035 438.261430 72849200 
0.000035 441.927135 62065000 
0.000035 436.737794 66601600 
0.000035 441.819264 53706700 
0.000035 440.911149 58425500 
0.000035 437.933871 55525400 
0.000035 436.462826 58297600 
0.000035 452.184857 46326800 
0.000035 442.683727 63468600 
0.000035 440.710830 49873700 
0.000035 441.412452 65068600 
0.000035 434.669888 68172600 
0.000035 441.794437 62768200 
0.000035 435.731901 66325900 
0.000035 433.732389 80577400 
0.000035 442.767767 58480100 
0.000035 443.969353 62581500 
0.000035 446.493032 63968000 
0.000035 443.059214 62989500 
0.000035 440.243972 56851100 
0.000035 443.275441 57152400 
0.000035 445.840643 58341000 
0.000035 438.286417 58573200 
0.000035 441.409199 75817800 
0.000035 435.422267 64719300 
0.000035 444.197699 59429200 
0.000035 440.309122 68234500 
0.000035 434.624783 59577400 
0.000035 430.883023 62747900 
0.000035 442.150289 66753100 
0.000035 432.985190 74449800 
0.000035 440.968969 67490000 
0.000035 442.095126 66654900 
0.000035 439.034958 65076500 
0.000035 437.097425 58226400 
0.000035 441.333104 65583900 
0.000035 446.985065 65547000 
0.000035 449.548061 65906100 
0.000035 433.071897 62451300 
0.000035 448.170496 74530600 
0.000035 447.599488 63630900 
0.000035 441.724449 67165900 
0.000035 445.671480 59835200 
0.000035 441.047575 76937500 
0.000035 442.281132 52793400 
0.000035 430.244022 64547300 
0.000035 434.903381 75732100 
0.000035 436.169136 64021600 
0.000035 438.340553 63922600 
0.000035 439.712059 61511900 
0.000035 437.525982 65076200 
0.000035 440.940658 54649900 
0.000035 441.427306 75198500 
0.000035 435.896742 65227800 
0.000035 430.445500 68120600 
0.000035 431.026609 61708900 
0.000035 431.237600 63123500 
0.000035 438.139065 66107200 
0.000035 437.020156 53554500 
0.000035 441.799637 61296100 
0.000035 438.124795 74366300 
0.000035 435.472174 58265000 
0.000035 443.592580 63659200 
0.000035 446.384366 68017800 
0.000035 432.122995 70046900 
0.000035 439.781122 60684100 
0.000035 439.186301 63886700 
0.000035 442.678131 63150800 
0.000035 439.287747 55780400 
0.000035 433.985979 56502800 
0.000035 438.882796 55931900 
0.000035 434.854145 66544000 
0.000035 441.358520 59402000 
0.000035 431.672955 64888400 
0.000035 429.929622 60717500 
0.000035 447.611617 61292000 
0.000035 429.484081 58349100 
0.000035 438.847786 60566200 
0.000035 437.558625 73614700 
0.000035 439.125464 68494000 
0.000035 451.684201 52346600 
0.000035 437.844984 57923100 
0.000035 449.139089 53469400 
0.000035 437.871845 69433600 
0.000035 439.915338 56476700 
0.000035 451.157894 63920500 
0.000035 435.946948 56863900 
0.000035 452.336082 57066000 
0.000035 442.224426 52585500 
0.000035 444.564754 68495900 
0.000035 438.586912 52506500 
0.000035 441.627957 60640400 
0.000035 432.574512 65864800 
0.000035 438.758988 62061500 
0.000040 440.218060 54265000 
0.000040 433.466926 51761400 
0.000040 431.923870 53336100 
0.000040 442.510968 54718000 
0.000040 447.176623 51612400 
0.000040 435.452832 53585300 
0.000040 438.348796 54738000 
0.000040 435.743619 58759900 
0.000040 438.680086 61853900 
0.000040 431.026609 57978400 
0.000040 441.340054 49139400 
0.000040 444.123703 58335700 
0.000040 443.635824 52374300 
0.000040 442.392840 50133400 
0.000040 434.970116 70970000 
0.000040 429.530283 56862700 
0.000040 431.374564 55680300 
0.000040 437.966533 55843100 
0.000040 442.418213 51316700 
0.000040 445.560077 65018600 
0.000040 437.492560 58529300 
0.000040 441.217006 54109100 
0.000040 441.768027 53444700 
0.000040 447.920391 48964300 
0.000040 439.666361 57506800 
0.000040 444.865761 51631200 
0.000040 431.923870 54363700 
0.000040 443.668082 57984000 
0.000040 446.391635 52232000 
0.000040 448.506913 50196600 
0.000040 437.991563 49883300 
0.000040 441.373741 61709100 
0.000040 435.606577 53145200 
0.000040 450.945175 62607000 
0.000040 435.027317 58595100 
0.000040 442.913311 63160500 
0.000040 445.903384 51103300 
0.000040 446.976665 56964500 
0.000040 434.656267 59853400 
0.000040 445.806591 49015600 
0.000040 442.628478 54013900 
0.000040 432.414355 54174100 
0.000040 439.125464 57455700 
0.000040 444.128022 51053600 
0.000040 438.900390 58050200 
0.000040 442.090060 69216900 
0.000040 454.506031 47222300 
0.000040 438.021779 55598500 
0.000040 445.063328 51456000 
0.000040 439.067704 55362800 
0.000040 434.945806 46778300 
0.000040 441.676157 54049000 
0.000040 442.117832 56625600 
0.000040 448.106370 51982200 
0.000040 454.082032 56686600 
0.000040 439.238924 67337500 
0.000040 438.576648 59551900 
0.000040 437.777359 51000800 
0.000040 447.304494 55687400 
0.000040 434.361729 65006300 
0.000040 437.945582 51655000 
0.000040 444.535046 50333400 
0.000040 439.658636 55934600 
0.000040 446.165855 66573900 
0.000040 448.676637 53991300 
0.000040 447.637633 45473000 
0.000040 448.777720 49125400 
0.000040 444.348654 54172900 
0.000040 437.565166 50092100 
0.000040 446.356056 55610400 
0.000040 435.449264 56643800 
0.000040 437.056110 59332900 
0.000040 445.652241 57062300 
0.000040 438.255064 53158400 
0.000040 437.839804 53978600 
0.000040 436.987559 64468600 
0.000040 438.478552 57959700 
0.000040 443.464326 72820100 
0.000040 441.907204 57617800 
0.000040 434.674792 53937000 
0.000040 443.532114 59205700 
0.000040 442.520869 52968600 
0.000040 443.169100 43189700 
0.000040 439.416067 46880900 
0.000040 439.289706 56192800 
0.000040 448.218588 65702600 
0.000040 437.768802 59805900 
0.000040 444.095907 56678100 
0.000040 443.227332 53924400 
0.000040 437.846426 56549600 
0.000040 443.419811 60264000 
0.000040 437.306748 53683300 
0.000040 443.721834 67402800 
0.000040 436.448462 50133300 
0.000040 445.631977 54998600 
0.000040 439.952144 56902800 
0.000040 444.868099 57015000 
0.000040 443.350048 65973100 
0.000040 444.637845 54972800 
0.000040 445.339681 55033600 
0.000045 436.985372 49228700 
0.000045 437.889280 45300800 
0.000045 444.669803 53965800 
0.000045 438.962420 44861100 
0.000045 445.531433 45062900 
0.000045 434.538137 50440100 
0.000045 446.024801 46986100 
0.000045 438.649383 57781900 
0.000045 436.022204 43161200 
0.000045 445.268413 52141300 
0.000045 438.789906 43830900 
0.000045 438.975783 51658700 
0.000045 434.327037 56937400 
0.000045 442.329159 47701700 
0.000045 443.886935 43695700 
0.000045 444.474895 44720100 
0.000045 450.229558 46550900 
0.000045 444.105160 48413200 
0.000045 439.645275 49824500 
0.000045 445.567946 45158800 
0.000045 436.789050 53670200 
0.000045 445.834158 45348900 
0.000045 439.392779 59678000 
0.000045 441.004437 53731000 
0.000045 445.772519 52749400 
0.000045 440.487048 62166700 
0.000045 443.756718 49286000 
0.000045 438.348796 47471500 
0.000045 451.415013 50189200 
0.000045 433.466398 50868900 
0.000045 439.621631 41149900 
0.000045 435.412511 48538200 
0.000045 435.680832 42173600 
0.000045 438.987826 39988800 
0.000045 444.412235 59355900 
0.000045 455.481203 48262600 
0.000045 450.218001 47920600 
0.000045 444.780370 44137500 
0.000045 444.590847 52180700 
0.000045 441.549963 48627700 
0.000045 441.767488 49233300 
0.000045 443.587033 46937900 
0.000045 444.787958 51731200 
0.000045 436.661022 52958000 
0.000045 447.065209 42792300 
0.000045 437.667269 48799200 
0.000045 430.244022 47153200 
0.000045 446.620549 45963300 
0.000045 435.331817 45603400 
0.000045 442.300468 55660500 
0.000045 439.238924 61947000 
0.000045 439.467816 48888100 
0.000045 441.247907 41863400 
0.000045 440.351831 44374300 
0.000045 444.229739 59995400 
0.000045 438.238823 52928500 
0.000045 448.584947 43943800 
0.000045 436.813492 55665500 
0.000045 446.995980 53617300 
0.000045 437.042411 58052600 
0.000045 439.196245 54044000 
0.000045 443.048957 46006100 
0.000045 448.695299 44286800 
0.000045 446.011375 42507000 
0.000045 433.167532 46680000 
0.000045 436.960327 50182500 
0.000045 445.389928 41904200 
0.000045 439.100138 53317500 
0.000045 446.168992 44718300 
0.000045 436.661022 50651800 
0.000045 436.335512 47860400 
0.000045 441.060685 47058800 
0.000045 441.494229 49184400 
0.000045 438.369044 50430000 
0.000045 434.142119 51400600 
0.000045 439.731339 43218300 
0.000045 440.765396 47268200 
0.000045 439.920945 46221500 
0.000045 438.946249 50763700 
0.000045 447.232021 49307200 
0.000045 454.416731 43605400 
0.000045 442.949784 55051000 
0.000045 439.363451 48036000 
0.000045 438.416225 50105300 
0.000045 435.250539 56829900 
0.000045 452.001485 47129800 
0.000045 445.266895 44394400 
0.000045 447.232585 58959800 
0.000045 438.429065 50044900 
0.000045 437.209427 46160900 
0.000045 432.259562 48805900 
0.000045 438.651964 41896600 
0.000045 455.071175 47965900 
0.000045 439.385237 52559500 
0.000045 441.907961 46207200 
0.000045 451.276415 45287800 
0.000045 448.457612 46122400 
0.000045 442.841245 51174000 
0.000045 438.910141 50090700 
0.000045 438.375772 43787400 
0.000050 442.219218 41858400 
0.000050 442.448172 43575900 
0.000050 442.387906 38132400 
0.000050 449.582129 42414600 
0.000050 442.087871 38529100 
0.000050 433.576514 39253200 
0.000050 449.296436 40184100 
0.000050 433.732389 57778200 
0.000050 439.437598 54133700 
0.000050 444.329421 42192700 
0.000050 442.303235 40511800 
0.000050 438.288960 44206400 
0.000050 439.035819 42424000 
0.000050 443.891804 37494100 
0.000050 437.014067 46543200 
0.000050 436.547747 46609000 
0.000050 434.669888 46397200 
0.000050 431.911921 45713600 
0.000050 441.708805 48205700 
0.000050 438.801142 42067700 
0.000050 440.598252 37955600 
0.000050 435.449264 46591400 
0.000050 446.026462 48779800 
0.000050 446.700184 44547500 
0.000050 441.190753 42045000 
0.000050 433.765392 42560700 
0.000050 440.637407 46060400 
0.000050 440.010697 48898700 
0.000050 444.693292 46201700 
0.000050 429.484081 42600100 
0.000050 439.560459 43435700 
0.000050 437.643846 43774600 
0.000050 436.907205 49034800 
0.000050 439.555897 46964200 
0.000050 433.697696 50129700 
0.000050 432.146235 44913100 
0.000050 430.746455 47378400 
0.000050 441.527467 43594900 
0.000050 440.324503 44641600 
0.000050 435.849673 43625800 
0.000050 443.803745 52199800 
0.000050 441.887924 43199800 
0.000050 452.525029 39018000 
0.000050 441.619896 57793900 
0.000050 442.042587 58799000 
0.000050 439.871102 44705900 
0.000050 435.161008 47613400 
0.000050 457.331778 47513400 
0.000050 433.489728 41746100 
0.000050 439.878262 41242400 
0.000050 439.385237 46313200 
0.000050 431.953245 43318600 
0.000050 436.454929 41652600 
0.000050 441.935347 44699200 
0.000050 430.860620 47783900 
0.000050 437.232904 41403500 
0.000050 446.766735 43405200 
0.000050 444.671556 44516700 
0.000050 439.966571 41826300 
0.000050 439.045604 42022700 
0.000050 448.744625 42456700 
0.000050 441.035393 52475400 
0.000050 442.787283 47080700 
0.000050 438.516402 43472000 
0.000050 449.623416 43807000 
0.000050 447.260687 40471500 
0.000050 441.757702 40632800 
0.000050 439.444998 45866700 
0.000050 442.094836 45054900 
0.000050 435.345371 45795100 
0.000050 450.655065 43471300 
0.000050 442.490941 50880300 
0.000050 439.838591 38459700 
0.000050 442.373681 46331400 
0.000050 438.024755 41878800 
0.000050 439.962925 45177400 
0.000050 451.582327 54191000 
0.000050 454.507326 43093500 
0.000050 449.152309 45349300 
0.000050 443.587787 44842900 
0.000050 436.092550 49731300 
0.000050 438.259076 46146400 
0.000050 437.316454 42177200 
0.000050 453.187343 39247000 
0.000050 438.422826 51337700 
0.000050 441.846787 49340000 
0.000050 442.218282 40358800 
0.000050 439.366765 45942100 
0.000050 457.664257 36964400 
0.000050 449.786768 44438700 
0.000050 444.666596 45105300 
0.000050 440.471487 36583800 
0.000050 446.493933 41496100 
0.000050 449.614573 42415100 
0.000050 433.732800 45162700 
0.000050 441.505584 53119800 
0.000050 443.008572 40247300 
0.000050 440.969734 48152000 
0.000050 438.980242 44007100 
0.000050 443.629917 45091100 
0.000055 450.547725 37292000 
0.000055 448.549448 38618500 
0.000055 437.359951 46394400 
0.000055 442.055470 33612300 
0.000055 439.814750 42564300 
0.000055 439.501334 50450200 
0.000055 443.427161 40014000 
0.000055 447.782282 36492600 
0.000055 435.634592 38562400 
0.000055 446.170306 52886100 
0.000055 449.779118 43633200 
0.000055 439.288662 37161600 
0.000055 443.580897 37629600 
0.000055 435.677359 36418700 
0.000055 445.789287 38633700 
0.000055 435.028622 38665000 
0.000055 433.572870 45741100 
0.000055 435.011766 39882100 
0.000055 445.120433 36266200 
0.000055 445.303428 37849300 
0.000055 436.323234 40608000 
0.000055 440.809943 38357300 
0.000055 436.440520 38141500 
0.000055 435.674544 45418000 
0.000055 441.338314 31815700 
0.000055 448.093073 39018000 
0.000055 444.342119 36945600 
0.000055 439.967814 42648600 
0.000055 446.167452 51978900 
0.000055 438.414603 38399100 
0.000055 449.732827 34499400 
0.000055 442.912671 39186000 
0.000055 441.337854 47604200 
0.000055 434.555680 42592500 
0.000055 441.673482 43663400 
0.000055 439.400282 36238500 
0.000055 448.465386 35568300 
0.000055 440.488352 41432500 
0.000055 445.414358 37040400 
0.000055 439.363451 38174500 
0.000055 440.249122 38217000 
0.000055 441.947549 33956800 
0.000055 443.326915 36182900 
0.000055 443.467855 37438000 
0.000055 439.040072 36357200 
0.000055 431.911921 40208200 
0.000055 437.751276 41374800 
0.000055 445.242328 40501800 
0.000055 442.292424 35233400 
0.000055 447.473643 40941300 
0.000055 440.438429 40612800 
0.000055 450.529842 41309900 
0.000055 445.610282 39334100 
0.000055 440.309122 44048100 
0.000055 436.194232 35140900 
0.000055 446.595346 38059300 
0.000055 435.659981 36255300 
0.000055 431.755729 39506800 
0.000055 441.052551 40267400 
0.000055 444.198829 34045700 
0.000055 446.723402 41363800 
0.000055 442.968237 43799000 
0.000055 451.376306 39277700 
0.000055 439.522421 41322600 
0.000055 446.313340 39315600 
0.000055 446.833682 39228500 
0.000055 446.188764 40206600 
0.000055 435.643526 41923900 
0.000055 438.168069 37584000 
0.000055 443.792714 35496400 
0.000055 442.098280 40399500 
0.000055 438.129699 52399800 
0.000055 445.229989 39917400 
0.000055 452.346483 42986200 
0.000055 437.035005 38137100 
0.000055 441.902642 41447800 
0.000055 432.259562 43502600 
0.000055 439.458703 37242500 
0.000055 438.252585 42035900 
0.000055 451.232555 44725200 
0.000055 449.868568 39248100 
0.000055 443.119543 37840600 
0.000055 441.273600 42349500 
0.000055 444.737003 38917100 
0.000055 449.153869 39415600 
0.000055 439.387875 43290200 
0.000055 446.620549 39369700 
0.000055 440.224918 40064300 
0.000055 440.739990 42234200 
0.000055 442.992752 44138700 
0.000055 448.493080 35605300 
0.000055 438.119370 36732800 
0.000055 441.540633 52009600 
0.000055 452.565306 35944400 
0.000055 432.098347 39410900 
0.000055 447.990586 39821900 
0.000055 443.054925 40875000 
0.000055 441.090529 43381000 
0.000055 437.963212 40436900 
0.000055 443.983875 45375200 
0.000060 439.822123 35482400 
0.000060 440.170695 37376800 
0.000060 446.361160 38034300 
0.000060 439.878812 37291500 
0.000060 440.291744 40178800 
0.000060 450.440424 35297400 
0.000060 435.930360 35214900 
0.000060 438.401989 38712700 
0.000060 446.749330 44426100 
0.000060 441.349147 38313100 
0.000060 438.051979 38645200 
0.000060 450.966228 31933300 
0.000060 441.723851 42138900 
0.000060 433.263426 38129200 
0.000060 434.293205 46365900 
0.000060 440.104824 40167600 
0.000060 442.249044 48729900 
0.000060 441.902642 36806400 
0.000060 437.340791 36023500 
0.000060 443.304854 39538100 
0.000060 436.414796 43687200 
0.000060 444.910047 36528700 
0.000060 433.572870 40830700 
0.000060 447.764260 39709100 
0.000060 443.454745 40630400 
0.000060 443.221708 50521900 
0.000060 449.003432 43305900 
0.000060 437.622361 46235800 
0.000060 443.320899 40858500 
0.000060 438.772205 39616400 
0.000060 441.105387 41672500 
0.000060 449.455268 39928900 
0.000060 438.541407 38518800 
0.000060 449.355731 32443300 
0.000060 439.135719 37369400 
0.000060 439.146702 35044000 
0.000060 442.384497 37724000 
0.000060 434.775001 40240600 
0.000060 442.592551 35901700 
0.000060 437.603726 36304200 
0.000060 442.336628 35255200 
0.000060 440.178887 42013000 
0.000060 437.627266 42848700 
0.000060 442.733696 35345600 
0.000060 439.437160 36975300 
0.000060 450.921272 36943600 
0.000060 441.462623 37579800 
0.000060 433.049494 39879000 
0.000060 448.031467 34916900 
0.000060 437.287902 37288000 
0.000060 436.810078 36991100 
0.000060 440.167304 37801800 
0.000060 438.372777 36966600 
0.000060 442.097488 34085200 
0.000060 449.932133 34592400 
0.000060 437.305270 32889200 
0.000060 443.758211 36680900 
0.000060 446.187275 39940100 
0.000060 444.694016 29993400 
0.000060 445.971566 37809900 
0.000060 437.403076 37361900 
0.000060 448.745735 42465300 
0.000060 443.072424 39812600 
0.000060 450.872186 35389500 
0.000060 443.313568 37482400 
0.000060 440.249122 35800800 
0.000060 444.860409 34572400 
0.000060 437.456470 41424900 
0.000060 432.704900 39349600 
0.000060 437.744398 37009100 
0.000060 444.944311 34989300 
0.000060 449.132897 37031200 
0.000060 438.294768 45286400 
0.000060 440.315959 37067100 
0.000060 446.249590 36848500 
0.000060 442.177280 36732000 
0.000060 441.005794 36181600 
0.000060 436.487183 37925700 
0.000060 442.569553 32844000 
0.000060 449.201697 36499900 
0.000060 429.117939 37061300 
0.000060 444.391850 36561400 
0.000060 447.437660 38155200 
0.000060 444.571078 34572000 
0.000060 441.723850 33431300 
0.000060 438.831491 35358000 
0.000060 437.680315 36775300 
0.000060 439.603587 43915900 
0.000060 438.234766 39235200 
0.000060 450.291715 36519400 
0.000060 442.335530 35944000 
0.000060 435.164334 31661000 
0.000060 443.524600 34046600 
0.000060 446.392140 38857700 
0.000060 442.270364 34304500 
0.000060 438.390670 33772500 
0.000060 437.104043 29781500 
0.000060 436.174028 40374900 
0.000060 444.373118 35217700 
0.000060 451.252280 36267800 
0.000065 434.624783 29929300 
0.000065 443.642191 40792600 
0.000065 454.843675 32460900 
0.000065 441.690026 35955300 
0.000065 445.646872 35450700 
0.000065 442.859867 30928600 
0.000065 442.762361 32190700 
0.000065 445.113197 31591400 
0.000065 443.496912 33896800 
0.000065 440.491682 32930900 
0.000065 437.374961 35499200 
0.000065 441.253514 31894900 
0.000065 449.310184 33301600 
0.000065 440.324563 38773500 
0.000065 444.101209 29398500 
0.000065 443.151292 28531000 
0.000065 447.765336 33499600 
0.000065 452.845616 34725500 
0.000065 443.908120 33481300 
0.000065 434.726582 32591100 
0.000065 440.421505 36894600 
0.000065 444.582558 35104800 
0.000065 439.271087 33549600 
0.000065 441.226104 31490400 
0.000065 442.164319 35249300 
0.000065 448.384754 31238400 
0.000065 443.654461 30435300 
0.000065 437.195343 33460300 
0.000065 438.949506 38446600 
0.000065 443.404216 31499500 
0.000065 448.736782 30912700 
0.000065 443.722559 46469900 
0.000065 434.729300 33905100 
0.000065 441.493503 31860600 
0.000065 441.445178 33369300 
0.000065 439.075385 35273500 
0.000065 439.398372 32543000 
0.000065 430.445500 35201100 
0.000065 441.553143 37142300 
0.000065 450.741827 31800600 
0.000065 428.871756 33935100 
0.000065 453.837813 34939000 
0.000065 439.890308 38403500 
0.000065 434.248270 39233100 
0.000065 443.514485 31013100 
0.000065 437.372554 34713800 
0.000065 435.742597 35500300 
0.000065 444.017619 35244500 
0.000065 440.769204 29980900 
0.000065 443.525121 37806500 
0.000065 436.678417 30751200 
0.000065 445.569169 34276000 
0.000065 432.683811 36010200 
0.000065 441.826231 33715700 
0.000065 431.026609 35685900 
0.000065 452.244597 31480100 
0.000065 439.728847 36820900 
0.000065 437.593577 31921100 
0.000065 436.318226 36116100 
0.000065 436.605637 33768400 
0.000065 438.973218 33275600 
0.000065 438.172173 33002300 
0.000065 440.256712 29998400 
0.000065 440.519409 35550600 
0.000065 441.867990 29416300 
0.000065 438.051950 31648000 
0.000065 442.822981 31793900 
0.000065 439.185106 34543800 
0.000065 448.370208 29129800 
0.000065 433.988164 40659400 
0.000065 447.417969 33163700 
0.000065 450.654180 34163100 
0.000065 439.645275 37222200 
0.000065 438.550446 30018800 
0.000065 439.137497 35848600 
0.000065 445.473885 32438200 
0.000065 450.801729 35744500 
0.000065 433.543027 33159800 
0.000065 433.081880 34854400 
0.000065 451.217926 34420700 
0.000065 438.843813 34116600 
0.000065 442.426688 32809800 
0.000065 450.594947 34330800 
0.000065 445.204416 36812000 
0.000065 453.104450 31566500 
0.000065 451.566323 37743400 
0.000065 441.655743 34513900 
0.000065 442.013114 31550500 
0.000065 448.278606 34458100 
0.000065 445.928119 32224300 
0.000065 446.862907 30453600 
0.000065 441.937600 33417300 
0.000065 440.281936 35509500 
0.000065 442.136241 36568700 
0.000065 436.618021 32699600 
0.000065 443.897314 43184800 
0.000065 436.743985 32936300 
0.000065 448.912877 35884200 
0.000065 442.826531 32795200 
0.000065 447.944351 32327700 
0.000070 442.761027 31962100 
0.000070 448.714047 32693500 
0.000070 436.290828 33157400 
0.000070 439.654228 33563800 
0.000070 441.290707 36339100 
0.000070 443.853306 31788800 
0.000070 439.546214 25209800 
0.000070 439.449392 29047100 
0.000070 444.173898 29974600 
0.000070 428.871756 31480900 
0.000070 448.869485 37833700 
0.000070 444.929302 29648200 
0.000070 435.104888 31952500 
0.000070 431.374564 34069300 
0.000070 441.702619 29064000 
0.000070 439.649111 33503800 
0.000070 435.659981 25554500 
0.000070 442.837369 32769600 
0.000070 434.416638 30534000 
0.000070 433.727932 32185300 
0.000070 446.514717 33396900 
0.000070 447.113367 29775000 
0.000070 444.127578 32759800 
0.000070 436.871202 40500500 
0.000070 440.936156 30207900 
0.000070 436.670309 37971100 
0.000070 437.721850 28148000 
0.000070 435.946948 28106200 
0.000070 450.063901 30578600 
0.000070 441.975857 33725800 
0.000070 444.561458 37515600 
0.000070 444.078122 31343700 
0.000070 445.692497 34331800 
0.000070 449.683601 30502700 
0.000070 443.968383 31681200 
0.000070 438.439046 34647700 
0.000070 435.473960 31100900 
0.000070 441.216357 27535200 
0.000070 447.091299 30268800 
0.000070 435.535261 32280600 
0.000070 443.673118 32883000 
0.000070 444.199470 28944100 
0.000070 444.756536 30539100 
0.000070 444.873609 33789600 
0.000070 434.845180 28219900 
0.000070 444.916596 30247000 
0.000070 449.616221 29116000 
0.000070 437.622361 39757600 
0.000070 445.259688 33027700 
0.000070 456.620072 29170400 
0.000070 445.537003 27222700 
0.000070 448.749447 29237200 
0.000070 436.814396 35269600 
0.000070 439.110616 32324200 
0.000070 437.812712 30300500 
0.000070 450.450767 32901000 
0.000070 443.460428 34319600 
0.000070 440.971415 34945900 
0.000070 431.421437 32307700 
0.000070 439.215558 33668000 
0.000070 439.401495 31183800 
0.000070 447.863074 30573800 
0.000070 431.503365 34255700 
0.000070 441.767488 31363100 
0.000070 443.111400 32115000 
0.000070 432.789243 25898000 
0.000070 441.443959 36555900 
0.000070 431.915985 26616200 
0.000070 441.893480 37895600 
0.000070 456.244007 34169200 
0.000070 444.008573 29703600 
0.000070 438.462901 29203700 
0.000070 446.888859 35222300 
0.000070 442.472411 30103100 
0.000070 457.277317 32392900 
0.000070 436.035528 29342000 
0.000070 434.826683 28747100 
0.000070 433.801039 29271500 
0.000070 433.697696 36340900 
0.000070 449.853201 30707400 
0.000070 441.108253 35425500 
0.000070 437.768151 38049900 
0.000070 442.767014 31213000 
0.000070 441.643069 27994000 
0.000070 441.533672 39839000 
0.000070 448.280717 32216100 
0.000070 453.107803 33066600 
0.000070 442.590518 28611000 
0.000070 431.911921 30702300 
0.000070 441.823660 30558900 
0.000070 436.714144 30693800 
0.000070 440.015035 30718100 
0.000070 441.791256 33587500 
0.000070 448.331357 28670000 
0.000070 440.136800 34304100 
0.000070 441.099466 29747400 
0.000070 439.923436 34303900 
0.000070 441.505234 36437600 
0.000070 446.714338 29300700 
0.000070 439.397322 27892200 
0.000075 441.857245 29909900 
0.000075 439.713016 29230600 
0.000075 443.044855 27306600 
0.000075 434.293308 25590500 
0.000075 436.891093 28528800 
0.000075 442.407158 35910900 
0.000075 439.918202 35596900 
0.000075 448.209288 29809500 
0.000075 443.787634 32654900 
0.000075 439.040072 28978500 
0.000075 442.172357 29393200 
0.000075 435.040985 30488700 
0.000075 443.755895 27933700 
0.000075 441.191097 31192300 
0.000075 444.538952 26027200 
0.000075 442.667402 36905500 
0.000075 435.117251 31266500 
0.000075 437.662718 30429700 
0.000075 447.398922 24920600 
0.000075 447.041802 24046600 
0.000075 428.981647 30069000 
0.000075 440.586276 31355900 
0.000075 432.711141 28651000 
0.000075 447.878642 31270600 
0.000075 447.482540 28855200 
0.000075 443.896759 29063500 
0.000075 444.548720 27053400 
0.000075 440.659286 28959400 
0.000075 446.057302 36463800 
0.000075 445.273093 38589700 
0.000075 444.198276 27736300 
0.000075 445.399815 29760000 
0.000075 435.654387 30309900 
0.000075 441.757992 31664800 
0.000075 449.253714 29590900 
0.000075 448.171867 29227200 
0.000075 449.938956 28505200 
0.000075 440.642518 28554800 
0.000075 439.090446 30210800 
0.000075 435.854807 32794700 
0.000075 438.580024 31574000 
0.000075 436.585515 28251100 
0.000075 436.483997 27716600 
0.000075 437.577510 38857700 
0.000075 444.254709 26213200 
0.000075 443.427965 29885600 
0.000075 436.825682 31750000 
0.000075 445.045304 28658900 
0.000075 445.206412 28364200 
0.000075 440.289420 37188100 
0.000075 440.695015 30836600 
0.000075 442.798673 29025800 
0.000075 445.971935 28788800 
0.000075 445.332938 28754100 
0.000075 447.607975 28611200 
0.000075 437.027739 28471800 
0.000075 453.030639 28482600 
0.000075 441.509344 28800900 
0.000075 446.629094 30133800 
0.000075 445.098209 35596900 
0.000075 443.744391 33096000 
0.000075 438.389093 25782500 
0.000075 436.697463 22899900 
0.000075 446.030428 36894200 
0.000075 446.066873 26900100 
0.000075 446.736931 27602500 
0.000075 444.173320 29614300 
0.000075 455.033647 29004100 
0.000075 439.269491 27593700 
0.000075 444.911924 28324300 
0.000075 441.005758 30678000 
0.000075 440.905180 36064700 
0.000075 444.531079 30166300 
0.000075 446.618039 27774200 
0.000075 437.762907 29279600 
0.000075 433.765860 29254500 
0.000075 450.144968 30966200 
0.000075 440.742275 27495500 
0.000075 441.063755 28328600 
0.000075 442.403379 33532600 
0.000075 436.540362 27578500 
0.000075 444.122885 33388300 
0.000075 436.303360 32316600 
0.000075 441.553143 32043600 
0.000075 456.197264 37888100 
0.000075 443.144312 30809400 
0.000075 439.125464 31653300 
0.000075 435.943014 31573000 
0.000075 448.209076 27318900 
0.000075 447.690776 29143700 
0.000075 433.733217 31860200 
0.000075 444.593251 30643200 
0.000075 453.811259 40591400 
0.000075 452.837481 30159800 
0.000075 444.234611 37964300 
0.000075 436.033126 37461400 
0.000075 442.033194 29239000 
0.000075 443.507459 30184400 
0.000075 438.902920 28559900 
0.000075 441.776145 29986400 
0.000080 444.780293 26853000 
0.000080 439.222352 27559200 
0.000080 447.401359 28605600 
0.000080 442.506754 27316900 
0.000080 442.773613 31962300 
0.000080 446.464646 27759700 
0.000080 438.192554 32070600 
0.000080 444.562871 26430700 
0.000080 453.064816 26355000 
0.000080 438.368271 30040600 
0.000080 441.731493 25767200 
0.000080 448.607366 25403900 
0.000080 438.787959 25380000 
0.000080 429.929622 27668200 
0.000080 444.592293 31186500 
0.000080 444.414445 26287400 
0.000080 450.121270 27362200 
0.000080 438.401738 25253700 
0.000080 439.639469 28742400 
0.000080 439.061484 34432700 
0.000080 439.840394 26743800 
0.000080 440.167304 30325600 
0.000080 444.793678 28482900 
0.000080 445.112199 26643900 
0.000080 451.163921 27771300 
0.000080 438.771677 24743700 
0.000080 437.557472 26866000 
0.000080 444.652544 28354800 
0.000080 446.707902 27884500 
0.000080 438.496367 28473900 
0.000080 453.010920 24847400 
0.000080 436.989191 32858400 
0.000080 444.853480 26318000 
0.000080 446.149425 27395500 
0.000080 454.262703 26923600 
0.000080 444.661919 29456500 
0.000080 439.206600 25632400 
0.000080 441.737627 33280300 
0.000080 443.522029 23637700 
0.000080 445.151393 30323200 
0.000080 438.684176 26935400 
0.000080 438.791934 24071000 
0.000080 447.184794 31257400 
0.000080 440.732394 29743800 
0.000080 444.938099 37191300 
0.000080 438.006536 27899600 
0.000080 440.425088 29489800 
0.000080 443.502025 33568800 
0.000080 454.547740 29924300 
0.000080 446.622458 26695400 
0.000080 439.635936 26825100 
0.000080 454.998105 23279700 
0.000080 442.874861 29786900 
0.000080 448.408730 24448500 
0.000080 436.172178 36109600 
0.000080 443.719356 30233400 
0.000080 446.045997 27674400 
0.000080 454.284842 27168900 
0.000080 443.478853 27085800 
0.000080 441.505968 28368300 
0.000080 441.854213 28994800 
0.000080 445.147065 29007500 
0.000080 435.210440 27987700 
0.000080 447.939176 23660100 
0.000080 445.634065 25725900 
0.000080 442.861932 26096000 
0.000080 438.348796 25630300 
0.000080 434.416638 28616600 
0.000080 447.413127 25178600 
0.000080 429.117939 29309100 
0.000080 443.118521 31245900 
0.000080 444.657223 27455300 
0.000080 436.343130 24045100 
0.000080 445.647005 25285600 
0.000080 448.436413 35050900 
0.000080 446.679796 25262000 
0.000080 435.432695 29019600 
0.000080 447.104038 28631400 
0.000080 441.961901 30999400 
0.000080 442.662857 25516300 
0.000080 445.969034 28143100 
0.000080 434.970116 33784800 
0.000080 432.725218 25442300 
0.000080 442.788651 27730000 
0.000080 440.987125 30425000 
0.000080 454.089454 26934300 
0.000080 441.225569 28016000 
0.000080 442.170479 31050500 
0.000080 453.605404 25961000 
0.000080 443.673118 29478500 
0.000080 440.994543 24487200 
0.000080 441.808085 34082300 
0.000080 443.759379 29415800 
0.000080 439.418827 31246000 
0.000080 448.802630 28252800 
0.000080 441.832920 28571700 
0.000080 449.028990 26839100 
0.000080 428.871756 27927300 
0.000080 435.659981 23994400 
0.000080 433.443832 25690400 
0.000085 437.011188 24916900 
0.000085 429.929622 24119000 
0.000085 439.443373 25840500 
0.000085 437.913978 22287900 
0.000085 443.028050 24997400 
0.000085 448.174088 30389400 
0.000085 443.203671 30220500 
0.000085 442.830028 27141200 
0.000085 434.193151 30936800 
0.000085 438.085755 25954000 
0.000085 433.689634 26622600 
0.000085 433.543495 27423200 
0.000085 433.268252 23990500 
0.000085 432.231229 28458100 
0.000085 447.252974 31229900 
0.000085 441.427217 33613200 
0.000085 442.860652 27218500 
0.000085 448.233809 28682500 
0.000085 440.253436 28012700 
0.000085 443.304854 26822900 
0.000085 437.857643 25386800 
0.000085 444.418920 25508600 
0.000085 447.734947 28766100 
0.000085 448.483564 32725200 
0.000085 435.452832 23501300 
0.000085 438.617052 21827300 
0.000085 441.796693 30670500 
0.000085 436.661022 27872100 
0.000085 438.032587 27046700 
0.000085 446.426907 27553700 
0.000085 442.068484 28666200 
0.000085 441.917805 22213100 
0.000085 447.429453 25998600 
0.000085 431.853416 34949500 
0.000085 451.663695 24167200 
0.000085 443.360226 29884300 
0.000085 441.010403 30383200 
0.000085 438.998319 31462600 
0.000085 450.603840 25300200 
0.000085 439.689458 19476400 
0.000085 438.871681 25083200 
0.000085 440.178887 30586000 
0.000085 433.186245 26493300 
0.000085 447.220337 26611700 
0.000085 446.131227 27042900 
0.000085 437.269075 27205800 
0.000085 434.416638 26229400 
0.000085 435.700084 27159400 
0.000085 447.012842 35282400 
0.000085 446.058662 29188100 
0.000085 444.230675 25549700 
0.000085 436.737794 28029400 
0.000085 445.619592 28292400 
0.000085 435.397063 25780000 
0.000085 442.217105 28759200 
0.000085 442.563835 23212200 
0.000085 440.799379 27715500 
0.000085 435.934731 21309600 
0.000085 440.280697 25778700 
0.000085 436.700513 26128200 
0.000085 435.432695 28733000 
0.000085 441.919665 28844200 
0.000085 444.248426 23469100 
0.000085 437.075077 33444600 
0.000085 442.803845 32356900 
0.000085 442.984312 24914200 
0.000085 446.466918 35243700 
0.000085 441.094804 29485500 
0.000085 439.431288 26731000 
0.000085 445.695741 27760800 
0.000085 451.511979 25323700 
0.000085 450.081145 25655000 
0.000085 430.860620 28142200 
0.000085 439.392779 30014400 
0.000085 443.944912 25035400 
0.000085 447.897562 29508800 
0.000085 443.492116 27553900 
0.000085 441.255939 25220200 
0.000085 430.746455 27379400 
0.000085 449.805072 24386200 
0.000085 438.304464 35444500 
0.000085 434.946709 28249300 
0.000085 438.553202 28698400 
0.000085 449.535890 24461400 
0.000085 452.616269 27098200 
0.000085 436.590599 31736100 
0.000085 454.398046 28785800 
0.000085 441.365908 27991700 
0.000085 442.009533 26391800 
0.000085 441.540633 32515200 
0.000085 445.911425 24449400 
0.000085 442.618595 25296800 
0.000085 447.595124 23522600 
0.000085 441.507901 27156100 
0.000085 440.919990 27657700 
0.000085 436.339496 22418300 
0.000085 437.374961 24005000 
0.000085 446.931454 26097900 
0.000085 444.133188 25679000 
0.000085 441.349104 24249500 
0.000090 439.931292 25813900 
0.000090 437.629626 25466400 
0.000090 443.874690 23568600 
0.000090 442.676893 25246800 
0.000090 441.011059 20781000 
0.000090 447.037729 23787800 
0.000090 442.755819 23380500 
0.000090 439.436060 21998000 
0.000090 456.145196 23666700 
0.000090 446.357013 24940200 
0.000090 437.475719 24947600 
0.000090 441.231240 25030700 
0.000090 446.622334 28320800 
0.000090 451.996801 26253300 
0.000090 439.506238 30700600 
0.000090 444.808944 27254700 
0.000090 434.922546 29128900 
0.000090 443.371732 21324100 
0.000090 437.777359 25058800 
0.000090 431.170521 26537800 
0.000090 436.111038 26160500 
0.000090 438.649383 30321000 
0.000090 442.874294 21968600 
0.000090 435.878484 24194500 
0.000090 437.909256 25548300 
0.000090 429.117939 25798000 
0.000090 442.964162 20869200 
0.000090 438.455173 25942600 
0.000090 449.031331 20352200 
0.000090 444.515224 25436100 
0.000090 447.655357 23583200 
0.000090 440.489384 27113300 
0.000090 432.683811 24317700 
0.000090 447.132884 24397200 
0.000090 439.879387 24498700 
0.000090 447.002362 22726100 
0.000090 448.746384 23656300 
0.000090 438.841887 24219700 
0.000090 433.733217 25493400 
0.000090 442.047482 24370800 
0.000090 439.476413 24078600 
0.000090 442.733317 24745700 
0.000090 440.051354 24306500 
0.000090 437.035005 25671500 
0.000090 437.831735 23845600 
0.000090 436.413801 23753300 
0.000090 455.555074 25090000 
0.000090 438.492496 23890800 
0.000090 438.262718 30316200 
0.000090 443.640876 25591100 
0.000090 442.566832 26540600 
0.000090 445.372401 23940500 
0.000090 439.130863 24721100 
0.000090 443.775811 25828300 
0.000090 436.283394 24908100 
0.000090 450.770674 24810900 
0.000090 444.645114 27498300 
0.000090 446.179787 22816100 
0.000090 438.781078 21605700 
0.000090 428.981647 25307800 
0.000090 442.979394 30700000 
0.000090 436.615069 30575400 
0.000090 436.055590 24779400 
0.000090 443.429641 27380000 
0.000090 440.183592 23381000 
0.000090 443.855095 24828600 
0.000090 447.069000 26205600 
0.000090 441.807317 22181200 
0.000090 431.170521 25364900 
0.000090 444.766617 23070600 
0.000090 439.182520 24617700 
0.000090 437.587126 24616700 
0.000090 444.003300 30106700 
0.000090 445.195123 23307100 
0.000090 440.912017 25927200 
0.000090 443.890052 23584100 
0.000090 440.347170 30102900 
0.000090 439.236230 29291000 
0.000090 452.836036 25544000 
0.000090 441.846523 24849700 
0.000090 451.514844 25264900 
0.000090 441.303649 26517900 
0.000090 446.428023 22196000 
0.000090 437.259927 24398000 
0.000090 441.431224 33345300 
0.000090 439.112845 22382900 
0.000090 448.401556 29988300 
0.000090 447.607492 27941600 
0.000090 444.690676 27710400 
0.000090 446.388003 22157400 
0.000090 442.669233 28886200 
0.000090 434.394966 20577000 
0.000090 440.774344 25089300 
0.000090 436.921782 24123000 
0.000090 442.618677 28195300 
0.000090 443.917829 24510400 
0.000090 436.009719 23603100 
0.000090 446.739142 25226400 
0.000090 446.443133 26101200 
0.000090 438.675247 24823600 
0.000095 435.806825 21533600 
0.000095 437.448734 27580600 
0.000095 440.857319 23757300 
0.000095 446.741870 23314100 
0.000095 440.378145 21108100 
0.000095 445.886857 21268900 
0.000095 437.944408 21945000 
0.000095 436.907205 23996300 
0.000095 443.233961 23000900 
0.000095 446.325364 23741100 
0.000095 443.756010 22610500 
0.000095 447.458948 21232700 
0.000095 445.233817 22160100 
0.000095 446.429081 24403200 
0.000095 449.747926 23833900 
0.000095 442.999513 21821300 
0.000095 443.338054 23030400 
0.000095 436.675440 23780000 
0.000095 441.131872 20836300 
0.000095 442.829323 26778500 
0.000095 438.218323 29191600 
0.000095 440.324563 27373700 
0.000095 444.289915 22410100 
0.000095 444.905546 29132800 
0.000095 436.195991 25431200 
0.000095 451.531975 22551900 
0.000095 436.968544 21890900 
0.000095 453.149547 21775500 
0.000095 445.567482 24850000 
0.000095 446.579156 21583700 
0.000095 443.295220 22052400 
0.000095 447.654109 31085700 
0.000095 440.071973 20753800 
0.000095 439.512254 23221400 
0.000095 443.302165 21825000 
0.000095 435.598485 21889500 
0.000095 440.010697 25047200 
0.000095 457.013849 22186500 
0.000095 445.649498 24558400 
0.000095 444.746245 24651600 
0.000095 451.599785 24000300 
0.000095 439.795762 21214700 
0.000095 453.312682 25224400 
0.000095 435.668770 22164500 
0.000095 441.736963 22691600 
0.000095 441.802659 21363100 
0.000095 435.567736 24331600 
0.000095 435.793908 19235900 
0.000095 450.952096 24604800 
0.000095 439.476413 23816500 
0.000095 449.816458 24361800 
0.000095 441.788281 32051800 
0.000095 442.609089 21036100 
0.000095 440.413487 28332400 
0.000095 443.073926 21423600 
0.000095 442.696220 21367200 
0.000095 441.888568 25084500 
0.000095 440.777851 24456400 
0.000095 428.871756 20992300 
0.000095 442.780286 27558000 
0.000095 445.293151 20865600 
0.000095 436.462826 23379800 
0.000095 438.006536 22344200 
0.000095 437.287902 23131400 
0.000095 440.275277 23798000 
0.000095 435.789447 20373000 
0.000095 449.642340 23246900 
0.000095 442.669093 22818800 
0.000095 444.622320 19801200 
0.000095 436.022876 24539200 
0.000095 443.951119 23484500 
0.000095 443.813584 26560500 
0.000095 432.482757 30541100 
0.000095 443.565839 21086300 
0.000095 434.574076 24784300 
0.000095 443.390015 22110300 
0.000095 438.281663 21517900 
0.000095 443.965570 25258200 
0.000095 446.697026 21763100 
0.000095 449.118332 30137300 
0.000095 445.844965 23659900 
0.000095 439.358426 22913300 
0.000095 441.802682 22994800 
0.000095 439.854909 24844100 
0.000095 446.898370 24975500 
0.000095 452.549048 23220900 
0.000095 447.171864 27807100 
0.000095 449.302717 21418600 
0.000095 444.566262 23786300 
0.000095 445.966220 24043700 
0.000095 439.163829 26224800 
0.000095 442.224426 21675100 
0.000095 440.746238 20675300 
0.000095 432.480244 25848200 
0.000095 435.273500 24721100 
0.000095 441.294741 28893400 
0.000095 435.379858 25363200 
0.000095 435.420851 23669200 
0.000095 438.176314 26517600 
0.000095 445.102286 21449700 
0.0000010 433.879187 2259197500 
0.0000010 444.292289 1905100300 
0.0000010 430.746455 1981867900 
0.0000010 445.101788 2106676700 
0.0000010 436.033126 2587904600 
0.0000010 435.186087 1886148400 
0.0000010 438.329802 1726104500 
0.0000010 446.936282 2017457500 
0.0000010 437.447017 2066497000 
0.0000010 437.521387 1729575600 
0.0000010 438.896105 1945187400 
0.0000010 431.103238 2135936000 
0.0000010 436.176855 1908317100 
0.0000010 440.974231 1903003500 
0.0000010 440.893618 1732548100 
0.0000010 442.308838 1874380800 
0.0000010 447.048724 1839346900 
0.0000010 445.900849 1984478100 
0.0000010 433.174296 1785704100 
0.0000010 442.124865 1808041500 
0.0000010 430.445500 2145017100 
0.0000010 433.521937 2346378100 
0.0000010 436.159330 1808926000 
0.0000010 437.744464 1778059600 
0.0000010 431.643802 1948840100 
0.0000010 439.719403 1780440800 
0.0000010 445.165097 2377002100 
0.0000010 443.918794 1636939100 
0.0000010 444.701739 1864505700 
0.0000010 433.604984 2006896800 
0.0000010 438.571306 2028417100 
0.0000010 435.280680 1750355500 
0.0000010 437.711617 2300346400 
0.0000010 441.355488 1890025900 
0.0000010 435.800511 2213432000 
0.0000010 437.443737 2504368800 
0.0000010 437.034656 2172291300 
0.0000010 439.184325 1795996800 
0.0000010 437.481223 1714456800 
0.0000010 433.988164 2496510200 
0.0000010 437.865768 1949850700 
0.0000010 441.562545 2197124600 
0.0000010 432.683811 2117163800 
0.0000010 434.196635 1957286400 
0.0000010 438.799850 1675287900 
0.0000010 432.711141 1826255900 
0.0000010 435.293957 1586090100 
0.0000010 439.956021 1845222400 
0.0000010 433.765860 2023488600 
0.0000010 445.280399 1808924800 
0.0000010 431.220730 1794670000 
0.0000010 431.170521 2084853900 
0.0000010 436.136116 1715668200 
0.0000010 433.775354 2099974600 
0.0000010 439.973059 1750683900 
0.0000010 431.103705 1940936400 
0.0000010 434.248270 2398114500 
0.0000010 443.512114 1917523200 
0.0000010 441.960165 1996977700 
0.0000010 432.259562 2096479000 
0.0000010 446.366957 1973243100 
0.0000010 436.931144 1839063600 
0.0000010 435.144911 2510643000 
0.0000010 439.918271 1956121800 
0.0000010 434.248270 2330222600 
0.0000010 434.604347 2486990300 
0.0000010 439.920945 2039685600 
0.0000010 438.979509 1868171600 
0.0000010 435.632301 1997798100 
0.0000010 435.668770 1778241000 
0.0000010 430.691683 2218304100 
0.0000010 434.332298 1621304400 
0.0000010 436.859933 2800662100 
0.0000010 435.564724 1805595000 
0.0000010 437.789157 2150042400 
0.0000010 440.580384 2075707300 
0.0000010 439.029900 2103066000 
0.0000010 434.421291 1652520900 
0.0000010 436.758981 2608355300 
0.0000010 431.911921 2106080000 
0.0000010 436.033126 2484548900 
0.0000010 437.216989 2062629200 
0.0000010 442.093030 1780044800 
0.0000010 437.991291 1913122900 
0.0000010 441.921440 1939750000 
0.0000010 449.766889 1680940100 
0.0000010 435.273500 2061229600 
0.0000010 434.854145 2056918700 
0.0000010 440.082366 2075048000 
0.0000010 434.757329 1579874700 
0.0000010 434.025695 1822240200 
0.0000010 432.365612 1922389100 
0.0000010 435.599072 2124040400 
0.0000010 441.551320 1837916300 
0.0000010 433.265717 1934559800 
0.0000010 438.613536 2016570100 
0.0000010 446.651974 1677538700 
0.0000010 441.164893 1837383900 
0.0000010 432.928113 1785024800 
0.0000010 432.989430 1959629800 
0.0000025 437.966469 1294019600 
0.0000025 434.200130 1466282700 
0.0000025 441.688319 1234274700 
0.0000025 431.170521 1419639100 
0.0000025 443.340130 1354951000 
0.0000025 438.166312 1332344200 
0.0000025 433.697696 1583304100 
0.0000025 435.857554 1166428100 
0.0000025 429.929622 1301956500 
0.0000025 438.383931 1242505200 
0.0000025 443.722322 1276002700 
0.0000025 436.440520 1313287900 
0.0000025 435.647345 1579991100 
0.0000025 439.529819 1465127600 
0.0000025 444.334875 1298972800 
0.0000025 436.842315 1197456800 
0.0000025 440.159459 1278206900 
0.0000025 440.256879 1451970300 
0.0000025 443.009520 1241956100 
0.0000025 436.284247 1371948500 
0.0000025 436.094104 1217493300 
0.0000025 442.146026 1290302100 
0.0000025 444.538952 1222859900 
0.0000025 449.489989 1287953100 
0.0000025 441.047098 1667906500 
0.0000025 442.794862 1411496300 
0.0000025 434.974717 1080115600 
0.0000025 429.929622 1337860300 
0.0000025 439.155167 1355480200 
0.0000025 441.882678 1288598100 
0.0000025 435.076509 1260024000 
0.0000025 450.645950 1171580100 
0.0000025 430.860620 1508535600 
0.0000025 440.042163 1215061300 
0.0000025 448.572176 1145082000 
0.0000025 441.151872 1153702400 
0.0000025 439.170818 1300484300 
0.0000025 435.509661 1485454000 
0.0000025 447.083929 1255521100 
0.0000025 442.151714 1139365700 
0.0000025 443.713452 1383093500 
0.0000025 442.645530 1354007200 
0.0000025 438.782920 1193492800 
0.0000025 436.772368 1220654400 
0.0000025 431.328361 1269229400 
0.0000025 438.144586 1514933900 
0.0000025 447.858797 1358183600 
0.0000025 437.292082 1247695800 
0.0000025 430.890357 1359691200 
0.0000025 440.825478 1247163000 
0.0000025 431.529042 1412512100 
0.0000025 432.512980 1316452400 
0.0000025 438.480592 1332331400 
0.0000025 436.448627 1739529700 
0.0000025 441.561671 1308006200 
0.0000025 433.764554 1393179100 
0.0000025 434.039669 1033998300 
0.0000025 428.981647 1272641800 
0.0000025 443.267172 1316280900 
0.0000025 440.661843 1272953100 
0.0000025 439.751200 1325900500 
0.0000025 433.968832 1386276700 
0.0000025 431.923870 1297870400 
0.0000025 443.474444 1418715100 
0.0000025 439.890308 1571848700 
0.0000025 440.803780 1270964500 
0.0000025 433.263426 1285226000 
0.0000025 428.871756 1334562700 
0.0000025 442.545699 1291459800 
0.0000025 435.149564 1594897000 
0.0000025 436.926921 1393675000 
0.0000025 442.326362 1233929800 
0.0000025 447.220337 1385417600 
0.0000025 430.746455 1417495100 
0.0000025 432.928113 1118528000 
0.0000025 433.174296 1350454700 
0.0000025 428.871756 1250205900 
0.0000025 442.503160 1611668500 
0.0000025 446.706731 1185022500 
0.0000025 436.022876 1299023100 
0.0000025 435.985055 1479319300 
0.0000025 438.368420 1406644000 
0.0000025 438.234766 1588366700 
0.0000025 435.367774 1457106700 
0.0000025 446.390031 1186547200 
0.0000025 433.988164 1637015400 
0.0000025 441.357110 1170276500 
0.0000025 429.484081 1260791700 
0.0000025 434.555680 1493699800 
0.0000025 431.421437 1183189500 
0.0000025 432.098347 1072223300 
0.0000025 438.372777 1299647000 
0.0000025 451.152588 1281044000 
0.0000025 437.441876 1908526600 
0.0000025 436.758981 1719907800 
0.0000025 435.186087 1213917800 
0.0000025 437.030141 1341969800 
0.0000025 437.201427 1118022200 
0.0000025 437.707557 1084409800 
0.0000025 432.574512 1362832700 
0.0000020 433.215620 1009919800 
0.0000020 437.470675 850720800 
0.0000020 446.443532 929517500 
0.0000020 435.144911 1238279800 
0.0000020 443.189439 1055118000 
0.0000020 439.453420 947119100 
0.0000020 438.361829 954857300 
0.0000020 439.238924 1262697200 
0.0000020 441.286975 963350700 
0.0000020 433.879187 1139023200 
0.0000020 435.186087 932836100 
0.0000020 439.100138 1133552800 
0.0000020 443.393625 1091970900 
0.0000020 433.988164 1280407000 
0.0000020 433.543495 1048414900 
0.0000020 435.607322 1096948700 
0.0000020 435.076509 997389800 
0.0000020 430.746455 1043484700 
0.0000020 436.344482 885556800 
0.0000020 439.195174 942279800 
0.0000020 442.333655 917712800 
0.0000020 442.005423 960861400 
0.0000020 435.167093 1062680200 
0.0000020 439.437160 962222500 
0.0000020 435.292995 899518600 
0.0000020 442.388196 983209400 
0.0000020 439.501377 1117097000 
0.0000020 447.680515 1098892500 
0.0000020 436.758981 1321754600 
0.0000020 439.933751 1088770800 
0.0000020 444.342431 959278900 
0.0000020 445.634299 940587000 
0.0000020 437.626035 1014282700 
0.0000020 439.690564 851146200 
0.0000020 434.805402 1124569000 
0.0000020 441.695361 1037711400 
0.0000020 439.005285 910114000 
0.0000020 447.389642 984580500 
0.0000020 433.790894 1137159400 
0.0000020 436.402155 984788800 
0.0000020 436.793024 970852200 
0.0000020 436.692723 1048725400 
0.0000020 438.081058 908559500 
0.0000020 437.532136 1041199400 
0.0000020 438.501555 976130400 
0.0000020 440.631943 933086100 
0.0000020 444.043931 1010424700 
0.0000020 441.582317 928342100 
0.0000020 436.792607 952632000 
0.0000020 440.951191 900375800 
0.0000020 438.920406 957993600 
0.0000020 438.412264 921217000 
0.0000020 442.079724 920293700 
0.0000020 440.573516 1010879700 
0.0000020 428.981647 1038097100 
0.0000020 438.988538 918221500 
0.0000020 450.261570 826659900 
0.0000020 444.862687 983404300 
0.0000020 442.108907 874530100 
0.0000020 440.412772 929680400 
0.0000020 443.585889 844747200 
0.0000020 437.717168 935908900 
0.0000020 432.928113 936182800 
0.0000020 437.632408 1329989400 
0.0000020 435.007227 1062171800 
0.0000020 438.749747 1092082000 
0.0000020 436.050449 981719600 
0.0000020 438.271452 1087682800 
0.0000020 450.727345 977542700 
0.0000020 438.294597 1078108700 
0.0000020 444.027152 822481900 
0.0000020 432.590091 1114377600 
0.0000020 430.445500 1031060700 
0.0000020 435.576669 1260503300 
0.0000020 441.901425 1034032600 
0.0000020 435.643246 909377800 
0.0000020 431.237600 1028093600 
0.0000020 443.135800 885888100 
0.0000020 433.443832 878456000 
0.0000020 451.125564 1054212800 
0.0000020 446.910585 956097300 
0.0000020 433.081880 955303900 
0.0000020 433.947253 906088900 
0.0000020 446.086790 847837800 
0.0000020 439.176871 934577700 
0.0000020 438.588331 934174900 
0.0000020 440.787850 930161600 
0.0000020 441.260845 968300400 
0.0000020 436.375034 915411700 
0.0000020 438.319732 1067230900 
0.0000020 444.076048 1045947000 
0.0000020 444.065228 916767100 
0.0000020 438.592137 1081892200 
0.0000020 433.174296 923664300 
0.0000020 436.900033 979692800 
0.0000020 433.268252 886686800 
0.0000020 445.634497 963921800 
0.0000020 438.045860 892477400 
0.0000020 444.457374 977448300 
0.0000020 437.887242 992290300 
0.0000035 436.594983 963171900 
0.0000035 444.017007 757679600 
0.0000035 437.386225 987824900 
0.0000035 433.765392 767975400 
0.0000035 440.264511 1032470300 
0.0000035 435.532799 777082400 
0.0000035 441.223059 764946200 
0.0000035 436.014900 825179100 
0.0000035 444.624956 856584600 
0.0000035 447.285179 809813600 
0.0000035 446.567829 791876200 
0.0000035 436.284247 778941000 
0.0000035 436.303360 910621000 
0.0000035 431.923870 810519200 
0.0000035 433.900760 743711900 
0.0000035 434.327037 1053575200 
0.0000035 438.246435 753296700 
0.0000035 445.816656 747778800 
0.0000035 442.665109 798295400 
0.0000035 437.953637 1046202500 
0.0000035 433.985979 770671100 
0.0000035 437.139903 713895400 
0.0000035 431.859845 768050600 
0.0000035 444.682429 831425900 
0.0000035 435.975367 877282900 
0.0000035 429.117939 764543500 
0.0000035 442.685359 819294000 
0.0000035 436.364429 1032617600 
0.0000035 441.105387 926068100 
0.0000035 428.871756 808877700 
0.0000035 443.051698 838780900 
0.0000035 433.322812 816105100 
0.0000035 436.040264 868745100 
0.0000035 437.007770 869006800 
0.0000035 441.887857 836234700 
0.0000035 439.821830 844631800 
0.0000035 436.402155 780334100 
0.0000035 439.009773 846546500 
0.0000035 442.867153 697217400 
0.0000035 440.510128 806121600 
0.0000035 436.678417 736293700 
0.0000035 431.103705 836352900 
0.0000035 438.843813 882847900 
0.0000035 447.691592 742231100 
0.0000035 442.564763 746820100 
0.0000035 437.138307 652050400 
0.0000035 439.955369 820684800 
0.0000035 433.764554 864488100 
0.0000035 443.000565 788604700 
0.0000035 447.436165 734553900 
0.0000035 447.100209 794891300 
0.0000035 439.402141 767062700 
0.0000035 429.484081 707397000 
0.0000035 443.330451 802936700 
0.0000035 439.042330 835528300 
0.0000035 438.542351 1023279500 
0.0000035 453.673005 729455800 
0.0000035 428.871756 733088000 
0.0000035 431.923870 799470800 
0.0000035 441.291932 757761100 
0.0000035 437.706169 746319800 
0.0000035 430.349453 677552200 
0.0000035 437.707557 755755200 
0.0000035 432.177747 826228700 
0.0000035 434.570107 1024052600 
0.0000035 435.532799 728303100 
0.0000035 442.165695 702901300 
0.0000035 441.823660 796628000 
0.0000035 429.530283 844302100 
0.0000035 437.509931 774897900 
0.0000035 439.075888 762969800 
0.0000035 440.795838 949648200 
0.0000035 433.010770 782449600 
0.0000035 441.508739 815900300 
0.0000035 439.295274 884243700 
0.0000035 433.879186 873869000 
0.0000035 439.718498 802704800 
0.0000035 440.697812 741083500 
0.0000035 448.117778 719121300 
0.0000035 440.856072 800893200 
0.0000035 436.747856 842147800 
0.0000035 437.476004 804459000 
0.0000035 428.981647 831556200 
0.0000035 445.682179 895097900 
0.0000035 436.597345 617388300 
0.0000035 444.760256 771450900 
0.0000035 433.610311 893122500 
0.0000035 438.741250 770771800 
0.0000035 441.079434 759854400 
0.0000035 436.230684 774626600 
0.0000035 442.016019 862069600 
0.0000035 446.641704 905034200 
0.0000035 447.412049 692602900 
0.0000035 440.083797 676471000 
0.0000035 433.303829 881973500 
0.0000035 434.820324 749209400 
0.0000035 442.742264 747731800 
0.0000035 442.282136 663717500 
0.0000035 447.664616 748458100 
0.0000035 437.627266 1012418700 
0.0000030 441.994505 657696500 
0.0000030 438.250372 660345800 
0.0000030 439.556534 634488700 
0.0000030 449.143200 635944400 
0.0000030 428.981647 628568000 
0.0000030 450.711030 584346700 
0.0000030 442.445284 621576100 
0.0000030 446.904901 678442000 
0.0000030 443.361931 583897200 
0.0000030 438.266638 640644200 
0.0000030 436.676614 617695000 
0.0000030 438.224624 775756100 
0.0000030 437.424576 851529500 
0.0000030 434.112744 724762700 
0.0000030 437.509931 683700000 
0.0000030 444.318160 663754600 
0.0000030 434.248270 810205300 
0.0000030 440.020895 678643700 
0.0000030 442.361488 640086700 
0.0000030 433.049494 747892400 
0.0000030 436.676614 654518100 
0.0000030 445.666017 730497000 
0.0000030 441.701538 706748600 
0.0000030 431.170521 717447400 
0.0000030 443.158995 651051400 
0.0000030 440.044250 696703500 
0.0000030 438.628550 641450500 
0.0000030 439.373361 644591300 
0.0000030 439.669022 671336100 
0.0000030 438.446148 719889900 
0.0000030 435.186087 592580100 
0.0000030 442.516484 669134300 
0.0000030 436.089058 642099200 
0.0000030 442.289374 653383000 
0.0000030 432.122995 783338100 
0.0000030 447.575958 657333700 
0.0000030 443.922891 601013500 
0.0000030 441.178758 694768400 
0.0000030 436.639919 779493600 
0.0000030 433.263426 702928500 
0.0000030 445.417384 692405300 
0.0000030 442.923399 666987300 
0.0000030 443.608216 614006900 
0.0000030 437.993926 773792600 
0.0000030 444.592465 570543800 
0.0000030 447.665747 618436600 
0.0000030 433.543495 738986900 
0.0000030 441.830623 744673800 
0.0000030 438.165470 841471800 
0.0000030 432.905582 709055100 
0.0000030 435.677359 603702100 
0.0000030 439.559617 559644500 
0.0000030 442.880508 602435800 
0.0000030 441.736963 643151100 
0.0000030 442.677018 731394800 
0.0000030 439.170818 662384700 
0.0000030 438.292520 748845000 
0.0000030 439.485198 795655500 
0.0000030 437.844984 614726400 
0.0000030 439.702233 663190800 
0.0000030 442.974038 662463900 
0.0000030 436.344482 670016200 
0.0000030 440.391869 609037600 
0.0000030 447.841180 660831900 
0.0000030 444.939970 579893800 
0.0000030 431.103238 671548700 
0.0000030 443.308063 708671200 
0.0000030 431.859845 686673100 
0.0000030 438.329802 621784300 
0.0000030 433.543495 735011500 
0.0000030 444.605083 606046500 
0.0000030 439.625410 718174800 
0.0000030 433.489728 704202300 
0.0000030 434.846131 620606000 
0.0000030 432.482757 848861300 
0.0000030 434.893774 710461000 
0.0000030 445.822163 735522200 
0.0000030 439.876052 786670000 
0.0000030 443.309906 629138500 
0.0000030 435.420851 775282500 
0.0000030 440.811044 577700300 
0.0000030 433.889519 774266900 
0.0000030 442.910037 732992100 
0.0000030 443.262144 668728200 
0.0000030 433.585536 656858000 
0.0000030 431.237600 649139000 
0.0000030 432.842894 574947100 
0.0000030 438.788046 762073500 
0.0000030 440.836009 633385000 
0.0000030 441.983797 731965800 
0.0000030 429.929622 636033600 
0.0000030 444.125076 648239300 
0.0000030 440.935496 584137200 
0.0000030 439.719243 584649900 
0.0000030 444.658906 636319400 
0.0000030 436.137486 805205600 
0.0000030 436.238968 578167700 
0.0000030 435.906996 652122300 
0.0000030 436.694581 738420100 
0.0000030 432.905582 723670500 
0.0000035 433.543495 646259300 
0.0000035 443.391262 570345400 
0.0000035 437.397957 550656900 
0.0000035 441.953669 559287000 
0.0000035 442.718529 575801800 
0.0000035 438.724605 524512700 
0.0000035 446.333740 535643600 
0.0000035 432.905582 680176800 
0.0000035 434.834630 627924000 
0.0000035 438.725518 610213500 
0.0000035 439.422840 570343100 
0.0000035 432.177747 579536200 
0.0000035 433.979807 532983800 
0.0000035 444.230797 596517700 
0.0000035 440.268346 545149300 
0.0000035 428.981647 529360200 
0.0000035 434.829470 744859600 
0.0000035 440.375990 525834900 
0.0000035 433.900760 537506900 
0.0000035 438.617398 547401700 
0.0000035 433.041061 607759800 
0.0000035 435.017575 561672000 
0.0000035 443.134702 521730800 
0.0000035 446.380676 568904200 
0.0000035 444.612880 633159700 
0.0000035 440.007703 589878700 
0.0000035 436.678417 550479200 
0.0000035 440.141691 726388100 
0.0000035 431.103705 617114000 
0.0000035 434.374942 548220800 
0.0000035 436.816044 534316300 
0.0000035 449.886204 520069300 
0.0000035 438.127208 706867900 
0.0000035 435.250539 722482500 
0.0000035 439.845996 581463500 
0.0000035 448.389123 574928700 
0.0000035 440.187764 709456100 
0.0000035 443.722465 585684400 
0.0000035 437.041719 602690100 
0.0000035 441.499312 562498300 
0.0000035 437.526412 501826800 
0.0000035 451.791820 555834200 
0.0000035 432.928113 500475900 
0.0000035 434.248270 706502300 
0.0000035 434.102359 597810300 
0.0000035 437.164350 620317300 
0.0000035 437.949451 608998700 
0.0000035 432.146235 515576900 
0.0000035 442.298099 584907800 
0.0000035 440.210432 740115100 
0.0000035 445.556744 599286100 
0.0000035 434.374942 536942100 
0.0000035 443.421321 485119500 
0.0000035 428.871756 583536400 
0.0000035 436.022204 607839700 
0.0000035 429.530283 660356200 
0.0000035 447.427418 575768100 
0.0000035 440.010697 619008300 
0.0000035 441.429869 616513300 
0.0000035 448.756781 579577900 
0.0000035 434.112744 614695400 
0.0000035 436.432793 565621800 
0.0000035 435.598485 510144300 
0.0000035 437.540857 596327800 
0.0000035 435.531879 516830800 
0.0000035 448.549986 503457300 
0.0000035 433.699757 598548500 
0.0000035 436.359851 668291300 
0.0000035 443.568171 602496300 
0.0000035 436.137486 726013300 
0.0000035 439.832356 716971900 
0.0000035 445.052789 519754800 
0.0000035 446.751070 538473500 
0.0000035 434.248270 692967600 
0.0000035 446.206309 534996500 
0.0000035 435.612189 627883700 
0.0000035 435.659981 527422100 
0.0000035 433.543027 581123800 
0.0000035 437.023134 612832800 
0.0000035 442.245250 668724000 
0.0000035 435.273500 607710200 
0.0000035 436.949498 565422000 
0.0000035 430.746455 608430500 
0.0000035 436.451201 510242200 
0.0000035 449.255894 574852200 
0.0000035 446.753505 537485100 
0.0000035 439.578253 566592300 
0.0000035 442.442188 604039800 
0.0000035 437.032393 654447800 
0.0000035 443.298031 502146700 
0.0000035 441.580067 577839300 
0.0000035 438.968810 641913700 
0.0000035 434.200130 667779100 
0.0000035 429.929622 583323900 
0.0000035 431.923870 540145900 
0.0000035 440.513471 743664300 
0.0000035 442.397603 542992800 
0.0000035 430.860620 679720500 
0.0000035 437.721850 482369400 
0.0000035 433.963026 636724500 
0.0000040 434.200130 584418600 
0.0000040 439.273648 535083100 
0.0000040 444.276552 450552400 
0.0000040 436.661022 562911800 
0.0000040 436.829106 520533500 
0.0000040 435.720885 480037100 
0.0000040 443.536549 529482700 
0.0000040 431.103705 519343200 
0.0000040 437.059605 440554600 
0.0000040 438.903345 503790500 
0.0000040 436.343130 446828900 
0.0000040 445.146647 428205300 
0.0000040 432.394415 528934300 
0.0000040 431.114038 462186400 
0.0000040 443.602792 486598900 
0.0000040 439.377773 464387900 
0.0000040 439.901399 489771800 
0.0000040 432.414355 532911600 
0.0000040 438.169179 413254200 
0.0000040 447.219892 436451100 
0.0000040 436.949498 497460000 
0.0000040 434.427622 480487100 
0.0000040 431.103238 493564900 
0.0000040 435.090356 598366000 
0.0000040 449.682869 480458800 
0.0000040 433.879186 594431600 
0.0000040 443.705977 567637800 
0.0000040 438.004579 510071000 
0.0000040 433.585536 478454100 
0.0000040 439.363451 522038600 
0.0000040 445.367034 469456500 
0.0000040 443.025307 487824000 
0.0000040 437.478873 532084700 
0.0000040 443.107716 522616400 
0.0000040 439.726199 494177200 
0.0000040 445.749890 488811300 
0.0000040 437.404045 491786400 
0.0000040 439.293493 533936200 
0.0000040 444.185257 494902400 
0.0000040 439.034342 483360900 
0.0000040 441.074448 592382300 
0.0000040 439.040464 473740800 
0.0000040 438.676530 473847200 
0.0000040 436.747856 548155200 
0.0000040 443.858402 554948900 
0.0000040 435.781799 485488400 
0.0000040 442.904801 468513900 
0.0000040 435.509661 516761300 
0.0000040 437.213081 524012400 
0.0000040 441.222498 486246000 
0.0000040 437.229431 459963800 
0.0000040 437.853163 474146500 
0.0000040 436.089329 516397400 
0.0000040 438.761012 479045300 
0.0000040 433.988164 653078100 
0.0000040 434.834630 549066200 
0.0000040 434.903381 622605600 
0.0000040 443.403384 517257600 
0.0000040 433.697696 614108700 
0.0000040 436.601609 462110800 
0.0000040 441.979441 470521100 
0.0000040 436.931144 419743800 
0.0000040 433.699611 530480100 
0.0000040 442.275189 497891100 
0.0000040 442.404178 589485600 
0.0000040 435.849436 503030200 
0.0000040 441.262402 521717600 
0.0000040 451.879563 474382200 
0.0000040 443.217448 463004200 
0.0000040 428.981647 515426900 
0.0000040 434.427622 503213300 
0.0000040 442.075673 466635500 
0.0000040 437.772010 546080600 
0.0000040 438.554753 448087300 
0.0000040 430.601272 532145400 
0.0000040 440.578172 459685700 
0.0000040 446.898748 508218300 
0.0000040 438.281428 524523500 
0.0000040 441.953967 437250900 
0.0000040 436.590599 636233000 
0.0000040 440.680186 530134100 
0.0000040 442.143443 432219800 
0.0000040 440.828942 554483000 
0.0000040 441.155300 508708100 
0.0000040 441.808212 535708400 
0.0000040 446.020005 460114100 
0.0000040 431.643802 495812100 
0.0000040 441.846787 588013100 
0.0000040 435.643246 502424600 
0.0000040 439.239643 454181600 
0.0000040 437.539973 529250800 
0.0000040 440.438309 526986600 
0.0000040 438.101909 489682200 
0.0000040 433.765392 476620600 
0.0000040 438.135997 509975300 
0.0000040 441.448243 528812400 
0.0000040 436.601609 456297500 
0.0000040 437.622361 630670400 
0.0000040 441.566603 540733700 
0.0000040 436.082281 494713200 
0.0000055 437.359951 537566900 
0.0000055 436.204344 506452100 
0.0000055 438.380582 499285400 
0.0000055 434.327037 581950200 
0.0000055 444.652609 440609400 
0.0000055 436.364429 506069100 
0.0000055 436.176855 432232800 
0.0000055 438.184922 519951700 
0.0000055 440.816238 403801400 
0.0000055 437.151775 411443600 
0.0000055 434.624783 444920600 
0.0000055 439.054561 445729600 
0.0000055 435.647345 572598900 
0.0000055 445.312876 442626200 
0.0000055 435.606577 442094100 
0.0000055 444.254457 423324600 
0.0000055 440.010697 486056500 
0.0000055 438.529902 435341200 
0.0000055 449.176175 461741700 
0.0000055 434.585187 474230500 
0.0000055 433.456952 503678700 
0.0000055 446.736733 447075300 
0.0000055 434.846131 371536200 
0.0000055 435.186087 401346900 
0.0000055 437.030367 390936300 
0.0000055 445.904210 352730200 
0.0000055 442.339221 522704700 
0.0000055 442.065234 557624100 
0.0000055 442.890386 417851600 
0.0000055 446.690816 448420900 
0.0000055 444.286609 463829000 
0.0000055 435.117251 498680200 
0.0000055 444.283040 407039800 
0.0000055 444.965998 449876200 
0.0000055 436.805711 473041600 
0.0000055 433.300410 463092200 
0.0000055 445.291011 477118200 
0.0000055 442.730687 420842600 
0.0000055 438.020683 509519700 
0.0000055 433.186245 473711000 
0.0000055 430.860620 503252900 
0.0000055 433.215620 521326400 
0.0000055 449.305207 402554800 
0.0000055 434.919653 472094600 
0.0000055 441.141695 474407000 
0.0000055 442.026902 414583500 
0.0000055 438.404587 432472500 
0.0000055 443.207227 474289400 
0.0000055 444.370355 574835100 
0.0000055 436.089329 445326300 
0.0000055 438.956760 427100100 
0.0000055 437.156329 476127500 
0.0000055 439.443176 581540000 
0.0000055 437.946665 436021900 
0.0000055 444.183520 551451900 
0.0000055 440.402133 404112800 
0.0000055 443.892964 468254200 
0.0000055 436.500547 492064400 
0.0000055 442.193493 413733700 
0.0000055 436.567998 411123500 
0.0000055 444.648773 435952600 
0.0000055 444.842855 515382600 
0.0000055 436.402155 431075400 
0.0000055 444.042212 449740300 
0.0000055 440.096510 471297800 
0.0000055 447.194935 415727800 
0.0000055 433.174296 378538100 
0.0000055 444.748904 481500700 
0.0000055 444.066535 574919900 
0.0000055 436.290828 485863200 
0.0000055 432.482757 564620700 
0.0000055 430.746455 441060000 
0.0000055 448.242600 474124300 
0.0000055 448.432593 457126400 
0.0000055 439.238924 568594400 
0.0000055 432.482757 563000000 
0.0000055 432.145397 411951300 
0.0000055 433.813297 482794100 
0.0000055 440.029202 507979300 
0.0000055 443.159516 565243200 
0.0000055 450.382980 434955900 
0.0000055 437.809332 472123700 
0.0000055 446.605208 461530700 
0.0000055 436.236643 411511600 
0.0000055 437.964509 428074900 
0.0000055 439.508733 475045900 
0.0000055 438.492496 436000000 
0.0000055 433.855804 448665200 
0.0000055 431.859845 425606600 
0.0000055 433.535577 522683000 
0.0000055 442.261713 440075400 
0.0000055 445.015164 446286800 
0.0000055 442.702847 496339400 
0.0000055 434.408400 416252000 
0.0000055 444.483256 499531600 
0.0000055 434.624783 429860200 
0.0000055 441.752156 423813900 
0.0000055 436.827099 463281300 
0.0000055 431.170521 497031100 
0.0000055 437.797437 483937700 
0.0000050 429.117939 421764900 
0.0000050 441.740860 407062400 
0.0000050 440.522338 464088200 
0.0000050 439.674190 379506700 
0.0000050 433.322812 422488000 
0.0000050 444.691988 405680900 
0.0000050 435.957024 440689100 
0.0000050 438.885829 399535300 
0.0000050 439.216613 454308700 
0.0000050 440.363778 458603900 
0.0000050 441.060414 377666000 
0.0000050 430.601272 418365200 
0.0000050 435.607322 429086000 
0.0000050 438.181562 473728400 
0.0000050 435.992785 370084300 
0.0000050 432.365612 426629000 
0.0000050 437.526184 474830500 
0.0000050 434.235650 392178800 
0.0000050 446.266927 384482200 
0.0000050 433.984242 459026500 
0.0000050 435.509661 399708200 
0.0000050 434.843569 409349800 
0.0000050 440.253518 417627200 
0.0000050 441.700032 494688700 
0.0000050 434.946709 460874300 
0.0000050 436.727011 452486500 
0.0000050 438.613808 384904200 
0.0000050 442.369752 390054800 
0.0000050 439.790420 489485800 
0.0000050 439.295274 432229300 
0.0000050 434.624783 378235700 
0.0000050 438.703471 389268300 
0.0000050 441.913082 470445400 
0.0000050 434.248270 480699600 
0.0000050 446.479677 408021600 
0.0000050 435.622928 463158100 
0.0000050 437.645619 422916700 
0.0000050 440.623045 503513300 
0.0000050 442.709494 441364100 
0.0000050 439.074375 360104700 
0.0000050 440.938987 367592500 
0.0000050 434.165782 382386700 
0.0000050 438.398213 401165900 
0.0000050 444.810028 402455100 
0.0000050 438.375863 342154900 
0.0000050 439.182520 429868400 
0.0000050 433.322812 383873400 
0.0000050 444.480334 404778100 
0.0000050 431.873979 440249200 
0.0000050 435.781813 446295600 
0.0000050 435.728340 348673800 
0.0000050 435.918718 477502500 
0.0000050 437.436782 366847900 
0.0000050 435.575076 395229100 
0.0000050 437.448031 378696800 
0.0000050 431.421437 409842100 
0.0000050 432.711141 357705300 
0.0000050 439.541457 434471800 
0.0000050 440.516548 396459200 
0.0000050 433.999433 399286700 
0.0000050 440.059695 493794400 
0.0000050 440.862246 359426700 
0.0000050 436.949498 411985100 
0.0000050 436.177038 524618200 
0.0000050 432.098347 353829900 
0.0000050 445.915923 359884400 
0.0000050 437.532136 422227900 
0.0000050 434.729300 414485900 
0.0000050 439.216613 421137700 
0.0000050 443.949621 372665000 
0.0000050 436.586258 354142000 
0.0000050 445.865523 402092600 
0.0000050 436.284247 421618700 
0.0000050 442.577622 475240400 
0.0000050 433.079444 410688800 
0.0000050 443.611253 447545900 
0.0000050 436.176855 386609800 
0.0000050 439.404095 369854200 
0.0000050 440.611863 408730000 
0.0000050 441.790960 398776100 
0.0000050 442.367137 491249500 
0.0000050 438.640102 390020500 
0.0000050 438.757839 364756800 
0.0000050 443.750305 397244600 
0.0000050 438.414995 505938900 
0.0000050 444.604562 383435100 
0.0000050 441.659754 399558400 
0.0000050 435.743619 413846200 
0.0000050 436.187631 377229600 
0.0000050 442.582544 373869000 
0.0000050 433.900760 352496900 
0.0000050 436.413801 367354400 
0.0000050 440.366933 424628200 
0.0000050 438.246897 365054000 
0.0000050 450.695078 571213200 
0.0000050 436.877311 529641200 
0.0000050 439.084581 388978100 
0.0000050 447.408755 432485200 
0.0000050 437.266502 477544000 
0.0000050 436.033126 514565000 
0.0000055 444.948466 415850500 
0.0000055 439.294590 392557400 
0.0000055 435.680832 335580900 
0.0000055 441.499518 376753200 
0.0000055 434.665848 403707900 
0.0000055 434.837701 295572000 
0.0000055 450.138326 361504900 
0.0000055 441.334265 395419700 
0.0000055 443.330451 373907000 
0.0000055 437.258830 432690400 
0.0000055 440.600716 360919000 
0.0000055 436.465755 397582400 
0.0000055 438.154687 399219700 
0.0000055 437.632408 482581100 
0.0000055 439.364426 328704800 
0.0000055 440.619719 388292500 
0.0000055 431.503365 387715500 
0.0000055 440.458320 337761200 
0.0000055 440.155948 394771300 
0.0000055 439.621978 335740400 
0.0000055 436.170362 343277600 
0.0000055 438.731149 343022600 
0.0000055 435.027767 390998400 
0.0000055 442.912308 346859600 
0.0000055 438.069328 360397300 
0.0000055 456.890049 305535200 
0.0000055 437.097425 391931600 
0.0000055 430.860620 417277300 
0.0000055 446.644319 360136700 
0.0000055 433.585536 320011200 
0.0000055 436.684659 416541800 
0.0000055 442.689605 338311400 
0.0000055 442.231041 383954400 
0.0000055 438.430149 376806800 
0.0000055 441.045562 397609000 
0.0000055 441.854559 404673800 
0.0000055 442.752215 345223800 
0.0000055 443.662596 365023200 
0.0000055 439.153173 350997900 
0.0000055 442.902260 379217800 
0.0000055 448.499157 399821400 
0.0000055 440.561630 359428700 
0.0000055 454.808619 347374000 
0.0000055 440.788520 339779000 
0.0000055 440.676636 452748600 
0.0000055 442.740144 310864200 
0.0000055 444.902128 336579400 
0.0000055 437.751276 372357900 
0.0000055 437.849113 327949100 
0.0000055 432.162168 368436400 
0.0000055 450.329571 384609300 
0.0000055 436.859933 524983300 
0.0000055 442.122754 356412800 
0.0000055 434.044312 404491800 
0.0000055 441.047575 466987300 
0.0000055 432.490577 425691700 
0.0000055 442.461825 319630000 
0.0000055 443.440953 354028200 
0.0000055 435.781799 382266900 
0.0000055 432.574512 399113300 
0.0000055 448.552194 373336800 
0.0000055 439.901361 330621100 
0.0000055 443.349962 417554000 
0.0000055 429.530283 410836900 
0.0000055 442.968234 355130400 
0.0000055 437.811802 379084400 
0.0000055 440.075298 451920300 
0.0000055 434.248270 420252600 
0.0000055 436.962886 368563700 
0.0000055 436.710903 390715500 
0.0000055 440.258106 338578500 
0.0000055 439.981089 321889000 
0.0000055 430.794995 359669400 
0.0000055 437.879762 469194600 
0.0000055 441.702619 337285500 
0.0000055 445.282000 373893200 
0.0000055 434.361729 451306900 
0.0000055 449.783166 344690800 
0.0000055 443.776169 347636500 
0.0000055 430.244022 418930100 
0.0000055 441.091920 358986000 
0.0000055 432.574512 342798100 
0.0000055 435.144690 379135100 
0.0000055 437.128818 369880700 
0.0000055 438.805463 382168200 
0.0000055 443.986045 351227500 
0.0000055 437.011132 412916800 
0.0000055 440.900276 497828800 
0.0000055 442.594513 387721400 
0.0000055 446.143344 371893200 
0.0000055 443.360209 412928300 
0.0000055 436.759564 353489500 
0.0000055 439.205599 315739900 
0.0000055 434.887824 346018700 
0.0000055 435.559722 368264400 
0.0000055 443.369920 341749100 
0.0000055 434.112744 375578200 
0.0000055 443.142860 359324400 
0.0000055 440.271468 378068100 
0.0000055 441.160151 352268000 
0.0000060 436.439896 295695800 
0.0000060 437.826710 376386300 
0.0000060 445.959047 298145100 
0.0000060 438.014011 429984300 
0.0000060 434.258635 364644800 
0.0000060 436.318976 354633000 
0.0000060 441.157757 263159100 
0.0000060 435.824885 309911400 
0.0000060 437.133582 340681100 
0.0000060 437.232904 333130000 
0.0000060 446.754928 352528900 
0.0000060 444.437937 340431700 
0.0000060 435.575076 305062100 
0.0000060 439.170818 354099800 
0.0000060 435.428157 351027800 
0.0000060 436.401058 379307200 
0.0000060 434.327037 435746100 
0.0000060 436.639919 419548500 
0.0000060 436.540362 319146000 
0.0000060 438.223732 306538700 
0.0000060 435.162652 373988900 
0.0000060 438.542351 415382900 
0.0000060 440.097942 343836600 
0.0000060 446.793013 317475700 
0.0000060 447.253808 370333200 
0.0000060 438.872525 341973400 
0.0000060 435.612189 385101200 
0.0000060 437.326868 310374200 
0.0000060 441.665860 302752900 
0.0000060 445.324695 300159600 
0.0000060 442.024725 371283300 
0.0000060 437.030365 368605100 
0.0000060 442.423541 344308200 
0.0000060 438.872525 350130000 
0.0000060 444.201825 384216100 
0.0000060 437.062732 312066900 
0.0000060 428.981647 316400600 
0.0000060 437.643420 380339900 
0.0000060 440.556323 322466400 
0.0000060 443.182955 306478600 
0.0000060 441.049287 325967800 
0.0000060 434.562784 362067000 
0.0000060 439.647496 332275500 
0.0000060 432.162168 309577400 
0.0000060 439.082304 340696800 
0.0000060 442.618677 378980300 
0.0000060 436.615069 411195700 
0.0000060 431.529042 365957800 
0.0000060 446.748039 342818800 
0.0000060 437.912754 454910200 
0.0000060 441.010403 398275900 
0.0000060 439.506238 412228900 
0.0000060 438.610995 308506200 
0.0000060 432.122995 403602100 
0.0000060 436.402155 332246500 
0.0000060 437.035005 357093500 
0.0000060 443.142654 333722500 
0.0000060 439.670838 318492600 
0.0000060 442.704405 428802100 
0.0000060 443.831266 343547300 
0.0000060 438.893104 290593000 
0.0000060 441.595471 379150800 
0.0000060 438.540806 316692000 
0.0000060 443.456036 327272800 
0.0000060 443.253768 311668900 
0.0000060 442.629273 312282100 
0.0000060 433.292112 339271200 
0.0000060 430.244022 367211600 
0.0000060 435.863028 331473600 
0.0000060 437.288394 291874200 
0.0000060 432.574512 351069500 
0.0000060 436.432793 327866400 
0.0000060 438.732506 341316300 
0.0000060 445.345855 317904700 
0.0000060 440.699972 425534500 
0.0000060 442.519873 321154200 
0.0000060 442.363025 295232600 
0.0000060 437.340042 331720000 
0.0000060 439.209250 405222400 
0.0000060 443.072424 362918700 
0.0000060 442.176216 367638600 
0.0000060 430.445500 370194800 
0.0000060 444.888471 369120400 
0.0000060 437.785519 349059300 
0.0000060 446.135919 363556700 
0.0000060 442.699277 382989600 
0.0000060 433.081880 301530600 
0.0000060 435.473960 341367700 
0.0000060 446.471626 360217200 
0.0000060 438.377745 349410200 
0.0000060 434.920034 364456900 
0.0000060 442.321550 343269000 
0.0000060 435.680832 333804100 
0.0000060 434.889082 312227000 
0.0000060 447.215603 330207500 
0.0000060 437.673872 344657500 
0.0000060 439.465337 359105700 
0.0000060 436.791380 365920700 
0.0000060 439.314432 359736800 
0.0000060 434.903381 428982600 
0.0000065 447.026721 322717300 
0.0000065 438.840818 443126500 
0.0000065 438.995686 259441200 
0.0000065 436.533683 339734200 
0.0000065 435.221975 259162200 
0.0000065 439.900513 283421600 
0.0000065 438.023367 284487200 
0.0000065 443.969019 292823300 
0.0000065 443.185916 327369600 
0.0000065 437.195343 310497300 
0.0000065 434.826683 277393200 
0.0000065 435.018998 277668500 
0.0000065 434.520203 314682500 
0.0000065 441.661118 349474600 
0.0000065 435.612189 338266400 
0.0000065 441.074448 369722400 
0.0000065 444.476405 322262800 
0.0000065 439.760859 270748600 
0.0000065 453.267602 286227500 
0.0000065 445.396214 288643100 
0.0000065 437.250348 291768800 
0.0000065 446.717642 323063200 
0.0000065 439.093180 307897900 
0.0000065 439.498919 403138900 
0.0000065 444.622103 331254600 
0.0000065 430.244022 340668500 
0.0000065 430.445500 341905300 
0.0000065 442.773880 281790500 
0.0000065 435.816873 281471800 
0.0000065 440.187764 374491000 
0.0000065 439.096881 287455800 
0.0000065 439.878121 336186600 
0.0000065 437.232261 392572700 
0.0000065 438.542351 405749100 
0.0000065 442.449955 290791700 
0.0000065 444.020083 325214900 
0.0000065 436.173006 344764700 
0.0000065 436.697463 277399700 
0.0000065 437.118312 269331300 
0.0000065 440.541917 395039300 
0.0000065 433.968832 354747100 
0.0000065 436.871645 302625100 
0.0000065 450.507684 319509300 
0.0000065 443.875611 282978300 
0.0000065 437.729843 356826000 
0.0000065 439.759579 298064900 
0.0000065 436.339496 271813500 
0.0000065 449.209394 267748000 
0.0000065 434.699623 296898600 
0.0000065 445.806521 368186300 
0.0000065 439.477329 352893000 
0.0000065 446.385491 369258000 
0.0000065 432.482757 399346600 
0.0000065 438.613808 295871100 
0.0000065 443.594602 270485100 
0.0000065 442.460478 320110200 
0.0000065 439.709186 324454300 
0.0000065 437.209427 321530200 
0.0000065 433.406808 324712900 
0.0000065 439.938494 308330700 
0.0000065 441.541570 312208400 
0.0000065 431.859845 316529800 
0.0000065 444.405283 315885200 
0.0000065 437.663073 344571700 
0.0000065 433.697696 351986800 
0.0000065 444.687138 362428100 
0.0000065 439.231326 382932100 
0.0000065 445.825944 265701600 
0.0000065 439.734396 299954600 
0.0000065 441.622727 242586600 
0.0000065 435.809081 313370800 
0.0000065 436.377205 324415200 
0.0000065 441.882766 397830500 
0.0000065 441.540633 398005500 
0.0000065 436.932985 342660500 
0.0000065 436.960327 320752000 
0.0000065 445.132385 334069100 
0.0000065 443.179596 307925100 
0.0000065 436.678417 294874800 
0.0000065 440.073095 316667900 
0.0000065 438.228686 299642400 
0.0000065 443.108249 400020500 
0.0000065 433.300410 329011000 
0.0000065 433.973516 319365900 
0.0000065 439.692728 311921200 
0.0000065 443.049089 284507600 
0.0000065 438.910141 321446800 
0.0000065 436.540362 333781300 
0.0000065 438.841708 302791900 
0.0000065 443.899941 271770100 
0.0000065 435.632301 313255500 
0.0000065 436.465755 336582100 
0.0000065 435.218452 308269000 
0.0000065 441.835741 310352700 
0.0000065 441.508593 321283300 
0.0000065 431.421437 328681300 
0.0000065 431.915985 304318800 
0.0000065 429.530283 326475000 
0.0000065 444.894689 308269400 
0.0000065 443.901393 331725500 
0.0000070 443.032941 321399200 
0.0000070 439.927383 358847500 
0.0000070 429.929622 296875000 
0.0000070 441.434901 309147800 
0.0000070 444.751997 316451700 
0.0000070 435.292563 296703200 
0.0000070 439.797917 385975800 
0.0000070 437.468411 333833600 
0.0000070 434.832512 289043400 
0.0000070 436.448573 324073400 
0.0000070 439.635719 301869000 
0.0000070 436.858999 322805300 
0.0000070 429.484081 283135400 
0.0000070 439.798075 286420100 
0.0000070 444.699164 329910200 
0.0000070 440.532989 326931000 
0.0000070 447.259901 300054800 
0.0000070 439.951434 293600700 
0.0000070 438.509644 264767300 
0.0000070 443.817146 277464100 
0.0000070 436.473302 305998300 
0.0000070 438.827246 271466100 
0.0000070 441.220021 356146300 
0.0000070 432.927984 302139300 
0.0000070 433.839223 257586900 
0.0000070 441.566292 301044000 
0.0000070 438.042777 306624300 
0.0000070 441.407165 283419800 
0.0000070 439.482970 272919300 
0.0000070 439.904901 257756600 
0.0000070 438.135997 304104000 
0.0000070 440.559059 326572800 
0.0000070 433.521937 321420800 
0.0000070 436.448573 331505700 
0.0000070 444.620156 316428400 
0.0000070 438.524494 318374800 
0.0000070 445.975143 284135300 
0.0000070 441.820316 239372900 
0.0000070 440.125936 302393500 
0.0000070 446.417807 329797600 
0.0000070 441.384461 277733800 
0.0000070 443.217238 260337500 
0.0000070 439.082502 328399100 
0.0000070 440.865027 274582200 
0.0000070 440.591417 285434400 
0.0000070 431.403238 309137200 
0.0000070 438.707227 268714500 
0.0000070 440.338977 352230500 
0.0000070 442.830344 298766300 
0.0000070 444.041408 325620400 
0.0000070 442.817277 290945100 
0.0000070 436.919776 332510200 
0.0000070 442.043597 285904700 
0.0000070 436.377205 282158600 
0.0000070 439.003447 308255400 
0.0000070 434.846131 283498200 
0.0000070 439.250691 283883200 
0.0000070 448.973292 277924800 
0.0000070 433.699757 304412900 
0.0000070 440.622115 282798800 
0.0000070 440.187929 277815200 
0.0000070 439.423919 288202000 
0.0000070 444.460955 247448300 
0.0000070 444.270345 260416800 
0.0000070 431.672955 310032900 
0.0000070 443.108001 309737900 
0.0000070 440.791503 256610500 
0.0000070 434.112744 327236700 
0.0000070 438.732506 305664100 
0.0000070 442.779188 265123900 
0.0000070 441.673482 343617300 
0.0000070 441.994820 307817700 
0.0000070 435.734051 301695500 
0.0000070 441.877367 309944100 
0.0000070 441.706901 264174900 
0.0000070 436.343130 280204400 
0.0000070 442.596044 337148100 
0.0000070 440.467166 275855900 
0.0000070 439.294590 224975400 
0.0000070 439.616857 289753900 
0.0000070 433.071897 319744900 
0.0000070 436.594983 357623300 
0.0000070 431.725993 298648400 
0.0000070 443.675263 286965600 
0.0000070 447.018313 304391100 
0.0000070 442.463840 313760400 
0.0000070 445.068889 294322100 
0.0000070 436.970806 302156000 
0.0000070 446.508360 311152800 
0.0000070 440.593461 282340000 
0.0000070 432.098347 284342500 
0.0000070 440.027064 268544700 
0.0000070 445.709071 277331600 
0.0000070 432.482757 362140300 
0.0000070 436.997427 263746700 
0.0000070 435.985055 317618400 
0.0000070 441.801019 256219200 
0.0000070 429.929622 303742900 
0.0000070 433.732389 391736000 
0.0000070 442.323888 313537700 
0.0000085 443.100065 255031800 
0.0000085 445.570108 275320600 
0.0000085 437.955587 278128200 
0.0000085 438.165470 334838800 
0.0000085 448.143296 236611400 
0.0000085 440.491682 276162700 
0.0000085 435.310121 337212800 
0.0000085 437.565166 264890700 
0.0000085 437.565166 266750300 
0.0000085 434.829470 351775800 
0.0000085 432.683811 280722500 
0.0000085 434.112744 286306100 
0.0000085 446.861298 270547000 
0.0000085 432.259562 299479800 
0.0000085 439.740927 282629000 
0.0000085 435.531879 245079700 
0.0000085 436.169136 288943800 
0.0000085 443.832082 232192700 
0.0000085 442.380792 266578800 
0.0000085 446.396474 251670100 
0.0000085 434.248270 332410900 
0.0000085 438.034524 241975800 
0.0000085 445.946251 257063500 
0.0000085 434.203308 271261200 
0.0000085 451.859171 221971500 
0.0000085 436.439896 269560800 
0.0000085 436.022204 287429900 
0.0000085 437.035005 290488200 
0.0000085 438.046428 265657000 
0.0000085 441.712090 298970600 
0.0000085 441.846787 313357200 
0.0000085 443.621333 282008700 
0.0000085 450.046472 262729200 
0.0000085 440.722786 300043100 
0.0000085 449.787406 244383100 
0.0000085 442.568444 260028700 
0.0000085 442.001174 290152000 
0.0000085 440.404227 250394800 
0.0000085 437.424576 325513700 
0.0000085 439.208274 297024700 
0.0000085 444.916836 289153300 
0.0000085 445.582622 259005000 
0.0000085 443.476055 278521900 
0.0000085 442.230830 280152000 
0.0000085 444.525326 265054500 
0.0000085 430.244022 293046700 
0.0000085 441.426356 237683000 
0.0000085 439.450921 290021400 
0.0000085 449.765416 272456100 
0.0000085 442.250785 330235200 
0.0000085 429.117939 277799800 
0.0000085 444.442539 277224800 
0.0000085 438.135109 300046400 
0.0000085 441.419747 221788000 
0.0000085 446.703952 238182500 
0.0000085 440.453302 257616300 
0.0000085 438.395355 246113300 
0.0000085 442.283289 255061700 
0.0000085 436.519549 278406300 
0.0000085 440.961474 325803100 
0.0000085 438.380582 315624900 
0.0000085 436.533683 283665200 
0.0000085 439.061745 272051900 
0.0000085 441.868926 300150600 
0.0000085 440.600253 272376900 
0.0000085 429.117939 280355000 
0.0000085 435.273500 302906100 
0.0000085 432.842894 239784000 
0.0000085 439.507863 280476400 
0.0000085 430.244022 279918100 
0.0000085 429.117939 279956400 
0.0000085 430.445500 303851900 
0.0000085 434.200130 322170600 
0.0000085 437.229859 323692800 
0.0000085 444.728174 274750200 
0.0000085 439.373361 314268500 
0.0000085 448.854454 237081200 
0.0000085 450.138980 263329600 
0.0000085 444.624956 244101000 
0.0000085 441.311454 293889000 
0.0000085 437.288394 265631600 
0.0000085 437.732085 308887700 
0.0000085 432.842894 245442600 
0.0000085 439.409587 266192600 
0.0000085 439.291301 302360700 
0.0000085 441.234477 270060800 
0.0000085 437.917973 265065600 
0.0000085 435.969049 352605000 
0.0000085 437.312914 267249800 
0.0000085 441.296134 318857000 
0.0000085 440.071581 286329200 
0.0000085 435.810354 276596300 
0.0000085 441.953097 319641100 
0.0000085 442.996489 262907900 
0.0000085 438.844371 351783900 
0.0000085 440.222950 260501600 
0.0000085 431.026609 262407700 
0.0000085 438.580693 240995700 
0.0000085 438.540908 290010700 
0.0000085 438.134314 262314500 
0.0000080 436.875091 261693600 
0.0000080 436.747856 257068900 
0.0000080 433.610311 275409300 
0.0000080 437.566529 274904100 
0.0000080 434.287221 255217100 
0.0000080 443.550354 220312100 
0.0000080 442.065426 265977900 
0.0000080 448.664469 236605600 
0.0000080 440.783644 242095400 
0.0000080 437.033962 247595300 
0.0000080 439.358426 287154700 
0.0000080 438.993772 268610400 
0.0000080 442.014645 319982500 
0.0000080 444.143764 247066300 
0.0000080 432.389283 252100400 
0.0000080 436.694581 279757800 
0.0000080 434.883520 277274800 
0.0000080 430.349453 227376300 
0.0000080 441.909749 246795900 
0.0000080 446.714622 232791500 
0.0000080 446.805626 258165100 
0.0000080 437.526184 295655600 
0.0000080 444.002107 262958300 
0.0000080 439.597285 279507100 
0.0000080 433.300410 239731900 
0.0000080 433.292112 238143500 
0.0000080 441.674870 320574100 
0.0000080 445.192230 271392200 
0.0000080 430.445500 272878900 
0.0000080 446.573159 228000300 
0.0000080 440.069129 245108000 
0.0000080 445.788879 226090600 
0.0000080 439.380829 265760900 
0.0000080 439.292311 260416400 
0.0000080 446.936282 252773100 
0.0000080 440.296998 233967700 
0.0000080 440.167857 292133000 
0.0000080 443.658045 255950000 
0.0000080 438.483228 236357600 
0.0000080 442.483114 251028500 
0.0000080 434.941969 217956100 
0.0000080 439.782870 241162800 
0.0000080 430.860620 286731700 
0.0000080 440.282407 292729100 
0.0000080 440.979540 286919700 
0.0000080 440.217594 255161400 
0.0000080 434.112744 277157100 
0.0000080 443.965570 287701300 
0.0000080 439.894734 272082700 
0.0000080 440.964539 224908500 
0.0000080 442.743848 273676700 
0.0000080 439.978832 278870600 
0.0000080 438.016458 326855100 
0.0000080 446.326033 225895300 
0.0000080 454.092926 252548300 
0.0000080 434.235650 267467900 
0.0000080 435.947737 252090000 
0.0000080 438.499827 328449000 
0.0000080 436.228412 320724100 
0.0000080 446.501731 249642600 
0.0000080 444.654306 260475400 
0.0000080 442.250785 292370500 
0.0000080 453.696050 283862300 
0.0000080 436.463456 240696200 
0.0000080 439.967013 286755700 
0.0000080 430.883023 219753600 
0.0000080 444.322881 282397500 
0.0000080 440.633642 242142100 
0.0000080 437.663073 278190900 
0.0000080 446.736464 239544300 
0.0000080 439.228839 274537800 
0.0000080 437.673872 268222300 
0.0000080 441.256411 321537800 
0.0000080 438.845030 247182400 
0.0000080 435.632301 265889800 
0.0000080 440.623119 255717900 
0.0000080 439.506238 320736800 
0.0000080 444.089513 260761100 
0.0000080 438.696770 255700600 
0.0000080 436.851774 235862200 
0.0000080 446.850553 265002400 
0.0000080 448.515286 316104300 
0.0000080 445.797941 284580000 
0.0000080 443.036089 294630500 
0.0000080 429.530283 259128700 
0.0000080 431.923870 248119000 
0.0000080 439.154131 324232400 
0.0000080 437.707557 231888900 
0.0000080 435.946948 238498200 
0.0000080 439.951434 272083700 
0.0000080 448.126803 238121100 
0.0000080 436.684659 280715400 
0.0000080 444.653922 226685800 
0.0000080 438.756258 226364300 
0.0000080 438.380830 243722600 
0.0000080 433.790894 294887100 
0.0000080 441.671808 264919700 
0.0000080 445.648088 267780200 
0.0000080 435.473960 260301000 
0.0000080 445.877545 255074300 
0.0000085 429.117939 243415000 
0.0000085 437.397957 230447200 
0.0000085 441.357970 265304900 
0.0000085 446.417801 249296900 
0.0000085 436.176855 207653000 
0.0000085 435.452832 210770500 
0.0000085 436.149645 284258000 
0.0000085 445.553136 237835700 
0.0000085 445.953763 225467300 
0.0000085 442.955571 201589500 
0.0000085 442.655717 245786200 
0.0000085 431.931564 207480900 
0.0000085 438.132825 270429000 
0.0000085 449.858716 233240900 
0.0000085 445.446930 224876600 
0.0000085 444.857869 270059600 
0.0000085 443.603421 282398100 
0.0000085 440.746524 220704800 
0.0000085 444.937729 243905100 
0.0000085 431.725993 261366700 
0.0000085 435.413815 259923400 
0.0000085 437.124961 212177300 
0.0000085 442.862556 230612500 
0.0000085 435.735479 303226000 
0.0000085 437.317900 239486400 
0.0000085 446.612665 255798600 
0.0000085 434.112744 262299700 
0.0000085 430.349453 258250100 
0.0000085 440.737388 245191500 
0.0000085 440.867620 227476900 
0.0000085 430.860620 260492900 
0.0000085 429.530283 270695900 
0.0000085 440.648333 309746800 
0.0000085 435.161008 232807200 
0.0000085 445.489652 232083600 
0.0000085 434.263213 204392900 
0.0000085 433.768151 231367600 
0.0000085 440.324871 262393500 
0.0000085 438.782920 220981200 
0.0000085 435.293957 240720300 
0.0000085 446.838883 217340900 
0.0000085 438.441170 205124300 
0.0000085 438.783163 220626200 
0.0000085 439.517618 222103500 
0.0000085 430.883023 245310300 
0.0000085 439.878477 220370500 
0.0000085 432.480244 275175800 
0.0000085 429.530283 262963200 
0.0000085 436.132487 268553300 
0.0000085 436.392182 257733600 
0.0000085 431.170521 253728500 
0.0000085 449.074630 253491000 
0.0000085 429.484081 230442000 
0.0000085 448.349343 261288100 
0.0000085 434.903381 311751900 
0.0000085 441.487127 229024300 
0.0000085 432.480244 284661800 
0.0000085 440.283724 247301700 
0.0000085 445.038968 280785400 
0.0000085 439.463304 212852200 
0.0000085 437.916404 306498200 
0.0000085 435.449264 270622500 
0.0000085 436.448573 280141200 
0.0000085 437.718888 246457900 
0.0000085 436.111529 284421900 
0.0000085 438.628373 200189700 
0.0000085 436.590599 304323900 
0.0000085 435.969049 308336400 
0.0000085 440.396139 226330000 
0.0000085 436.981888 224848300 
0.0000085 444.257392 227474300 
0.0000085 436.536550 225583500 
0.0000085 440.729846 267315200 
0.0000085 431.170521 248191900 
0.0000085 440.739990 262857800 
0.0000085 434.699623 221114900 
0.0000085 441.243578 235902100 
0.0000085 435.918718 271207000 
0.0000085 436.483997 221553100 
0.0000085 432.727303 224966900 
0.0000085 434.501857 261913600 
0.0000085 439.651212 212725000 
0.0000085 439.555897 268527300 
0.0000085 439.291301 276191600 
0.0000085 433.285629 222235900 
0.0000085 447.383749 249600600 
0.0000085 449.997391 219464900 
0.0000085 444.329185 227295400 
0.0000085 435.668770 205401600 
0.0000085 437.118757 250556800 
0.0000085 440.206175 248821100 
0.0000085 444.384406 259765100 
0.0000085 446.227683 263658900 
0.0000085 432.905582 276439000 
0.0000085 432.502647 261922300 
0.0000085 444.235794 219584700 
0.0000085 432.538327 240095700 
0.0000085 443.563178 251226000 
0.0000085 443.513310 245325500 
0.0000085 447.000397 212342400 
0.0000090 453.436626 209376400 
0.0000090 443.705977 247684000 
0.0000090 430.860620 257608800 
0.0000090 440.384819 262634500 
0.0000090 451.998088 225377400 
0.0000090 439.484697 228854600 
0.0000090 442.106426 246006800 
0.0000090 442.100383 222161200 
0.0000090 445.824677 200271700 
0.0000090 447.633610 205895100 
0.0000090 436.431921 192990400 
0.0000090 441.247054 256790100 
0.0000090 443.322065 232208700 
0.0000090 436.661022 259447600 
0.0000090 435.011766 218228300 
0.0000090 443.079492 211507300 
0.0000090 440.865394 191216700 
0.0000090 441.177041 304433700 
0.0000090 443.293633 214019800 
0.0000090 439.762640 195646400 
0.0000090 443.430752 323667200 
0.0000090 439.251706 241887300 
0.0000090 445.440574 225287600 
0.0000090 441.571125 236645200 
0.0000090 450.119706 231149500 
0.0000090 433.985979 228287300 
0.0000090 447.230616 228155300 
0.0000090 436.666166 233476500 
0.0000090 436.692723 247294900 
0.0000090 446.399730 228202000 
0.0000090 434.750703 250171500 
0.0000090 439.142921 207950100 
0.0000090 441.248629 275946000 
0.0000090 436.188307 231867600 
0.0000090 449.784337 264440100 
0.0000090 435.039111 228611000 
0.0000090 434.235650 220208500 
0.0000090 447.747138 226443200 
0.0000090 455.456521 202783000 
0.0000090 438.860584 283477400 
0.0000090 441.726750 227516400 
0.0000090 440.848334 213660800 
0.0000090 445.967474 234219800 
0.0000090 438.649383 268426500 
0.0000090 437.701905 238216900 
0.0000090 435.632301 225720000 
0.0000090 448.842796 245993400 
0.0000090 433.999230 236145400 
0.0000090 439.501334 286749300 
0.0000090 434.583655 191102400 
0.0000090 445.543695 209462400 
0.0000090 443.537568 216682400 
0.0000090 436.382417 239930400 
0.0000090 434.335109 236338600 
0.0000090 441.092755 210587700 
0.0000090 431.923870 207796100 
0.0000090 436.627835 234539900 
0.0000090 436.038082 237658800 
0.0000090 436.934271 270826800 
0.0000090 445.815757 213694300 
0.0000090 437.415663 229933100 
0.0000090 440.088965 231824300 
0.0000090 436.440520 245735600 
0.0000090 433.071897 239622900 
0.0000090 430.860620 251554600 
0.0000090 429.117939 242086200 
0.0000090 444.206984 230798400 
0.0000090 443.074891 244727900 
0.0000090 440.553529 215373300 
0.0000090 438.649383 283101600 
0.0000090 441.123187 229997600 
0.0000090 448.895799 229993800 
0.0000090 431.026609 241313100 
0.0000090 443.303340 247873700 
0.0000090 429.484081 234298400 
0.0000090 447.179975 243924400 
0.0000090 432.985190 283016700 
0.0000090 437.413120 238271200 
0.0000090 437.258830 259731700 
0.0000090 443.265992 236901400 
0.0000090 440.799379 252351200 
0.0000090 437.892955 238978100 
0.0000090 440.950455 247159800 
0.0000090 448.828684 201618600 
0.0000090 437.011132 265306500 
0.0000090 440.847387 260074000 
0.0000090 445.084548 197875000 
0.0000090 431.421437 232581400 
0.0000090 442.555158 224211800 
0.0000090 435.331817 211333400 
0.0000090 457.443109 213875400 
0.0000090 443.087859 214193500 
0.0000090 440.412772 206108500 
0.0000090 438.872583 214047500 
0.0000090 443.037089 227567400 
0.0000090 434.193151 314634700 
0.0000090 443.217215 239198700 
0.0000090 442.385033 235395700 
0.0000090 442.312217 250277400 
0.0000090 448.927409 188109400 
0.0000095 429.530283 239317900 
0.0000095 434.678670 223757800 
0.0000095 437.664530 227281700 
0.0000095 438.288960 195355300 
0.0000095 439.247665 249658400 
0.0000095 439.054561 208837700 
0.0000095 434.843569 212068200 
0.0000095 433.081880 216593900 
0.0000095 441.930515 182887100 
0.0000095 438.821000 263905500 
0.0000095 434.235650 223119200 
0.0000095 442.258403 187936200 
0.0000095 443.127847 210133900 
0.0000095 446.841681 236989800 
0.0000095 430.883023 234030700 
0.0000095 439.233307 192048200 
0.0000095 448.768802 230528500 
0.0000095 440.801083 205869600 
0.0000095 442.683204 208966900 
0.0000095 438.032683 229674500 
0.0000095 440.333555 211708900 
0.0000095 442.673068 207793100 
0.0000095 446.061378 200660200 
0.0000095 447.201479 203757600 
0.0000095 436.402155 202452300 
0.0000095 441.050599 213151500 
0.0000095 432.181415 184093300 
0.0000095 432.683811 241142300 
0.0000095 442.763380 260074500 
0.0000095 435.420851 246209000 
0.0000095 441.273837 245719100 
0.0000095 441.398790 218370600 
0.0000095 438.733582 195394800 
0.0000095 440.836540 282579500 
0.0000095 429.929622 209453000 
0.0000095 441.422237 245049200 
0.0000095 438.804143 196324000 
0.0000095 435.822933 236326300 
0.0000095 442.818381 208026600 
0.0000095 437.667889 243631000 
0.0000095 442.162004 238689800 
0.0000095 438.918428 268238800 
0.0000095 453.486877 214217000 
0.0000095 428.871756 222141400 
0.0000095 442.331177 209426200 
0.0000095 428.981647 212213400 
0.0000095 439.196245 226103500 
0.0000095 434.248270 252454300 
0.0000095 446.421153 233396900 
0.0000095 437.424712 209880400 
0.0000095 437.894915 217652300 
0.0000095 439.745794 244494900 
0.0000095 440.974605 231066300 
0.0000095 445.674614 224332300 
0.0000095 444.881760 217453900 
0.0000095 434.427622 214096400 
0.0000095 439.988045 222587500 
0.0000095 449.517631 221058700 
0.0000095 443.040903 211504500 
0.0000095 439.536262 222572500 
0.0000095 436.127242 256920800 
0.0000095 431.923870 220247100 
0.0000095 441.510817 204546600 
0.0000095 435.575076 219434400 
0.0000095 438.085755 219190800 
0.0000095 439.176562 189097400 
0.0000095 441.701135 220767000 
0.0000095 440.551297 187286700 
0.0000095 444.952529 274847100 
0.0000095 443.592580 214652100 
0.0000095 444.062806 199930300 
0.0000095 435.700084 213986000 
0.0000095 442.674191 225392600 
0.0000095 442.285284 212930000 
0.0000095 439.978832 216476900 
0.0000095 442.011084 282931800 
0.0000095 445.713851 198287900 
0.0000095 438.094535 188062300 
0.0000095 433.914867 246259200 
0.0000095 438.180460 219358400 
0.0000095 435.607789 274050900 
0.0000095 440.340300 261032500 
0.0000095 439.966571 210578600 
0.0000095 435.809676 195942500 
0.0000095 442.358223 226997400 
0.0000095 450.738353 211435300 
0.0000095 439.138332 202872200 
0.0000095 456.311495 219254700 
0.0000095 431.026609 239355200 
0.0000095 432.482757 270344500 
0.0000095 439.384828 191104700 
0.0000095 434.570107 271655600 
0.0000095 440.519409 226116300 
0.0000095 428.981647 224194700 
0.0000095 439.693539 229507500 
0.0000095 441.047575 272318400 
0.0000095 442.009525 198556700 
0.0000095 444.352841 222047000 
0.0000095 431.433082 222136200 
0.0000095 429.117939 215255100 
0.00000010 440.692788 17416507100 
0.00000010 434.297408 16695136900 
0.00000010 438.608523 16685487000 
0.00000010 442.233794 15620908100 
0.00000010 429.484081 18014955100 
0.00000010 443.883184 16893564900 
0.00000010 442.930705 17601032300 
0.00000010 445.238145 15666602600 
0.00000010 435.718358 20244610500 
0.00000010 435.032283 17806527600 
0.00000010 437.701834 16393407500 
0.00000010 433.553723 16727926100 
0.00000010 435.462432 18622075200 
0.00000010 437.867969 16300868900 
0.00000010 438.853904 16629569100 
0.00000010 433.543495 18710405700 
0.00000010 437.844526 18817502200 
0.00000010 444.298327 18745534500 
0.00000010 434.455984 18797557200 
0.00000010 436.934012 15782022700 
0.00000010 446.016261 17460489200 
0.00000010 434.056156 16985045100 
0.00000010 438.439904 16551920600 
0.00000010 436.792948 15974943400 
0.00000010 431.103238 17172028500 
0.00000010 440.638976 18411480700 
0.00000010 444.363034 17847008300 
0.00000010 433.292112 19020019600 
0.00000010 430.611604 18131404300 
0.00000010 436.899193 17891889400 
0.00000010 444.408916 17713189700 
0.00000010 440.894489 18117929700 
0.00000010 435.809676 16863713300 
0.00000010 435.849436 17011139000 
0.00000010 437.204869 15836261200 
0.00000010 438.479870 18491355500 
0.00000010 434.921717 18198897600 
0.00000010 437.008615 15139811600 
0.00000010 447.285895 15771355300 
0.00000010 444.138478 16774110900 
0.00000010 437.081250 16196504400 
0.00000010 435.137608 18250874500 
0.00000010 431.968611 16924047000 
0.00000010 444.304388 18181722600 
0.00000010 430.244022 18995269000 
0.00000010 428.981647 17682132200 
0.00000010 440.207200 17739742100 
0.00000010 439.790527 16561129800 
0.00000010 434.604347 24147673400 
0.00000010 454.181897 14799487000 
0.00000010 432.482757 24907006200 
0.00000010 444.384400 19246584400 
0.00000010 433.553723 16300772200 
0.00000010 434.633523 16989027500 
0.00000010 439.926719 21808541000 
0.00000010 433.322812 17587982100 
0.00000010 443.841034 15250502700 
0.00000010 444.096423 17078776500 
0.00000010 442.826744 17084109700 
0.00000010 432.947518 16998675400 
0.00000010 442.628735 18266896800 
0.00000010 440.375618 17601054600 
0.00000010 446.411025 15649193900 
0.00000010 428.871756 18036266200 
0.00000010 439.437773 18697553400 
0.00000010 438.123927 18416498900 
0.00000010 442.426422 16016659400 
0.00000010 433.292112 19074625100 
0.00000010 435.883579 17924243700 
0.00000010 447.879093 16012990500 
0.00000010 436.636698 16855142700 
0.00000010 439.359757 17474401400 
0.00000010 429.484081 16200889500 
0.00000010 441.061645 18322858600 
0.00000010 438.522340 17197652400 
0.00000010 445.238268 18113875600 
0.00000010 436.431921 16509025500 
0.00000010 438.362062 16373434200 
0.00000010 436.432793 17478168800 
0.00000010 438.363495 18080107900 
0.00000010 446.863022 19003941300 
0.00000010 434.248270 23111363400 
0.00000010 441.334134 18320949400 
0.00000010 437.495452 17840093300 
0.00000010 432.985190 23924255900 
0.00000010 435.882291 21278874100 
0.00000010 431.328361 17544572000 
0.00000010 434.826683 17099362100 
0.00000010 434.394966 15499625000 
0.00000010 438.296747 19532878100 
0.00000010 441.996658 17475378800 
0.00000010 433.979807 17438681700 
0.00000010 433.443832 17279237200 
0.00000010 432.502180 18386297500 
0.00000010 438.088642 17008125900 
0.00000010 445.473764 16170102900 
0.00000010 438.775384 16590914100 
0.00000010 438.265743 16974075300 
0.00000010 435.161008 18535480700 
0.00000010 431.748396 16368680100 
0.00000015 440.169948 11410079000 
0.00000015 448.355327 12336281600 
0.00000015 440.034649 12483596800 
0.00000015 439.720914 11886649800 
0.00000015 432.122995 14746274100 
0.00000015 441.514860 11475418900 
0.00000015 432.711141 10795182900 
0.00000015 437.825391 11867066800 
0.00000015 431.237600 11948943000 
0.00000015 444.044472 12225809900 
0.00000015 433.999230 12503294000 
0.00000015 431.529042 12238672500 
0.00000015 431.103238 12374439100 
0.00000015 446.816788 11707501600 
0.00000015 433.303830 12963503000 
0.00000015 440.367363 11487903300 
0.00000015 429.484081 11884645200 
0.00000015 429.484081 11661219400 
0.00000015 440.604340 11543689900 
0.00000015 454.131289 12903884000 
0.00000015 431.923870 11178368300 
0.00000015 434.304524 15007751700 
0.00000015 430.244022 13156186500 
0.00000015 434.826683 11280385900 
0.00000015 448.596589 10815053300 
0.00000015 438.086214 11251958700 
0.00000015 447.940342 12392949400 
0.00000015 439.436060 11943561300 
0.00000015 433.732800 11911317300 
0.00000015 432.414355 12826518800 
0.00000015 441.913048 11025879800 
0.00000015 443.934827 12691547900 
0.00000015 435.668770 11185846600 
0.00000015 437.980919 11572291000 
0.00000015 431.103705 13689029300 
0.00000015 434.816097 12616389200 
0.00000015 438.786590 12252061700 
0.00000015 433.158999 12126970100 
0.00000015 429.484081 11044725300 
0.00000015 431.421437 12668058000 
0.00000015 434.394966 11404120200 
0.00000015 431.923870 12419089800 
0.00000015 428.871756 12269195200 
0.00000015 432.365612 12478645900 
0.00000015 438.602591 12011287700 
0.00000015 443.467836 12073332300 
0.00000015 440.893618 11052564400 
0.00000015 440.783020 11955511900 
0.00000015 434.757329 11364415200 
0.00000015 438.205502 11256820100 
0.00000015 429.929622 11745901900 
0.00000015 432.590091 13202002200 
0.00000015 436.339496 11029048400 
0.00000015 431.103705 13130030800 
0.00000015 443.928123 12845675400 
0.00000015 440.179237 11359176400 
0.00000015 444.088236 11241484600 
0.00000015 435.734261 12388562500 
0.00000015 439.034342 13400523500 
0.00000015 437.139364 11068619200 
0.00000015 439.731339 13483941200 
0.00000015 439.088984 12309843200 
0.00000015 433.990516 11379689900 
0.00000015 437.386258 14185007000 
0.00000015 441.694963 11690313400 
0.00000015 431.923870 11699259500 
0.00000015 433.167532 13174592700 
0.00000015 428.871756 12114864800 
0.00000015 442.063751 11167408100 
0.00000015 428.981647 12401133800 
0.00000015 433.735911 11525684500 
0.00000015 434.843569 10568847800 
0.00000015 442.042048 11008946400 
0.00000015 429.484081 11644061700 
0.00000015 433.553723 11385004200 
0.00000015 433.079444 11498901800 
0.00000015 443.525351 11465059900 
0.00000015 440.438466 11444891200 
0.00000015 443.607859 12185116700 
0.00000015 448.433278 11442998900 
0.00000015 439.263367 11361509900 
0.00000015 432.376412 12699616100 
0.00000015 435.662155 11084745600 
0.00000015 429.929622 11426629500 
0.00000015 440.541147 11329170200 
0.00000015 433.985979 11107122700 
0.00000015 439.882158 12167927400 
0.00000015 447.179063 12078152600 
0.00000015 437.447017 14851011800 
0.00000015 434.427622 10486183800 
0.00000015 432.906176 12844819500 
0.00000015 436.089583 11828409900 
0.00000015 436.359988 11323983300 
0.00000015 430.611604 12169236600 
0.00000015 441.112052 10554523300 
0.00000015 439.436599 11930366000 
0.00000015 442.940284 10990461300 
0.00000015 444.953907 13081988900 
0.00000015 441.311601 11524431400 
0.00000015 432.177747 11464946700 
0.00000020 441.990306 9043738300 
0.00000020 437.653361 9022747000 
0.00000020 447.231926 8400414800 
0.00000020 439.832356 11984289000 
0.00000020 431.237600 8753108900 
0.00000020 441.357970 9075687300 
0.00000020 445.983692 9214570500 
0.00000020 433.793486 8442423200 
0.00000020 433.765392 8418400400 
0.00000020 439.115036 11512846500 
0.00000020 440.783130 9138814400 
0.00000020 443.823348 9609787800 
0.00000020 435.612190 11037823400 
0.00000020 438.285142 10651277600 
0.00000020 437.232905 8935681300 
0.00000020 433.985979 9149445600 
0.00000020 444.431187 8331406000 
0.00000020 436.597345 7869424000 
0.00000020 443.482651 8312471200 
0.00000020 431.328361 8744824600 
0.00000020 437.442766 8934220900 
0.00000020 435.161008 9723988500 
0.00000020 450.202911 9327230900 
0.00000020 432.145397 9620624000 
0.00000020 429.530283 9420691800 
0.00000020 444.089694 7548494100 
0.00000020 446.410630 11046146100 
0.00000020 431.915985 7783121800 
0.00000020 429.530283 9817614700 
0.00000020 442.552046 9109715700 
0.00000020 435.398003 8284124300 
0.00000020 442.872671 7767598700 
0.00000020 430.883023 9793570300 
0.00000020 435.363438 8073336900 
0.00000020 440.081978 9259951600 
0.00000020 435.807342 8398552600 
0.00000020 434.455984 9834080900 
0.00000020 438.068392 9519350000 
0.00000020 433.543495 10630498100 
0.00000020 439.913635 8715038600 
0.00000020 441.204669 8833725100 
0.00000020 438.987076 8781869000 
0.00000020 428.871756 8873599400 
0.00000020 434.144535 8662418000 
0.00000020 435.161008 9739528500 
0.00000020 433.900760 8286446300 
0.00000020 444.063160 9293887500 
0.00000020 436.500945 9742816400 
0.00000020 433.732800 9702651700 
0.00000020 430.825927 9002472300 
0.00000020 439.773952 8486448100 
0.00000020 438.987076 8792731200 
0.00000020 442.026067 9218342400 
0.00000020 457.027677 7929019400 
0.00000020 435.511686 10419757900 
0.00000020 433.775355 9545575300 
0.00000020 435.186087 8761386100 
0.00000020 431.923870 9426623500 
0.00000020 443.644444 8860389300 
0.00000020 433.979807 7809295800 
0.00000020 433.522774 8575433900 
0.00000020 440.760798 7914802400 
0.00000020 438.567629 8702813200 
0.00000020 440.478994 8434929800 
0.00000020 444.208978 8398723500 
0.00000020 434.555680 9982792500 
0.00000020 432.985190 12692405400 
0.00000020 436.092550 11263381700 
0.00000020 432.122995 11451014400 
0.00000020 444.334979 9857182900 
0.00000020 437.288370 8988375000 
0.00000020 441.313210 8601529500 
0.00000020 439.131401 9141866200 
0.00000020 434.501698 8593958100 
0.00000020 435.946948 8954370200 
0.00000020 431.923870 8650047200 
0.00000020 438.216744 8694386800 
0.00000020 442.235954 10059567300 
0.00000020 431.931564 9019400300 
0.00000020 440.516841 8889524400 
0.00000020 437.271936 8833511900 
0.00000020 432.482757 12377250400 
0.00000020 436.453358 9665144600 
0.00000020 444.379745 8451922800 
0.00000020 441.294573 10692333500 
0.00000020 436.343130 9026946600 
0.00000020 442.757943 7921658100 
0.00000020 442.346697 9614711700 
0.00000020 436.781058 8306331000 
0.00000020 432.905582 10911042200 
0.00000020 433.604984 9666795000 
0.00000020 438.983644 8468126500 
0.00000020 438.586912 8140658700 
0.00000020 435.857554 7727567100 
0.00000020 447.495361 8165949000 
0.00000020 429.117939 8786360800 
0.00000020 433.968832 8909617200 
0.00000020 441.447751 8591944900 
0.00000020 436.670964 8327526900 
0.00000020 434.760502 8400287900 
0.00000025 429.484081 6988206400 
0.00000025 429.929622 7716122400 
0.00000025 447.345918 6407405600 
0.00000025 444.224566 7469205600 
0.00000025 434.604347 9800595000 
0.00000025 440.789463 7029827400 
0.00000025 435.077455 6965009000 
0.00000025 451.568965 8437800800 
0.00000025 437.509931 7467070300 
0.00000025 434.665848 7846749100 
0.00000025 435.137608 7431147500 
0.00000025 436.271902 7735016300 
0.00000025 432.177747 6881632400 
0.00000025 438.571306 6945503300 
0.00000025 433.443832 6753433900 
0.00000025 440.608225 6727281800 
0.00000025 435.452832 7173233400 
0.00000025 432.842894 7207003200 
0.00000025 437.408105 6499203100 
0.00000025 437.474550 8046335100 
0.00000025 438.101909 7521844600 
0.00000025 444.581897 7426155500 
0.00000025 437.991291 6811317300 
0.00000025 431.421437 7223859200 
0.00000025 439.713060 9251054800 
0.00000025 444.756689 7813521800 
0.00000025 434.726582 6840188100 
0.00000025 439.751780 7512421900 
0.00000025 444.440189 5981999600 
0.00000025 437.562004 7214300300 
0.00000025 443.418182 6204755500 
0.00000025 435.293957 6685791300 
0.00000025 434.903384 8953938800 
0.00000025 447.696508 7756156800 
0.00000025 438.945581 7250419500 
0.00000025 446.439143 6987105500 
0.00000025 429.117939 6912847400 
0.00000025 436.781575 6941215100 
0.00000025 434.826683 7008974800 
0.00000025 441.803403 7100660300 
0.00000025 431.103705 7986752300 
0.00000025 434.920034 8273857900 
0.00000025 433.300410 7728058000 
0.00000025 443.744391 8723030800 
0.00000025 446.017532 7342459300 
0.00000025 437.474481 6767476400 
0.00000025 435.809676 6597756500 
0.00000025 436.872871 6243239600 
0.00000025 432.502647 7792884300 
0.00000025 458.993249 7842392200 
0.00000025 439.927383 10009268000 
0.00000025 438.076705 8445525900 
0.00000025 439.720830 8416862200 
0.00000025 442.080512 7067668200 
0.00000025 435.531221 7027699400 
0.00000025 434.149145 7651663300 
0.00000025 441.922805 7882864200 
0.00000025 439.364815 7265204100 
0.00000025 438.321971 7373472300 
0.00000025 435.429816 6908933500 
0.00000025 434.555421 7072400800 
0.00000025 441.771535 7823906400 
0.00000025 437.441700 7767702500 
0.00000025 443.895966 6356593500 
0.00000025 438.637305 6964071300 
0.00000025 429.117939 7662736600 
0.00000025 444.782572 7968618900 
0.00000025 432.482757 10062957400 
0.00000025 441.857124 7500055400 
0.00000025 431.328361 7110371700 
0.00000025 438.868854 9681224200 
0.00000025 433.900760 7029241200 
0.00000025 445.517304 6092799900 
0.00000025 437.149086 6153912100 
0.00000025 443.894636 6560117300 
0.00000025 437.462710 8143839600 
0.00000025 432.928113 6392583800 
0.00000025 434.945806 7206362000 
0.00000025 438.876813 7860470200 
0.00000025 437.789157 6847333300 
0.00000025 429.530283 8102181200 
0.00000025 441.009662 6984361500 
0.00000025 439.652597 7000149800 
0.00000025 435.994567 7334917700 
0.00000025 441.674652 7416454800 
0.00000025 431.923870 7170552800 
0.00000025 433.543027 6517921800 
0.00000025 440.418167 7832093700 
0.00000025 449.385916 7214594000 
0.00000025 439.951434 7950099000 
0.00000025 435.575076 7510435400 
0.00000025 434.621205 7067137100 
0.00000025 435.259062 6999904800 
0.00000025 432.098347 7233212700 
0.00000025 428.981647 7247130500 
0.00000025 431.103705 8271119200 
0.00000025 446.854784 7700675800 
0.00000025 435.525588 7228538900 
0.00000025 432.842894 7255471800 
0.00000025 429.484081 7112109700 
0.00000030 439.346360 6376822200 
0.00000030 438.238197 6249637900 
0.00000030 431.643802 6330873000 
0.00000030 431.421437 6924489700 
0.00000030 432.928113 6265417600 
0.00000030 432.905582 7491582400 
0.00000030 446.850052 5751418600 
0.00000030 436.025995 5397875900 
0.00000030 436.025995 5844566800 
0.00000030 436.179812 5300629800 
0.00000030 440.486491 6628641800 
0.00000030 433.285629 5926532800 
0.00000030 432.482757 8483584300 
0.00000030 440.007516 7493866500 
0.00000030 429.530283 7173998400 
0.00000030 443.494567 6875781500 
0.00000030 433.322812 6071345400 
0.00000030 445.628369 6754012300 
0.00000030 432.722862 6370164100 
0.00000030 432.928113 5264721300 
0.00000030 440.586286 5655439200 
0.00000030 432.162168 6216023500 
0.00000030 443.379789 5645238400 
0.00000030 435.293957 5767786400 
0.00000030 430.860620 7338115800 
0.00000030 445.139418 5845887900 
0.00000030 439.540204 5310014900 
0.00000030 433.811366 5876279800 
0.00000030 434.808000 5371852600 
0.00000030 439.080190 6536698300 
0.00000030 432.985190 8533750900 
0.00000030 429.484081 6216769600 
0.00000030 438.095870 6683838300 
0.00000030 435.675313 5834367200 
0.00000030 438.003680 5498168200 
0.00000030 438.537004 6730234500 
0.00000030 429.117939 6326206000 
0.00000030 432.928113 6037199100 
0.00000030 439.334582 5951458900 
0.00000030 432.145397 6579418800 
0.00000030 454.237026 5967183700 
0.00000030 447.563737 6107577300 
0.00000030 438.718385 5563813800 
0.00000030 437.165493 6845476900 
0.00000030 442.879780 5776841100 
0.00000030 439.075662 5807102500 
0.00000030 438.480948 7550030700 
0.00000030 442.334551 6758829000 
0.00000030 444.624956 6296761200 
0.00000030 442.817417 5205121700 
0.00000030 443.845786 5962725000 
0.00000030 434.481244 5850492000 
0.00000030 429.484081 6172795800 
0.00000030 434.051618 6170204100 
0.00000030 439.728020 7020113700 
0.00000030 445.030264 5956915400 
0.00000030 440.752921 6010191200 
0.00000030 433.765392 6209164400 
0.00000030 437.949451 6984657400 
0.00000030 433.768151 5579705400 
0.00000030 434.501698 5675130200 
0.00000030 434.235650 6064644500 
0.00000030 438.608523 5709465500 
0.00000030 441.423851 6367218600 
0.00000030 439.599486 5841751100 
0.00000030 443.073541 6554968400 
0.00000030 442.871657 6950297000 
0.00000030 435.916202 5951150900 
0.00000030 435.393345 5804660400 
0.00000030 434.941969 6094915800 
0.00000030 435.840090 5223720300 
0.00000030 441.628518 6150103600 
0.00000030 441.622893 5451462000 
0.00000030 434.112744 7032665300 
0.00000030 436.781058 6041054300 
0.00000030 444.873509 5432132600 
0.00000030 441.708526 5452521300 
0.00000030 431.923870 6448882300 
0.00000030 454.447518 6016884400 
0.00000030 443.083372 7068553100 
0.00000030 431.923870 5713551500 
0.00000030 442.459154 7110915300 
0.00000030 439.425735 5668760000 
0.00000030 437.297903 6507373600 
0.00000030 435.394511 5603341800 
0.00000030 435.930360 6044541000 
0.00000030 438.228686 6205590100 
0.00000030 437.718888 7124181400 
0.00000030 435.607322 6578754400 
0.00000030 431.237600 6423743600 
0.00000030 437.151504 5928206900 
0.00000030 435.760671 8467359200 
0.00000030 435.599457 8252095800 
0.00000030 433.586640 5898544500 
0.00000030 438.417117 5904270900 
0.00000030 445.507309 5691144200 
0.00000030 441.902642 6280545900 
0.00000030 439.348393 6615009800 
0.00000030 432.842894 5803664600 
0.00000030 428.981647 6479527200 
0.00000035 449.673705 4567412600 
0.00000035 439.526911 4461362800 
0.00000035 429.484081 5042867400 
0.00000035 443.685090 5562076100 
0.00000035 443.131711 5278736500 
0.00000035 430.860620 5602722200 
0.00000035 439.176871 5811684000 
0.00000035 437.831014 5676587900 
0.00000035 431.923870 5264915800 
0.00000035 437.447017 6350897100 
0.00000035 432.989430 5053589000 
0.00000035 431.969078 5313750900 
0.00000035 441.739811 5436637700 
0.00000035 433.716989 5540855700 
0.00000035 436.690411 4925464600 
0.00000035 447.761498 5467139200 
0.00000035 433.732800 5339347900 
0.00000035 432.181415 4790962400 
0.00000035 433.408610 5794725000 
0.00000035 435.509661 5825049800 
0.00000035 436.930821 4431153100 
0.00000035 437.797580 4978045200 
0.00000035 432.927984 5814640400 
0.00000035 438.985443 4721076600 
0.00000035 430.825927 5063666500 
0.00000035 441.017306 5589581700 
0.00000035 434.729300 4937507300 
0.00000035 441.154166 4599183200 
0.00000035 439.448503 5845385100 
0.00000035 442.209360 5020572800 
0.00000035 434.297408 5503755900 
0.00000035 434.384132 7126954100 
0.00000035 438.180460 5611334300 
0.00000035 437.751712 5266910200 
0.00000035 431.923870 4971151100 
0.00000035 435.992785 4520541700 
0.00000035 435.857554 4921945300 
0.00000035 434.889082 4855011800 
0.00000035 432.842894 5282671200 
0.00000035 444.142103 5675421900 
0.00000035 438.014643 4978074100 
0.00000035 433.699611 5440484600 
0.00000035 434.621205 5010186700 
0.00000035 432.711141 4896265800 
0.00000035 436.253087 5971572900 
0.00000035 440.136372 5113268600 
0.00000035 442.198321 5803510800 
0.00000035 429.847020 4901285500 
0.00000035 447.121641 4961628100 
0.00000035 434.361729 7344819100 
0.00000035 436.378755 5216905400 
0.00000035 435.916202 5095968100 
0.00000035 443.307418 4536646100 
0.00000035 436.369860 6753824400 
0.00000035 449.952663 5147717500 
0.00000035 440.213765 5682285600 
0.00000035 435.961726 5716729600 
0.00000035 430.349453 4732784500 
0.00000035 450.160810 5419829600 
0.00000035 433.690015 4955617500 
0.00000035 432.480244 6391826000 
0.00000035 435.387308 5527462100 
0.00000035 442.287987 5262220400 
0.00000035 441.423961 4719580200 
0.00000035 436.583731 5720076800 
0.00000035 434.408400 5310834000 
0.00000035 437.033962 5523607900 
0.00000035 442.202919 4950141400 
0.00000035 442.586704 5416591700 
0.00000035 437.298727 4976297500 
0.00000035 450.474112 5031731100 
0.00000035 441.804794 4761607900 
0.00000035 433.391063 5323768900 
0.00000035 435.809676 5182604600 
0.00000035 440.454231 4881241600 
0.00000035 441.842356 5397457300 
0.00000035 432.928113 5269474100 
0.00000035 432.512980 5417383900 
0.00000035 433.604984 5392555100 
0.00000035 430.746455 5696956100 
0.00000035 449.582276 5935931400 
0.00000035 431.968610 5439280700 
0.00000035 436.089329 5704599300 
0.00000035 433.545177 5092047700 
0.00000035 435.436953 6460209700 
0.00000035 434.361729 7372635600 
0.00000035 433.543027 4734098600 
0.00000035 432.365612 5685114400 
0.00000035 440.627031 5405296800 
0.00000035 434.427622 5334503000 
0.00000035 438.724605 5037778900 
0.00000035 435.331817 4619820700 
0.00000035 431.170521 5795838100 
0.00000035 436.159330 4803487700 
0.00000035 435.993512 4947596100 
0.00000035 438.832070 5050143800 
0.00000035 438.442462 5716405400 
0.00000035 436.440520 5527715700 
0.00000035 445.816656 4631541400 
0.00000035 438.083211 5017178700 
0.00000040 437.669382 4651605000 
0.00000040 441.208132 4111395300 
0.00000040 440.055837 4543588000 
0.00000040 448.739045 4259803000 
0.00000040 435.144911 6003933700 
0.00000040 440.564861 4777190000 
0.00000040 436.419904 4387227200 
0.00000040 439.563443 4510471100 
0.00000040 440.036521 4057511400 
0.00000040 437.317900 4747037100 
0.00000040 447.996072 4708802400 
0.00000040 444.926517 4744729500 
0.00000040 438.214765 4612311300 
0.00000040 433.041061 5028390100 
0.00000040 433.988164 5969338400 
0.00000040 431.421437 4212297500 
0.00000040 435.432454 4995974900 
0.00000040 440.520070 4575092100 
0.00000040 432.800478 5204967400 
0.00000040 436.421130 4357624700 
0.00000040 432.122995 5544369900 
0.00000040 441.711074 4559396900 
0.00000040 444.690796 4454337400 
0.00000040 442.735979 4506712800 
0.00000040 436.206010 6438200000 
0.00000040 439.238924 6112808100 
0.00000040 437.717147 4192533700 
0.00000040 431.923870 4707362700 
0.00000040 437.627265 6147882200 
0.00000040 440.989254 4675859400 
0.00000040 433.765860 5024398700 
0.00000040 432.733662 4839523300 
0.00000040 436.025995 4454002000 
0.00000040 439.798807 4202601000 
0.00000040 435.293957 3936282900 
0.00000040 440.707318 4389430700 
0.00000040 443.087859 4563227700 
0.00000040 447.317144 4558746500 
0.00000040 436.349177 4555856400 
0.00000040 432.985190 6209090400 
0.00000040 439.720914 4728979500 
0.00000040 439.059055 4561521700 
0.00000040 432.181415 4327567900 
0.00000040 436.900033 4608448900 
0.00000040 452.309067 4013646400 
0.00000040 433.690015 4495437300 
0.00000040 447.246013 4814910900 
0.00000040 430.746455 4783054200 
0.00000040 432.502180 4132857300 
0.00000040 432.683811 4973248900 
0.00000040 438.692689 4520300900 
0.00000040 438.250372 4677800100 
0.00000040 431.237600 4444837900 
0.00000040 433.765860 5312518500 
0.00000040 436.189731 6272222700 
0.00000040 436.439896 4163859700 
0.00000040 438.501571 4251548700 
0.00000040 435.363438 4153435400 
0.00000040 441.521856 5201157500 
0.00000040 438.724605 4503380900 
0.00000040 429.929622 4668990900 
0.00000040 438.841887 4622053500 
0.00000040 435.414550 5915267700 
0.00000040 449.723528 4409825300 
0.00000040 438.038861 6140652800 
0.00000040 446.253525 4285465300 
0.00000040 442.639967 4074897200 
0.00000040 448.984857 4452646900 
0.00000040 440.502435 4593391500 
0.00000040 434.665848 5176498700 
0.00000040 432.789243 4337641400 
0.00000040 439.941248 4994474000 
0.00000040 445.063727 4705458900 
0.00000040 440.690079 4683775500 
0.00000040 440.102062 4277857500 
0.00000040 428.871756 3962140200 
0.00000040 435.622928 5064899400 
0.00000040 431.931564 3962388600 
0.00000040 445.047225 4403835900 
0.00000040 440.463475 4422408300 
0.00000040 433.900760 4458251200 
0.00000040 432.789243 4950153500 
0.00000040 431.923870 4659101600 
0.00000040 445.465495 4603823000 
0.00000040 431.923870 4770928300 
0.00000040 441.828990 4924201700 
0.00000040 431.859845 4983721400 
0.00000040 435.260339 4200679500 
0.00000040 442.048231 3946776100 
0.00000040 439.203438 4830711000 
0.00000040 438.259802 4242643000 
0.00000040 436.976934 5156730900 
0.00000040 439.010525 4031847900 
0.00000040 435.149564 6075571200 
0.00000040 431.114038 4624078900 
0.00000040 433.443832 4108033100 
0.00000040 433.049494 5508552000 
0.00000040 441.114190 4223509700 
0.00000040 438.670384 4173210900 
0.00000040 447.886633 4289506000 
0.00000045 435.293957 3840430500 
0.00000045 444.204458 4269754000 
0.00000045 432.842894 3806300100 
0.00000045 433.768151 4227768300 
0.00000045 438.480592 4199331200 
0.00000045 447.349371 3969536500 
0.00000045 447.072716 4416903000 
0.00000045 439.082304 4425020900 
0.00000045 429.117939 4123199900 
0.00000045 439.134860 4183942300 
0.00000045 441.204669 3642258600 
0.00000045 436.775488 3871997600 
0.00000045 437.288394 4151278000 
0.00000045 438.533767 4132516400 
0.00000045 439.348393 4659177900 
0.00000045 442.341535 3788431800 
0.00000045 436.284247 4453198000 
0.00000045 438.607622 3662203900 
0.00000045 433.586640 4605305900 
0.00000045 455.716538 3827854400 
0.00000045 444.074996 4138084900 
0.00000045 437.809332 4473804700 
0.00000045 428.981647 3957104800 
0.00000045 440.401075 3938286400 
0.00000045 434.293308 3579417900 
0.00000045 448.974637 4491409300 
0.00000045 434.887824 3953396600 
0.00000045 432.146235 3959858600 
0.00000045 433.443832 3957068700 
0.00000045 438.312381 4019353200 
0.00000045 436.339496 3902681700 
0.00000045 439.753884 4570747300 
0.00000045 438.597932 4163739300 
0.00000045 433.292112 4524730400 
0.00000045 447.830248 4085897900 
0.00000045 445.515699 3646283900 
0.00000045 434.942437 4747733900 
0.00000045 444.394454 3834327700 
0.00000045 439.470900 4050404600 
0.00000045 435.677359 3810834500 
0.00000045 440.304269 3862525300 
0.00000045 441.100199 3668127600 
0.00000045 439.198382 3649328000 
0.00000045 432.146235 4108520200 
0.00000045 444.557173 3956104900 
0.00000045 432.259562 4645663800 
0.00000045 438.369652 5087460400 
0.00000045 432.482757 5634335300 
0.00000045 431.103705 4647512400 
0.00000045 431.859845 4513406400 
0.00000045 447.375503 4136737300 
0.00000045 440.734727 3846158600 
0.00000045 435.806825 3845947700 
0.00000045 430.890357 4268472000 
0.00000045 442.008881 3933861900 
0.00000045 434.942437 4635148300 
0.00000045 435.643246 4259964700 
0.00000045 432.286810 4017983800 
0.00000045 437.768802 4879775200 
0.00000045 436.176855 3549941000 
0.00000045 438.160675 4198557400 
0.00000045 431.237600 3972370300 
0.00000045 437.949451 4409759200 
0.00000045 432.906828 3606005400 
0.00000045 442.694256 4048371700 
0.00000045 437.138307 4274526300 
0.00000045 433.443832 3844592700 
0.00000045 445.132289 3942522600 
0.00000045 440.598397 4289157900 
0.00000045 446.280041 3954257600 
0.00000045 429.484081 4225270300 
0.00000045 434.562784 4693704600 
0.00000045 442.717637 4446628000 
0.00000045 447.107382 3931851800 
0.00000045 445.791154 3860657700 
0.00000045 434.281829 3884690200 
0.00000045 437.447017 4840346000 
0.00000045 444.034689 4327242300 
0.00000045 440.428196 3865809800 
0.00000045 431.611828 4208499100 
0.00000045 438.814823 4364642300 
0.00000045 445.101207 3950064400 
0.00000045 437.937421 3974211400 
0.00000045 437.699206 4376999600 
0.00000045 439.072357 3266925400 
0.00000045 430.349453 3979025100 
0.00000045 432.122995 5190561600 
0.00000045 433.408610 4127206500 
0.00000045 439.501470 4500671200 
0.00000045 437.363190 4111517600 
0.00000045 438.617398 3917117200 
0.00000045 434.606921 4090632200 
0.00000045 428.981647 3707046100 
0.00000045 441.273837 4970378200 
0.00000045 446.546277 4177127900 
0.00000045 444.537394 4073556600 
0.00000045 436.033126 5577256300 
0.00000045 431.859845 4315652000 
0.00000045 437.857515 3598864900 
0.00000045 440.366620 3787641100 
0.00000050 440.515317 3580954800 
0.00000050 444.782572 3793174700 
0.00000050 434.235650 3922070200 
0.00000050 441.674791 3377026100 
0.00000050 442.174498 4102322400 
0.00000050 438.253558 4621280700 
0.00000050 439.166589 4074177300 
0.00000050 438.288960 3714118800 
0.00000050 443.529910 4296663300 
0.00000050 435.916202 3771440900 
0.00000050 446.269309 3747881300 
0.00000050 437.789254 4213201100 
0.00000050 431.859845 3935838000 
0.00000050 436.335077 3825524200 
0.00000050 441.335656 3714711000 
0.00000050 436.111529 4795171000 
0.00000050 449.448824 4069906000 
0.00000050 441.034253 4008742600 
0.00000050 440.323736 3827476200 
0.00000050 436.159330 3166781600 
0.00000050 429.929622 3913737600 
0.00000050 434.585187 4055707300 
0.00000050 430.746455 3830331900 
0.00000050 431.672955 3916832900 
0.00000050 440.350695 3712742800 
0.00000050 433.174296 3835712600 
0.00000050 437.035005 3612486200 
0.00000050 450.404101 3269926700 
0.00000050 436.230684 4174211900 
0.00000050 431.503365 3979915300 
0.00000050 443.162004 3655230400 
0.00000050 438.703053 3726477300 
0.00000050 447.237972 3737732700 
0.00000050 432.177747 3615837000 
0.00000050 433.790894 4419990200 
0.00000050 435.599072 4702712900 
0.00000050 432.414355 3975991400 
0.00000050 436.082281 3750419900 
0.00000050 432.102973 3547342800 
0.00000050 447.071583 3771222900 
0.00000050 438.083103 4839370000 
0.00000050 439.302346 4057594900 
0.00000050 444.284727 3401366200 
0.00000050 440.982608 3855876500 
0.00000050 435.489283 4032155500 
0.00000050 433.566799 3554145400 
0.00000050 438.586912 3507870200 
0.00000050 441.762552 3882601500 
0.00000050 433.985979 3262867000 
0.00000050 435.363438 3405531100 
0.00000050 433.443832 3572897300 
0.00000050 437.441876 5691602000 
0.00000050 442.337318 3626220700 
0.00000050 433.186245 4064712100 
0.00000050 432.482757 4928507700 
0.00000050 435.793908 3297360300 
0.00000050 450.964108 3860729900 
0.00000050 439.776500 3749574200 
0.00000050 429.929622 3742549400 
0.00000050 433.522774 3519176800 
0.00000050 440.227454 3959461100 
0.00000050 432.906176 4158356600 
0.00000050 432.122995 4566540100 
0.00000050 437.481050 3661225700 
0.00000050 439.333410 3760931300 
0.00000050 442.909587 4177547800 
0.00000050 434.394966 3584648500 
0.00000050 444.559937 3588696800 
0.00000050 432.041455 3706690600 
0.00000050 439.568607 4256193200 
0.00000050 435.363438 3490566400 
0.00000050 438.764067 3597290500 
0.00000050 447.968278 3716309800 
0.00000050 440.534246 3573122000 
0.00000050 430.611604 4429368000 
0.00000050 431.103705 3531933100 
0.00000050 435.781813 3853437400 
0.00000050 437.720061 3306814700 
0.00000050 438.999686 3701625700 
0.00000050 437.540857 3931647900 
0.00000050 437.333564 4221466200 
0.00000050 437.151775 3639546700 
0.00000050 434.818896 3717126000 
0.00000050 437.545926 3518719800 
0.00000050 447.923342 3697832100 
0.00000050 429.484081 3632310900 
0.00000050 442.869448 3908140600 
0.00000050 442.875183 3019564400 
0.00000050 436.946695 3596627600 
0.00000050 430.825927 3676185100 
0.00000050 443.889477 4249234500 
0.00000050 435.668770 3434902100 
0.00000050 434.555680 4231420500 
0.00000050 437.305325 3553213300 
0.00000050 433.543495 3945592700 
0.00000050 446.822524 3273096800 
0.00000050 443.774555 3394179300 
0.00000050 432.122995 4542701000 
0.00000050 440.137396 3859272100 
0.00000050 437.498537 3630017500 
0.00000055 438.015528 3523638800 
0.00000055 434.263213 3162915600 
0.00000055 432.482757 4629824000 
0.00000055 444.920741 3426283300 
0.00000055 450.225447 3384024200 
0.00000055 435.625448 3164907400 
0.00000055 438.375863 3201138500 
0.00000055 440.278592 3464700300 
0.00000055 437.220842 3252061000 
0.00000055 439.325990 3852207600 
0.00000055 434.555421 3027991200 
0.00000055 432.146235 3445447300 
0.00000055 440.750458 3724254000 
0.00000055 434.921717 3305022000 
0.00000055 436.394592 3197285200 
0.00000055 449.184650 3762409800 
0.00000055 434.013568 3576940900 
0.00000055 434.112744 3612590300 
0.00000055 439.032959 3933254900 
0.00000055 435.293957 3249483200 
0.00000055 434.624783 3047900100 
0.00000055 433.553723 2896995200 
0.00000055 438.651964 3249009800 
0.00000055 443.690008 3277493900 
0.00000055 439.517618 3381602800 
0.00000055 432.704900 3919363800 
0.00000055 446.069860 3548976900 
0.00000055 429.117939 3406115200 
0.00000055 435.346997 3546035800 
0.00000055 440.096377 3430419100 
0.00000055 450.723021 2938434700 
0.00000055 432.502647 3421047300 
0.00000055 430.601272 3751283300 
0.00000055 431.672955 3675842900 
0.00000055 431.026609 3632506100 
0.00000055 433.049494 3907105000 
0.00000055 434.562784 3841210300 
0.00000055 435.142399 3726070000 
0.00000055 432.480244 4124586500 
0.00000055 437.569056 3279445700 
0.00000055 440.167304 4062546300 
0.00000055 446.038611 3267605800 
0.00000055 446.396216 3335688100 
0.00000055 435.988815 2976128000 
0.00000055 438.340415 3117641400 
0.00000055 428.981647 3311858900 
0.00000055 438.340860 3622677200 
0.00000055 441.067660 3845918400 
0.00000055 445.014735 3503414300 
0.00000055 429.530283 3278941100 
0.00000055 443.985102 3673519300 
0.00000055 439.789493 3474384900 
0.00000055 441.499518 3078608700 
0.00000055 435.680832 3303990900 
0.00000055 445.550679 4209129700 
0.00000055 443.236076 3355042900 
0.00000055 438.013416 3926172400 
0.00000055 446.967548 2949394400 
0.00000055 444.616917 3235188000 
0.00000055 435.871630 3403079800 
0.00000055 434.112744 3592381300 
0.00000055 441.835748 3238329700 
0.00000055 444.943921 3219360900 
0.00000055 435.263758 3493875600 
0.00000055 434.621205 3129573200 
0.00000055 438.441550 3773276900 
0.00000055 432.905582 4006493800 
0.00000055 432.789243 3238777900 
0.00000055 434.112744 3765728300 
0.00000055 434.555680 3516171600 
0.00000055 442.164208 3556944400 
0.00000055 434.501698 3174961300 
0.00000055 438.607622 3538354700 
0.00000055 442.513437 3306247200 
0.00000055 432.162168 3271158000 
0.00000055 435.657168 3937291600 
0.00000055 432.482757 4596248200 
0.00000055 434.200130 4124553000 
0.00000055 442.160653 2975786600 
0.00000055 437.490223 3126364000 
0.00000055 437.837568 3486617300 
0.00000055 428.981647 3096165900 
0.00000055 430.244022 3440577400 
0.00000055 430.601272 3572610600 
0.00000055 436.781058 3266932300 
0.00000055 434.621205 3246025700 
0.00000055 436.697463 3214694500 
0.00000055 433.174296 3383980200 
0.00000055 431.103238 3147360500 
0.00000055 435.632725 3435298100 
0.00000055 434.606921 3435838400 
0.00000055 434.248270 4233250000 
0.00000055 443.496059 3381929200 
0.00000055 439.951434 3806289600 
0.00000055 431.103705 3586371000 
0.00000055 440.416537 3313161300 
0.00000055 431.103705 3875844900 
0.00000055 437.756114 3370897300 
0.00000055 441.719430 3703991000 
0.00000055 433.585536 3569222600 
0.00000060 438.268546 2897307800 
0.00000060 430.860620 3558691000 
0.00000060 431.421437 3363592000 
0.00000060 436.533683 3279090500 
0.00000060 435.511686 3511621500 
0.00000060 437.750675 3684256300 
0.00000060 437.462075 3228953400 
0.00000060 434.854145 3517644000 
0.00000060 440.715975 3119146500 
0.00000060 439.182369 2929964100 
0.00000060 432.985190 4176432200 
0.00000060 440.148097 3271459200 
0.00000060 443.945133 2896673100 
0.00000060 433.985979 3111234700 
0.00000060 441.753589 4003486100 
0.00000060 437.447017 3486410200 
0.00000060 434.501698 2952947500 
0.00000060 444.325180 3185765200 
0.00000060 435.979694 3261086700 
0.00000060 440.147152 2961768000 
0.00000060 435.906996 3008669400 
0.00000060 432.928113 3283592400 
0.00000060 435.090356 3852341900 
0.00000060 432.796937 2850979100 
0.00000060 439.713060 4063124600 
0.00000060 431.170521 3600483200 
0.00000060 432.985190 4279451900 
0.00000060 438.848067 3010147900 
0.00000060 434.351711 3401212900 
0.00000060 433.973516 2708863400 
0.00000060 443.577550 4048223200 
0.00000060 433.811372 3217355400 
0.00000060 438.679622 3088911600 
0.00000060 435.734051 3337563300 
0.00000060 444.360091 2892672500 
0.00000060 437.439038 3101488800 
0.00000060 435.809676 3010838500 
0.00000060 433.010770 3183901800 
0.00000060 435.295623 2963121700 
0.00000060 435.452832 2926034800 
0.00000060 432.365612 3220531400 
0.00000060 433.942627 2829964100 
0.00000060 431.170521 3380130300 
0.00000060 442.980413 3205141800 
0.00000060 442.455901 3336676500 
0.00000060 434.699069 2930246500 
0.00000060 434.846131 3233369900 
0.00000060 442.289374 2938746400 
0.00000060 432.683811 3477853700 
0.00000060 436.694581 3687027700 
0.00000060 437.537991 2895441600 
0.00000060 433.900760 2924186500 
0.00000060 437.209427 3403218200 
0.00000060 431.911921 3490079200 
0.00000060 444.480526 2892388500 
0.00000060 442.809968 3568235500 
0.00000060 436.908603 3083620000 
0.00000060 439.347401 3165938700 
0.00000060 455.907820 2523286600 
0.00000060 437.293060 4074085400 
0.00000060 443.595589 3139621400 
0.00000060 444.655577 3234429300 
0.00000060 440.285654 3043090300 
0.00000060 432.789243 3013210800 
0.00000060 435.144911 4015747800 
0.00000060 439.519012 3012008100 
0.00000060 434.258635 3491219700 
0.00000060 439.390202 3137183600 
0.00000060 439.352221 3003427800 
0.00000060 438.228048 3037587900 
0.00000060 443.301584 3111261800 
0.00000060 436.670971 3049659100 
0.00000060 440.857591 2592573700 
0.00000060 433.900760 2982705700 
0.00000060 434.920034 3520565800 
0.00000060 431.237600 3136155900 
0.00000060 434.309205 2852515000 
0.00000060 433.793357 3217062700 
0.00000060 435.161008 3456656400 
0.00000060 431.103238 3041423500 
0.00000060 440.147152 2986794200 
0.00000060 442.496125 2722879700 
0.00000060 433.522774 3026001000 
0.00000060 435.806825 2949912400 
0.00000060 438.443704 3071457400 
0.00000060 436.670971 2908727000 
0.00000060 438.824008 3096211100 
0.00000060 438.922713 3103366800 
0.00000060 435.189836 3834040100 
0.00000060 444.034473 2853386500 
0.00000060 447.823924 2714881800 
0.00000060 437.005288 3260572300 
0.00000060 433.522774 3021619000 
0.00000060 431.103238 3113282500 
0.00000060 438.745454 3414738200 
0.00000060 439.360006 3094921400 
0.00000060 445.947850 3065993600 
0.00000060 437.419404 2820783900 
0.00000060 441.611306 3268805800 
0.00000060 438.996162 2914666800 
0.00000065 449.910941 2511074600 
0.00000065 437.355967 3163357300 
0.00000065 440.963310 3010358200 
0.00000065 433.732800 3046895600 
0.00000065 436.432793 2838632700 
0.00000065 437.408105 2550725600 
0.00000065 435.007227 3212519600 
0.00000065 438.253558 3834403300 
0.00000065 434.820324 2696894800 
0.00000065 442.787485 2965500300 
0.00000065 443.376708 2895860400 
0.00000065 434.750703 3600320300 
0.00000065 438.305643 2681266300 
0.00000065 431.114038 2792210600 
0.00000065 432.033226 2607010600 
0.00000065 435.162652 3156311800 
0.00000065 443.153647 2726726100 
0.00000065 441.961451 2931791900 
0.00000065 456.124074 2406997500 
0.00000065 443.452000 2916747700 
0.00000065 442.144011 2884512100 
0.00000065 436.590836 2883901300 
0.00000065 446.407182 2798377200 
0.00000065 445.520725 2490569500 
0.00000065 435.414550 3767119400 
0.00000065 435.413815 2854671100 
0.00000065 433.300410 3000554300 
0.00000065 442.105451 3512191000 
0.00000065 445.308534 2908019300 
0.00000065 438.455173 2927977400 
0.00000065 440.239635 3188200000 
0.00000065 437.468411 2820744600 
0.00000065 447.895493 2787410100 
0.00000065 436.002981 2648178100 
0.00000065 430.746455 3201816800 
0.00000065 440.670421 2720546100 
0.00000065 433.768151 2769507700 
0.00000065 434.834630 2902785600 
0.00000065 448.058323 3085575400 
0.00000065 436.504142 2733671500 
0.00000065 440.843334 2940167400 
0.00000065 442.705175 3332178000 
0.00000065 440.750458 3013298100 
0.00000065 437.803655 2730805300 
0.00000065 436.473810 2804105000 
0.00000065 441.952311 2972819300 
0.00000065 449.096645 2898096200 
0.00000065 436.362578 3122011400 
0.00000065 437.500381 3730664300 
0.00000065 441.228239 2706877200 
0.00000065 433.979807 2762132400 
0.00000065 435.513114 2640158600 
0.00000065 436.743985 2939093900 
0.00000065 432.928113 2827473500 
0.00000065 446.981115 2838866100 
0.00000065 442.703944 2627048400 
0.00000065 442.119531 2871197000 
0.00000065 443.417616 3283968400 
0.00000065 436.678417 2942568700 
0.00000065 440.248867 2795353900 
0.00000065 438.848291 3042591500 
0.00000065 441.511670 2655229300 
0.00000065 433.322812 2961655000 
0.00000065 434.248270 3607915000 
0.00000065 442.136346 3071775400 
0.00000065 433.345617 3543583900 
0.00000065 439.548355 2827592400 
0.00000065 437.797580 3124360700 
0.00000065 437.031668 3040204900 
0.00000065 429.530283 3133648400 
0.00000065 433.801039 2938178600 
0.00000065 432.590091 2789048000 
0.00000065 436.089583 2956764100 
0.00000065 440.315036 3085685100 
0.00000065 443.082702 2620209400 
0.00000065 430.746455 3159259200 
0.00000065 436.639919 3619773600 
0.00000065 447.019234 3292609700 
0.00000065 437.663878 2952226500 
0.00000065 438.361829 2958219000 
0.00000065 439.688658 2629729100 
0.00000065 438.268546 2646990800 
0.00000065 435.871630 2944433400 
0.00000065 433.110555 2986253300 
0.00000065 428.871756 2918603300 
0.00000065 437.173404 2949720400 
0.00000065 437.419357 3102024200 
0.00000065 440.679713 2757613600 
0.00000065 434.606921 3087030700 
0.00000065 440.077825 3314716400 
0.00000065 434.585187 3104877700 
0.00000065 439.229956 2906272200 
0.00000065 439.901164 2971857600 
0.00000065 446.337435 2885722600 
0.00000065 440.973255 2673095300 
0.00000065 432.842894 2706745500 
0.00000065 433.443832 2807776700 
0.00000065 445.789854 3042458200 
0.00000065 437.563645 2981570800 
0.00000065 435.655646 2697577200 
0.00000070 439.642266 2574006200 
0.00000070 439.032959 2819920300 
0.00000070 433.732800 2861682400 
0.00000070 437.550402 2885290000 
0.00000070 429.484081 2660601900 
0.00000070 436.605637 2937623800 
0.00000070 438.032285 2380165400 
0.00000070 431.114038 2607133600 
0.00000070 437.526412 2382966700 
0.00000070 441.342117 2908783100 
0.00000070 447.298751 2935534400 
0.00000070 435.293957 2472553800 
0.00000070 438.358629 2397062400 
0.00000070 433.690015 2451744900 
0.00000070 436.439896 2266331300 
0.00000070 436.297827 2553325000 
0.00000070 440.041935 2295795000 
0.00000070 434.121804 2451241800 
0.00000070 431.859845 2722878500 
0.00000070 437.432399 2841720000 
0.00000070 437.919994 2723616100 
0.00000070 434.394966 2587737200 
0.00000070 451.832697 2261544200 
0.00000070 434.361729 3536239200 
0.00000070 436.038082 2621698900 
0.00000070 431.911921 2972786700 
0.00000070 437.953637 3660088700 
0.00000070 436.044093 2616675600 
0.00000070 431.114038 2696936600 
0.00000070 440.127246 2112452300 
0.00000070 440.740352 2537345300 
0.00000070 441.330104 2809094100 
0.00000070 438.412772 3131773500 
0.00000070 441.922760 2593500300 
0.00000070 434.463045 2618516800 
0.00000070 432.711141 2583420800 
0.00000070 436.475452 2908985700 
0.00000070 437.938384 2608018100 
0.00000070 431.421437 2849580300 
0.00000070 436.692751 2594068700 
0.00000070 448.290679 2796519500 
0.00000070 443.976883 2778577300 
0.00000070 438.304875 2450558900 
0.00000070 428.981647 2700170900 
0.00000070 437.306748 2530307700 
0.00000070 433.443790 2718173500 
0.00000070 440.191424 2705298900 
0.00000070 443.890435 2633442200 
0.00000070 437.138307 2694679300 
0.00000070 439.484156 2533165200 
0.00000070 440.831356 2345529900 
0.00000070 442.208058 3153005400 
0.00000070 444.023734 2407537700 
0.00000070 433.879187 3261332900 
0.00000070 435.250539 3545110900 
0.00000070 450.691178 2780341300 
0.00000070 444.542869 2769622600 
0.00000070 436.859933 3919005500 
0.00000070 441.130914 2673183300 
0.00000070 439.072357 2189798400 
0.00000070 441.017183 2541082700 
0.00000070 435.882291 3072221500 
0.00000070 434.555421 2562786200 
0.00000070 432.722862 3049483100 
0.00000070 431.328361 2438885600 
0.00000070 441.028939 2670713900 
0.00000070 434.555388 2449801600 
0.00000070 431.923870 2433944100 
0.00000070 438.537162 3059661800 
0.00000070 448.864202 2513524400 
0.00000070 434.903381 3688307300 
0.00000070 438.538560 2562674700 
0.00000070 440.158035 2531455800 
0.00000070 430.746455 2621145000 
0.00000070 445.010841 2597023400 
0.00000070 435.632725 2819184800 
0.00000070 440.634189 2523894300 
0.00000070 442.676367 2752609100 
0.00000070 437.711617 2970644800 
0.00000070 437.288394 2649328100 
0.00000070 442.134811 2712713500 
0.00000070 435.173473 2680401300 
0.00000070 439.926131 2485970600 
0.00000070 437.776839 2725252600 
0.00000070 444.155680 2562020900 
0.00000070 441.791526 2691811200 
0.00000070 442.241145 2505052000 
0.00000070 441.021814 2957026700 
0.00000070 445.067643 2420818300 
0.00000070 435.412511 2743378100 
0.00000070 440.817295 2419178200 
0.00000070 431.421437 2675084200 
0.00000070 439.295448 2733038600 
0.00000070 432.181415 2661572500 
0.00000070 441.705180 2402636200 
0.00000070 442.585685 2940243300 
0.00000070 430.860620 2772841500 
0.00000070 436.473810 2745098100 
0.00000070 435.293957 2703946000 
0.00000070 433.979807 2520543300 
0.00000075 432.842894 2391705200 
0.00000075 438.273536 2556720300 
0.00000075 439.964161 2225311000 
0.00000075 436.023689 2253047300 
0.00000075 442.816124 2449727400 
0.00000075 434.235650 2532087300 
0.00000075 439.778151 2488959800 
0.00000075 438.649383 3200867900 
0.00000075 439.376416 2640411200 
0.00000075 433.734773 2241121600 
0.00000075 440.528765 2253694300 
0.00000075 433.300410 2417883800 
0.00000075 438.824008 2518687600 
0.00000075 430.860620 3012912300 
0.00000075 435.331817 2004835400 
0.00000075 435.293957 2352571300 
0.00000075 443.140252 2514410000 
0.00000075 432.177747 2417245800 
0.00000075 436.533683 2703182900 
0.00000075 441.381494 2588520800 
0.00000075 429.929622 2404744700 
0.00000075 444.305661 2862214400 
0.00000075 438.657772 3076681200 
0.00000075 435.413815 2492069400 
0.00000075 435.916202 2217850300 
0.00000075 444.339783 2559777500 
0.00000075 433.543495 2646078400 
0.00000075 440.816403 2714083700 
0.00000075 432.122995 3109282600 
0.00000075 441.337725 2501443300 
0.00000075 445.604401 2555675100 
0.00000075 440.907588 2452421200 
0.00000075 443.410609 2713660600 
0.00000075 428.981647 2387005000 
0.00000075 438.081421 2516031400 
0.00000075 430.860620 2806913300 
0.00000075 443.111623 3161432400 
0.00000075 437.232904 2516852300 
0.00000075 436.975611 3017076200 
0.00000075 441.780652 2954088300 
0.00000075 429.484081 2446325900 
0.00000075 439.812602 2799660100 
0.00000075 438.690379 2531633500 
0.00000075 442.148399 2495771100 
0.00000075 449.280287 2790758500 
0.00000075 441.531316 2696101000 
0.00000075 438.763945 2386126100 
0.00000075 438.737458 2729651400 
0.00000075 439.785469 2372214500 
0.00000075 437.949451 2608798600 
0.00000075 444.723311 2482650600 
0.00000075 449.335322 2616759700 
0.00000075 434.361729 3338052200 
0.00000075 435.781813 2742663500 
0.00000075 436.471681 2682946700 
0.00000075 435.946948 2506217800 
0.00000075 431.668390 2703173500 
0.00000075 434.263213 2432049600 
0.00000075 433.610311 2731451400 
0.00000075 432.928113 2288370100 
0.00000075 438.741250 2519874700 
0.00000075 445.385235 2557294000 
0.00000075 448.373646 2620668300 
0.00000075 450.331769 2531369800 
0.00000075 442.973351 2573597000 
0.00000075 437.230135 2453525400 
0.00000075 447.925625 2724605900 
0.00000075 432.842894 2389116600 
0.00000075 443.173235 2534342200 
0.00000075 436.189731 3390576100 
0.00000075 438.250372 2673692500 
0.00000075 434.025695 2577712000 
0.00000075 445.167612 2507740800 
0.00000075 433.285629 2312203900 
0.00000075 432.963720 2125258900 
0.00000075 436.727011 2713634900 
0.00000075 437.655243 2303207300 
0.00000075 445.574327 2403986200 
0.00000075 439.352936 2521890700 
0.00000075 436.692723 2943762900 
0.00000075 447.010606 2618698800 
0.00000075 434.606921 2547648800 
0.00000075 436.590599 3376969400 
0.00000075 428.981647 2622601600 
0.00000075 431.421437 2607598100 
0.00000075 435.273500 2686585900 
0.00000075 430.860620 2733625100 
0.00000075 435.878484 2568480200 
0.00000075 440.498019 2657626600 
0.00000075 439.370575 2580732800 
0.00000075 437.723841 2517653400 
0.00000075 440.929945 2374370800 
0.00000075 438.160675 2324023900 
0.00000075 444.573320 2472008100 
0.00000075 433.988164 3132921500 
0.00000075 432.181415 2626891500 
0.00000075 435.293957 2418022400 
0.00000075 438.250372 2639687400 
0.00000075 440.002197 2093216800 
0.00000075 433.610311 2946427300 
0.00000080 437.424712 2330606000 
0.00000080 437.958389 2394906300 
0.00000080 443.635513 2415020700 
0.00000080 429.117939 2351681800 
0.00000080 432.807629 2200461600 
0.00000080 431.915985 2145370400 
0.00000080 434.051618 2294907800 
0.00000080 442.352070 2382378900 
0.00000080 430.244022 2590117600 
0.00000080 440.116921 2320661400 
0.00000080 436.192460 2413954300 
0.00000080 441.161056 2380380400 
0.00000080 440.325227 2540726100 
0.00000080 433.699611 2495064500 
0.00000080 443.407840 2521525500 
0.00000080 431.672955 2533513200 
0.00000080 451.313847 2375157700 
0.00000080 440.731482 2253804500 
0.00000080 448.358458 2475507500 
0.00000080 430.860620 2684523200 
0.00000080 432.842894 2296642800 
0.00000080 434.922069 2434820400 
0.00000080 434.427622 2340675000 
0.00000080 429.530283 2444954000 
0.00000080 437.476004 2031379400 
0.00000080 439.790527 2183488400 
0.00000080 435.917178 2502498500 
0.00000080 441.289250 2921620800 
0.00000080 430.601272 2668993400 
0.00000080 441.794145 2646793700 
0.00000080 436.960327 2508978900 
0.00000080 432.414355 2619288500 
0.00000080 433.521937 2823085600 
0.00000080 432.480244 2888026800 
0.00000080 441.337886 2198170500 
0.00000080 444.624899 2440602500 
0.00000080 432.665099 2553387400 
0.00000080 435.979694 2369347100 
0.00000080 434.394966 2375611300 
0.00000080 436.992615 2715633500 
0.00000080 434.920034 2699678700 
0.00000080 434.361729 3256131300 
0.00000080 434.621205 2492120500 
0.00000080 437.138307 2259682000 
0.00000080 431.672955 2562198000 
0.00000080 434.805402 2594131600 
0.00000080 446.030300 2464922500 
0.00000080 435.864866 2377398100 
0.00000080 435.250539 3100198100 
0.00000080 438.593125 2556231900 
0.00000080 434.361729 3220068800 
0.00000080 433.443832 2076721100 
0.00000080 439.538252 2612432900 
0.00000080 445.180455 2288801800 
0.00000080 432.927984 2333874600 
0.00000080 433.443832 2178582200 
0.00000080 438.962719 2287556400 
0.00000080 437.851991 2649957900 
0.00000080 452.549612 2461226200 
0.00000080 442.419735 2382731200 
0.00000080 440.883257 2296342600 
0.00000080 433.585536 2269372300 
0.00000080 439.457311 2541331900 
0.00000080 440.154830 2965469900 
0.00000080 433.303829 2038313000 
0.00000080 435.525588 2475214100 
0.00000080 442.947065 2360192800 
0.00000080 433.711345 2482916100 
0.00000080 437.526334 2729755200 
0.00000080 444.452876 2296329400 
0.00000080 432.259562 2640789000 
0.00000080 440.717379 2628863900 
0.00000080 435.280680 2197858200 
0.00000080 433.732800 2498703900 
0.00000080 435.363438 2112757600 
0.00000080 444.038290 2302026000 
0.00000080 436.271902 2280680200 
0.00000080 437.723547 2306240900 
0.00000080 434.248270 3011795400 
0.00000080 438.617398 2261841600 
0.00000080 444.499241 2087786500 
0.00000080 433.610311 2647913500 
0.00000080 443.033835 2364502600 
0.00000080 444.614339 2342245100 
0.00000080 436.432793 2337605000 
0.00000080 434.275930 2155613300 
0.00000080 435.662862 2472198500 
0.00000080 440.709965 2247724800 
0.00000080 430.860620 2624018700 
0.00000080 448.378663 2273524800 
0.00000080 429.117939 2157499900 
0.00000080 436.127242 2949358200 
0.00000080 435.452832 2075578800 
0.00000080 443.778750 2424379800 
0.00000080 431.923870 2482182300 
0.00000080 429.929622 2292435800 
0.00000080 448.312430 2246255300 
0.00000080 442.264336 2339092300 
0.00000080 435.331817 2157624100 
0.00000080 443.880753 2357711100 
0.00000085 446.358223 2354539500 
0.00000085 430.244022 2114749600 
0.00000085 438.611446 2421915300 
0.00000085 438.792093 2185506300 
0.00000085 431.891982 2162934700 
0.00000085 444.118587 2282420200 
0.00000085 436.414387 2835632400 
0.00000085 433.543027 2273030000 
0.00000085 432.928113 2258813000 
0.00000085 447.354093 2319121700 
0.00000085 431.421437 2318955200 
0.00000085 435.242182 2170720800 
0.00000085 438.932583 2203037000 
0.00000085 437.777697 2072675400 
0.00000085 441.491345 2030422700 
0.00000085 434.281829 2062730800 
0.00000085 431.237600 2395188300 
0.00000085 436.923347 1972052300 
0.00000085 439.938494 1979105600 
0.00000085 438.760911 2188940500 
0.00000085 436.283915 2810983600 
0.00000085 436.590599 2775961800 
0.00000085 433.174296 2157427000 
0.00000085 441.465933 2082046500 
0.00000085 438.430149 2328584400 
0.00000085 447.400986 2153416400 
0.00000085 434.624783 1911973000 
0.00000085 441.442559 2655834100 
0.00000085 432.928113 2020131200 
0.00000085 435.212358 2213776500 
0.00000085 436.590599 2911826800 
0.00000085 437.729617 2213838100 
0.00000085 436.195435 2553002300 
0.00000085 446.157941 1967594800 
0.00000085 432.259562 2549344100 
0.00000085 445.640295 2352553400 
0.00000085 437.112356 2228536300 
0.00000085 434.025695 2192131200 
0.00000085 443.068371 1953715400 
0.00000085 436.877311 2887864900 
0.00000085 437.030367 2173661700 
0.00000085 433.110555 2311407700 
0.00000085 430.601272 2469492500 
0.00000085 446.134631 2045969800 
0.00000085 439.005285 2125523400 
0.00000085 439.342472 2432475900 
0.00000085 437.447017 2554095800 
0.00000085 432.649662 2306761700 
0.00000085 429.117939 2250197300 
0.00000085 432.162168 2109640000 
0.00000085 440.160519 2179325100 
0.00000085 429.530283 2533402800 
0.00000085 437.165493 2464779500 
0.00000085 429.484081 2259921100 
0.00000085 442.791950 2212534100 
0.00000085 443.107524 1939497700 
0.00000085 431.859845 2395448200 
0.00000085 433.900760 1857168400 
0.00000085 430.746455 2292749800 
0.00000085 445.402581 2235950500 
0.00000085 437.771295 2026170200 
0.00000085 437.147195 2292484000 
0.00000085 439.450892 2122994200 
0.00000085 439.635719 2463754800 
0.00000085 442.076491 2708891700 
0.00000085 437.556436 2084831000 
0.00000085 444.782739 2135636700 
0.00000085 437.386225 2887704900 
0.00000085 439.318124 2002931500 
0.00000085 437.474481 2261913000 
0.00000085 436.206010 3103750600 
0.00000085 431.237600 2213684700 
0.00000085 442.624055 2465561300 
0.00000085 439.766837 2181457900 
0.00000085 445.444127 2139109000 
0.00000085 445.093098 2147159400 
0.00000085 429.530283 2487207400 
0.00000085 439.292311 2380636300 
0.00000085 435.117251 2226524600 
0.00000085 439.526071 2576265500 
0.00000085 445.727282 2366093600 
0.00000085 437.139618 2369681700 
0.00000085 434.361729 2928890300 
0.00000085 434.501698 2071548500 
0.00000085 441.472847 2002944700 
0.00000085 441.735666 2021544000 
0.00000085 441.519182 2049638900 
0.00000085 431.237600 2472734300 
0.00000085 435.871630 2138882500 
0.00000085 444.474670 2218313400 
0.00000085 433.466926 1923671100 
0.00000085 439.971150 2265495900 
0.00000085 435.576669 2922780100 
0.00000085 436.949498 2188506600 
0.00000085 449.295491 2153538900 
0.00000085 443.740538 2064331700 
0.00000085 437.341519 2025120000 
0.00000085 443.046151 1980010100 
0.00000085 435.186087 2124815000 
0.00000085 441.873005 2249267600 
0.00000090 431.911921 2398081700 
0.00000090 444.686662 2074243600 
0.00000090 441.338112 2191341900 
0.00000090 436.179389 2274143600 
0.00000090 441.986776 2342134600 
0.00000090 434.501698 1904741300 
0.00000090 445.162010 2100329100 
0.00000090 438.703471 2106061400 
0.00000090 431.931564 1776605500 
0.00000090 440.944549 1951409800 
0.00000090 433.489728 2293725300 
0.00000090 432.041455 2064558400 
0.00000090 442.441509 2045646600 
0.00000090 435.634592 2190008200 
0.00000090 433.592676 1875183400 
0.00000090 440.657972 1984137700 
0.00000090 445.452818 1953079100 
0.00000090 433.549184 2276417000 
0.00000090 431.582412 2286464100 
0.00000090 447.114241 2126033100 
0.00000090 437.576181 2309638600 
0.00000090 438.533893 2070738000 
0.00000090 433.868778 2387708600 
0.00000090 432.080413 2231833300 
0.00000090 433.300410 2288662400 
0.00000090 431.103705 2343068300 
0.00000090 437.683505 2148228800 
0.00000090 436.692751 2129953400 
0.00000090 435.607789 2751157400 
0.00000090 447.339462 2039379000 
0.00000090 431.931564 2123842300 
0.00000090 433.368020 2131069100 
0.00000090 440.584159 2155292400 
0.00000090 439.973059 1813651200 
0.00000090 442.739380 1836003900 
0.00000090 438.820524 2059248400 
0.00000090 438.426522 2220939800 
0.00000090 437.447017 2103636900 
0.00000090 436.362578 2262780700 
0.00000090 442.657530 2105942100 
0.00000090 443.121581 2370885200 
0.00000090 437.493419 1902434500 
0.00000090 444.924341 1932730700 
0.00000090 442.148399 2268389500 
0.00000090 433.535577 2395026600 
0.00000090 446.401319 2275667400 
0.00000090 437.641130 2169196200 
0.00000090 451.399875 2207543300 
0.00000090 436.781058 1926457400 
0.00000090 440.208706 1985757500 
0.00000090 428.871756 2116763000 
0.00000090 444.392401 2135845000 
0.00000090 441.017481 1785666300 
0.00000090 438.684176 2051578200 
0.00000090 428.981647 2070356400 
0.00000090 438.370092 2162068300 
0.00000090 443.951023 2173929900 
0.00000090 438.509644 1981290100 
0.00000090 436.582241 2238111100 
0.00000090 432.973851 2061622800 
0.00000090 431.237600 2213726000 
0.00000090 435.977062 2215810500 
0.00000090 438.368420 2280389500 
0.00000090 435.946948 2063221400 
0.00000090 434.327037 2803059300 
0.00000090 444.300193 2286484500 
0.00000090 447.799551 2157732300 
0.00000090 440.284516 2803788900 
0.00000090 435.250539 2801664500 
0.00000090 431.672955 2125136600 
0.00000090 440.847387 2515488600 
0.00000090 454.688757 1926133600 
0.00000090 439.128267 2573507600 
0.00000090 434.121804 2103925500 
0.00000090 432.574512 2168020200 
0.00000090 432.480244 2651401600 
0.00000090 454.548336 1976011000 
0.00000090 432.146235 2007873800 
0.00000090 435.871630 1951307300 
0.00000090 436.534142 1779896500 
0.00000090 440.899821 2420908500 
0.00000090 442.417691 2094268100 
0.00000090 443.923524 2605596100 
0.00000090 429.484081 2071371000 
0.00000090 435.628837 2210429200 
0.00000090 434.942437 2407392100 
0.00000090 433.985979 1979597900 
0.00000090 431.859845 2055023400 
0.00000090 437.431392 2091198700 
0.00000090 436.448573 2444797500 
0.00000090 435.634592 2269764700 
0.00000090 442.370974 1895695400 
0.00000090 445.173235 2233360700 
0.00000090 439.398555 2045148000 
0.00000090 430.445500 2381112000 
0.00000090 438.661605 2315948300 
0.00000090 435.489283 2270223800 
0.00000090 442.235338 2039061800 
0.00000090 439.615244 1988663800 
0.00000090 433.775354 2285851600 
0.00000095 438.510135 1854207500 
0.00000095 437.663073 2032141100 
0.00000095 438.568177 2023004200 
0.00000095 434.705742 1946628600 
0.00000095 441.159306 1917294500 
0.00000095 435.859743 1827699300 
0.00000095 436.781058 1961146500 
0.00000095 444.539238 2097467200 
0.00000095 439.066831 2287458400 
0.00000095 436.473810 1928362700 
0.00000095 433.285629 1921114300 
0.00000095 435.086550 2142969400 
0.00000095 437.490223 2038269400 
0.00000095 431.237600 2070059100 
0.00000095 440.580499 1887681700 
0.00000095 435.218452 1775564100 
0.00000095 434.162953 2191733700 
0.00000095 448.450731 2061068900 
0.00000095 435.063124 2110294700 
0.00000095 442.629273 1800076500 
0.00000095 443.213894 2069801400 
0.00000095 441.968042 2422348400 
0.00000095 446.937839 2021198600 
0.00000095 444.755008 1969230800 
0.00000095 445.657724 2248201000 
0.00000095 433.979807 1924354500 
0.00000095 439.450921 2016744700 
0.00000095 435.923421 1751578600 
0.00000095 432.725218 2009959900 
0.00000095 429.484081 1964233700 
0.00000095 441.942092 2017044500 
0.00000095 443.321989 1970098100 
0.00000095 430.746455 2011813000 
0.00000095 440.588183 2002526600 
0.00000095 439.505948 1824760300 
0.00000095 447.432659 2063533700 
0.00000095 433.585536 1779789300 
0.00000095 430.746455 1748271300 
0.00000095 444.114598 1931007800 
0.00000095 444.270023 2045141000 
0.00000095 438.692055 2089207400 
0.00000095 440.047247 1964220500 
0.00000095 432.958318 2064461700 
0.00000095 442.045197 2251743800 
0.00000095 437.288394 2020866700 
0.00000095 435.348238 2629210600 
0.00000095 429.117939 2120401200 
0.00000095 438.916513 2385856800 
0.00000095 428.981647 1967211200 
0.00000095 437.266502 2692216700 
0.00000095 435.511887 1882002100 
0.00000095 440.204036 1858859200 
0.00000095 434.327037 2603761000 
0.00000095 439.415401 2373199000 
0.00000095 437.796194 1645520500 
0.00000095 434.854145 2146609400 
0.00000095 440.647506 1802746200 
0.00000095 437.061714 2039383300 
0.00000095 438.617398 1876047700 
0.00000095 429.117939 1986749200 
0.00000095 432.917520 2050897300 
0.00000095 431.923870 1952979900 
0.00000095 436.431921 1836851900 
0.00000095 437.092010 2571069100 
0.00000095 432.376412 2148290000 
0.00000095 438.931672 1945257600 
0.00000095 431.103705 2195385000 
0.00000095 434.555680 2124434600 
0.00000095 434.854145 2226641300 
0.00000095 434.248270 2453041400 
0.00000095 436.378755 1913515400 
0.00000095 440.328128 2006723600 
0.00000095 440.222366 1925616200 
0.00000095 438.459669 2110399000 
0.00000095 436.003289 2495813000 
0.00000095 445.306147 2040985100 
0.00000095 433.265717 2157186400 
0.00000095 432.905582 2461654100 
0.00000095 434.281829 1815090800 
0.00000095 438.129699 2633994700 
0.00000095 436.910081 1866267200 
0.00000095 447.632969 1997319600 
0.00000095 442.472839 1775489500 
0.00000095 436.112383 1942379500 
0.00000095 442.814525 2038735700 
0.00000095 434.203308 1968884000 
0.00000095 433.466926 1847311400 
0.00000095 434.699352 2100454200 
0.00000095 432.146235 1902272700 
0.00000095 431.170521 2153956900 
0.00000095 440.460902 2481100500 
0.00000095 439.642266 1868971600 
0.00000095 434.374942 1807394300 
0.00000095 435.822989 2181624800 
0.00000095 436.380126 2129669900 
0.00000095 440.654776 2093887000 
0.00000095 444.658874 1971140700 
0.00000095 435.293957 2039796900 
0.00000095 437.608555 1802067300 
0.00000095 429.929622 2169277300 
